backend,request_batch,miss_rate,n_reads,io_size,queue_depth,round,submit_us,completion_us,bytes_read,correct,direct_path,error,phase,submission_group
Tutti-deployed,1,0.067,137,4096,256,0,3390.534,3521.516,561152,true,gpu_nvme_kernel,,2,16
Tutti-deployed,1,0.067,137,4096,256,0,103.651,242.634,561152,true,gpu_nvme_kernel,,0,16
Tutti-deployed,1,0.067,137,4096,256,1,91.27,262.728,561152,true,gpu_nvme_kernel,,0,16
Tutti-deployed,1,0.067,137,4096,256,2,75.714,227.658,561152,true,gpu_nvme_kernel,,0,16
Tutti-deployed,1,0.067,137,4096,256,3,88.672,262.593,561152,true,gpu_nvme_kernel,,0,16
Tutti-deployed,1,0.067,137,4096,256,4,69.587,221.047,561152,true,gpu_nvme_kernel,,0,16
Tutti-deployed,1,0.067,137,4096,256,5,60.343,212.645,561152,true,gpu_nvme_kernel,,0,16
Tutti-deployed,1,0.067,137,4096,256,6,66.672,267.741,561152,true,gpu_nvme_kernel,,0,16
Tutti-deployed,1,0.067,137,4096,256,7,59.826,225.069,561152,true,gpu_nvme_kernel,,0,16
Tutti-deployed,1,0.067,137,4096,256,8,57.199,287.346,561152,true,gpu_nvme_kernel,,0,16
Tutti-deployed,1,0.067,137,4096,256,9,50.535,209.795,561152,true,gpu_nvme_kernel,,0,16
Tutti-deployed,1,0.067,137,4096,256,0,56.711,225.088,561152,true,gpu_nvme_kernel,,1,16
Tutti-deployed,1,0.067,137,4096,256,1,51.716,214.567,561152,true,gpu_nvme_kernel,,1,16
Tutti-deployed,1,0.067,137,4096,256,2,54.962,231.101,561152,true,gpu_nvme_kernel,,1,16
Tutti-deployed,1,0.067,137,4096,256,3,53.104,212.578,561152,true,gpu_nvme_kernel,,1,16
Tutti-deployed,1,0.067,137,4096,256,4,61.662,246.098,561152,true,gpu_nvme_kernel,,1,16
Tutti-deployed,1,0.067,137,4096,256,5,53.81,239.871,561152,true,gpu_nvme_kernel,,1,16
Tutti-deployed,1,0.067,137,4096,256,6,56.89,222.713,561152,true,gpu_nvme_kernel,,1,16
Tutti-deployed,1,0.067,137,4096,256,7,51.293,277.121,561152,true,gpu_nvme_kernel,,1,16
Tutti-deployed,1,0.067,137,4096,256,8,55.643,210.386,561152,true,gpu_nvme_kernel,,1,16
Tutti-deployed,1,0.067,137,4096,256,9,50.325,225.442,561152,true,gpu_nvme_kernel,,1,16
Tutti-deployed,1,0.067,137,4096,256,10,56.051,221.019,561152,true,gpu_nvme_kernel,,1,16
Tutti-deployed,1,0.067,137,4096,256,11,50.665,236.688,561152,true,gpu_nvme_kernel,,1,16
Tutti-deployed,1,0.067,137,4096,256,12,53.404,248.301,561152,true,gpu_nvme_kernel,,1,16
Tutti-deployed,1,0.067,137,4096,256,13,54.938,208.083,561152,true,gpu_nvme_kernel,,1,16
Tutti-deployed,1,0.067,137,4096,256,14,52.906,212.459,561152,true,gpu_nvme_kernel,,1,16
Tutti-deployed,1,0.067,137,4096,256,15,51.768,215.959,561152,true,gpu_nvme_kernel,,1,16
Tutti-deployed,1,0.067,137,4096,256,16,54.502,198.86,561152,true,gpu_nvme_kernel,,1,16
Tutti-deployed,1,0.067,137,4096,256,17,53.528,261.762,561152,true,gpu_nvme_kernel,,1,16
Tutti-deployed,1,0.067,137,4096,256,18,53.295,214.34,561152,true,gpu_nvme_kernel,,1,16
Tutti-deployed,1,0.067,137,4096,256,19,50.586,213.175,561152,true,gpu_nvme_kernel,,1,16
Tutti-deployed,1,0.067,137,4096,256,20,55.793,265.954,561152,true,gpu_nvme_kernel,,1,16
Tutti-deployed,1,0.067,137,4096,256,21,51.729,219.203,561152,true,gpu_nvme_kernel,,1,16
Tutti-deployed,1,0.067,137,4096,256,22,55.019,210.161,561152,true,gpu_nvme_kernel,,1,16
Tutti-deployed,1,0.067,137,4096,256,23,53.181,206.881,561152,true,gpu_nvme_kernel,,1,16
Tutti-deployed,1,0.067,137,4096,256,24,56.759,227.876,561152,true,gpu_nvme_kernel,,1,16
Tutti-deployed,1,0.067,137,4096,256,25,53.371,224.409,561152,true,gpu_nvme_kernel,,1,16
Tutti-deployed,1,0.067,137,4096,256,26,55.53,233.898,561152,true,gpu_nvme_kernel,,1,16
Tutti-deployed,1,0.067,137,4096,256,27,52.847,234.548,561152,true,gpu_nvme_kernel,,1,16
Tutti-deployed,1,0.067,137,4096,256,28,54.506,213.817,561152,true,gpu_nvme_kernel,,1,16
Tutti-deployed,1,0.067,137,4096,256,29,54.179,224.133,561152,true,gpu_nvme_kernel,,1,16
Tutti-deployed,1,0.067,137,4096,256,30,54.464,202.425,561152,true,gpu_nvme_kernel,,1,16
Tutti-deployed,1,0.067,137,4096,256,31,51.187,208.871,561152,true,gpu_nvme_kernel,,1,16
Tutti-deployed,1,0.067,137,4096,256,32,59.243,226.367,561152,true,gpu_nvme_kernel,,1,16
Tutti-deployed,1,0.067,137,4096,256,33,53.76,205.733,561152,true,gpu_nvme_kernel,,1,16
Tutti-deployed,1,0.067,137,4096,256,34,67.988,245.496,561152,true,gpu_nvme_kernel,,1,16
Tutti-deployed,1,0.067,137,4096,256,35,52.887,283.451,561152,true,gpu_nvme_kernel,,1,16
Tutti-deployed,1,0.067,137,4096,256,36,55.875,243.377,561152,true,gpu_nvme_kernel,,1,16
Tutti-deployed,1,0.067,137,4096,256,37,53.575,214.391,561152,true,gpu_nvme_kernel,,1,16
Tutti-deployed,1,0.067,137,4096,256,38,54.743,211.698,561152,true,gpu_nvme_kernel,,1,16
Tutti-deployed,1,0.067,137,4096,256,39,54.866,215.302,561152,true,gpu_nvme_kernel,,1,16
Tutti-deployed,1,0.067,137,4096,256,40,52.508,228.112,561152,true,gpu_nvme_kernel,,1,16
Tutti-deployed,1,0.067,137,4096,256,41,52.266,242.678,561152,true,gpu_nvme_kernel,,1,16
Tutti-deployed,1,0.067,137,4096,256,42,55.935,292.961,561152,true,gpu_nvme_kernel,,1,16
Tutti-deployed,1,0.067,137,4096,256,43,53.216,224.153,561152,true,gpu_nvme_kernel,,1,16
Tutti-deployed,1,0.067,137,4096,256,44,53.929,224.769,561152,true,gpu_nvme_kernel,,1,16
Tutti-deployed,1,0.067,137,4096,256,45,50.989,248.873,561152,true,gpu_nvme_kernel,,1,16
Tutti-deployed,1,0.067,137,4096,256,46,55.685,256.024,561152,true,gpu_nvme_kernel,,1,16
Tutti-deployed,1,0.067,137,4096,256,47,52.669,209.151,561152,true,gpu_nvme_kernel,,1,16
Tutti-deployed,1,0.067,137,4096,256,48,51.834,214.188,561152,true,gpu_nvme_kernel,,1,16
Tutti-deployed,1,0.067,137,4096,256,49,54.379,274.936,561152,true,gpu_nvme_kernel,,1,16
Tutti-deployed,1,0.067,137,4096,256,50,53.197,210.983,561152,true,gpu_nvme_kernel,,1,16
Tutti-deployed,1,0.067,137,4096,256,51,53.266,210.949,561152,true,gpu_nvme_kernel,,1,16
Tutti-deployed,1,0.067,137,4096,256,52,53.004,214.542,561152,true,gpu_nvme_kernel,,1,16
Tutti-deployed,1,0.067,137,4096,256,53,56.461,213.63,561152,true,gpu_nvme_kernel,,1,16
Tutti-deployed,1,0.067,137,4096,256,54,55.869,217.138,561152,true,gpu_nvme_kernel,,1,16
Tutti-deployed,1,0.067,137,4096,256,55,51.918,220.93,561152,true,gpu_nvme_kernel,,1,16
Tutti-deployed,1,0.067,137,4096,256,56,54.682,213.432,561152,true,gpu_nvme_kernel,,1,16
Tutti-deployed,1,0.067,137,4096,256,57,50.553,218.295,561152,true,gpu_nvme_kernel,,1,16
Tutti-deployed,1,0.067,137,4096,256,58,58.005,221.688,561152,true,gpu_nvme_kernel,,1,16
Tutti-deployed,1,0.067,137,4096,256,59,53.17,208.646,561152,true,gpu_nvme_kernel,,1,16
Tutti-deployed,1,0.067,137,4096,256,60,51.212,267.895,561152,true,gpu_nvme_kernel,,1,16
Tutti-deployed,1,0.067,137,4096,256,61,53.493,210.27,561152,true,gpu_nvme_kernel,,1,16
Tutti-deployed,1,0.067,137,4096,256,62,55.646,234.638,561152,true,gpu_nvme_kernel,,1,16
Tutti-deployed,1,0.067,137,4096,256,63,61.286,229.956,561152,true,gpu_nvme_kernel,,1,16
Tutti-deployed,1,0.067,137,4096,256,64,53.01,228.388,561152,true,gpu_nvme_kernel,,1,16
Tutti-deployed,1,0.067,137,4096,256,65,52.279,223.445,561152,true,gpu_nvme_kernel,,1,16
Tutti-deployed,1,0.067,137,4096,256,66,54.894,269.226,561152,true,gpu_nvme_kernel,,1,16
Tutti-deployed,1,0.067,137,4096,256,67,52.494,208.227,561152,true,gpu_nvme_kernel,,1,16
Tutti-deployed,1,0.067,137,4096,256,68,53.378,209.19,561152,true,gpu_nvme_kernel,,1,16
Tutti-deployed,1,0.067,137,4096,256,69,57.2,222.162,561152,true,gpu_nvme_kernel,,1,16
Tutti-deployed,1,0.067,137,4096,256,70,52.711,277.951,561152,true,gpu_nvme_kernel,,1,16
Tutti-deployed,1,0.067,137,4096,256,71,54.238,208.48,561152,true,gpu_nvme_kernel,,1,16
Tutti-deployed,1,0.067,137,4096,256,72,53.41,218.191,561152,true,gpu_nvme_kernel,,1,16
Tutti-deployed,1,0.067,137,4096,256,73,52.908,219.254,561152,true,gpu_nvme_kernel,,1,16
Tutti-deployed,1,0.067,137,4096,256,74,53.271,217.26,561152,true,gpu_nvme_kernel,,1,16
Tutti-deployed,1,0.067,137,4096,256,75,54.854,202.817,561152,true,gpu_nvme_kernel,,1,16
Tutti-deployed,1,0.067,137,4096,256,76,51.721,209.784,561152,true,gpu_nvme_kernel,,1,16
Tutti-deployed,1,0.067,137,4096,256,77,51.5,237.973,561152,true,gpu_nvme_kernel,,1,16
Tutti-deployed,1,0.067,137,4096,256,78,56.291,216.526,561152,true,gpu_nvme_kernel,,1,16
Tutti-deployed,1,0.067,137,4096,256,79,52.051,290.544,561152,true,gpu_nvme_kernel,,1,16
Tutti-deployed,1,0.067,137,4096,256,80,53.185,203.537,561152,true,gpu_nvme_kernel,,1,16
Tutti-deployed,1,0.067,137,4096,256,81,53.969,210.48,561152,true,gpu_nvme_kernel,,1,16
Tutti-deployed,1,0.067,137,4096,256,82,68.707,275.998,561152,true,gpu_nvme_kernel,,1,16
Tutti-deployed,1,0.067,137,4096,256,83,54.44,249.313,561152,true,gpu_nvme_kernel,,1,16
Tutti-deployed,1,0.067,137,4096,256,84,51.848,237.381,561152,true,gpu_nvme_kernel,,1,16
Tutti-deployed,1,0.067,137,4096,256,85,55.345,207.744,561152,true,gpu_nvme_kernel,,1,16
Tutti-deployed,1,0.067,137,4096,256,86,51.328,214.118,561152,true,gpu_nvme_kernel,,1,16
Tutti-deployed,1,0.067,137,4096,256,87,53.615,248.282,561152,true,gpu_nvme_kernel,,1,16
Tutti-deployed,1,0.067,137,4096,256,88,52.772,242.288,561152,true,gpu_nvme_kernel,,1,16
Tutti-deployed,1,0.067,137,4096,256,89,53.398,269.98,561152,true,gpu_nvme_kernel,,1,16
Tutti-deployed,1,0.067,137,4096,256,90,53.684,230.747,561152,true,gpu_nvme_kernel,,1,16
Tutti-deployed,1,0.067,137,4096,256,91,53.43,210.753,561152,true,gpu_nvme_kernel,,1,16
Tutti-deployed,1,0.067,137,4096,256,92,54.153,220.676,561152,true,gpu_nvme_kernel,,1,16
Tutti-deployed,1,0.067,137,4096,256,93,54.707,212.507,561152,true,gpu_nvme_kernel,,1,16
Tutti-deployed,1,0.067,137,4096,256,94,54.675,222.57,561152,true,gpu_nvme_kernel,,1,16
Tutti-deployed,1,0.067,137,4096,256,95,53.867,235.233,561152,true,gpu_nvme_kernel,,1,16
Tutti-deployed,1,0.067,137,4096,256,96,52.242,218.695,561152,true,gpu_nvme_kernel,,1,16
Tutti-deployed,1,0.067,137,4096,256,97,56.689,217.7,561152,true,gpu_nvme_kernel,,1,16
Tutti-deployed,1,0.067,137,4096,256,98,52.521,230.356,561152,true,gpu_nvme_kernel,,1,16
Tutti-deployed,1,0.067,137,4096,256,99,52.159,240.463,561152,true,gpu_nvme_kernel,,1,16
Tutti-deployed,1,0.067,137,4096,256,100,53.846,225.081,561152,true,gpu_nvme_kernel,,1,16
Tutti-deployed,1,0.067,137,4096,256,101,53.865,237.19,561152,true,gpu_nvme_kernel,,1,16
Tutti-deployed,1,0.067,137,4096,256,102,54.623,293.215,561152,true,gpu_nvme_kernel,,1,16
Tutti-deployed,1,0.067,137,4096,256,103,53.092,213.177,561152,true,gpu_nvme_kernel,,1,16
Tutti-deployed,1,0.067,137,4096,256,104,55.656,256.074,561152,true,gpu_nvme_kernel,,1,16
Tutti-deployed,1,0.067,137,4096,256,105,56.732,220.837,561152,true,gpu_nvme_kernel,,1,16
Tutti-deployed,1,0.067,137,4096,256,106,55.072,320.505,561152,true,gpu_nvme_kernel,,1,16
Tutti-deployed,1,0.067,137,4096,256,107,55.492,227.487,561152,true,gpu_nvme_kernel,,1,16
Tutti-deployed,1,0.067,137,4096,256,108,52.999,245.477,561152,true,gpu_nvme_kernel,,1,16
Tutti-deployed,1,0.067,137,4096,256,109,55.316,258.317,561152,true,gpu_nvme_kernel,,1,16
Tutti-deployed,1,0.067,137,4096,256,110,50.647,215.24,561152,true,gpu_nvme_kernel,,1,16
Tutti-deployed,1,0.067,137,4096,256,111,55.708,245.45,561152,true,gpu_nvme_kernel,,1,16
Tutti-deployed,1,0.067,137,4096,256,112,57.158,247.739,561152,true,gpu_nvme_kernel,,1,16
Tutti-deployed,1,0.067,137,4096,256,113,136.481,273.509,561152,true,gpu_nvme_kernel,,1,16
Tutti-deployed,1,0.067,137,4096,256,114,57.842,212.702,561152,true,gpu_nvme_kernel,,1,16
Tutti-deployed,1,0.067,137,4096,256,115,54.774,202.47,561152,true,gpu_nvme_kernel,,1,16
Tutti-deployed,1,0.067,137,4096,256,116,55.681,217.754,561152,true,gpu_nvme_kernel,,1,16
Tutti-deployed,1,0.067,137,4096,256,117,53.706,294.571,561152,true,gpu_nvme_kernel,,1,16
Tutti-deployed,1,0.067,137,4096,256,118,53.305,236.749,561152,true,gpu_nvme_kernel,,1,16
Tutti-deployed,1,0.067,137,4096,256,119,54.678,233.915,561152,true,gpu_nvme_kernel,,1,16
Tutti-deployed,1,0.067,137,4096,256,120,52.477,308.789,561152,true,gpu_nvme_kernel,,1,16
Tutti-deployed,1,0.067,137,4096,256,121,55.989,217.062,561152,true,gpu_nvme_kernel,,1,16
Tutti-deployed,1,0.067,137,4096,256,122,51.725,241.806,561152,true,gpu_nvme_kernel,,1,16
Tutti-deployed,1,0.067,137,4096,256,123,56.167,211.275,561152,true,gpu_nvme_kernel,,1,16
Tutti-deployed,1,0.067,137,4096,256,124,72.226,271.261,561152,true,gpu_nvme_kernel,,1,16
Tutti-deployed,1,0.067,137,4096,256,125,56.953,220.566,561152,true,gpu_nvme_kernel,,1,16
Tutti-deployed,1,0.067,137,4096,256,126,53.305,210.414,561152,true,gpu_nvme_kernel,,1,16
Tutti-deployed,1,0.067,137,4096,256,127,52.65,221.646,561152,true,gpu_nvme_kernel,,1,16
Tutti-deployed,1,0.067,137,4096,256,128,53.502,231.805,561152,true,gpu_nvme_kernel,,1,16
Tutti-deployed,1,0.067,137,4096,256,129,53.616,224.035,561152,true,gpu_nvme_kernel,,1,16
Tutti-deployed,1,0.067,137,4096,256,130,52.528,207.967,561152,true,gpu_nvme_kernel,,1,16
Tutti-deployed,1,0.067,137,4096,256,131,57.974,247.815,561152,true,gpu_nvme_kernel,,1,16
Tutti-deployed,1,0.067,137,4096,256,132,51.715,222.974,561152,true,gpu_nvme_kernel,,1,16
Tutti-deployed,1,0.067,137,4096,256,133,55.687,237.064,561152,true,gpu_nvme_kernel,,1,16
Tutti-deployed,1,0.067,137,4096,256,134,52.979,210.403,561152,true,gpu_nvme_kernel,,1,16
Tutti-deployed,1,0.067,137,4096,256,135,53.5,216.313,561152,true,gpu_nvme_kernel,,1,16
Tutti-deployed,1,0.067,137,4096,256,136,53.301,240.404,561152,true,gpu_nvme_kernel,,1,16
Tutti-deployed,1,0.067,137,4096,256,137,54.429,230.412,561152,true,gpu_nvme_kernel,,1,16
Tutti-deployed,1,0.067,137,4096,256,138,54.678,223.036,561152,true,gpu_nvme_kernel,,1,16
Tutti-deployed,1,0.067,137,4096,256,139,52.096,255.909,561152,true,gpu_nvme_kernel,,1,16
Tutti-deployed,1,0.067,137,4096,256,140,128.373,293.359,561152,true,gpu_nvme_kernel,,1,16
Tutti-deployed,1,0.067,137,4096,256,141,65.782,213.629,561152,true,gpu_nvme_kernel,,1,16
Tutti-deployed,1,0.067,137,4096,256,142,59.227,212.25,561152,true,gpu_nvme_kernel,,1,16
Tutti-deployed,1,0.067,137,4096,256,143,54.874,226.178,561152,true,gpu_nvme_kernel,,1,16
Tutti-deployed,1,0.067,137,4096,256,144,51.73,219.175,561152,true,gpu_nvme_kernel,,1,16
Tutti-deployed,1,0.067,137,4096,256,145,54.825,243.332,561152,true,gpu_nvme_kernel,,1,16
Tutti-deployed,1,0.067,137,4096,256,146,53.572,213.661,561152,true,gpu_nvme_kernel,,1,16
Tutti-deployed,1,0.067,137,4096,256,147,51.966,259.822,561152,true,gpu_nvme_kernel,,1,16
Tutti-deployed,1,0.067,137,4096,256,148,53.212,213.656,561152,true,gpu_nvme_kernel,,1,16
Tutti-deployed,1,0.067,137,4096,256,149,53.195,230.565,561152,true,gpu_nvme_kernel,,1,16
Tutti-deployed,1,0.067,137,4096,256,150,55.396,221.84,561152,true,gpu_nvme_kernel,,1,16
Tutti-deployed,1,0.067,137,4096,256,151,51.399,213.741,561152,true,gpu_nvme_kernel,,1,16
Tutti-deployed,1,0.067,137,4096,256,152,52.799,200.972,561152,true,gpu_nvme_kernel,,1,16
Tutti-deployed,1,0.067,137,4096,256,153,57.079,209.618,561152,true,gpu_nvme_kernel,,1,16
Tutti-deployed,1,0.067,137,4096,256,154,52.706,208.294,561152,true,gpu_nvme_kernel,,1,16
Tutti-deployed,1,0.067,137,4096,256,155,71.103,222.901,561152,true,gpu_nvme_kernel,,1,16
Tutti-deployed,1,0.067,137,4096,256,156,51.807,214.31,561152,true,gpu_nvme_kernel,,1,16
Tutti-deployed,1,0.067,137,4096,256,157,57.218,213.847,561152,true,gpu_nvme_kernel,,1,16
Tutti-deployed,1,0.067,137,4096,256,158,52.219,207.775,561152,true,gpu_nvme_kernel,,1,16
Tutti-deployed,1,0.067,137,4096,256,159,56.926,303.367,561152,true,gpu_nvme_kernel,,1,16
Tutti-deployed,1,0.067,137,4096,256,160,54.136,217.279,561152,true,gpu_nvme_kernel,,1,16
Tutti-deployed,1,0.067,137,4096,256,161,53.961,209.284,561152,true,gpu_nvme_kernel,,1,16
Tutti-deployed,1,0.067,137,4096,256,162,55.128,218.446,561152,true,gpu_nvme_kernel,,1,16
Tutti-deployed,1,0.067,137,4096,256,163,52.274,210.765,561152,true,gpu_nvme_kernel,,1,16
Tutti-deployed,1,0.067,137,4096,256,164,52.361,247.855,561152,true,gpu_nvme_kernel,,1,16
Tutti-deployed,1,0.067,137,4096,256,165,55.171,219.01,561152,true,gpu_nvme_kernel,,1,16
Tutti-deployed,1,0.067,137,4096,256,166,53.233,224.391,561152,true,gpu_nvme_kernel,,1,16
Tutti-deployed,1,0.067,137,4096,256,167,53.659,238.962,561152,true,gpu_nvme_kernel,,1,16
Tutti-deployed,1,0.067,137,4096,256,168,51.389,208.777,561152,true,gpu_nvme_kernel,,1,16
Tutti-deployed,1,0.067,137,4096,256,169,53.302,212.953,561152,true,gpu_nvme_kernel,,1,16
Tutti-deployed,1,0.067,137,4096,256,170,61.687,233.379,561152,true,gpu_nvme_kernel,,1,16
Tutti-deployed,1,0.067,137,4096,256,171,51.578,220.465,561152,true,gpu_nvme_kernel,,1,16
Tutti-deployed,1,0.067,137,4096,256,172,52.154,241.577,561152,true,gpu_nvme_kernel,,1,16
Tutti-deployed,1,0.067,137,4096,256,173,54.9,212.975,561152,true,gpu_nvme_kernel,,1,16
Tutti-deployed,1,0.067,137,4096,256,174,55.058,215.469,561152,true,gpu_nvme_kernel,,1,16
Tutti-deployed,1,0.067,137,4096,256,175,51.818,249.433,561152,true,gpu_nvme_kernel,,1,16
Tutti-deployed,1,0.067,137,4096,256,176,51.752,233.009,561152,true,gpu_nvme_kernel,,1,16
Tutti-deployed,1,0.067,137,4096,256,177,131.315,298.443,561152,true,gpu_nvme_kernel,,1,16
Tutti-deployed,1,0.067,137,4096,256,178,61.729,226.466,561152,true,gpu_nvme_kernel,,1,16
Tutti-deployed,1,0.067,137,4096,256,179,59.062,226.649,561152,true,gpu_nvme_kernel,,1,16
Tutti-deployed,1,0.067,137,4096,256,180,54.752,210.363,561152,true,gpu_nvme_kernel,,1,16
Tutti-deployed,1,0.067,137,4096,256,181,53.232,268.183,561152,true,gpu_nvme_kernel,,1,16
Tutti-deployed,1,0.067,137,4096,256,182,56.09,238.795,561152,true,gpu_nvme_kernel,,1,16
Tutti-deployed,1,0.067,137,4096,256,183,52.007,254.62,561152,true,gpu_nvme_kernel,,1,16
Tutti-deployed,1,0.067,137,4096,256,184,55.132,235.406,561152,true,gpu_nvme_kernel,,1,16
Tutti-deployed,1,0.067,137,4096,256,185,50.868,215.135,561152,true,gpu_nvme_kernel,,1,16
Tutti-deployed,1,0.067,137,4096,256,186,59.755,222.574,561152,true,gpu_nvme_kernel,,1,16
Tutti-deployed,1,0.067,137,4096,256,187,50.916,239.465,561152,true,gpu_nvme_kernel,,1,16
Tutti-deployed,1,0.067,137,4096,256,188,52.807,206.78,561152,true,gpu_nvme_kernel,,1,16
Tutti-deployed,1,0.067,137,4096,256,189,54.494,216.619,561152,true,gpu_nvme_kernel,,1,16
Tutti-deployed,1,0.067,137,4096,256,190,53.119,202.071,561152,true,gpu_nvme_kernel,,1,16
Tutti-deployed,1,0.067,137,4096,256,191,53.219,234.176,561152,true,gpu_nvme_kernel,,1,16
Tutti-deployed,1,0.067,137,4096,256,192,53.171,215.004,561152,true,gpu_nvme_kernel,,1,16
Tutti-deployed,1,0.067,137,4096,256,193,52.938,224.306,561152,true,gpu_nvme_kernel,,1,16
Tutti-deployed,1,0.067,137,4096,256,194,54.808,241.577,561152,true,gpu_nvme_kernel,,1,16
Tutti-deployed,1,0.067,137,4096,256,195,50.858,207.076,561152,true,gpu_nvme_kernel,,1,16
Tutti-deployed,1,0.067,137,4096,256,196,55.712,217.199,561152,true,gpu_nvme_kernel,,1,16
Tutti-deployed,1,0.067,137,4096,256,197,51.02,222.64,561152,true,gpu_nvme_kernel,,1,16
Tutti-deployed,1,0.067,137,4096,256,198,71.853,266.988,561152,true,gpu_nvme_kernel,,1,16
Tutti-deployed,1,0.067,137,4096,256,199,62.291,265.817,561152,true,gpu_nvme_kernel,,1,16
Tutti-deployed,1,0.067,137,4096,256,0,54.474,208.427,561152,true,gpu_nvme_kernel,,3,16
Tutti-deployed,1,0.134,274,4096,256,0,143.744,319.184,1122304,true,gpu_nvme_kernel,,2,16
Tutti-deployed,1,0.134,274,4096,256,0,111.825,313.818,1122304,true,gpu_nvme_kernel,,0,16
Tutti-deployed,1,0.134,274,4096,256,1,114.363,327.386,1122304,true,gpu_nvme_kernel,,0,16
Tutti-deployed,1,0.134,274,4096,256,2,109.759,299.476,1122304,true,gpu_nvme_kernel,,0,16
Tutti-deployed,1,0.134,274,4096,256,3,110.621,311.385,1122304,true,gpu_nvme_kernel,,0,16
Tutti-deployed,1,0.134,274,4096,256,4,111.472,315.6,1122304,true,gpu_nvme_kernel,,0,16
Tutti-deployed,1,0.134,274,4096,256,5,122.31,305.601,1122304,true,gpu_nvme_kernel,,0,16
Tutti-deployed,1,0.134,274,4096,256,6,110.716,356.249,1122304,true,gpu_nvme_kernel,,0,16
Tutti-deployed,1,0.134,274,4096,256,7,109.612,279.919,1122304,true,gpu_nvme_kernel,,0,16
Tutti-deployed,1,0.134,274,4096,256,8,108.594,326.5,1122304,true,gpu_nvme_kernel,,0,16
Tutti-deployed,1,0.134,274,4096,256,9,105.905,305.863,1122304,true,gpu_nvme_kernel,,0,16
Tutti-deployed,1,0.134,274,4096,256,0,107.177,364.028,1122304,true,gpu_nvme_kernel,,1,16
Tutti-deployed,1,0.134,274,4096,256,1,109.2,327.484,1122304,true,gpu_nvme_kernel,,1,16
Tutti-deployed,1,0.134,274,4096,256,2,107.767,379.224,1122304,true,gpu_nvme_kernel,,1,16
Tutti-deployed,1,0.134,274,4096,256,3,113.892,321.016,1122304,true,gpu_nvme_kernel,,1,16
Tutti-deployed,1,0.134,274,4096,256,4,111.971,319.406,1122304,true,gpu_nvme_kernel,,1,16
Tutti-deployed,1,0.134,274,4096,256,5,115.352,317.422,1122304,true,gpu_nvme_kernel,,1,16
Tutti-deployed,1,0.134,274,4096,256,6,105.661,318.7,1122304,true,gpu_nvme_kernel,,1,16
Tutti-deployed,1,0.134,274,4096,256,7,107.178,312.482,1122304,true,gpu_nvme_kernel,,1,16
Tutti-deployed,1,0.134,274,4096,256,8,110.118,340.371,1122304,true,gpu_nvme_kernel,,1,16
Tutti-deployed,1,0.134,274,4096,256,9,122.723,326.115,1122304,true,gpu_nvme_kernel,,1,16
Tutti-deployed,1,0.134,274,4096,256,10,108.575,330.873,1122304,true,gpu_nvme_kernel,,1,16
Tutti-deployed,1,0.134,274,4096,256,11,106.592,332.391,1122304,true,gpu_nvme_kernel,,1,16
Tutti-deployed,1,0.134,274,4096,256,12,110.874,323.675,1122304,true,gpu_nvme_kernel,,1,16
Tutti-deployed,1,0.134,274,4096,256,13,108.556,382.06,1122304,true,gpu_nvme_kernel,,1,16
Tutti-deployed,1,0.134,274,4096,256,14,195.884,359.865,1122304,true,gpu_nvme_kernel,,1,16
Tutti-deployed,1,0.134,274,4096,256,15,117.758,332.457,1122304,true,gpu_nvme_kernel,,1,16
Tutti-deployed,1,0.134,274,4096,256,16,133.949,334.454,1122304,true,gpu_nvme_kernel,,1,16
Tutti-deployed,1,0.134,274,4096,256,17,110.624,297.176,1122304,true,gpu_nvme_kernel,,1,16
Tutti-deployed,1,0.134,274,4096,256,18,109.319,296.923,1122304,true,gpu_nvme_kernel,,1,16
Tutti-deployed,1,0.134,274,4096,256,19,111.07,298.033,1122304,true,gpu_nvme_kernel,,1,16
Tutti-deployed,1,0.134,274,4096,256,20,109.564,312.76,1122304,true,gpu_nvme_kernel,,1,16
Tutti-deployed,1,0.134,274,4096,256,21,108.876,296.653,1122304,true,gpu_nvme_kernel,,1,16
Tutti-deployed,1,0.134,274,4096,256,22,118.834,302.753,1122304,true,gpu_nvme_kernel,,1,16
Tutti-deployed,1,0.134,274,4096,256,23,108.561,300.265,1122304,true,gpu_nvme_kernel,,1,16
Tutti-deployed,1,0.134,274,4096,256,24,106.703,301.389,1122304,true,gpu_nvme_kernel,,1,16
Tutti-deployed,1,0.134,274,4096,256,25,109.006,328.538,1122304,true,gpu_nvme_kernel,,1,16
Tutti-deployed,1,0.134,274,4096,256,26,107.671,309.172,1122304,true,gpu_nvme_kernel,,1,16
Tutti-deployed,1,0.134,274,4096,256,27,108.276,322.516,1122304,true,gpu_nvme_kernel,,1,16
Tutti-deployed,1,0.134,274,4096,256,28,107.85,352.744,1122304,true,gpu_nvme_kernel,,1,16
Tutti-deployed,1,0.134,274,4096,256,29,109.738,293.879,1122304,true,gpu_nvme_kernel,,1,16
Tutti-deployed,1,0.134,274,4096,256,30,107.955,335.962,1122304,true,gpu_nvme_kernel,,1,16
Tutti-deployed,1,0.134,274,4096,256,31,109.339,346.764,1122304,true,gpu_nvme_kernel,,1,16
Tutti-deployed,1,0.134,274,4096,256,32,105.865,347.02,1122304,true,gpu_nvme_kernel,,1,16
Tutti-deployed,1,0.134,274,4096,256,33,107.058,308.865,1122304,true,gpu_nvme_kernel,,1,16
Tutti-deployed,1,0.134,274,4096,256,34,104.442,393.452,1122304,true,gpu_nvme_kernel,,1,16
Tutti-deployed,1,0.134,274,4096,256,35,110.042,323.019,1122304,true,gpu_nvme_kernel,,1,16
Tutti-deployed,1,0.134,274,4096,256,36,107.111,311.722,1122304,true,gpu_nvme_kernel,,1,16
Tutti-deployed,1,0.134,274,4096,256,37,109.135,321.787,1122304,true,gpu_nvme_kernel,,1,16
Tutti-deployed,1,0.134,274,4096,256,38,107.9,333.216,1122304,true,gpu_nvme_kernel,,1,16
Tutti-deployed,1,0.134,274,4096,256,39,109.724,345.536,1122304,true,gpu_nvme_kernel,,1,16
Tutti-deployed,1,0.134,274,4096,256,40,105.098,306.08,1122304,true,gpu_nvme_kernel,,1,16
Tutti-deployed,1,0.134,274,4096,256,41,137.275,372.501,1122304,true,gpu_nvme_kernel,,1,16
Tutti-deployed,1,0.134,274,4096,256,42,109.609,296.682,1122304,true,gpu_nvme_kernel,,1,16
Tutti-deployed,1,0.134,274,4096,256,43,107.274,309.909,1122304,true,gpu_nvme_kernel,,1,16
Tutti-deployed,1,0.134,274,4096,256,44,106.43,301.26,1122304,true,gpu_nvme_kernel,,1,16
Tutti-deployed,1,0.134,274,4096,256,45,107.742,365.978,1122304,true,gpu_nvme_kernel,,1,16
Tutti-deployed,1,0.134,274,4096,256,46,105.652,340.701,1122304,true,gpu_nvme_kernel,,1,16
Tutti-deployed,1,0.134,274,4096,256,47,107.204,329.633,1122304,true,gpu_nvme_kernel,,1,16
Tutti-deployed,1,0.134,274,4096,256,48,110.296,321.35,1122304,true,gpu_nvme_kernel,,1,16
Tutti-deployed,1,0.134,274,4096,256,49,110.294,303.132,1122304,true,gpu_nvme_kernel,,1,16
Tutti-deployed,1,0.134,274,4096,256,50,106.141,304.321,1122304,true,gpu_nvme_kernel,,1,16
Tutti-deployed,1,0.134,274,4096,256,51,107.936,314.205,1122304,true,gpu_nvme_kernel,,1,16
Tutti-deployed,1,0.134,274,4096,256,52,109.016,354.255,1122304,true,gpu_nvme_kernel,,1,16
Tutti-deployed,1,0.134,274,4096,256,53,108.107,309.852,1122304,true,gpu_nvme_kernel,,1,16
Tutti-deployed,1,0.134,274,4096,256,54,106.679,326.133,1122304,true,gpu_nvme_kernel,,1,16
Tutti-deployed,1,0.134,274,4096,256,55,109.391,345.276,1122304,true,gpu_nvme_kernel,,1,16
Tutti-deployed,1,0.134,274,4096,256,56,109.27,335.72,1122304,true,gpu_nvme_kernel,,1,16
Tutti-deployed,1,0.134,274,4096,256,57,106.702,294.622,1122304,true,gpu_nvme_kernel,,1,16
Tutti-deployed,1,0.134,274,4096,256,58,105.84,317.722,1122304,true,gpu_nvme_kernel,,1,16
Tutti-deployed,1,0.134,274,4096,256,59,113.195,411.396,1122304,true,gpu_nvme_kernel,,1,16
Tutti-deployed,1,0.134,274,4096,256,60,111.732,304.227,1122304,true,gpu_nvme_kernel,,1,16
Tutti-deployed,1,0.134,274,4096,256,61,119.292,334.459,1122304,true,gpu_nvme_kernel,,1,16
Tutti-deployed,1,0.134,274,4096,256,62,105.542,388.345,1122304,true,gpu_nvme_kernel,,1,16
Tutti-deployed,1,0.134,274,4096,256,63,104.772,354.183,1122304,true,gpu_nvme_kernel,,1,16
Tutti-deployed,1,0.134,274,4096,256,64,104.419,337.269,1122304,true,gpu_nvme_kernel,,1,16
Tutti-deployed,1,0.134,274,4096,256,65,108.924,324.309,1122304,true,gpu_nvme_kernel,,1,16
Tutti-deployed,1,0.134,274,4096,256,66,109.581,332.129,1122304,true,gpu_nvme_kernel,,1,16
Tutti-deployed,1,0.134,274,4096,256,67,109.162,310.403,1122304,true,gpu_nvme_kernel,,1,16
Tutti-deployed,1,0.134,274,4096,256,68,107.957,337.123,1122304,true,gpu_nvme_kernel,,1,16
Tutti-deployed,1,0.134,274,4096,256,69,108.427,394.863,1122304,true,gpu_nvme_kernel,,1,16
Tutti-deployed,1,0.134,274,4096,256,70,108.522,318.442,1122304,true,gpu_nvme_kernel,,1,16
Tutti-deployed,1,0.134,274,4096,256,71,108.779,316.046,1122304,true,gpu_nvme_kernel,,1,16
Tutti-deployed,1,0.134,274,4096,256,72,108.055,314.183,1122304,true,gpu_nvme_kernel,,1,16
Tutti-deployed,1,0.134,274,4096,256,73,103.696,299.237,1122304,true,gpu_nvme_kernel,,1,16
Tutti-deployed,1,0.134,274,4096,256,74,110.219,328.012,1122304,true,gpu_nvme_kernel,,1,16
Tutti-deployed,1,0.134,274,4096,256,75,103.33,303.972,1122304,true,gpu_nvme_kernel,,1,16
Tutti-deployed,1,0.134,274,4096,256,76,106.672,309.856,1122304,true,gpu_nvme_kernel,,1,16
Tutti-deployed,1,0.134,274,4096,256,77,107.373,337.543,1122304,true,gpu_nvme_kernel,,1,16
Tutti-deployed,1,0.134,274,4096,256,78,106.031,384.791,1122304,true,gpu_nvme_kernel,,1,16
Tutti-deployed,1,0.134,274,4096,256,79,200.169,397.263,1122304,true,gpu_nvme_kernel,,1,16
Tutti-deployed,1,0.134,274,4096,256,80,128.018,305.1,1122304,true,gpu_nvme_kernel,,1,16
Tutti-deployed,1,0.134,274,4096,256,81,111.047,338.603,1122304,true,gpu_nvme_kernel,,1,16
Tutti-deployed,1,0.134,274,4096,256,82,108.476,313.397,1122304,true,gpu_nvme_kernel,,1,16
Tutti-deployed,1,0.134,274,4096,256,83,106.455,337.515,1122304,true,gpu_nvme_kernel,,1,16
Tutti-deployed,1,0.134,274,4096,256,84,120.481,317.551,1122304,true,gpu_nvme_kernel,,1,16
Tutti-deployed,1,0.134,274,4096,256,85,107.451,332.18,1122304,true,gpu_nvme_kernel,,1,16
Tutti-deployed,1,0.134,274,4096,256,86,108.117,314.438,1122304,true,gpu_nvme_kernel,,1,16
Tutti-deployed,1,0.134,274,4096,256,87,104.667,329.712,1122304,true,gpu_nvme_kernel,,1,16
Tutti-deployed,1,0.134,274,4096,256,88,111.311,320.221,1122304,true,gpu_nvme_kernel,,1,16
Tutti-deployed,1,0.134,274,4096,256,89,105.911,302.842,1122304,true,gpu_nvme_kernel,,1,16
Tutti-deployed,1,0.134,274,4096,256,90,120.061,319.995,1122304,true,gpu_nvme_kernel,,1,16
Tutti-deployed,1,0.134,274,4096,256,91,106.201,353.205,1122304,true,gpu_nvme_kernel,,1,16
Tutti-deployed,1,0.134,274,4096,256,92,105.955,312.206,1122304,true,gpu_nvme_kernel,,1,16
Tutti-deployed,1,0.134,274,4096,256,93,123.06,316.352,1122304,true,gpu_nvme_kernel,,1,16
Tutti-deployed,1,0.134,274,4096,256,94,105.113,365.243,1122304,true,gpu_nvme_kernel,,1,16
Tutti-deployed,1,0.134,274,4096,256,95,106.455,315.488,1122304,true,gpu_nvme_kernel,,1,16
Tutti-deployed,1,0.134,274,4096,256,96,104.013,321.063,1122304,true,gpu_nvme_kernel,,1,16
Tutti-deployed,1,0.134,274,4096,256,97,103.42,312.649,1122304,true,gpu_nvme_kernel,,1,16
Tutti-deployed,1,0.134,274,4096,256,98,109.376,345.43,1122304,true,gpu_nvme_kernel,,1,16
Tutti-deployed,1,0.134,274,4096,256,99,122.716,318.89,1122304,true,gpu_nvme_kernel,,1,16
Tutti-deployed,1,0.134,274,4096,256,100,105.162,308.293,1122304,true,gpu_nvme_kernel,,1,16
Tutti-deployed,1,0.134,274,4096,256,101,104.091,312.794,1122304,true,gpu_nvme_kernel,,1,16
Tutti-deployed,1,0.134,274,4096,256,102,122.124,353.5,1122304,true,gpu_nvme_kernel,,1,16
Tutti-deployed,1,0.134,274,4096,256,103,103.567,339.692,1122304,true,gpu_nvme_kernel,,1,16
Tutti-deployed,1,0.134,274,4096,256,104,103.311,318.046,1122304,true,gpu_nvme_kernel,,1,16
Tutti-deployed,1,0.134,274,4096,256,105,104.278,431.76,1122304,true,gpu_nvme_kernel,,1,16
Tutti-deployed,1,0.134,274,4096,256,106,102.182,311.489,1122304,true,gpu_nvme_kernel,,1,16
Tutti-deployed,1,0.134,274,4096,256,107,105.047,335.219,1122304,true,gpu_nvme_kernel,,1,16
Tutti-deployed,1,0.134,274,4096,256,108,105.961,313.871,1122304,true,gpu_nvme_kernel,,1,16
Tutti-deployed,1,0.134,274,4096,256,109,108.912,313.794,1122304,true,gpu_nvme_kernel,,1,16
Tutti-deployed,1,0.134,274,4096,256,110,104.776,309.435,1122304,true,gpu_nvme_kernel,,1,16
Tutti-deployed,1,0.134,274,4096,256,111,104.084,322.851,1122304,true,gpu_nvme_kernel,,1,16
Tutti-deployed,1,0.134,274,4096,256,112,117.865,316.259,1122304,true,gpu_nvme_kernel,,1,16
Tutti-deployed,1,0.134,274,4096,256,113,103.042,322.083,1122304,true,gpu_nvme_kernel,,1,16
Tutti-deployed,1,0.134,274,4096,256,114,131.594,322.465,1122304,true,gpu_nvme_kernel,,1,16
Tutti-deployed,1,0.134,274,4096,256,115,105.605,367.826,1122304,true,gpu_nvme_kernel,,1,16
Tutti-deployed,1,0.134,274,4096,256,116,102.782,306.276,1122304,true,gpu_nvme_kernel,,1,16
Tutti-deployed,1,0.134,274,4096,256,117,120.062,318.491,1122304,true,gpu_nvme_kernel,,1,16
Tutti-deployed,1,0.134,274,4096,256,118,103.455,334.466,1122304,true,gpu_nvme_kernel,,1,16
Tutti-deployed,1,0.134,274,4096,256,119,103.75,310.736,1122304,true,gpu_nvme_kernel,,1,16
Tutti-deployed,1,0.134,274,4096,256,120,101.378,335.246,1122304,true,gpu_nvme_kernel,,1,16
Tutti-deployed,1,0.134,274,4096,256,121,101.831,311.057,1122304,true,gpu_nvme_kernel,,1,16
Tutti-deployed,1,0.134,274,4096,256,122,103.599,313.797,1122304,true,gpu_nvme_kernel,,1,16
Tutti-deployed,1,0.134,274,4096,256,123,101.396,325.07,1122304,true,gpu_nvme_kernel,,1,16
Tutti-deployed,1,0.134,274,4096,256,124,103.074,302.996,1122304,true,gpu_nvme_kernel,,1,16
Tutti-deployed,1,0.134,274,4096,256,125,103.087,307.771,1122304,true,gpu_nvme_kernel,,1,16
Tutti-deployed,1,0.134,274,4096,256,126,103.318,372.201,1122304,true,gpu_nvme_kernel,,1,16
Tutti-deployed,1,0.134,274,4096,256,127,102.754,362.43,1122304,true,gpu_nvme_kernel,,1,16
Tutti-deployed,1,0.134,274,4096,256,128,101.82,302.084,1122304,true,gpu_nvme_kernel,,1,16
Tutti-deployed,1,0.134,274,4096,256,129,114.408,307.552,1122304,true,gpu_nvme_kernel,,1,16
Tutti-deployed,1,0.134,274,4096,256,130,101.531,326.728,1122304,true,gpu_nvme_kernel,,1,16
Tutti-deployed,1,0.134,274,4096,256,131,101.024,291.297,1122304,true,gpu_nvme_kernel,,1,16
Tutti-deployed,1,0.134,274,4096,256,132,101.064,315.091,1122304,true,gpu_nvme_kernel,,1,16
Tutti-deployed,1,0.134,274,4096,256,133,101.482,315.871,1122304,true,gpu_nvme_kernel,,1,16
Tutti-deployed,1,0.134,274,4096,256,134,100.762,309.717,1122304,true,gpu_nvme_kernel,,1,16
Tutti-deployed,1,0.134,274,4096,256,135,109.228,299.562,1122304,true,gpu_nvme_kernel,,1,16
Tutti-deployed,1,0.134,274,4096,256,136,101.527,305.714,1122304,true,gpu_nvme_kernel,,1,16
Tutti-deployed,1,0.134,274,4096,256,137,103.761,317.078,1122304,true,gpu_nvme_kernel,,1,16
Tutti-deployed,1,0.134,274,4096,256,138,102.301,315.374,1122304,true,gpu_nvme_kernel,,1,16
Tutti-deployed,1,0.134,274,4096,256,139,102.564,302.292,1122304,true,gpu_nvme_kernel,,1,16
Tutti-deployed,1,0.134,274,4096,256,140,101.288,308.658,1122304,true,gpu_nvme_kernel,,1,16
Tutti-deployed,1,0.134,274,4096,256,141,101.989,312.824,1122304,true,gpu_nvme_kernel,,1,16
Tutti-deployed,1,0.134,274,4096,256,142,102.621,340.822,1122304,true,gpu_nvme_kernel,,1,16
Tutti-deployed,1,0.134,274,4096,256,143,101.054,328.953,1122304,true,gpu_nvme_kernel,,1,16
Tutti-deployed,1,0.134,274,4096,256,144,102.159,326.93,1122304,true,gpu_nvme_kernel,,1,16
Tutti-deployed,1,0.134,274,4096,256,145,100.897,308.742,1122304,true,gpu_nvme_kernel,,1,16
Tutti-deployed,1,0.134,274,4096,256,146,114.709,346.593,1122304,true,gpu_nvme_kernel,,1,16
Tutti-deployed,1,0.134,274,4096,256,147,89.006,350.481,1122304,true,gpu_nvme_kernel,,1,16
Tutti-deployed,1,0.134,274,4096,256,148,88.302,298.79,1122304,true,gpu_nvme_kernel,,1,16
Tutti-deployed,1,0.134,274,4096,256,149,90.37,332.545,1122304,true,gpu_nvme_kernel,,1,16
Tutti-deployed,1,0.134,274,4096,256,150,88.572,306.898,1122304,true,gpu_nvme_kernel,,1,16
Tutti-deployed,1,0.134,274,4096,256,151,89.495,320.479,1122304,true,gpu_nvme_kernel,,1,16
Tutti-deployed,1,0.134,274,4096,256,152,89.614,335.796,1122304,true,gpu_nvme_kernel,,1,16
Tutti-deployed,1,0.134,274,4096,256,153,89.583,312.755,1122304,true,gpu_nvme_kernel,,1,16
Tutti-deployed,1,0.134,274,4096,256,154,89.238,321.3,1122304,true,gpu_nvme_kernel,,1,16
Tutti-deployed,1,0.134,274,4096,256,155,88.706,324.219,1122304,true,gpu_nvme_kernel,,1,16
Tutti-deployed,1,0.134,274,4096,256,156,100.729,357.111,1122304,true,gpu_nvme_kernel,,1,16
Tutti-deployed,1,0.134,274,4096,256,157,89.568,305.456,1122304,true,gpu_nvme_kernel,,1,16
Tutti-deployed,1,0.134,274,4096,256,158,87.938,314.497,1122304,true,gpu_nvme_kernel,,1,16
Tutti-deployed,1,0.134,274,4096,256,159,87.436,297.72,1122304,true,gpu_nvme_kernel,,1,16
Tutti-deployed,1,0.134,274,4096,256,160,87.227,354.216,1122304,true,gpu_nvme_kernel,,1,16
Tutti-deployed,1,0.134,274,4096,256,161,88.726,294.322,1122304,true,gpu_nvme_kernel,,1,16
Tutti-deployed,1,0.134,274,4096,256,162,89.642,328.935,1122304,true,gpu_nvme_kernel,,1,16
Tutti-deployed,1,0.134,274,4096,256,163,92.033,305.376,1122304,true,gpu_nvme_kernel,,1,16
Tutti-deployed,1,0.134,274,4096,256,164,88.881,347.786,1122304,true,gpu_nvme_kernel,,1,16
Tutti-deployed,1,0.134,274,4096,256,165,88.689,303.56,1122304,true,gpu_nvme_kernel,,1,16
Tutti-deployed,1,0.134,274,4096,256,166,159.61,356.841,1122304,true,gpu_nvme_kernel,,1,16
Tutti-deployed,1,0.134,274,4096,256,167,86.845,306.108,1122304,true,gpu_nvme_kernel,,1,16
Tutti-deployed,1,0.134,274,4096,256,168,85.489,357.366,1122304,true,gpu_nvme_kernel,,1,16
Tutti-deployed,1,0.134,274,4096,256,169,85.471,347.741,1122304,true,gpu_nvme_kernel,,1,16
Tutti-deployed,1,0.134,274,4096,256,170,86.3,297.749,1122304,true,gpu_nvme_kernel,,1,16
Tutti-deployed,1,0.134,274,4096,256,171,88.311,310.954,1122304,true,gpu_nvme_kernel,,1,16
Tutti-deployed,1,0.134,274,4096,256,172,96.049,298.13,1122304,true,gpu_nvme_kernel,,1,16
Tutti-deployed,1,0.134,274,4096,256,173,101.171,323.437,1122304,true,gpu_nvme_kernel,,1,16
Tutti-deployed,1,0.134,274,4096,256,174,89.108,298.346,1122304,true,gpu_nvme_kernel,,1,16
Tutti-deployed,1,0.134,274,4096,256,175,100.877,323.92,1122304,true,gpu_nvme_kernel,,1,16
Tutti-deployed,1,0.134,274,4096,256,176,90.206,322.355,1122304,true,gpu_nvme_kernel,,1,16
Tutti-deployed,1,0.134,274,4096,256,177,93.042,303.675,1122304,true,gpu_nvme_kernel,,1,16
Tutti-deployed,1,0.134,274,4096,256,178,89.108,317.812,1122304,true,gpu_nvme_kernel,,1,16
Tutti-deployed,1,0.134,274,4096,256,179,90.274,306.19,1122304,true,gpu_nvme_kernel,,1,16
Tutti-deployed,1,0.134,274,4096,256,180,93.479,289.935,1122304,true,gpu_nvme_kernel,,1,16
Tutti-deployed,1,0.134,274,4096,256,181,95.682,355.458,1122304,true,gpu_nvme_kernel,,1,16
Tutti-deployed,1,0.134,274,4096,256,182,90.642,334.819,1122304,true,gpu_nvme_kernel,,1,16
Tutti-deployed,1,0.134,274,4096,256,183,89.07,336.297,1122304,true,gpu_nvme_kernel,,1,16
Tutti-deployed,1,0.134,274,4096,256,184,89.287,331.25,1122304,true,gpu_nvme_kernel,,1,16
Tutti-deployed,1,0.134,274,4096,256,185,89.65,305.326,1122304,true,gpu_nvme_kernel,,1,16
Tutti-deployed,1,0.134,274,4096,256,186,92.565,315.037,1122304,true,gpu_nvme_kernel,,1,16
Tutti-deployed,1,0.134,274,4096,256,187,89.029,325.81,1122304,true,gpu_nvme_kernel,,1,16
Tutti-deployed,1,0.134,274,4096,256,188,88.979,335.215,1122304,true,gpu_nvme_kernel,,1,16
Tutti-deployed,1,0.134,274,4096,256,189,89.609,309.758,1122304,true,gpu_nvme_kernel,,1,16
Tutti-deployed,1,0.134,274,4096,256,190,92.916,323.429,1122304,true,gpu_nvme_kernel,,1,16
Tutti-deployed,1,0.134,274,4096,256,191,88.43,326.043,1122304,true,gpu_nvme_kernel,,1,16
Tutti-deployed,1,0.134,274,4096,256,192,91.434,326.503,1122304,true,gpu_nvme_kernel,,1,16
Tutti-deployed,1,0.134,274,4096,256,193,89.107,307.984,1122304,true,gpu_nvme_kernel,,1,16
Tutti-deployed,1,0.134,274,4096,256,194,88.881,359.74,1122304,true,gpu_nvme_kernel,,1,16
Tutti-deployed,1,0.134,274,4096,256,195,92.037,346.251,1122304,true,gpu_nvme_kernel,,1,16
Tutti-deployed,1,0.134,274,4096,256,196,93.37,368.49,1122304,true,gpu_nvme_kernel,,1,16
Tutti-deployed,1,0.134,274,4096,256,197,88.154,335.664,1122304,true,gpu_nvme_kernel,,1,16
Tutti-deployed,1,0.134,274,4096,256,198,89.304,298.974,1122304,true,gpu_nvme_kernel,,1,16
Tutti-deployed,1,0.134,274,4096,256,199,86.614,289.919,1122304,true,gpu_nvme_kernel,,1,16
Tutti-deployed,1,0.134,274,4096,256,0,89.58,311.052,1122304,true,gpu_nvme_kernel,,3,16
Tutti-deployed,1,0.3,614,4096,256,0,192.159,548.794,2514944,true,gpu_nvme_kernel,,2,16
Tutti-deployed,1,0.3,614,4096,256,0,191.188,617.07,2514944,true,gpu_nvme_kernel,,0,16
Tutti-deployed,1,0.3,614,4096,256,1,188.453,559.537,2514944,true,gpu_nvme_kernel,,0,16
Tutti-deployed,1,0.3,614,4096,256,2,189.587,577.057,2514944,true,gpu_nvme_kernel,,0,16
Tutti-deployed,1,0.3,614,4096,256,3,198.05,566.788,2514944,true,gpu_nvme_kernel,,0,16
Tutti-deployed,1,0.3,614,4096,256,4,191.252,599.349,2514944,true,gpu_nvme_kernel,,0,16
Tutti-deployed,1,0.3,614,4096,256,5,188.11,591.533,2514944,true,gpu_nvme_kernel,,0,16
Tutti-deployed,1,0.3,614,4096,256,6,188.773,561.608,2514944,true,gpu_nvme_kernel,,0,16
Tutti-deployed,1,0.3,614,4096,256,7,189.351,598.882,2514944,true,gpu_nvme_kernel,,0,16
Tutti-deployed,1,0.3,614,4096,256,8,186.062,598.09,2514944,true,gpu_nvme_kernel,,0,16
Tutti-deployed,1,0.3,614,4096,256,9,199.86,587.978,2514944,true,gpu_nvme_kernel,,0,16
Tutti-deployed,1,0.3,614,4096,256,0,192.433,618.235,2514944,true,gpu_nvme_kernel,,1,16
Tutti-deployed,1,0.3,614,4096,256,1,190.523,639.336,2514944,true,gpu_nvme_kernel,,1,16
Tutti-deployed,1,0.3,614,4096,256,2,190.126,604.861,2514944,true,gpu_nvme_kernel,,1,16
Tutti-deployed,1,0.3,614,4096,256,3,187.759,605.365,2514944,true,gpu_nvme_kernel,,1,16
Tutti-deployed,1,0.3,614,4096,256,4,188.161,595.964,2514944,true,gpu_nvme_kernel,,1,16
Tutti-deployed,1,0.3,614,4096,256,5,190.001,574.795,2514944,true,gpu_nvme_kernel,,1,16
Tutti-deployed,1,0.3,614,4096,256,6,196.087,725.911,2514944,true,gpu_nvme_kernel,,1,16
Tutti-deployed,1,0.3,614,4096,256,7,189.909,572.468,2514944,true,gpu_nvme_kernel,,1,16
Tutti-deployed,1,0.3,614,4096,256,8,212.128,587.91,2514944,true,gpu_nvme_kernel,,1,16
Tutti-deployed,1,0.3,614,4096,256,9,190.92,606.692,2514944,true,gpu_nvme_kernel,,1,16
Tutti-deployed,1,0.3,614,4096,256,10,190.817,547.912,2514944,true,gpu_nvme_kernel,,1,16
Tutti-deployed,1,0.3,614,4096,256,11,195.006,557.934,2514944,true,gpu_nvme_kernel,,1,16
Tutti-deployed,1,0.3,614,4096,256,12,188.594,568.085,2514944,true,gpu_nvme_kernel,,1,16
Tutti-deployed,1,0.3,614,4096,256,13,188.776,605.866,2514944,true,gpu_nvme_kernel,,1,16
Tutti-deployed,1,0.3,614,4096,256,14,197.05,586.968,2514944,true,gpu_nvme_kernel,,1,16
Tutti-deployed,1,0.3,614,4096,256,15,189.502,591.885,2514944,true,gpu_nvme_kernel,,1,16
Tutti-deployed,1,0.3,614,4096,256,16,191.566,563.49,2514944,true,gpu_nvme_kernel,,1,16
Tutti-deployed,1,0.3,614,4096,256,17,189.464,590.148,2514944,true,gpu_nvme_kernel,,1,16
Tutti-deployed,1,0.3,614,4096,256,18,189.114,577.13,2514944,true,gpu_nvme_kernel,,1,16
Tutti-deployed,1,0.3,614,4096,256,19,194.908,581.857,2514944,true,gpu_nvme_kernel,,1,16
Tutti-deployed,1,0.3,614,4096,256,20,189.588,609.172,2514944,true,gpu_nvme_kernel,,1,16
Tutti-deployed,1,0.3,614,4096,256,21,188.574,616.055,2514944,true,gpu_nvme_kernel,,1,16
Tutti-deployed,1,0.3,614,4096,256,22,189.647,577.65,2514944,true,gpu_nvme_kernel,,1,16
Tutti-deployed,1,0.3,614,4096,256,23,185.891,636.131,2514944,true,gpu_nvme_kernel,,1,16
Tutti-deployed,1,0.3,614,4096,256,24,203.466,586.688,2514944,true,gpu_nvme_kernel,,1,16
Tutti-deployed,1,0.3,614,4096,256,25,188.409,563.482,2514944,true,gpu_nvme_kernel,,1,16
Tutti-deployed,1,0.3,614,4096,256,26,188.197,642.182,2514944,true,gpu_nvme_kernel,,1,16
Tutti-deployed,1,0.3,614,4096,256,27,192.903,609.353,2514944,true,gpu_nvme_kernel,,1,16
Tutti-deployed,1,0.3,614,4096,256,28,186.908,570.193,2514944,true,gpu_nvme_kernel,,1,16
Tutti-deployed,1,0.3,614,4096,256,29,188.689,553.208,2514944,true,gpu_nvme_kernel,,1,16
Tutti-deployed,1,0.3,614,4096,256,30,190.66,547.366,2514944,true,gpu_nvme_kernel,,1,16
Tutti-deployed,1,0.3,614,4096,256,31,194.195,591.421,2514944,true,gpu_nvme_kernel,,1,16
Tutti-deployed,1,0.3,614,4096,256,32,195.294,599.024,2514944,true,gpu_nvme_kernel,,1,16
Tutti-deployed,1,0.3,614,4096,256,33,188.982,570.873,2514944,true,gpu_nvme_kernel,,1,16
Tutti-deployed,1,0.3,614,4096,256,34,194.016,620.775,2514944,true,gpu_nvme_kernel,,1,16
Tutti-deployed,1,0.3,614,4096,256,35,188.58,655.612,2514944,true,gpu_nvme_kernel,,1,16
Tutti-deployed,1,0.3,614,4096,256,36,191.611,609.13,2514944,true,gpu_nvme_kernel,,1,16
Tutti-deployed,1,0.3,614,4096,256,37,198.646,574.439,2514944,true,gpu_nvme_kernel,,1,16
Tutti-deployed,1,0.3,614,4096,256,38,189.478,584.478,2514944,true,gpu_nvme_kernel,,1,16
Tutti-deployed,1,0.3,614,4096,256,39,189.76,609.774,2514944,true,gpu_nvme_kernel,,1,16
Tutti-deployed,1,0.3,614,4096,256,40,197.42,563.357,2514944,true,gpu_nvme_kernel,,1,16
Tutti-deployed,1,0.3,614,4096,256,41,203.663,585.98,2514944,true,gpu_nvme_kernel,,1,16
Tutti-deployed,1,0.3,614,4096,256,42,193.015,613.542,2514944,true,gpu_nvme_kernel,,1,16
Tutti-deployed,1,0.3,614,4096,256,43,193.024,601.679,2514944,true,gpu_nvme_kernel,,1,16
Tutti-deployed,1,0.3,614,4096,256,44,198.106,586.506,2514944,true,gpu_nvme_kernel,,1,16
Tutti-deployed,1,0.3,614,4096,256,45,188.966,581.86,2514944,true,gpu_nvme_kernel,,1,16
Tutti-deployed,1,0.3,614,4096,256,46,191.615,559.47,2514944,true,gpu_nvme_kernel,,1,16
Tutti-deployed,1,0.3,614,4096,256,47,197.417,610.973,2514944,true,gpu_nvme_kernel,,1,16
Tutti-deployed,1,0.3,614,4096,256,48,201.047,573.063,2514944,true,gpu_nvme_kernel,,1,16
Tutti-deployed,1,0.3,614,4096,256,49,192.335,606.397,2514944,true,gpu_nvme_kernel,,1,16
Tutti-deployed,1,0.3,614,4096,256,50,197.289,585.066,2514944,true,gpu_nvme_kernel,,1,16
Tutti-deployed,1,0.3,614,4096,256,51,196.584,615.522,2514944,true,gpu_nvme_kernel,,1,16
Tutti-deployed,1,0.3,614,4096,256,52,194.566,557.881,2514944,true,gpu_nvme_kernel,,1,16
Tutti-deployed,1,0.3,614,4096,256,53,198.023,624.237,2514944,true,gpu_nvme_kernel,,1,16
Tutti-deployed,1,0.3,614,4096,256,54,195.525,576.67,2514944,true,gpu_nvme_kernel,,1,16
Tutti-deployed,1,0.3,614,4096,256,55,193.448,567.936,2514944,true,gpu_nvme_kernel,,1,16
Tutti-deployed,1,0.3,614,4096,256,56,192.784,619.093,2514944,true,gpu_nvme_kernel,,1,16
Tutti-deployed,1,0.3,614,4096,256,57,200.017,586.846,2514944,true,gpu_nvme_kernel,,1,16
Tutti-deployed,1,0.3,614,4096,256,58,196.765,568.438,2514944,true,gpu_nvme_kernel,,1,16
Tutti-deployed,1,0.3,614,4096,256,59,197.615,630.947,2514944,true,gpu_nvme_kernel,,1,16
Tutti-deployed,1,0.3,614,4096,256,60,196.654,621.878,2514944,true,gpu_nvme_kernel,,1,16
Tutti-deployed,1,0.3,614,4096,256,61,206.929,550.756,2514944,true,gpu_nvme_kernel,,1,16
Tutti-deployed,1,0.3,614,4096,256,62,200.368,611.685,2514944,true,gpu_nvme_kernel,,1,16
Tutti-deployed,1,0.3,614,4096,256,63,209.236,570.339,2514944,true,gpu_nvme_kernel,,1,16
Tutti-deployed,1,0.3,614,4096,256,64,204.918,612.311,2514944,true,gpu_nvme_kernel,,1,16
Tutti-deployed,1,0.3,614,4096,256,65,198.616,574.115,2514944,true,gpu_nvme_kernel,,1,16
Tutti-deployed,1,0.3,614,4096,256,66,207.522,583.839,2514944,true,gpu_nvme_kernel,,1,16
Tutti-deployed,1,0.3,614,4096,256,67,194.035,557.171,2514944,true,gpu_nvme_kernel,,1,16
Tutti-deployed,1,0.3,614,4096,256,68,195.553,586.408,2514944,true,gpu_nvme_kernel,,1,16
Tutti-deployed,1,0.3,614,4096,256,69,195.032,575.149,2514944,true,gpu_nvme_kernel,,1,16
Tutti-deployed,1,0.3,614,4096,256,70,197.342,623.218,2514944,true,gpu_nvme_kernel,,1,16
Tutti-deployed,1,0.3,614,4096,256,71,194.571,578.374,2514944,true,gpu_nvme_kernel,,1,16
Tutti-deployed,1,0.3,614,4096,256,72,196.134,588.982,2514944,true,gpu_nvme_kernel,,1,16
Tutti-deployed,1,0.3,614,4096,256,73,196.753,588.117,2514944,true,gpu_nvme_kernel,,1,16
Tutti-deployed,1,0.3,614,4096,256,74,193.936,556.736,2514944,true,gpu_nvme_kernel,,1,16
Tutti-deployed,1,0.3,614,4096,256,75,196.571,606.966,2514944,true,gpu_nvme_kernel,,1,16
Tutti-deployed,1,0.3,614,4096,256,76,195.204,569.869,2514944,true,gpu_nvme_kernel,,1,16
Tutti-deployed,1,0.3,614,4096,256,77,197.201,672.376,2514944,true,gpu_nvme_kernel,,1,16
Tutti-deployed,1,0.3,614,4096,256,78,196.335,635.194,2514944,true,gpu_nvme_kernel,,1,16
Tutti-deployed,1,0.3,614,4096,256,79,195.713,575.283,2514944,true,gpu_nvme_kernel,,1,16
Tutti-deployed,1,0.3,614,4096,256,80,198.084,563.385,2514944,true,gpu_nvme_kernel,,1,16
Tutti-deployed,1,0.3,614,4096,256,81,205.704,589.483,2514944,true,gpu_nvme_kernel,,1,16
Tutti-deployed,1,0.3,614,4096,256,82,198.147,647.256,2514944,true,gpu_nvme_kernel,,1,16
Tutti-deployed,1,0.3,614,4096,256,83,195.646,634.943,2514944,true,gpu_nvme_kernel,,1,16
Tutti-deployed,1,0.3,614,4096,256,84,198.424,618.149,2514944,true,gpu_nvme_kernel,,1,16
Tutti-deployed,1,0.3,614,4096,256,85,205.862,606.043,2514944,true,gpu_nvme_kernel,,1,16
Tutti-deployed,1,0.3,614,4096,256,86,195.586,564.266,2514944,true,gpu_nvme_kernel,,1,16
Tutti-deployed,1,0.3,614,4096,256,87,195.977,579.805,2514944,true,gpu_nvme_kernel,,1,16
Tutti-deployed,1,0.3,614,4096,256,88,198.258,595.089,2514944,true,gpu_nvme_kernel,,1,16
Tutti-deployed,1,0.3,614,4096,256,89,195.64,593.244,2514944,true,gpu_nvme_kernel,,1,16
Tutti-deployed,1,0.3,614,4096,256,90,194.281,631.03,2514944,true,gpu_nvme_kernel,,1,16
Tutti-deployed,1,0.3,614,4096,256,91,197.886,579.59,2514944,true,gpu_nvme_kernel,,1,16
Tutti-deployed,1,0.3,614,4096,256,92,193.865,646.774,2514944,true,gpu_nvme_kernel,,1,16
Tutti-deployed,1,0.3,614,4096,256,93,196.862,567.65,2514944,true,gpu_nvme_kernel,,1,16
Tutti-deployed,1,0.3,614,4096,256,94,196.745,550.171,2514944,true,gpu_nvme_kernel,,1,16
Tutti-deployed,1,0.3,614,4096,256,95,196.599,608.708,2514944,true,gpu_nvme_kernel,,1,16
Tutti-deployed,1,0.3,614,4096,256,96,195.595,599.969,2514944,true,gpu_nvme_kernel,,1,16
Tutti-deployed,1,0.3,614,4096,256,97,195.27,566.789,2514944,true,gpu_nvme_kernel,,1,16
Tutti-deployed,1,0.3,614,4096,256,98,206.131,555.481,2514944,true,gpu_nvme_kernel,,1,16
Tutti-deployed,1,0.3,614,4096,256,99,197.983,601.687,2514944,true,gpu_nvme_kernel,,1,16
Tutti-deployed,1,0.3,614,4096,256,100,196.674,620.22,2514944,true,gpu_nvme_kernel,,1,16
Tutti-deployed,1,0.3,614,4096,256,101,194.992,566.673,2514944,true,gpu_nvme_kernel,,1,16
Tutti-deployed,1,0.3,614,4096,256,102,197.816,592.597,2514944,true,gpu_nvme_kernel,,1,16
Tutti-deployed,1,0.3,614,4096,256,103,195.065,611.096,2514944,true,gpu_nvme_kernel,,1,16
Tutti-deployed,1,0.3,614,4096,256,104,194.891,564.431,2514944,true,gpu_nvme_kernel,,1,16
Tutti-deployed,1,0.3,614,4096,256,105,197.809,561.781,2514944,true,gpu_nvme_kernel,,1,16
Tutti-deployed,1,0.3,614,4096,256,106,198.832,658.923,2514944,true,gpu_nvme_kernel,,1,16
Tutti-deployed,1,0.3,614,4096,256,107,198.627,582.952,2514944,true,gpu_nvme_kernel,,1,16
Tutti-deployed,1,0.3,614,4096,256,108,198.748,565.057,2514944,true,gpu_nvme_kernel,,1,16
Tutti-deployed,1,0.3,614,4096,256,109,192.46,594.432,2514944,true,gpu_nvme_kernel,,1,16
Tutti-deployed,1,0.3,614,4096,256,110,196.538,568.422,2514944,true,gpu_nvme_kernel,,1,16
Tutti-deployed,1,0.3,614,4096,256,111,197.752,573.827,2514944,true,gpu_nvme_kernel,,1,16
Tutti-deployed,1,0.3,614,4096,256,112,196.983,552.874,2514944,true,gpu_nvme_kernel,,1,16
Tutti-deployed,1,0.3,614,4096,256,113,205.896,592.093,2514944,true,gpu_nvme_kernel,,1,16
Tutti-deployed,1,0.3,614,4096,256,114,195.876,566.159,2514944,true,gpu_nvme_kernel,,1,16
Tutti-deployed,1,0.3,614,4096,256,115,197.57,604.17,2514944,true,gpu_nvme_kernel,,1,16
Tutti-deployed,1,0.3,614,4096,256,116,202.136,539.187,2514944,true,gpu_nvme_kernel,,1,16
Tutti-deployed,1,0.3,614,4096,256,117,194.552,623.403,2514944,true,gpu_nvme_kernel,,1,16
Tutti-deployed,1,0.3,614,4096,256,118,196.781,575.759,2514944,true,gpu_nvme_kernel,,1,16
Tutti-deployed,1,0.3,614,4096,256,119,205.498,627.266,2514944,true,gpu_nvme_kernel,,1,16
Tutti-deployed,1,0.3,614,4096,256,120,197.444,568.162,2514944,true,gpu_nvme_kernel,,1,16
Tutti-deployed,1,0.3,614,4096,256,121,203.993,600.476,2514944,true,gpu_nvme_kernel,,1,16
Tutti-deployed,1,0.3,614,4096,256,122,196.701,556.381,2514944,true,gpu_nvme_kernel,,1,16
Tutti-deployed,1,0.3,614,4096,256,123,196.249,632.488,2514944,true,gpu_nvme_kernel,,1,16
Tutti-deployed,1,0.3,614,4096,256,124,204.061,555.103,2514944,true,gpu_nvme_kernel,,1,16
Tutti-deployed,1,0.3,614,4096,256,125,200.242,568.039,2514944,true,gpu_nvme_kernel,,1,16
Tutti-deployed,1,0.3,614,4096,256,126,195.941,584.972,2514944,true,gpu_nvme_kernel,,1,16
Tutti-deployed,1,0.3,614,4096,256,127,195.764,575.794,2514944,true,gpu_nvme_kernel,,1,16
Tutti-deployed,1,0.3,614,4096,256,128,193.514,595.021,2514944,true,gpu_nvme_kernel,,1,16
Tutti-deployed,1,0.3,614,4096,256,129,198.261,561.041,2514944,true,gpu_nvme_kernel,,1,16
Tutti-deployed,1,0.3,614,4096,256,130,206.979,595.959,2514944,true,gpu_nvme_kernel,,1,16
Tutti-deployed,1,0.3,614,4096,256,131,196.035,678.028,2514944,true,gpu_nvme_kernel,,1,16
Tutti-deployed,1,0.3,614,4096,256,132,200.958,599.25,2514944,true,gpu_nvme_kernel,,1,16
Tutti-deployed,1,0.3,614,4096,256,133,197.115,616.137,2514944,true,gpu_nvme_kernel,,1,16
Tutti-deployed,1,0.3,614,4096,256,134,195.718,572.465,2514944,true,gpu_nvme_kernel,,1,16
Tutti-deployed,1,0.3,614,4096,256,135,194.947,564.427,2514944,true,gpu_nvme_kernel,,1,16
Tutti-deployed,1,0.3,614,4096,256,136,194.62,599.17,2514944,true,gpu_nvme_kernel,,1,16
Tutti-deployed,1,0.3,614,4096,256,137,196.273,563.024,2514944,true,gpu_nvme_kernel,,1,16
Tutti-deployed,1,0.3,614,4096,256,138,196.031,562.46,2514944,true,gpu_nvme_kernel,,1,16
Tutti-deployed,1,0.3,614,4096,256,139,196.144,596.911,2514944,true,gpu_nvme_kernel,,1,16
Tutti-deployed,1,0.3,614,4096,256,140,194.02,566.038,2514944,true,gpu_nvme_kernel,,1,16
Tutti-deployed,1,0.3,614,4096,256,141,202.064,566.03,2514944,true,gpu_nvme_kernel,,1,16
Tutti-deployed,1,0.3,614,4096,256,142,196.282,595.896,2514944,true,gpu_nvme_kernel,,1,16
Tutti-deployed,1,0.3,614,4096,256,143,198.416,561.779,2514944,true,gpu_nvme_kernel,,1,16
Tutti-deployed,1,0.3,614,4096,256,144,196.853,576.157,2514944,true,gpu_nvme_kernel,,1,16
Tutti-deployed,1,0.3,614,4096,256,145,199.641,622.431,2514944,true,gpu_nvme_kernel,,1,16
Tutti-deployed,1,0.3,614,4096,256,146,201.527,581.924,2514944,true,gpu_nvme_kernel,,1,16
Tutti-deployed,1,0.3,614,4096,256,147,196.162,562.813,2514944,true,gpu_nvme_kernel,,1,16
Tutti-deployed,1,0.3,614,4096,256,148,196.647,706.079,2514944,true,gpu_nvme_kernel,,1,16
Tutti-deployed,1,0.3,614,4096,256,149,199.701,595.564,2514944,true,gpu_nvme_kernel,,1,16
Tutti-deployed,1,0.3,614,4096,256,150,200.219,608.555,2514944,true,gpu_nvme_kernel,,1,16
Tutti-deployed,1,0.3,614,4096,256,151,196.695,647.905,2514944,true,gpu_nvme_kernel,,1,16
Tutti-deployed,1,0.3,614,4096,256,152,204.855,601.115,2514944,true,gpu_nvme_kernel,,1,16
Tutti-deployed,1,0.3,614,4096,256,153,198.734,554.049,2514944,true,gpu_nvme_kernel,,1,16
Tutti-deployed,1,0.3,614,4096,256,154,195.739,616.809,2514944,true,gpu_nvme_kernel,,1,16
Tutti-deployed,1,0.3,614,4096,256,155,778.734,991.149,2514944,true,gpu_nvme_kernel,,1,16
Tutti-deployed,1,0.3,614,4096,256,156,264.317,602.9,2514944,true,gpu_nvme_kernel,,1,16
Tutti-deployed,1,0.3,614,4096,256,157,229.343,631.313,2514944,true,gpu_nvme_kernel,,1,16
Tutti-deployed,1,0.3,614,4096,256,158,230.819,604.689,2514944,true,gpu_nvme_kernel,,1,16
Tutti-deployed,1,0.3,614,4096,256,159,243.339,606.613,2514944,true,gpu_nvme_kernel,,1,16
Tutti-deployed,1,0.3,614,4096,256,160,226.32,571.237,2514944,true,gpu_nvme_kernel,,1,16
Tutti-deployed,1,0.3,614,4096,256,161,224.95,591.549,2514944,true,gpu_nvme_kernel,,1,16
Tutti-deployed,1,0.3,614,4096,256,162,227.448,582.15,2514944,true,gpu_nvme_kernel,,1,16
Tutti-deployed,1,0.3,614,4096,256,163,226.888,602.655,2514944,true,gpu_nvme_kernel,,1,16
Tutti-deployed,1,0.3,614,4096,256,164,227.221,568.296,2514944,true,gpu_nvme_kernel,,1,16
Tutti-deployed,1,0.3,614,4096,256,165,222.196,604.969,2514944,true,gpu_nvme_kernel,,1,16
Tutti-deployed,1,0.3,614,4096,256,166,226.804,598.262,2514944,true,gpu_nvme_kernel,,1,16
Tutti-deployed,1,0.3,614,4096,256,167,224.253,571.232,2514944,true,gpu_nvme_kernel,,1,16
Tutti-deployed,1,0.3,614,4096,256,168,222.586,586.748,2514944,true,gpu_nvme_kernel,,1,16
Tutti-deployed,1,0.3,614,4096,256,169,225.164,556.54,2514944,true,gpu_nvme_kernel,,1,16
Tutti-deployed,1,0.3,614,4096,256,170,226.777,609.804,2514944,true,gpu_nvme_kernel,,1,16
Tutti-deployed,1,0.3,614,4096,256,171,228.538,584.996,2514944,true,gpu_nvme_kernel,,1,16
Tutti-deployed,1,0.3,614,4096,256,172,226.251,589.779,2514944,true,gpu_nvme_kernel,,1,16
Tutti-deployed,1,0.3,614,4096,256,173,224.345,556.033,2514944,true,gpu_nvme_kernel,,1,16
Tutti-deployed,1,0.3,614,4096,256,174,232.026,609.097,2514944,true,gpu_nvme_kernel,,1,16
Tutti-deployed,1,0.3,614,4096,256,175,229.298,570.133,2514944,true,gpu_nvme_kernel,,1,16
Tutti-deployed,1,0.3,614,4096,256,176,223.668,565.398,2514944,true,gpu_nvme_kernel,,1,16
Tutti-deployed,1,0.3,614,4096,256,177,227.688,624.677,2514944,true,gpu_nvme_kernel,,1,16
Tutti-deployed,1,0.3,614,4096,256,178,226.663,569.264,2514944,true,gpu_nvme_kernel,,1,16
Tutti-deployed,1,0.3,614,4096,256,179,224.501,567.132,2514944,true,gpu_nvme_kernel,,1,16
Tutti-deployed,1,0.3,614,4096,256,180,226.056,574.764,2514944,true,gpu_nvme_kernel,,1,16
Tutti-deployed,1,0.3,614,4096,256,181,225.266,551.406,2514944,true,gpu_nvme_kernel,,1,16
Tutti-deployed,1,0.3,614,4096,256,182,225.739,574.051,2514944,true,gpu_nvme_kernel,,1,16
Tutti-deployed,1,0.3,614,4096,256,183,235.548,586.164,2514944,true,gpu_nvme_kernel,,1,16
Tutti-deployed,1,0.3,614,4096,256,184,225.184,548.843,2514944,true,gpu_nvme_kernel,,1,16
Tutti-deployed,1,0.3,614,4096,256,185,226.08,584.805,2514944,true,gpu_nvme_kernel,,1,16
Tutti-deployed,1,0.3,614,4096,256,186,235.415,595.868,2514944,true,gpu_nvme_kernel,,1,16
Tutti-deployed,1,0.3,614,4096,256,187,224.393,566.228,2514944,true,gpu_nvme_kernel,,1,16
Tutti-deployed,1,0.3,614,4096,256,188,224.182,589.83,2514944,true,gpu_nvme_kernel,,1,16
Tutti-deployed,1,0.3,614,4096,256,189,236.69,584.823,2514944,true,gpu_nvme_kernel,,1,16
Tutti-deployed,1,0.3,614,4096,256,190,228.631,543.804,2514944,true,gpu_nvme_kernel,,1,16
Tutti-deployed,1,0.3,614,4096,256,191,223.74,583.409,2514944,true,gpu_nvme_kernel,,1,16
Tutti-deployed,1,0.3,614,4096,256,192,235.891,585.94,2514944,true,gpu_nvme_kernel,,1,16
Tutti-deployed,1,0.3,614,4096,256,193,227.432,605.519,2514944,true,gpu_nvme_kernel,,1,16
Tutti-deployed,1,0.3,614,4096,256,194,224.11,588.425,2514944,true,gpu_nvme_kernel,,1,16
Tutti-deployed,1,0.3,614,4096,256,195,232.673,600.697,2514944,true,gpu_nvme_kernel,,1,16
Tutti-deployed,1,0.3,614,4096,256,196,227.736,565.896,2514944,true,gpu_nvme_kernel,,1,16
Tutti-deployed,1,0.3,614,4096,256,197,225.847,554.559,2514944,true,gpu_nvme_kernel,,1,16
Tutti-deployed,1,0.3,614,4096,256,198,226.176,645.013,2514944,true,gpu_nvme_kernel,,1,16
Tutti-deployed,1,0.3,614,4096,256,199,227.29,581.355,2514944,true,gpu_nvme_kernel,,1,16
Tutti-deployed,1,0.3,614,4096,256,0,224.614,570.069,2514944,true,gpu_nvme_kernel,,3,16
Tutti-deployed,4,0.067,549,4096,256,0,208.877,541.327,2248704,true,gpu_nvme_kernel,,2,16
Tutti-deployed,4,0.067,549,4096,256,0,207.113,540.462,2248704,true,gpu_nvme_kernel,,0,16
Tutti-deployed,4,0.067,549,4096,256,1,203.068,570.316,2248704,true,gpu_nvme_kernel,,0,16
Tutti-deployed,4,0.067,549,4096,256,2,204.082,539.408,2248704,true,gpu_nvme_kernel,,0,16
Tutti-deployed,4,0.067,549,4096,256,3,201.444,575.404,2248704,true,gpu_nvme_kernel,,0,16
Tutti-deployed,4,0.067,549,4096,256,4,199.937,514.251,2248704,true,gpu_nvme_kernel,,0,16
Tutti-deployed,4,0.067,549,4096,256,5,204.941,562.113,2248704,true,gpu_nvme_kernel,,0,16
Tutti-deployed,4,0.067,549,4096,256,6,205.748,530.831,2248704,true,gpu_nvme_kernel,,0,16
Tutti-deployed,4,0.067,549,4096,256,7,216.21,553.303,2248704,true,gpu_nvme_kernel,,0,16
Tutti-deployed,4,0.067,549,4096,256,8,201.036,509.332,2248704,true,gpu_nvme_kernel,,0,16
Tutti-deployed,4,0.067,549,4096,256,9,202.615,524.871,2248704,true,gpu_nvme_kernel,,0,16
Tutti-deployed,4,0.067,549,4096,256,0,211.726,521.89,2248704,true,gpu_nvme_kernel,,1,16
Tutti-deployed,4,0.067,549,4096,256,1,203.895,588.588,2248704,true,gpu_nvme_kernel,,1,16
Tutti-deployed,4,0.067,549,4096,256,2,202.506,533.841,2248704,true,gpu_nvme_kernel,,1,16
Tutti-deployed,4,0.067,549,4096,256,3,226.096,607.635,2248704,true,gpu_nvme_kernel,,1,16
Tutti-deployed,4,0.067,549,4096,256,4,214.961,529.192,2248704,true,gpu_nvme_kernel,,1,16
Tutti-deployed,4,0.067,549,4096,256,5,203.233,550.89,2248704,true,gpu_nvme_kernel,,1,16
Tutti-deployed,4,0.067,549,4096,256,6,202.159,584.574,2248704,true,gpu_nvme_kernel,,1,16
Tutti-deployed,4,0.067,549,4096,256,7,211.074,521.1,2248704,true,gpu_nvme_kernel,,1,16
Tutti-deployed,4,0.067,549,4096,256,8,199.987,547.764,2248704,true,gpu_nvme_kernel,,1,16
Tutti-deployed,4,0.067,549,4096,256,9,200.926,519.741,2248704,true,gpu_nvme_kernel,,1,16
Tutti-deployed,4,0.067,549,4096,256,10,202.123,537.561,2248704,true,gpu_nvme_kernel,,1,16
Tutti-deployed,4,0.067,549,4096,256,11,203.282,541.062,2248704,true,gpu_nvme_kernel,,1,16
Tutti-deployed,4,0.067,549,4096,256,12,204.383,533.481,2248704,true,gpu_nvme_kernel,,1,16
Tutti-deployed,4,0.067,549,4096,256,13,176.251,538.103,2248704,true,gpu_nvme_kernel,,1,16
Tutti-deployed,4,0.067,549,4096,256,14,170.821,562.816,2248704,true,gpu_nvme_kernel,,1,16
Tutti-deployed,4,0.067,549,4096,256,15,185.545,553.428,2248704,true,gpu_nvme_kernel,,1,16
Tutti-deployed,4,0.067,549,4096,256,16,171.409,513.619,2248704,true,gpu_nvme_kernel,,1,16
Tutti-deployed,4,0.067,549,4096,256,17,173.793,514.378,2248704,true,gpu_nvme_kernel,,1,16
Tutti-deployed,4,0.067,549,4096,256,18,187.159,496.639,2248704,true,gpu_nvme_kernel,,1,16
Tutti-deployed,4,0.067,549,4096,256,19,174.414,545.295,2248704,true,gpu_nvme_kernel,,1,16
Tutti-deployed,4,0.067,549,4096,256,20,177.261,490.374,2248704,true,gpu_nvme_kernel,,1,16
Tutti-deployed,4,0.067,549,4096,256,21,176.2,482.332,2248704,true,gpu_nvme_kernel,,1,16
Tutti-deployed,4,0.067,549,4096,256,22,181.079,535.935,2248704,true,gpu_nvme_kernel,,1,16
Tutti-deployed,4,0.067,549,4096,256,23,170.957,495.036,2248704,true,gpu_nvme_kernel,,1,16
Tutti-deployed,4,0.067,549,4096,256,24,174.293,514.761,2248704,true,gpu_nvme_kernel,,1,16
Tutti-deployed,4,0.067,549,4096,256,25,172.693,524.106,2248704,true,gpu_nvme_kernel,,1,16
Tutti-deployed,4,0.067,549,4096,256,26,177.848,550.846,2248704,true,gpu_nvme_kernel,,1,16
Tutti-deployed,4,0.067,549,4096,256,27,178.722,553.4,2248704,true,gpu_nvme_kernel,,1,16
Tutti-deployed,4,0.067,549,4096,256,28,176.129,550.044,2248704,true,gpu_nvme_kernel,,1,16
Tutti-deployed,4,0.067,549,4096,256,29,179.612,561.463,2248704,true,gpu_nvme_kernel,,1,16
Tutti-deployed,4,0.067,549,4096,256,30,174.54,528.116,2248704,true,gpu_nvme_kernel,,1,16
Tutti-deployed,4,0.067,549,4096,256,31,174.172,544.226,2248704,true,gpu_nvme_kernel,,1,16
Tutti-deployed,4,0.067,549,4096,256,32,175.423,576.708,2248704,true,gpu_nvme_kernel,,1,16
Tutti-deployed,4,0.067,549,4096,256,33,175.384,512.543,2248704,true,gpu_nvme_kernel,,1,16
Tutti-deployed,4,0.067,549,4096,256,34,172.736,495.576,2248704,true,gpu_nvme_kernel,,1,16
Tutti-deployed,4,0.067,549,4096,256,35,171.428,513.664,2248704,true,gpu_nvme_kernel,,1,16
Tutti-deployed,4,0.067,549,4096,256,36,174.948,543.339,2248704,true,gpu_nvme_kernel,,1,16
Tutti-deployed,4,0.067,549,4096,256,37,176.733,531.419,2248704,true,gpu_nvme_kernel,,1,16
Tutti-deployed,4,0.067,549,4096,256,38,172.258,522.983,2248704,true,gpu_nvme_kernel,,1,16
Tutti-deployed,4,0.067,549,4096,256,39,177.653,508.056,2248704,true,gpu_nvme_kernel,,1,16
Tutti-deployed,4,0.067,549,4096,256,40,175.626,508.867,2248704,true,gpu_nvme_kernel,,1,16
Tutti-deployed,4,0.067,549,4096,256,41,176.445,542.901,2248704,true,gpu_nvme_kernel,,1,16
Tutti-deployed,4,0.067,549,4096,256,42,179.894,570.922,2248704,true,gpu_nvme_kernel,,1,16
Tutti-deployed,4,0.067,549,4096,256,43,181.49,516.639,2248704,true,gpu_nvme_kernel,,1,16
Tutti-deployed,4,0.067,549,4096,256,44,174.012,504.966,2248704,true,gpu_nvme_kernel,,1,16
Tutti-deployed,4,0.067,549,4096,256,45,173.423,561.409,2248704,true,gpu_nvme_kernel,,1,16
Tutti-deployed,4,0.067,549,4096,256,46,172.611,555.897,2248704,true,gpu_nvme_kernel,,1,16
Tutti-deployed,4,0.067,549,4096,256,47,182.046,509.819,2248704,true,gpu_nvme_kernel,,1,16
Tutti-deployed,4,0.067,549,4096,256,48,184.112,556.616,2248704,true,gpu_nvme_kernel,,1,16
Tutti-deployed,4,0.067,549,4096,256,49,172.047,532.851,2248704,true,gpu_nvme_kernel,,1,16
Tutti-deployed,4,0.067,549,4096,256,50,175.019,556.7,2248704,true,gpu_nvme_kernel,,1,16
Tutti-deployed,4,0.067,549,4096,256,51,170.335,494.031,2248704,true,gpu_nvme_kernel,,1,16
Tutti-deployed,4,0.067,549,4096,256,52,175.179,499.784,2248704,true,gpu_nvme_kernel,,1,16
Tutti-deployed,4,0.067,549,4096,256,53,179.789,501.74,2248704,true,gpu_nvme_kernel,,1,16
Tutti-deployed,4,0.067,549,4096,256,54,171.674,500.649,2248704,true,gpu_nvme_kernel,,1,16
Tutti-deployed,4,0.067,549,4096,256,55,169.956,521.125,2248704,true,gpu_nvme_kernel,,1,16
Tutti-deployed,4,0.067,549,4096,256,56,174.969,525.419,2248704,true,gpu_nvme_kernel,,1,16
Tutti-deployed,4,0.067,549,4096,256,57,175.035,538.013,2248704,true,gpu_nvme_kernel,,1,16
Tutti-deployed,4,0.067,549,4096,256,58,175.888,516.056,2248704,true,gpu_nvme_kernel,,1,16
Tutti-deployed,4,0.067,549,4096,256,59,175.526,542.021,2248704,true,gpu_nvme_kernel,,1,16
Tutti-deployed,4,0.067,549,4096,256,60,180.689,509.105,2248704,true,gpu_nvme_kernel,,1,16
Tutti-deployed,4,0.067,549,4096,256,61,172.896,526.29,2248704,true,gpu_nvme_kernel,,1,16
Tutti-deployed,4,0.067,549,4096,256,62,170.732,535.977,2248704,true,gpu_nvme_kernel,,1,16
Tutti-deployed,4,0.067,549,4096,256,63,170.48,529.099,2248704,true,gpu_nvme_kernel,,1,16
Tutti-deployed,4,0.067,549,4096,256,64,176.951,584.634,2248704,true,gpu_nvme_kernel,,1,16
Tutti-deployed,4,0.067,549,4096,256,65,175.409,577.361,2248704,true,gpu_nvme_kernel,,1,16
Tutti-deployed,4,0.067,549,4096,256,66,174,510.008,2248704,true,gpu_nvme_kernel,,1,16
Tutti-deployed,4,0.067,549,4096,256,67,171.355,491.949,2248704,true,gpu_nvme_kernel,,1,16
Tutti-deployed,4,0.067,549,4096,256,68,179.291,624.484,2248704,true,gpu_nvme_kernel,,1,16
Tutti-deployed,4,0.067,549,4096,256,69,177.597,577.802,2248704,true,gpu_nvme_kernel,,1,16
Tutti-deployed,4,0.067,549,4096,256,70,174.21,494.503,2248704,true,gpu_nvme_kernel,,1,16
Tutti-deployed,4,0.067,549,4096,256,71,177.34,520.351,2248704,true,gpu_nvme_kernel,,1,16
Tutti-deployed,4,0.067,549,4096,256,72,171.383,508.215,2248704,true,gpu_nvme_kernel,,1,16
Tutti-deployed,4,0.067,549,4096,256,73,173.729,515.285,2248704,true,gpu_nvme_kernel,,1,16
Tutti-deployed,4,0.067,549,4096,256,74,176.082,564.164,2248704,true,gpu_nvme_kernel,,1,16
Tutti-deployed,4,0.067,549,4096,256,75,177.035,531.942,2248704,true,gpu_nvme_kernel,,1,16
Tutti-deployed,4,0.067,549,4096,256,76,173.212,535.266,2248704,true,gpu_nvme_kernel,,1,16
Tutti-deployed,4,0.067,549,4096,256,77,175.978,513.289,2248704,true,gpu_nvme_kernel,,1,16
Tutti-deployed,4,0.067,549,4096,256,78,174.892,501.23,2248704,true,gpu_nvme_kernel,,1,16
Tutti-deployed,4,0.067,549,4096,256,79,177.612,636.34,2248704,true,gpu_nvme_kernel,,1,16
Tutti-deployed,4,0.067,549,4096,256,80,176.337,541.505,2248704,true,gpu_nvme_kernel,,1,16
Tutti-deployed,4,0.067,549,4096,256,81,174.965,556.978,2248704,true,gpu_nvme_kernel,,1,16
Tutti-deployed,4,0.067,549,4096,256,82,175.426,540.71,2248704,true,gpu_nvme_kernel,,1,16
Tutti-deployed,4,0.067,549,4096,256,83,172.761,516.302,2248704,true,gpu_nvme_kernel,,1,16
Tutti-deployed,4,0.067,549,4096,256,84,173.2,551.393,2248704,true,gpu_nvme_kernel,,1,16
Tutti-deployed,4,0.067,549,4096,256,85,175.621,573.674,2248704,true,gpu_nvme_kernel,,1,16
Tutti-deployed,4,0.067,549,4096,256,86,175.317,502.33,2248704,true,gpu_nvme_kernel,,1,16
Tutti-deployed,4,0.067,549,4096,256,87,176.046,565.571,2248704,true,gpu_nvme_kernel,,1,16
Tutti-deployed,4,0.067,549,4096,256,88,171.655,495.839,2248704,true,gpu_nvme_kernel,,1,16
Tutti-deployed,4,0.067,549,4096,256,89,172.528,498.094,2248704,true,gpu_nvme_kernel,,1,16
Tutti-deployed,4,0.067,549,4096,256,90,176.392,511.441,2248704,true,gpu_nvme_kernel,,1,16
Tutti-deployed,4,0.067,549,4096,256,91,171.877,549.72,2248704,true,gpu_nvme_kernel,,1,16
Tutti-deployed,4,0.067,549,4096,256,92,174.544,593.513,2248704,true,gpu_nvme_kernel,,1,16
Tutti-deployed,4,0.067,549,4096,256,93,172.466,496.725,2248704,true,gpu_nvme_kernel,,1,16
Tutti-deployed,4,0.067,549,4096,256,94,173.822,509.5,2248704,true,gpu_nvme_kernel,,1,16
Tutti-deployed,4,0.067,549,4096,256,95,177.369,541.111,2248704,true,gpu_nvme_kernel,,1,16
Tutti-deployed,4,0.067,549,4096,256,96,176.447,531.752,2248704,true,gpu_nvme_kernel,,1,16
Tutti-deployed,4,0.067,549,4096,256,97,175.05,500.165,2248704,true,gpu_nvme_kernel,,1,16
Tutti-deployed,4,0.067,549,4096,256,98,171.563,527.632,2248704,true,gpu_nvme_kernel,,1,16
Tutti-deployed,4,0.067,549,4096,256,99,173.047,530.392,2248704,true,gpu_nvme_kernel,,1,16
Tutti-deployed,4,0.067,549,4096,256,100,179.033,552.24,2248704,true,gpu_nvme_kernel,,1,16
Tutti-deployed,4,0.067,549,4096,256,101,171.42,547.731,2248704,true,gpu_nvme_kernel,,1,16
Tutti-deployed,4,0.067,549,4096,256,102,170.088,539.814,2248704,true,gpu_nvme_kernel,,1,16
Tutti-deployed,4,0.067,549,4096,256,103,184.805,527.879,2248704,true,gpu_nvme_kernel,,1,16
Tutti-deployed,4,0.067,549,4096,256,104,171.327,546.204,2248704,true,gpu_nvme_kernel,,1,16
Tutti-deployed,4,0.067,549,4096,256,105,169.018,511.006,2248704,true,gpu_nvme_kernel,,1,16
Tutti-deployed,4,0.067,549,4096,256,106,173.732,489.083,2248704,true,gpu_nvme_kernel,,1,16
Tutti-deployed,4,0.067,549,4096,256,107,176.733,511.479,2248704,true,gpu_nvme_kernel,,1,16
Tutti-deployed,4,0.067,549,4096,256,108,170.978,565.383,2248704,true,gpu_nvme_kernel,,1,16
Tutti-deployed,4,0.067,549,4096,256,109,178.805,532.09,2248704,true,gpu_nvme_kernel,,1,16
Tutti-deployed,4,0.067,549,4096,256,110,176.344,493.422,2248704,true,gpu_nvme_kernel,,1,16
Tutti-deployed,4,0.067,549,4096,256,111,172.629,551.668,2248704,true,gpu_nvme_kernel,,1,16
Tutti-deployed,4,0.067,549,4096,256,112,173.135,554.06,2248704,true,gpu_nvme_kernel,,1,16
Tutti-deployed,4,0.067,549,4096,256,113,171.055,530.727,2248704,true,gpu_nvme_kernel,,1,16
Tutti-deployed,4,0.067,549,4096,256,114,181.254,498.919,2248704,true,gpu_nvme_kernel,,1,16
Tutti-deployed,4,0.067,549,4096,256,115,172.768,562.064,2248704,true,gpu_nvme_kernel,,1,16
Tutti-deployed,4,0.067,549,4096,256,116,178.778,563.494,2248704,true,gpu_nvme_kernel,,1,16
Tutti-deployed,4,0.067,549,4096,256,117,185.475,527.658,2248704,true,gpu_nvme_kernel,,1,16
Tutti-deployed,4,0.067,549,4096,256,118,174.178,546.879,2248704,true,gpu_nvme_kernel,,1,16
Tutti-deployed,4,0.067,549,4096,256,119,177.486,510.285,2248704,true,gpu_nvme_kernel,,1,16
Tutti-deployed,4,0.067,549,4096,256,120,169.793,547.657,2248704,true,gpu_nvme_kernel,,1,16
Tutti-deployed,4,0.067,549,4096,256,121,171.585,529.737,2248704,true,gpu_nvme_kernel,,1,16
Tutti-deployed,4,0.067,549,4096,256,122,176.65,491.117,2248704,true,gpu_nvme_kernel,,1,16
Tutti-deployed,4,0.067,549,4096,256,123,169.052,544.766,2248704,true,gpu_nvme_kernel,,1,16
Tutti-deployed,4,0.067,549,4096,256,124,173.626,494.536,2248704,true,gpu_nvme_kernel,,1,16
Tutti-deployed,4,0.067,549,4096,256,125,170.925,525.719,2248704,true,gpu_nvme_kernel,,1,16
Tutti-deployed,4,0.067,549,4096,256,126,171.226,503.088,2248704,true,gpu_nvme_kernel,,1,16
Tutti-deployed,4,0.067,549,4096,256,127,172.996,502.924,2248704,true,gpu_nvme_kernel,,1,16
Tutti-deployed,4,0.067,549,4096,256,128,175.5,543.307,2248704,true,gpu_nvme_kernel,,1,16
Tutti-deployed,4,0.067,549,4096,256,129,173.985,496.913,2248704,true,gpu_nvme_kernel,,1,16
Tutti-deployed,4,0.067,549,4096,256,130,170.485,502.699,2248704,true,gpu_nvme_kernel,,1,16
Tutti-deployed,4,0.067,549,4096,256,131,176.663,499.383,2248704,true,gpu_nvme_kernel,,1,16
Tutti-deployed,4,0.067,549,4096,256,132,178.334,564.081,2248704,true,gpu_nvme_kernel,,1,16
Tutti-deployed,4,0.067,549,4096,256,133,170.378,532.472,2248704,true,gpu_nvme_kernel,,1,16
Tutti-deployed,4,0.067,549,4096,256,134,180.683,523.768,2248704,true,gpu_nvme_kernel,,1,16
Tutti-deployed,4,0.067,549,4096,256,135,175.597,603.453,2248704,true,gpu_nvme_kernel,,1,16
Tutti-deployed,4,0.067,549,4096,256,136,170.72,525.034,2248704,true,gpu_nvme_kernel,,1,16
Tutti-deployed,4,0.067,549,4096,256,137,171.656,509.661,2248704,true,gpu_nvme_kernel,,1,16
Tutti-deployed,4,0.067,549,4096,256,138,174.455,511.659,2248704,true,gpu_nvme_kernel,,1,16
Tutti-deployed,4,0.067,549,4096,256,139,173.747,516.05,2248704,true,gpu_nvme_kernel,,1,16
Tutti-deployed,4,0.067,549,4096,256,140,170.509,517.167,2248704,true,gpu_nvme_kernel,,1,16
Tutti-deployed,4,0.067,549,4096,256,141,172.795,513.972,2248704,true,gpu_nvme_kernel,,1,16
Tutti-deployed,4,0.067,549,4096,256,142,176.371,541.361,2248704,true,gpu_nvme_kernel,,1,16
Tutti-deployed,4,0.067,549,4096,256,143,170.405,504.912,2248704,true,gpu_nvme_kernel,,1,16
Tutti-deployed,4,0.067,549,4096,256,144,172.325,595.861,2248704,true,gpu_nvme_kernel,,1,16
Tutti-deployed,4,0.067,549,4096,256,145,179.096,660.821,2248704,true,gpu_nvme_kernel,,1,16
Tutti-deployed,4,0.067,549,4096,256,146,172.029,528.482,2248704,true,gpu_nvme_kernel,,1,16
Tutti-deployed,4,0.067,549,4096,256,147,173.345,504.765,2248704,true,gpu_nvme_kernel,,1,16
Tutti-deployed,4,0.067,549,4096,256,148,176.354,524.816,2248704,true,gpu_nvme_kernel,,1,16
Tutti-deployed,4,0.067,549,4096,256,149,170.677,617.166,2248704,true,gpu_nvme_kernel,,1,16
Tutti-deployed,4,0.067,549,4096,256,150,172.517,585.351,2248704,true,gpu_nvme_kernel,,1,16
Tutti-deployed,4,0.067,549,4096,256,151,173.803,540.155,2248704,true,gpu_nvme_kernel,,1,16
Tutti-deployed,4,0.067,549,4096,256,152,172.35,508.667,2248704,true,gpu_nvme_kernel,,1,16
Tutti-deployed,4,0.067,549,4096,256,153,261.703,548.375,2248704,true,gpu_nvme_kernel,,1,16
Tutti-deployed,4,0.067,549,4096,256,154,178.262,533.795,2248704,true,gpu_nvme_kernel,,1,16
Tutti-deployed,4,0.067,549,4096,256,155,176.187,498.416,2248704,true,gpu_nvme_kernel,,1,16
Tutti-deployed,4,0.067,549,4096,256,156,184.699,529.345,2248704,true,gpu_nvme_kernel,,1,16
Tutti-deployed,4,0.067,549,4096,256,157,174.765,485.135,2248704,true,gpu_nvme_kernel,,1,16
Tutti-deployed,4,0.067,549,4096,256,158,190.475,519.592,2248704,true,gpu_nvme_kernel,,1,16
Tutti-deployed,4,0.067,549,4096,256,159,171.913,569.982,2248704,true,gpu_nvme_kernel,,1,16
Tutti-deployed,4,0.067,549,4096,256,160,185.548,502.384,2248704,true,gpu_nvme_kernel,,1,16
Tutti-deployed,4,0.067,549,4096,256,161,172.75,527.77,2248704,true,gpu_nvme_kernel,,1,16
Tutti-deployed,4,0.067,549,4096,256,162,176.249,528.994,2248704,true,gpu_nvme_kernel,,1,16
Tutti-deployed,4,0.067,549,4096,256,163,183.101,543.642,2248704,true,gpu_nvme_kernel,,1,16
Tutti-deployed,4,0.067,549,4096,256,164,173.563,590.738,2248704,true,gpu_nvme_kernel,,1,16
Tutti-deployed,4,0.067,549,4096,256,165,186.66,523.415,2248704,true,gpu_nvme_kernel,,1,16
Tutti-deployed,4,0.067,549,4096,256,166,175.224,583.289,2248704,true,gpu_nvme_kernel,,1,16
Tutti-deployed,4,0.067,549,4096,256,167,183.574,505.642,2248704,true,gpu_nvme_kernel,,1,16
Tutti-deployed,4,0.067,549,4096,256,168,180.764,525.348,2248704,true,gpu_nvme_kernel,,1,16
Tutti-deployed,4,0.067,549,4096,256,169,183.06,520.344,2248704,true,gpu_nvme_kernel,,1,16
Tutti-deployed,4,0.067,549,4096,256,170,172.26,552.004,2248704,true,gpu_nvme_kernel,,1,16
Tutti-deployed,4,0.067,549,4096,256,171,174.136,583.23,2248704,true,gpu_nvme_kernel,,1,16
Tutti-deployed,4,0.067,549,4096,256,172,190.898,551.903,2248704,true,gpu_nvme_kernel,,1,16
Tutti-deployed,4,0.067,549,4096,256,173,169.857,511.995,2248704,true,gpu_nvme_kernel,,1,16
Tutti-deployed,4,0.067,549,4096,256,174,184.736,542.342,2248704,true,gpu_nvme_kernel,,1,16
Tutti-deployed,4,0.067,549,4096,256,175,170.891,526.88,2248704,true,gpu_nvme_kernel,,1,16
Tutti-deployed,4,0.067,549,4096,256,176,182.755,481.822,2248704,true,gpu_nvme_kernel,,1,16
Tutti-deployed,4,0.067,549,4096,256,177,173.303,611.745,2248704,true,gpu_nvme_kernel,,1,16
Tutti-deployed,4,0.067,549,4096,256,178,169.764,506.567,2248704,true,gpu_nvme_kernel,,1,16
Tutti-deployed,4,0.067,549,4096,256,179,176.114,599.872,2248704,true,gpu_nvme_kernel,,1,16
Tutti-deployed,4,0.067,549,4096,256,180,171.324,524.293,2248704,true,gpu_nvme_kernel,,1,16
Tutti-deployed,4,0.067,549,4096,256,181,172.415,510.015,2248704,true,gpu_nvme_kernel,,1,16
Tutti-deployed,4,0.067,549,4096,256,182,174.348,512.678,2248704,true,gpu_nvme_kernel,,1,16
Tutti-deployed,4,0.067,549,4096,256,183,172.102,519.317,2248704,true,gpu_nvme_kernel,,1,16
Tutti-deployed,4,0.067,549,4096,256,184,182.829,523.877,2248704,true,gpu_nvme_kernel,,1,16
Tutti-deployed,4,0.067,549,4096,256,185,170.64,523.787,2248704,true,gpu_nvme_kernel,,1,16
Tutti-deployed,4,0.067,549,4096,256,186,171.523,533.565,2248704,true,gpu_nvme_kernel,,1,16
Tutti-deployed,4,0.067,549,4096,256,187,169.378,525.129,2248704,true,gpu_nvme_kernel,,1,16
Tutti-deployed,4,0.067,549,4096,256,188,172.411,503.356,2248704,true,gpu_nvme_kernel,,1,16
Tutti-deployed,4,0.067,549,4096,256,189,168.986,509.396,2248704,true,gpu_nvme_kernel,,1,16
Tutti-deployed,4,0.067,549,4096,256,190,172.004,562.508,2248704,true,gpu_nvme_kernel,,1,16
Tutti-deployed,4,0.067,549,4096,256,191,175.667,560.935,2248704,true,gpu_nvme_kernel,,1,16
Tutti-deployed,4,0.067,549,4096,256,192,172.443,554.927,2248704,true,gpu_nvme_kernel,,1,16
Tutti-deployed,4,0.067,549,4096,256,193,173.091,523.414,2248704,true,gpu_nvme_kernel,,1,16
Tutti-deployed,4,0.067,549,4096,256,194,175.194,532.905,2248704,true,gpu_nvme_kernel,,1,16
Tutti-deployed,4,0.067,549,4096,256,195,170.691,534.581,2248704,true,gpu_nvme_kernel,,1,16
Tutti-deployed,4,0.067,549,4096,256,196,174.701,518.086,2248704,true,gpu_nvme_kernel,,1,16
Tutti-deployed,4,0.067,549,4096,256,197,173.946,564.516,2248704,true,gpu_nvme_kernel,,1,16
Tutti-deployed,4,0.067,549,4096,256,198,171.268,501.532,2248704,true,gpu_nvme_kernel,,1,16
Tutti-deployed,4,0.067,549,4096,256,199,170.507,530.763,2248704,true,gpu_nvme_kernel,,1,16
Tutti-deployed,4,0.067,549,4096,256,0,171.081,554.717,2248704,true,gpu_nvme_kernel,,3,16
Tutti-deployed,4,0.134,1098,4096,256,0,347.474,888.686,4497408,true,gpu_nvme_kernel,,2,16
Tutti-deployed,4,0.134,1098,4096,256,0,339.232,960.002,4497408,true,gpu_nvme_kernel,,0,16
Tutti-deployed,4,0.134,1098,4096,256,1,340.501,911.194,4497408,true,gpu_nvme_kernel,,0,16
Tutti-deployed,4,0.134,1098,4096,256,2,336.718,919.581,4497408,true,gpu_nvme_kernel,,0,16
Tutti-deployed,4,0.134,1098,4096,256,3,342.028,936.373,4497408,true,gpu_nvme_kernel,,0,16
Tutti-deployed,4,0.134,1098,4096,256,4,338.714,917.945,4497408,true,gpu_nvme_kernel,,0,16
Tutti-deployed,4,0.134,1098,4096,256,5,347.217,921.539,4497408,true,gpu_nvme_kernel,,0,16
Tutti-deployed,4,0.134,1098,4096,256,6,351.345,961,4497408,true,gpu_nvme_kernel,,0,16
Tutti-deployed,4,0.134,1098,4096,256,7,352.962,942.467,4497408,true,gpu_nvme_kernel,,0,16
Tutti-deployed,4,0.134,1098,4096,256,8,340.953,938.6,4497408,true,gpu_nvme_kernel,,0,16
Tutti-deployed,4,0.134,1098,4096,256,9,335.948,899.564,4497408,true,gpu_nvme_kernel,,0,16
Tutti-deployed,4,0.134,1098,4096,256,0,346.9,914.528,4497408,true,gpu_nvme_kernel,,1,16
Tutti-deployed,4,0.134,1098,4096,256,1,346.023,970.996,4497408,true,gpu_nvme_kernel,,1,16
Tutti-deployed,4,0.134,1098,4096,256,2,340.823,953.775,4497408,true,gpu_nvme_kernel,,1,16
Tutti-deployed,4,0.134,1098,4096,256,3,341.458,911.605,4497408,true,gpu_nvme_kernel,,1,16
Tutti-deployed,4,0.134,1098,4096,256,4,341.951,907.159,4497408,true,gpu_nvme_kernel,,1,16
Tutti-deployed,4,0.134,1098,4096,256,5,336.636,987.88,4497408,true,gpu_nvme_kernel,,1,16
Tutti-deployed,4,0.134,1098,4096,256,6,339.146,893.824,4497408,true,gpu_nvme_kernel,,1,16
Tutti-deployed,4,0.134,1098,4096,256,7,341.077,946.478,4497408,true,gpu_nvme_kernel,,1,16
Tutti-deployed,4,0.134,1098,4096,256,8,343.482,942.321,4497408,true,gpu_nvme_kernel,,1,16
Tutti-deployed,4,0.134,1098,4096,256,9,338.078,959.012,4497408,true,gpu_nvme_kernel,,1,16
Tutti-deployed,4,0.134,1098,4096,256,10,336.364,950.064,4497408,true,gpu_nvme_kernel,,1,16
Tutti-deployed,4,0.134,1098,4096,256,11,340.224,1001.224,4497408,true,gpu_nvme_kernel,,1,16
Tutti-deployed,4,0.134,1098,4096,256,12,348.116,959.245,4497408,true,gpu_nvme_kernel,,1,16
Tutti-deployed,4,0.134,1098,4096,256,13,332.581,949.334,4497408,true,gpu_nvme_kernel,,1,16
Tutti-deployed,4,0.134,1098,4096,256,14,333.919,912.387,4497408,true,gpu_nvme_kernel,,1,16
Tutti-deployed,4,0.134,1098,4096,256,15,341.952,967.917,4497408,true,gpu_nvme_kernel,,1,16
Tutti-deployed,4,0.134,1098,4096,256,16,337.19,923.592,4497408,true,gpu_nvme_kernel,,1,16
Tutti-deployed,4,0.134,1098,4096,256,17,331.603,949.784,4497408,true,gpu_nvme_kernel,,1,16
Tutti-deployed,4,0.134,1098,4096,256,18,330.756,923.984,4497408,true,gpu_nvme_kernel,,1,16
Tutti-deployed,4,0.134,1098,4096,256,19,331.706,1076.227,4497408,true,gpu_nvme_kernel,,1,16
Tutti-deployed,4,0.134,1098,4096,256,20,327.545,906.798,4497408,true,gpu_nvme_kernel,,1,16
Tutti-deployed,4,0.134,1098,4096,256,21,348.459,910.283,4497408,true,gpu_nvme_kernel,,1,16
Tutti-deployed,4,0.134,1098,4096,256,22,329.062,958.412,4497408,true,gpu_nvme_kernel,,1,16
Tutti-deployed,4,0.134,1098,4096,256,23,339.293,1000.272,4497408,true,gpu_nvme_kernel,,1,16
Tutti-deployed,4,0.134,1098,4096,256,24,330.892,1002.882,4497408,true,gpu_nvme_kernel,,1,16
Tutti-deployed,4,0.134,1098,4096,256,25,341.049,945.103,4497408,true,gpu_nvme_kernel,,1,16
Tutti-deployed,4,0.134,1098,4096,256,26,331.222,911.565,4497408,true,gpu_nvme_kernel,,1,16
Tutti-deployed,4,0.134,1098,4096,256,27,332.111,928.809,4497408,true,gpu_nvme_kernel,,1,16
Tutti-deployed,4,0.134,1098,4096,256,28,340.508,921.122,4497408,true,gpu_nvme_kernel,,1,16
Tutti-deployed,4,0.134,1098,4096,256,29,341.65,974.167,4497408,true,gpu_nvme_kernel,,1,16
Tutti-deployed,4,0.134,1098,4096,256,30,339.438,948.633,4497408,true,gpu_nvme_kernel,,1,16
Tutti-deployed,4,0.134,1098,4096,256,31,330.664,928.476,4497408,true,gpu_nvme_kernel,,1,16
Tutti-deployed,4,0.134,1098,4096,256,32,334.474,960.888,4497408,true,gpu_nvme_kernel,,1,16
Tutti-deployed,4,0.134,1098,4096,256,33,328.573,987.845,4497408,true,gpu_nvme_kernel,,1,16
Tutti-deployed,4,0.134,1098,4096,256,34,335.287,918.797,4497408,true,gpu_nvme_kernel,,1,16
Tutti-deployed,4,0.134,1098,4096,256,35,328.601,933.665,4497408,true,gpu_nvme_kernel,,1,16
Tutti-deployed,4,0.134,1098,4096,256,36,330.615,967.198,4497408,true,gpu_nvme_kernel,,1,16
Tutti-deployed,4,0.134,1098,4096,256,37,329.199,911.292,4497408,true,gpu_nvme_kernel,,1,16
Tutti-deployed,4,0.134,1098,4096,256,38,328.629,991.59,4497408,true,gpu_nvme_kernel,,1,16
Tutti-deployed,4,0.134,1098,4096,256,39,345.91,964.019,4497408,true,gpu_nvme_kernel,,1,16
Tutti-deployed,4,0.134,1098,4096,256,40,334.145,945.139,4497408,true,gpu_nvme_kernel,,1,16
Tutti-deployed,4,0.134,1098,4096,256,41,334.568,985.623,4497408,true,gpu_nvme_kernel,,1,16
Tutti-deployed,4,0.134,1098,4096,256,42,337.458,922.54,4497408,true,gpu_nvme_kernel,,1,16
Tutti-deployed,4,0.134,1098,4096,256,43,342.418,922.569,4497408,true,gpu_nvme_kernel,,1,16
Tutti-deployed,4,0.134,1098,4096,256,44,333.577,951.868,4497408,true,gpu_nvme_kernel,,1,16
Tutti-deployed,4,0.134,1098,4096,256,45,332.848,965.955,4497408,true,gpu_nvme_kernel,,1,16
Tutti-deployed,4,0.134,1098,4096,256,46,338.163,993.326,4497408,true,gpu_nvme_kernel,,1,16
Tutti-deployed,4,0.134,1098,4096,256,47,333.335,924.881,4497408,true,gpu_nvme_kernel,,1,16
Tutti-deployed,4,0.134,1098,4096,256,48,332.32,1081.081,4497408,true,gpu_nvme_kernel,,1,16
Tutti-deployed,4,0.134,1098,4096,256,49,331.369,943.696,4497408,true,gpu_nvme_kernel,,1,16
Tutti-deployed,4,0.134,1098,4096,256,50,336.268,1020.132,4497408,true,gpu_nvme_kernel,,1,16
Tutti-deployed,4,0.134,1098,4096,256,51,331.106,973.16,4497408,true,gpu_nvme_kernel,,1,16
Tutti-deployed,4,0.134,1098,4096,256,52,330.719,937.002,4497408,true,gpu_nvme_kernel,,1,16
Tutti-deployed,4,0.134,1098,4096,256,53,338.694,962.835,4497408,true,gpu_nvme_kernel,,1,16
Tutti-deployed,4,0.134,1098,4096,256,54,333.277,896.865,4497408,true,gpu_nvme_kernel,,1,16
Tutti-deployed,4,0.134,1098,4096,256,55,331.248,970.795,4497408,true,gpu_nvme_kernel,,1,16
Tutti-deployed,4,0.134,1098,4096,256,56,327.178,913.532,4497408,true,gpu_nvme_kernel,,1,16
Tutti-deployed,4,0.134,1098,4096,256,57,330.016,924.626,4497408,true,gpu_nvme_kernel,,1,16
Tutti-deployed,4,0.134,1098,4096,256,58,332.377,956.968,4497408,true,gpu_nvme_kernel,,1,16
Tutti-deployed,4,0.134,1098,4096,256,59,330.058,912.374,4497408,true,gpu_nvme_kernel,,1,16
Tutti-deployed,4,0.134,1098,4096,256,60,334.209,1016.805,4497408,true,gpu_nvme_kernel,,1,16
Tutti-deployed,4,0.134,1098,4096,256,61,338.995,926.584,4497408,true,gpu_nvme_kernel,,1,16
Tutti-deployed,4,0.134,1098,4096,256,62,331.666,889.882,4497408,true,gpu_nvme_kernel,,1,16
Tutti-deployed,4,0.134,1098,4096,256,63,339.789,916.339,4497408,true,gpu_nvme_kernel,,1,16
Tutti-deployed,4,0.134,1098,4096,256,64,333.236,902.398,4497408,true,gpu_nvme_kernel,,1,16
Tutti-deployed,4,0.134,1098,4096,256,65,329.098,908.021,4497408,true,gpu_nvme_kernel,,1,16
Tutti-deployed,4,0.134,1098,4096,256,66,331.754,962.968,4497408,true,gpu_nvme_kernel,,1,16
Tutti-deployed,4,0.134,1098,4096,256,67,332.416,955.673,4497408,true,gpu_nvme_kernel,,1,16
Tutti-deployed,4,0.134,1098,4096,256,68,340.506,994.211,4497408,true,gpu_nvme_kernel,,1,16
Tutti-deployed,4,0.134,1098,4096,256,69,343.564,927.755,4497408,true,gpu_nvme_kernel,,1,16
Tutti-deployed,4,0.134,1098,4096,256,70,339.752,951.296,4497408,true,gpu_nvme_kernel,,1,16
Tutti-deployed,4,0.134,1098,4096,256,71,328.409,950.872,4497408,true,gpu_nvme_kernel,,1,16
Tutti-deployed,4,0.134,1098,4096,256,72,330.347,925,4497408,true,gpu_nvme_kernel,,1,16
Tutti-deployed,4,0.134,1098,4096,256,73,329.163,912.27,4497408,true,gpu_nvme_kernel,,1,16
Tutti-deployed,4,0.134,1098,4096,256,74,334.516,964.567,4497408,true,gpu_nvme_kernel,,1,16
Tutti-deployed,4,0.134,1098,4096,256,75,343.745,942.772,4497408,true,gpu_nvme_kernel,,1,16
Tutti-deployed,4,0.134,1098,4096,256,76,338.892,919.615,4497408,true,gpu_nvme_kernel,,1,16
Tutti-deployed,4,0.134,1098,4096,256,77,349.504,969.201,4497408,true,gpu_nvme_kernel,,1,16
Tutti-deployed,4,0.134,1098,4096,256,78,335.042,912.805,4497408,true,gpu_nvme_kernel,,1,16
Tutti-deployed,4,0.134,1098,4096,256,79,331.401,905.358,4497408,true,gpu_nvme_kernel,,1,16
Tutti-deployed,4,0.134,1098,4096,256,80,338.75,899.637,4497408,true,gpu_nvme_kernel,,1,16
Tutti-deployed,4,0.134,1098,4096,256,81,337.525,987.465,4497408,true,gpu_nvme_kernel,,1,16
Tutti-deployed,4,0.134,1098,4096,256,82,332.934,997.167,4497408,true,gpu_nvme_kernel,,1,16
Tutti-deployed,4,0.134,1098,4096,256,83,346.112,918.595,4497408,true,gpu_nvme_kernel,,1,16
Tutti-deployed,4,0.134,1098,4096,256,84,342.08,994.75,4497408,true,gpu_nvme_kernel,,1,16
Tutti-deployed,4,0.134,1098,4096,256,85,330.64,950.285,4497408,true,gpu_nvme_kernel,,1,16
Tutti-deployed,4,0.134,1098,4096,256,86,332.516,926.759,4497408,true,gpu_nvme_kernel,,1,16
Tutti-deployed,4,0.134,1098,4096,256,87,334.876,898.791,4497408,true,gpu_nvme_kernel,,1,16
Tutti-deployed,4,0.134,1098,4096,256,88,331.358,893.315,4497408,true,gpu_nvme_kernel,,1,16
Tutti-deployed,4,0.134,1098,4096,256,89,325.761,916.293,4497408,true,gpu_nvme_kernel,,1,16
Tutti-deployed,4,0.134,1098,4096,256,90,331.169,897.821,4497408,true,gpu_nvme_kernel,,1,16
Tutti-deployed,4,0.134,1098,4096,256,91,345,915.308,4497408,true,gpu_nvme_kernel,,1,16
Tutti-deployed,4,0.134,1098,4096,256,92,327.85,1034.152,4497408,true,gpu_nvme_kernel,,1,16
Tutti-deployed,4,0.134,1098,4096,256,93,331.293,926.012,4497408,true,gpu_nvme_kernel,,1,16
Tutti-deployed,4,0.134,1098,4096,256,94,331.259,986.053,4497408,true,gpu_nvme_kernel,,1,16
Tutti-deployed,4,0.134,1098,4096,256,95,332.942,914.54,4497408,true,gpu_nvme_kernel,,1,16
Tutti-deployed,4,0.134,1098,4096,256,96,342,909.585,4497408,true,gpu_nvme_kernel,,1,16
Tutti-deployed,4,0.134,1098,4096,256,97,338.761,952.367,4497408,true,gpu_nvme_kernel,,1,16
Tutti-deployed,4,0.134,1098,4096,256,98,340.372,940.97,4497408,true,gpu_nvme_kernel,,1,16
Tutti-deployed,4,0.134,1098,4096,256,99,330.722,965.013,4497408,true,gpu_nvme_kernel,,1,16
Tutti-deployed,4,0.134,1098,4096,256,100,331.466,923.432,4497408,true,gpu_nvme_kernel,,1,16
Tutti-deployed,4,0.134,1098,4096,256,101,329.982,930.243,4497408,true,gpu_nvme_kernel,,1,16
Tutti-deployed,4,0.134,1098,4096,256,102,333.221,942.107,4497408,true,gpu_nvme_kernel,,1,16
Tutti-deployed,4,0.134,1098,4096,256,103,339.351,884.231,4497408,true,gpu_nvme_kernel,,1,16
Tutti-deployed,4,0.134,1098,4096,256,104,348.536,934.528,4497408,true,gpu_nvme_kernel,,1,16
Tutti-deployed,4,0.134,1098,4096,256,105,328.095,906.592,4497408,true,gpu_nvme_kernel,,1,16
Tutti-deployed,4,0.134,1098,4096,256,106,330.391,940.997,4497408,true,gpu_nvme_kernel,,1,16
Tutti-deployed,4,0.134,1098,4096,256,107,328.304,994.095,4497408,true,gpu_nvme_kernel,,1,16
Tutti-deployed,4,0.134,1098,4096,256,108,332.402,979.171,4497408,true,gpu_nvme_kernel,,1,16
Tutti-deployed,4,0.134,1098,4096,256,109,327.383,917.473,4497408,true,gpu_nvme_kernel,,1,16
Tutti-deployed,4,0.134,1098,4096,256,110,326.978,938.452,4497408,true,gpu_nvme_kernel,,1,16
Tutti-deployed,4,0.134,1098,4096,256,111,343.808,941.641,4497408,true,gpu_nvme_kernel,,1,16
Tutti-deployed,4,0.134,1098,4096,256,112,331.756,924.038,4497408,true,gpu_nvme_kernel,,1,16
Tutti-deployed,4,0.134,1098,4096,256,113,330.137,947.116,4497408,true,gpu_nvme_kernel,,1,16
Tutti-deployed,4,0.134,1098,4096,256,114,332.839,926.912,4497408,true,gpu_nvme_kernel,,1,16
Tutti-deployed,4,0.134,1098,4096,256,115,326.981,916.427,4497408,true,gpu_nvme_kernel,,1,16
Tutti-deployed,4,0.134,1098,4096,256,116,344.63,913.406,4497408,true,gpu_nvme_kernel,,1,16
Tutti-deployed,4,0.134,1098,4096,256,117,329.194,967.113,4497408,true,gpu_nvme_kernel,,1,16
Tutti-deployed,4,0.134,1098,4096,256,118,332.985,916.314,4497408,true,gpu_nvme_kernel,,1,16
Tutti-deployed,4,0.134,1098,4096,256,119,325.62,1041.294,4497408,true,gpu_nvme_kernel,,1,16
Tutti-deployed,4,0.134,1098,4096,256,120,332.576,1067.844,4497408,true,gpu_nvme_kernel,,1,16
Tutti-deployed,4,0.134,1098,4096,256,121,335.587,1055.318,4497408,true,gpu_nvme_kernel,,1,16
Tutti-deployed,4,0.134,1098,4096,256,122,330.12,940.985,4497408,true,gpu_nvme_kernel,,1,16
Tutti-deployed,4,0.134,1098,4096,256,123,434.321,1008.973,4497408,true,gpu_nvme_kernel,,1,16
Tutti-deployed,4,0.134,1098,4096,256,124,336.625,952.502,4497408,true,gpu_nvme_kernel,,1,16
Tutti-deployed,4,0.134,1098,4096,256,125,353.41,931.387,4497408,true,gpu_nvme_kernel,,1,16
Tutti-deployed,4,0.134,1098,4096,256,126,330.414,922.483,4497408,true,gpu_nvme_kernel,,1,16
Tutti-deployed,4,0.134,1098,4096,256,127,335.189,905.816,4497408,true,gpu_nvme_kernel,,1,16
Tutti-deployed,4,0.134,1098,4096,256,128,337.141,977.426,4497408,true,gpu_nvme_kernel,,1,16
Tutti-deployed,4,0.134,1098,4096,256,129,332.612,952.727,4497408,true,gpu_nvme_kernel,,1,16
Tutti-deployed,4,0.134,1098,4096,256,130,327.981,968.297,4497408,true,gpu_nvme_kernel,,1,16
Tutti-deployed,4,0.134,1098,4096,256,131,329.436,934.087,4497408,true,gpu_nvme_kernel,,1,16
Tutti-deployed,4,0.134,1098,4096,256,132,344.298,920.351,4497408,true,gpu_nvme_kernel,,1,16
Tutti-deployed,4,0.134,1098,4096,256,133,340.827,981.766,4497408,true,gpu_nvme_kernel,,1,16
Tutti-deployed,4,0.134,1098,4096,256,134,332.508,898.259,4497408,true,gpu_nvme_kernel,,1,16
Tutti-deployed,4,0.134,1098,4096,256,135,335.381,920.884,4497408,true,gpu_nvme_kernel,,1,16
Tutti-deployed,4,0.134,1098,4096,256,136,328.171,912.773,4497408,true,gpu_nvme_kernel,,1,16
Tutti-deployed,4,0.134,1098,4096,256,137,338.516,915.826,4497408,true,gpu_nvme_kernel,,1,16
Tutti-deployed,4,0.134,1098,4096,256,138,332.799,920.076,4497408,true,gpu_nvme_kernel,,1,16
Tutti-deployed,4,0.134,1098,4096,256,139,337.306,933.318,4497408,true,gpu_nvme_kernel,,1,16
Tutti-deployed,4,0.134,1098,4096,256,140,332.682,928.825,4497408,true,gpu_nvme_kernel,,1,16
Tutti-deployed,4,0.134,1098,4096,256,141,346.253,909.763,4497408,true,gpu_nvme_kernel,,1,16
Tutti-deployed,4,0.134,1098,4096,256,142,326.997,950.629,4497408,true,gpu_nvme_kernel,,1,16
Tutti-deployed,4,0.134,1098,4096,256,143,338.121,879.514,4497408,true,gpu_nvme_kernel,,1,16
Tutti-deployed,4,0.134,1098,4096,256,144,339.727,965.835,4497408,true,gpu_nvme_kernel,,1,16
Tutti-deployed,4,0.134,1098,4096,256,145,340.228,971.119,4497408,true,gpu_nvme_kernel,,1,16
Tutti-deployed,4,0.134,1098,4096,256,146,343.626,914.396,4497408,true,gpu_nvme_kernel,,1,16
Tutti-deployed,4,0.134,1098,4096,256,147,330.791,889.449,4497408,true,gpu_nvme_kernel,,1,16
Tutti-deployed,4,0.134,1098,4096,256,148,327.152,989.13,4497408,true,gpu_nvme_kernel,,1,16
Tutti-deployed,4,0.134,1098,4096,256,149,338.798,915.039,4497408,true,gpu_nvme_kernel,,1,16
Tutti-deployed,4,0.134,1098,4096,256,150,345.947,893.868,4497408,true,gpu_nvme_kernel,,1,16
Tutti-deployed,4,0.134,1098,4096,256,151,339.74,942.801,4497408,true,gpu_nvme_kernel,,1,16
Tutti-deployed,4,0.134,1098,4096,256,152,328.601,997.772,4497408,true,gpu_nvme_kernel,,1,16
Tutti-deployed,4,0.134,1098,4096,256,153,331.778,958.664,4497408,true,gpu_nvme_kernel,,1,16
Tutti-deployed,4,0.134,1098,4096,256,154,331.782,986.137,4497408,true,gpu_nvme_kernel,,1,16
Tutti-deployed,4,0.134,1098,4096,256,155,337.568,923.063,4497408,true,gpu_nvme_kernel,,1,16
Tutti-deployed,4,0.134,1098,4096,256,156,332.493,931.703,4497408,true,gpu_nvme_kernel,,1,16
Tutti-deployed,4,0.134,1098,4096,256,157,330.407,952.672,4497408,true,gpu_nvme_kernel,,1,16
Tutti-deployed,4,0.134,1098,4096,256,158,332.852,966.714,4497408,true,gpu_nvme_kernel,,1,16
Tutti-deployed,4,0.134,1098,4096,256,159,332.506,934.75,4497408,true,gpu_nvme_kernel,,1,16
Tutti-deployed,4,0.134,1098,4096,256,160,327.999,903.945,4497408,true,gpu_nvme_kernel,,1,16
Tutti-deployed,4,0.134,1098,4096,256,161,332.318,905.444,4497408,true,gpu_nvme_kernel,,1,16
Tutti-deployed,4,0.134,1098,4096,256,162,336.766,926.643,4497408,true,gpu_nvme_kernel,,1,16
Tutti-deployed,4,0.134,1098,4096,256,163,326.399,904.832,4497408,true,gpu_nvme_kernel,,1,16
Tutti-deployed,4,0.134,1098,4096,256,164,324.995,925.919,4497408,true,gpu_nvme_kernel,,1,16
Tutti-deployed,4,0.134,1098,4096,256,165,341.559,936.736,4497408,true,gpu_nvme_kernel,,1,16
Tutti-deployed,4,0.134,1098,4096,256,166,328.632,945.34,4497408,true,gpu_nvme_kernel,,1,16
Tutti-deployed,4,0.134,1098,4096,256,167,332.992,939.764,4497408,true,gpu_nvme_kernel,,1,16
Tutti-deployed,4,0.134,1098,4096,256,168,333.372,906.141,4497408,true,gpu_nvme_kernel,,1,16
Tutti-deployed,4,0.134,1098,4096,256,169,326.815,927.406,4497408,true,gpu_nvme_kernel,,1,16
Tutti-deployed,4,0.134,1098,4096,256,170,325.567,945.014,4497408,true,gpu_nvme_kernel,,1,16
Tutti-deployed,4,0.134,1098,4096,256,171,326.987,893.015,4497408,true,gpu_nvme_kernel,,1,16
Tutti-deployed,4,0.134,1098,4096,256,172,341.738,953.372,4497408,true,gpu_nvme_kernel,,1,16
Tutti-deployed,4,0.134,1098,4096,256,173,331.078,923.513,4497408,true,gpu_nvme_kernel,,1,16
Tutti-deployed,4,0.134,1098,4096,256,174,327.089,915.151,4497408,true,gpu_nvme_kernel,,1,16
Tutti-deployed,4,0.134,1098,4096,256,175,326.702,928.074,4497408,true,gpu_nvme_kernel,,1,16
Tutti-deployed,4,0.134,1098,4096,256,176,332.842,1032.997,4497408,true,gpu_nvme_kernel,,1,16
Tutti-deployed,4,0.134,1098,4096,256,177,329.214,999.815,4497408,true,gpu_nvme_kernel,,1,16
Tutti-deployed,4,0.134,1098,4096,256,178,327.676,893.431,4497408,true,gpu_nvme_kernel,,1,16
Tutti-deployed,4,0.134,1098,4096,256,179,346.198,919.789,4497408,true,gpu_nvme_kernel,,1,16
Tutti-deployed,4,0.134,1098,4096,256,180,334.209,926.962,4497408,true,gpu_nvme_kernel,,1,16
Tutti-deployed,4,0.134,1098,4096,256,181,331.301,935.972,4497408,true,gpu_nvme_kernel,,1,16
Tutti-deployed,4,0.134,1098,4096,256,182,329.001,1008.447,4497408,true,gpu_nvme_kernel,,1,16
Tutti-deployed,4,0.134,1098,4096,256,183,337.185,893.34,4497408,true,gpu_nvme_kernel,,1,16
Tutti-deployed,4,0.134,1098,4096,256,184,338.636,928.043,4497408,true,gpu_nvme_kernel,,1,16
Tutti-deployed,4,0.134,1098,4096,256,185,330.221,939.791,4497408,true,gpu_nvme_kernel,,1,16
Tutti-deployed,4,0.134,1098,4096,256,186,337.217,911.449,4497408,true,gpu_nvme_kernel,,1,16
Tutti-deployed,4,0.134,1098,4096,256,187,333.809,1028.549,4497408,true,gpu_nvme_kernel,,1,16
Tutti-deployed,4,0.134,1098,4096,256,188,329.588,929.288,4497408,true,gpu_nvme_kernel,,1,16
Tutti-deployed,4,0.134,1098,4096,256,189,344.569,897.728,4497408,true,gpu_nvme_kernel,,1,16
Tutti-deployed,4,0.134,1098,4096,256,190,330.236,932.286,4497408,true,gpu_nvme_kernel,,1,16
Tutti-deployed,4,0.134,1098,4096,256,191,330.471,997.71,4497408,true,gpu_nvme_kernel,,1,16
Tutti-deployed,4,0.134,1098,4096,256,192,332.482,983.196,4497408,true,gpu_nvme_kernel,,1,16
Tutti-deployed,4,0.134,1098,4096,256,193,340.511,914.973,4497408,true,gpu_nvme_kernel,,1,16
Tutti-deployed,4,0.134,1098,4096,256,194,344.579,982.444,4497408,true,gpu_nvme_kernel,,1,16
Tutti-deployed,4,0.134,1098,4096,256,195,335.008,908.218,4497408,true,gpu_nvme_kernel,,1,16
Tutti-deployed,4,0.134,1098,4096,256,196,328.116,931.128,4497408,true,gpu_nvme_kernel,,1,16
Tutti-deployed,4,0.134,1098,4096,256,197,333.215,904.583,4497408,true,gpu_nvme_kernel,,1,16
Tutti-deployed,4,0.134,1098,4096,256,198,327.946,1022.085,4497408,true,gpu_nvme_kernel,,1,16
Tutti-deployed,4,0.134,1098,4096,256,199,326.706,1008.421,4497408,true,gpu_nvme_kernel,,1,16
Tutti-deployed,4,0.134,1098,4096,256,0,349.45,960.333,4497408,true,gpu_nvme_kernel,,3,16
Tutti-deployed,4,0.3,2458,4096,256,0,738.911,1958.384,10067968,true,gpu_nvme_kernel,,2,16
Tutti-deployed,4,0.3,2458,4096,256,0,738.926,2007.837,10067968,true,gpu_nvme_kernel,,0,16
Tutti-deployed,4,0.3,2458,4096,256,1,736.671,1945.085,10067968,true,gpu_nvme_kernel,,0,16
Tutti-deployed,4,0.3,2458,4096,256,2,742.216,1931.452,10067968,true,gpu_nvme_kernel,,0,16
Tutti-deployed,4,0.3,2458,4096,256,3,747.821,1937.692,10067968,true,gpu_nvme_kernel,,0,16
Tutti-deployed,4,0.3,2458,4096,256,4,736.605,1922.239,10067968,true,gpu_nvme_kernel,,0,16
Tutti-deployed,4,0.3,2458,4096,256,5,741.139,1986.244,10067968,true,gpu_nvme_kernel,,0,16
Tutti-deployed,4,0.3,2458,4096,256,6,749.988,1911.86,10067968,true,gpu_nvme_kernel,,0,16
Tutti-deployed,4,0.3,2458,4096,256,7,732.37,1923.218,10067968,true,gpu_nvme_kernel,,0,16
Tutti-deployed,4,0.3,2458,4096,256,8,731.288,1966.148,10067968,true,gpu_nvme_kernel,,0,16
Tutti-deployed,4,0.3,2458,4096,256,9,742.839,1950.89,10067968,true,gpu_nvme_kernel,,0,16
Tutti-deployed,4,0.3,2458,4096,256,0,730.941,1903.396,10067968,true,gpu_nvme_kernel,,1,16
Tutti-deployed,4,0.3,2458,4096,256,1,735.93,1972.249,10067968,true,gpu_nvme_kernel,,1,16
Tutti-deployed,4,0.3,2458,4096,256,2,745.02,2007.847,10067968,true,gpu_nvme_kernel,,1,16
Tutti-deployed,4,0.3,2458,4096,256,3,743.517,1935.512,10067968,true,gpu_nvme_kernel,,1,16
Tutti-deployed,4,0.3,2458,4096,256,4,734.093,1966.926,10067968,true,gpu_nvme_kernel,,1,16
Tutti-deployed,4,0.3,2458,4096,256,5,727.277,2054.573,10067968,true,gpu_nvme_kernel,,1,16
Tutti-deployed,4,0.3,2458,4096,256,6,738.296,2083.322,10067968,true,gpu_nvme_kernel,,1,16
Tutti-deployed,4,0.3,2458,4096,256,7,739.453,1956.17,10067968,true,gpu_nvme_kernel,,1,16
Tutti-deployed,4,0.3,2458,4096,256,8,733.354,1964.421,10067968,true,gpu_nvme_kernel,,1,16
Tutti-deployed,4,0.3,2458,4096,256,9,738.383,1955.533,10067968,true,gpu_nvme_kernel,,1,16
Tutti-deployed,4,0.3,2458,4096,256,10,729.823,1950.199,10067968,true,gpu_nvme_kernel,,1,16
Tutti-deployed,4,0.3,2458,4096,256,11,739.944,1966.515,10067968,true,gpu_nvme_kernel,,1,16
Tutti-deployed,4,0.3,2458,4096,256,12,744.894,1976.279,10067968,true,gpu_nvme_kernel,,1,16
Tutti-deployed,4,0.3,2458,4096,256,13,738.311,1977.139,10067968,true,gpu_nvme_kernel,,1,16
Tutti-deployed,4,0.3,2458,4096,256,14,740.981,2035.284,10067968,true,gpu_nvme_kernel,,1,16
Tutti-deployed,4,0.3,2458,4096,256,15,734.881,2043.557,10067968,true,gpu_nvme_kernel,,1,16
Tutti-deployed,4,0.3,2458,4096,256,16,749.57,1948.121,10067968,true,gpu_nvme_kernel,,1,16
Tutti-deployed,4,0.3,2458,4096,256,17,734.742,2037.64,10067968,true,gpu_nvme_kernel,,1,16
Tutti-deployed,4,0.3,2458,4096,256,18,734.295,1984.92,10067968,true,gpu_nvme_kernel,,1,16
Tutti-deployed,4,0.3,2458,4096,256,19,732.925,2059.996,10067968,true,gpu_nvme_kernel,,1,16
Tutti-deployed,4,0.3,2458,4096,256,20,749.444,1950.154,10067968,true,gpu_nvme_kernel,,1,16
Tutti-deployed,4,0.3,2458,4096,256,21,723.61,1937.714,10067968,true,gpu_nvme_kernel,,1,16
Tutti-deployed,4,0.3,2458,4096,256,22,730.837,1918.398,10067968,true,gpu_nvme_kernel,,1,16
Tutti-deployed,4,0.3,2458,4096,256,23,731.027,1976.661,10067968,true,gpu_nvme_kernel,,1,16
Tutti-deployed,4,0.3,2458,4096,256,24,734.183,2025.676,10067968,true,gpu_nvme_kernel,,1,16
Tutti-deployed,4,0.3,2458,4096,256,25,736.323,2040.424,10067968,true,gpu_nvme_kernel,,1,16
Tutti-deployed,4,0.3,2458,4096,256,26,727.936,1958.901,10067968,true,gpu_nvme_kernel,,1,16
Tutti-deployed,4,0.3,2458,4096,256,27,737.309,1941.675,10067968,true,gpu_nvme_kernel,,1,16
Tutti-deployed,4,0.3,2458,4096,256,28,738.157,1922.586,10067968,true,gpu_nvme_kernel,,1,16
Tutti-deployed,4,0.3,2458,4096,256,29,734.364,1983.985,10067968,true,gpu_nvme_kernel,,1,16
Tutti-deployed,4,0.3,2458,4096,256,30,746.421,1850.328,10067968,true,gpu_nvme_kernel,,1,16
Tutti-deployed,4,0.3,2458,4096,256,31,749.081,1891.597,10067968,true,gpu_nvme_kernel,,1,16
Tutti-deployed,4,0.3,2458,4096,256,32,732.217,2001.209,10067968,true,gpu_nvme_kernel,,1,16
Tutti-deployed,4,0.3,2458,4096,256,33,743.436,1944.474,10067968,true,gpu_nvme_kernel,,1,16
Tutti-deployed,4,0.3,2458,4096,256,34,743.859,1952.967,10067968,true,gpu_nvme_kernel,,1,16
Tutti-deployed,4,0.3,2458,4096,256,35,728.325,1948.219,10067968,true,gpu_nvme_kernel,,1,16
Tutti-deployed,4,0.3,2458,4096,256,36,727.987,1981.485,10067968,true,gpu_nvme_kernel,,1,16
Tutti-deployed,4,0.3,2458,4096,256,37,733.114,2063.783,10067968,true,gpu_nvme_kernel,,1,16
Tutti-deployed,4,0.3,2458,4096,256,38,731.119,1964.925,10067968,true,gpu_nvme_kernel,,1,16
Tutti-deployed,4,0.3,2458,4096,256,39,752.391,1964.611,10067968,true,gpu_nvme_kernel,,1,16
Tutti-deployed,4,0.3,2458,4096,256,40,747.335,2043.575,10067968,true,gpu_nvme_kernel,,1,16
Tutti-deployed,4,0.3,2458,4096,256,41,738.015,2005.341,10067968,true,gpu_nvme_kernel,,1,16
Tutti-deployed,4,0.3,2458,4096,256,42,743.329,1924.759,10067968,true,gpu_nvme_kernel,,1,16
Tutti-deployed,4,0.3,2458,4096,256,43,749.168,1984.926,10067968,true,gpu_nvme_kernel,,1,16
Tutti-deployed,4,0.3,2458,4096,256,44,741.376,1895.231,10067968,true,gpu_nvme_kernel,,1,16
Tutti-deployed,4,0.3,2458,4096,256,45,729.149,1957.343,10067968,true,gpu_nvme_kernel,,1,16
Tutti-deployed,4,0.3,2458,4096,256,46,737.617,1981.192,10067968,true,gpu_nvme_kernel,,1,16
Tutti-deployed,4,0.3,2458,4096,256,47,737.255,1913.885,10067968,true,gpu_nvme_kernel,,1,16
Tutti-deployed,4,0.3,2458,4096,256,48,737.649,1987.883,10067968,true,gpu_nvme_kernel,,1,16
Tutti-deployed,4,0.3,2458,4096,256,49,733.259,1975.702,10067968,true,gpu_nvme_kernel,,1,16
Tutti-deployed,4,0.3,2458,4096,256,50,740.542,2018.775,10067968,true,gpu_nvme_kernel,,1,16
Tutti-deployed,4,0.3,2458,4096,256,51,730.552,2014.275,10067968,true,gpu_nvme_kernel,,1,16
Tutti-deployed,4,0.3,2458,4096,256,52,727.494,1915.238,10067968,true,gpu_nvme_kernel,,1,16
Tutti-deployed,4,0.3,2458,4096,256,53,729.68,1905.346,10067968,true,gpu_nvme_kernel,,1,16
Tutti-deployed,4,0.3,2458,4096,256,54,725.69,1948.407,10067968,true,gpu_nvme_kernel,,1,16
Tutti-deployed,4,0.3,2458,4096,256,55,737.686,2005.292,10067968,true,gpu_nvme_kernel,,1,16
Tutti-deployed,4,0.3,2458,4096,256,56,741.201,1944.149,10067968,true,gpu_nvme_kernel,,1,16
Tutti-deployed,4,0.3,2458,4096,256,57,730.81,2052.267,10067968,true,gpu_nvme_kernel,,1,16
Tutti-deployed,4,0.3,2458,4096,256,58,739.707,1987.303,10067968,true,gpu_nvme_kernel,,1,16
Tutti-deployed,4,0.3,2458,4096,256,59,735.141,1968.39,10067968,true,gpu_nvme_kernel,,1,16
Tutti-deployed,4,0.3,2458,4096,256,60,734.881,1935.736,10067968,true,gpu_nvme_kernel,,1,16
Tutti-deployed,4,0.3,2458,4096,256,61,739.357,1992.284,10067968,true,gpu_nvme_kernel,,1,16
Tutti-deployed,4,0.3,2458,4096,256,62,730.597,1996.463,10067968,true,gpu_nvme_kernel,,1,16
Tutti-deployed,4,0.3,2458,4096,256,63,727.74,1947.68,10067968,true,gpu_nvme_kernel,,1,16
Tutti-deployed,4,0.3,2458,4096,256,64,734.41,2017.339,10067968,true,gpu_nvme_kernel,,1,16
Tutti-deployed,4,0.3,2458,4096,256,65,731.017,1994.537,10067968,true,gpu_nvme_kernel,,1,16
Tutti-deployed,4,0.3,2458,4096,256,66,727.765,1905.713,10067968,true,gpu_nvme_kernel,,1,16
Tutti-deployed,4,0.3,2458,4096,256,67,740.46,1988.137,10067968,true,gpu_nvme_kernel,,1,16
Tutti-deployed,4,0.3,2458,4096,256,68,733.738,1967.943,10067968,true,gpu_nvme_kernel,,1,16
Tutti-deployed,4,0.3,2458,4096,256,69,732.142,1956.806,10067968,true,gpu_nvme_kernel,,1,16
Tutti-deployed,4,0.3,2458,4096,256,70,740.277,2014.899,10067968,true,gpu_nvme_kernel,,1,16
Tutti-deployed,4,0.3,2458,4096,256,71,743.759,1939.881,10067968,true,gpu_nvme_kernel,,1,16
Tutti-deployed,4,0.3,2458,4096,256,72,738.406,1994.251,10067968,true,gpu_nvme_kernel,,1,16
Tutti-deployed,4,0.3,2458,4096,256,73,733.852,2023.162,10067968,true,gpu_nvme_kernel,,1,16
Tutti-deployed,4,0.3,2458,4096,256,74,732.566,1939.912,10067968,true,gpu_nvme_kernel,,1,16
Tutti-deployed,4,0.3,2458,4096,256,75,742.446,1975.327,10067968,true,gpu_nvme_kernel,,1,16
Tutti-deployed,4,0.3,2458,4096,256,76,736.361,1960.033,10067968,true,gpu_nvme_kernel,,1,16
Tutti-deployed,4,0.3,2458,4096,256,77,734.56,1917.953,10067968,true,gpu_nvme_kernel,,1,16
Tutti-deployed,4,0.3,2458,4096,256,78,728.103,1962.52,10067968,true,gpu_nvme_kernel,,1,16
Tutti-deployed,4,0.3,2458,4096,256,79,732.869,2024.049,10067968,true,gpu_nvme_kernel,,1,16
Tutti-deployed,4,0.3,2458,4096,256,80,728.687,2012.132,10067968,true,gpu_nvme_kernel,,1,16
Tutti-deployed,4,0.3,2458,4096,256,81,736.387,1957.739,10067968,true,gpu_nvme_kernel,,1,16
Tutti-deployed,4,0.3,2458,4096,256,82,730.53,2011.821,10067968,true,gpu_nvme_kernel,,1,16
Tutti-deployed,4,0.3,2458,4096,256,83,742.374,1950.013,10067968,true,gpu_nvme_kernel,,1,16
Tutti-deployed,4,0.3,2458,4096,256,84,739.791,1965.17,10067968,true,gpu_nvme_kernel,,1,16
Tutti-deployed,4,0.3,2458,4096,256,85,728.683,2027.395,10067968,true,gpu_nvme_kernel,,1,16
Tutti-deployed,4,0.3,2458,4096,256,86,734.144,1969.162,10067968,true,gpu_nvme_kernel,,1,16
Tutti-deployed,4,0.3,2458,4096,256,87,742.665,1933.642,10067968,true,gpu_nvme_kernel,,1,16
Tutti-deployed,4,0.3,2458,4096,256,88,736.633,2016.218,10067968,true,gpu_nvme_kernel,,1,16
Tutti-deployed,4,0.3,2458,4096,256,89,742.668,2026.299,10067968,true,gpu_nvme_kernel,,1,16
Tutti-deployed,4,0.3,2458,4096,256,90,737.698,2001.868,10067968,true,gpu_nvme_kernel,,1,16
Tutti-deployed,4,0.3,2458,4096,256,91,731.327,1949.32,10067968,true,gpu_nvme_kernel,,1,16
Tutti-deployed,4,0.3,2458,4096,256,92,739.718,1969.062,10067968,true,gpu_nvme_kernel,,1,16
Tutti-deployed,4,0.3,2458,4096,256,93,738.873,1896.704,10067968,true,gpu_nvme_kernel,,1,16
Tutti-deployed,4,0.3,2458,4096,256,94,745.703,1921.611,10067968,true,gpu_nvme_kernel,,1,16
Tutti-deployed,4,0.3,2458,4096,256,95,754.019,1989.043,10067968,true,gpu_nvme_kernel,,1,16
Tutti-deployed,4,0.3,2458,4096,256,96,738.708,2000.33,10067968,true,gpu_nvme_kernel,,1,16
Tutti-deployed,4,0.3,2458,4096,256,97,731.808,1970.826,10067968,true,gpu_nvme_kernel,,1,16
Tutti-deployed,4,0.3,2458,4096,256,98,755.565,1939.556,10067968,true,gpu_nvme_kernel,,1,16
Tutti-deployed,4,0.3,2458,4096,256,99,734.589,1954.747,10067968,true,gpu_nvme_kernel,,1,16
Tutti-deployed,4,0.3,2458,4096,256,100,733.975,1910.168,10067968,true,gpu_nvme_kernel,,1,16
Tutti-deployed,4,0.3,2458,4096,256,101,742.009,1943.669,10067968,true,gpu_nvme_kernel,,1,16
Tutti-deployed,4,0.3,2458,4096,256,102,732.976,2010.912,10067968,true,gpu_nvme_kernel,,1,16
Tutti-deployed,4,0.3,2458,4096,256,103,730.255,2012.346,10067968,true,gpu_nvme_kernel,,1,16
Tutti-deployed,4,0.3,2458,4096,256,104,729.27,1984.828,10067968,true,gpu_nvme_kernel,,1,16
Tutti-deployed,4,0.3,2458,4096,256,105,742.358,1988.906,10067968,true,gpu_nvme_kernel,,1,16
Tutti-deployed,4,0.3,2458,4096,256,106,753.093,1920.629,10067968,true,gpu_nvme_kernel,,1,16
Tutti-deployed,4,0.3,2458,4096,256,107,737.762,2041.744,10067968,true,gpu_nvme_kernel,,1,16
Tutti-deployed,4,0.3,2458,4096,256,108,733.194,1976.523,10067968,true,gpu_nvme_kernel,,1,16
Tutti-deployed,4,0.3,2458,4096,256,109,741.016,2052.349,10067968,true,gpu_nvme_kernel,,1,16
Tutti-deployed,4,0.3,2458,4096,256,110,746.153,1989.289,10067968,true,gpu_nvme_kernel,,1,16
Tutti-deployed,4,0.3,2458,4096,256,111,740.798,1985.37,10067968,true,gpu_nvme_kernel,,1,16
Tutti-deployed,4,0.3,2458,4096,256,112,736.378,1973.741,10067968,true,gpu_nvme_kernel,,1,16
Tutti-deployed,4,0.3,2458,4096,256,113,741.764,1933.463,10067968,true,gpu_nvme_kernel,,1,16
Tutti-deployed,4,0.3,2458,4096,256,114,737.236,1916.283,10067968,true,gpu_nvme_kernel,,1,16
Tutti-deployed,4,0.3,2458,4096,256,115,734.922,2014.449,10067968,true,gpu_nvme_kernel,,1,16
Tutti-deployed,4,0.3,2458,4096,256,116,741.997,1961.513,10067968,true,gpu_nvme_kernel,,1,16
Tutti-deployed,4,0.3,2458,4096,256,117,736.029,1962.491,10067968,true,gpu_nvme_kernel,,1,16
Tutti-deployed,4,0.3,2458,4096,256,118,738.362,1972.238,10067968,true,gpu_nvme_kernel,,1,16
Tutti-deployed,4,0.3,2458,4096,256,119,741.34,1941.51,10067968,true,gpu_nvme_kernel,,1,16
Tutti-deployed,4,0.3,2458,4096,256,120,752.145,2005.654,10067968,true,gpu_nvme_kernel,,1,16
Tutti-deployed,4,0.3,2458,4096,256,121,748.165,1929.222,10067968,true,gpu_nvme_kernel,,1,16
Tutti-deployed,4,0.3,2458,4096,256,122,749.663,1937.793,10067968,true,gpu_nvme_kernel,,1,16
Tutti-deployed,4,0.3,2458,4096,256,123,733.009,1973.612,10067968,true,gpu_nvme_kernel,,1,16
Tutti-deployed,4,0.3,2458,4096,256,124,741.47,1936.393,10067968,true,gpu_nvme_kernel,,1,16
Tutti-deployed,4,0.3,2458,4096,256,125,733.861,1893.625,10067968,true,gpu_nvme_kernel,,1,16
Tutti-deployed,4,0.3,2458,4096,256,126,747.269,1957.149,10067968,true,gpu_nvme_kernel,,1,16
Tutti-deployed,4,0.3,2458,4096,256,127,733.3,1932.565,10067968,true,gpu_nvme_kernel,,1,16
Tutti-deployed,4,0.3,2458,4096,256,128,738.136,1918.551,10067968,true,gpu_nvme_kernel,,1,16
Tutti-deployed,4,0.3,2458,4096,256,129,742.682,2017.127,10067968,true,gpu_nvme_kernel,,1,16
Tutti-deployed,4,0.3,2458,4096,256,130,745.652,1922.151,10067968,true,gpu_nvme_kernel,,1,16
Tutti-deployed,4,0.3,2458,4096,256,131,746.884,2011.983,10067968,true,gpu_nvme_kernel,,1,16
Tutti-deployed,4,0.3,2458,4096,256,132,738.885,1929.472,10067968,true,gpu_nvme_kernel,,1,16
Tutti-deployed,4,0.3,2458,4096,256,133,730.779,2012.713,10067968,true,gpu_nvme_kernel,,1,16
Tutti-deployed,4,0.3,2458,4096,256,134,737.903,1911.91,10067968,true,gpu_nvme_kernel,,1,16
Tutti-deployed,4,0.3,2458,4096,256,135,729.922,1880.77,10067968,true,gpu_nvme_kernel,,1,16
Tutti-deployed,4,0.3,2458,4096,256,136,735.751,1931.725,10067968,true,gpu_nvme_kernel,,1,16
Tutti-deployed,4,0.3,2458,4096,256,137,738.319,1942.302,10067968,true,gpu_nvme_kernel,,1,16
Tutti-deployed,4,0.3,2458,4096,256,138,733.89,2015.898,10067968,true,gpu_nvme_kernel,,1,16
Tutti-deployed,4,0.3,2458,4096,256,139,736.158,2030.032,10067968,true,gpu_nvme_kernel,,1,16
Tutti-deployed,4,0.3,2458,4096,256,140,750.91,1922.064,10067968,true,gpu_nvme_kernel,,1,16
Tutti-deployed,4,0.3,2458,4096,256,141,739.501,2175.568,10067968,true,gpu_nvme_kernel,,1,16
Tutti-deployed,4,0.3,2458,4096,256,142,725.996,2028.459,10067968,true,gpu_nvme_kernel,,1,16
Tutti-deployed,4,0.3,2458,4096,256,143,741.138,1991.751,10067968,true,gpu_nvme_kernel,,1,16
Tutti-deployed,4,0.3,2458,4096,256,144,738.55,1943.697,10067968,true,gpu_nvme_kernel,,1,16
Tutti-deployed,4,0.3,2458,4096,256,145,738.658,1941.99,10067968,true,gpu_nvme_kernel,,1,16
Tutti-deployed,4,0.3,2458,4096,256,146,732.256,1995.545,10067968,true,gpu_nvme_kernel,,1,16
Tutti-deployed,4,0.3,2458,4096,256,147,730.731,1899.223,10067968,true,gpu_nvme_kernel,,1,16
Tutti-deployed,4,0.3,2458,4096,256,148,741.359,1996.277,10067968,true,gpu_nvme_kernel,,1,16
Tutti-deployed,4,0.3,2458,4096,256,149,738.532,1943.781,10067968,true,gpu_nvme_kernel,,1,16
Tutti-deployed,4,0.3,2458,4096,256,150,733.247,1913.028,10067968,true,gpu_nvme_kernel,,1,16
Tutti-deployed,4,0.3,2458,4096,256,151,736.793,2055.156,10067968,true,gpu_nvme_kernel,,1,16
Tutti-deployed,4,0.3,2458,4096,256,152,736.063,1946.996,10067968,true,gpu_nvme_kernel,,1,16
Tutti-deployed,4,0.3,2458,4096,256,153,729.938,1948.365,10067968,true,gpu_nvme_kernel,,1,16
Tutti-deployed,4,0.3,2458,4096,256,154,737.12,2013.517,10067968,true,gpu_nvme_kernel,,1,16
Tutti-deployed,4,0.3,2458,4096,256,155,732.519,1971.127,10067968,true,gpu_nvme_kernel,,1,16
Tutti-deployed,4,0.3,2458,4096,256,156,740.606,1948.369,10067968,true,gpu_nvme_kernel,,1,16
Tutti-deployed,4,0.3,2458,4096,256,157,751.492,1913.189,10067968,true,gpu_nvme_kernel,,1,16
Tutti-deployed,4,0.3,2458,4096,256,158,744.616,1939.427,10067968,true,gpu_nvme_kernel,,1,16
Tutti-deployed,4,0.3,2458,4096,256,159,737.851,1999.403,10067968,true,gpu_nvme_kernel,,1,16
Tutti-deployed,4,0.3,2458,4096,256,160,738.564,1981.234,10067968,true,gpu_nvme_kernel,,1,16
Tutti-deployed,4,0.3,2458,4096,256,161,727.157,2042.355,10067968,true,gpu_nvme_kernel,,1,16
Tutti-deployed,4,0.3,2458,4096,256,162,732.262,2011.322,10067968,true,gpu_nvme_kernel,,1,16
Tutti-deployed,4,0.3,2458,4096,256,163,730.768,2019.933,10067968,true,gpu_nvme_kernel,,1,16
Tutti-deployed,4,0.3,2458,4096,256,164,730.452,1904.24,10067968,true,gpu_nvme_kernel,,1,16
Tutti-deployed,4,0.3,2458,4096,256,165,734.931,1959.153,10067968,true,gpu_nvme_kernel,,1,16
Tutti-deployed,4,0.3,2458,4096,256,166,743.206,1927.702,10067968,true,gpu_nvme_kernel,,1,16
Tutti-deployed,4,0.3,2458,4096,256,167,733.816,2094.439,10067968,true,gpu_nvme_kernel,,1,16
Tutti-deployed,4,0.3,2458,4096,256,168,736.985,1911.721,10067968,true,gpu_nvme_kernel,,1,16
Tutti-deployed,4,0.3,2458,4096,256,169,729.159,1912.22,10067968,true,gpu_nvme_kernel,,1,16
Tutti-deployed,4,0.3,2458,4096,256,170,731.387,2064.7,10067968,true,gpu_nvme_kernel,,1,16
Tutti-deployed,4,0.3,2458,4096,256,171,744.768,1893.761,10067968,true,gpu_nvme_kernel,,1,16
Tutti-deployed,4,0.3,2458,4096,256,172,732.313,1987.942,10067968,true,gpu_nvme_kernel,,1,16
Tutti-deployed,4,0.3,2458,4096,256,173,754.789,1921.861,10067968,true,gpu_nvme_kernel,,1,16
Tutti-deployed,4,0.3,2458,4096,256,174,736.92,1946.657,10067968,true,gpu_nvme_kernel,,1,16
Tutti-deployed,4,0.3,2458,4096,256,175,731.447,1954.834,10067968,true,gpu_nvme_kernel,,1,16
Tutti-deployed,4,0.3,2458,4096,256,176,735.86,1971.679,10067968,true,gpu_nvme_kernel,,1,16
Tutti-deployed,4,0.3,2458,4096,256,177,726.41,2013.586,10067968,true,gpu_nvme_kernel,,1,16
Tutti-deployed,4,0.3,2458,4096,256,178,739.549,1936.265,10067968,true,gpu_nvme_kernel,,1,16
Tutti-deployed,4,0.3,2458,4096,256,179,731.347,1900.305,10067968,true,gpu_nvme_kernel,,1,16
Tutti-deployed,4,0.3,2458,4096,256,180,741.693,1998.933,10067968,true,gpu_nvme_kernel,,1,16
Tutti-deployed,4,0.3,2458,4096,256,181,877.571,1958.962,10067968,true,gpu_nvme_kernel,,1,16
Tutti-deployed,4,0.3,2458,4096,256,182,853.741,2008.457,10067968,true,gpu_nvme_kernel,,1,16
Tutti-deployed,4,0.3,2458,4096,256,183,853.305,1939.122,10067968,true,gpu_nvme_kernel,,1,16
Tutti-deployed,4,0.3,2458,4096,256,184,852.993,2010.428,10067968,true,gpu_nvme_kernel,,1,16
Tutti-deployed,4,0.3,2458,4096,256,185,851.562,2011.411,10067968,true,gpu_nvme_kernel,,1,16
Tutti-deployed,4,0.3,2458,4096,256,186,851.222,1937.997,10067968,true,gpu_nvme_kernel,,1,16
Tutti-deployed,4,0.3,2458,4096,256,187,875.042,1939.578,10067968,true,gpu_nvme_kernel,,1,16
Tutti-deployed,4,0.3,2458,4096,256,188,854.603,1982.537,10067968,true,gpu_nvme_kernel,,1,16
Tutti-deployed,4,0.3,2458,4096,256,189,841.959,1985.256,10067968,true,gpu_nvme_kernel,,1,16
Tutti-deployed,4,0.3,2458,4096,256,190,848.098,1958.399,10067968,true,gpu_nvme_kernel,,1,16
Tutti-deployed,4,0.3,2458,4096,256,191,856.436,1925.334,10067968,true,gpu_nvme_kernel,,1,16
Tutti-deployed,4,0.3,2458,4096,256,192,845.326,1993.651,10067968,true,gpu_nvme_kernel,,1,16
Tutti-deployed,4,0.3,2458,4096,256,193,847.711,1963.072,10067968,true,gpu_nvme_kernel,,1,16
Tutti-deployed,4,0.3,2458,4096,256,194,852.21,2015.89,10067968,true,gpu_nvme_kernel,,1,16
Tutti-deployed,4,0.3,2458,4096,256,195,848.77,1935.653,10067968,true,gpu_nvme_kernel,,1,16
Tutti-deployed,4,0.3,2458,4096,256,196,844.487,2054.532,10067968,true,gpu_nvme_kernel,,1,16
Tutti-deployed,4,0.3,2458,4096,256,197,846.159,1999.686,10067968,true,gpu_nvme_kernel,,1,16
Tutti-deployed,4,0.3,2458,4096,256,198,852.921,1897.238,10067968,true,gpu_nvme_kernel,,1,16
Tutti-deployed,4,0.3,2458,4096,256,199,864.544,2015.341,10067968,true,gpu_nvme_kernel,,1,16
Tutti-deployed,4,0.3,2458,4096,256,0,861.669,1876.863,10067968,true,gpu_nvme_kernel,,3,16
Tutti-deployed,16,0.067,2195,4096,256,0,771.736,1786.523,8990720,true,gpu_nvme_kernel,,2,16
Tutti-deployed,16,0.067,2195,4096,256,0,769.527,1854.401,8990720,true,gpu_nvme_kernel,,0,16
Tutti-deployed,16,0.067,2195,4096,256,1,757.203,1761.385,8990720,true,gpu_nvme_kernel,,0,16
Tutti-deployed,16,0.067,2195,4096,256,2,761.196,1750.766,8990720,true,gpu_nvme_kernel,,0,16
Tutti-deployed,16,0.067,2195,4096,256,3,761.036,1773.147,8990720,true,gpu_nvme_kernel,,0,16
Tutti-deployed,16,0.067,2195,4096,256,4,764.949,1781.193,8990720,true,gpu_nvme_kernel,,0,16
Tutti-deployed,16,0.067,2195,4096,256,5,767.831,1820.496,8990720,true,gpu_nvme_kernel,,0,16
Tutti-deployed,16,0.067,2195,4096,256,6,755.532,1949.605,8990720,true,gpu_nvme_kernel,,0,16
Tutti-deployed,16,0.067,2195,4096,256,7,758.804,1755.841,8990720,true,gpu_nvme_kernel,,0,16
Tutti-deployed,16,0.067,2195,4096,256,8,755.338,1786.968,8990720,true,gpu_nvme_kernel,,0,16
Tutti-deployed,16,0.067,2195,4096,256,9,760.306,1733.156,8990720,true,gpu_nvme_kernel,,0,16
Tutti-deployed,16,0.067,2195,4096,256,0,763.708,1776.862,8990720,true,gpu_nvme_kernel,,1,16
Tutti-deployed,16,0.067,2195,4096,256,1,762.069,1774.061,8990720,true,gpu_nvme_kernel,,1,16
Tutti-deployed,16,0.067,2195,4096,256,2,758.484,1940.971,8990720,true,gpu_nvme_kernel,,1,16
Tutti-deployed,16,0.067,2195,4096,256,3,764.549,1736.285,8990720,true,gpu_nvme_kernel,,1,16
Tutti-deployed,16,0.067,2195,4096,256,4,771.454,1887.323,8990720,true,gpu_nvme_kernel,,1,16
Tutti-deployed,16,0.067,2195,4096,256,5,764.91,1744.498,8990720,true,gpu_nvme_kernel,,1,16
Tutti-deployed,16,0.067,2195,4096,256,6,769.345,1844.425,8990720,true,gpu_nvme_kernel,,1,16
Tutti-deployed,16,0.067,2195,4096,256,7,769.652,1760.919,8990720,true,gpu_nvme_kernel,,1,16
Tutti-deployed,16,0.067,2195,4096,256,8,768.709,1745.763,8990720,true,gpu_nvme_kernel,,1,16
Tutti-deployed,16,0.067,2195,4096,256,9,771.743,1837.658,8990720,true,gpu_nvme_kernel,,1,16
Tutti-deployed,16,0.067,2195,4096,256,10,770.1,1668.277,8990720,true,gpu_nvme_kernel,,1,16
Tutti-deployed,16,0.067,2195,4096,256,11,1392.392,2085.494,8990720,true,gpu_nvme_kernel,,1,16
Tutti-deployed,16,0.067,2195,4096,256,12,776.437,1815.973,8990720,true,gpu_nvme_kernel,,1,16
Tutti-deployed,16,0.067,2195,4096,256,13,756.955,1769.441,8990720,true,gpu_nvme_kernel,,1,16
Tutti-deployed,16,0.067,2195,4096,256,14,759.104,1732.855,8990720,true,gpu_nvme_kernel,,1,16
Tutti-deployed,16,0.067,2195,4096,256,15,777.172,1730.595,8990720,true,gpu_nvme_kernel,,1,16
Tutti-deployed,16,0.067,2195,4096,256,16,857.952,1915.73,8990720,true,gpu_nvme_kernel,,1,16
Tutti-deployed,16,0.067,2195,4096,256,17,777.811,1702.805,8990720,true,gpu_nvme_kernel,,1,16
Tutti-deployed,16,0.067,2195,4096,256,18,782.894,1714.948,8990720,true,gpu_nvme_kernel,,1,16
Tutti-deployed,16,0.067,2195,4096,256,19,795.374,1821.05,8990720,true,gpu_nvme_kernel,,1,16
Tutti-deployed,16,0.067,2195,4096,256,20,765.555,1727.56,8990720,true,gpu_nvme_kernel,,1,16
Tutti-deployed,16,0.067,2195,4096,256,21,764.88,1790.449,8990720,true,gpu_nvme_kernel,,1,16
Tutti-deployed,16,0.067,2195,4096,256,22,769.038,1743.586,8990720,true,gpu_nvme_kernel,,1,16
Tutti-deployed,16,0.067,2195,4096,256,23,768.869,1742.756,8990720,true,gpu_nvme_kernel,,1,16
Tutti-deployed,16,0.067,2195,4096,256,24,760.331,1773.955,8990720,true,gpu_nvme_kernel,,1,16
Tutti-deployed,16,0.067,2195,4096,256,25,766.934,1738.39,8990720,true,gpu_nvme_kernel,,1,16
Tutti-deployed,16,0.067,2195,4096,256,26,759.76,1806.677,8990720,true,gpu_nvme_kernel,,1,16
Tutti-deployed,16,0.067,2195,4096,256,27,757.189,1825.176,8990720,true,gpu_nvme_kernel,,1,16
Tutti-deployed,16,0.067,2195,4096,256,28,765.031,1770.876,8990720,true,gpu_nvme_kernel,,1,16
Tutti-deployed,16,0.067,2195,4096,256,29,767.443,1785.186,8990720,true,gpu_nvme_kernel,,1,16
Tutti-deployed,16,0.067,2195,4096,256,30,761.164,1715.344,8990720,true,gpu_nvme_kernel,,1,16
Tutti-deployed,16,0.067,2195,4096,256,31,757.639,1877.785,8990720,true,gpu_nvme_kernel,,1,16
Tutti-deployed,16,0.067,2195,4096,256,32,900.466,1901.677,8990720,true,gpu_nvme_kernel,,1,16
Tutti-deployed,16,0.067,2195,4096,256,33,775.722,1789.435,8990720,true,gpu_nvme_kernel,,1,16
Tutti-deployed,16,0.067,2195,4096,256,34,770.226,1864.295,8990720,true,gpu_nvme_kernel,,1,16
Tutti-deployed,16,0.067,2195,4096,256,35,770.26,1749.796,8990720,true,gpu_nvme_kernel,,1,16
Tutti-deployed,16,0.067,2195,4096,256,36,759.02,1715.792,8990720,true,gpu_nvme_kernel,,1,16
Tutti-deployed,16,0.067,2195,4096,256,37,768.551,1687.451,8990720,true,gpu_nvme_kernel,,1,16
Tutti-deployed,16,0.067,2195,4096,256,38,765.525,1860.041,8990720,true,gpu_nvme_kernel,,1,16
Tutti-deployed,16,0.067,2195,4096,256,39,788.232,1782.757,8990720,true,gpu_nvme_kernel,,1,16
Tutti-deployed,16,0.067,2195,4096,256,40,752.814,1783.896,8990720,true,gpu_nvme_kernel,,1,16
Tutti-deployed,16,0.067,2195,4096,256,41,761.961,1777.613,8990720,true,gpu_nvme_kernel,,1,16
Tutti-deployed,16,0.067,2195,4096,256,42,766.469,1742.286,8990720,true,gpu_nvme_kernel,,1,16
Tutti-deployed,16,0.067,2195,4096,256,43,774.314,1817.834,8990720,true,gpu_nvme_kernel,,1,16
Tutti-deployed,16,0.067,2195,4096,256,44,760.429,1777.345,8990720,true,gpu_nvme_kernel,,1,16
Tutti-deployed,16,0.067,2195,4096,256,45,753.039,1757.518,8990720,true,gpu_nvme_kernel,,1,16
Tutti-deployed,16,0.067,2195,4096,256,46,769.826,1721.909,8990720,true,gpu_nvme_kernel,,1,16
Tutti-deployed,16,0.067,2195,4096,256,47,767.273,1770.589,8990720,true,gpu_nvme_kernel,,1,16
Tutti-deployed,16,0.067,2195,4096,256,48,764.12,1792.242,8990720,true,gpu_nvme_kernel,,1,16
Tutti-deployed,16,0.067,2195,4096,256,49,777.014,1743.139,8990720,true,gpu_nvme_kernel,,1,16
Tutti-deployed,16,0.067,2195,4096,256,50,755.832,1778.19,8990720,true,gpu_nvme_kernel,,1,16
Tutti-deployed,16,0.067,2195,4096,256,51,763.492,1781.182,8990720,true,gpu_nvme_kernel,,1,16
Tutti-deployed,16,0.067,2195,4096,256,52,776.04,1866.443,8990720,true,gpu_nvme_kernel,,1,16
Tutti-deployed,16,0.067,2195,4096,256,53,763.05,1757.997,8990720,true,gpu_nvme_kernel,,1,16
Tutti-deployed,16,0.067,2195,4096,256,54,764.059,1789.706,8990720,true,gpu_nvme_kernel,,1,16
Tutti-deployed,16,0.067,2195,4096,256,55,751.212,1776.612,8990720,true,gpu_nvme_kernel,,1,16
Tutti-deployed,16,0.067,2195,4096,256,56,759.03,1770.701,8990720,true,gpu_nvme_kernel,,1,16
Tutti-deployed,16,0.067,2195,4096,256,57,757.612,1762.419,8990720,true,gpu_nvme_kernel,,1,16
Tutti-deployed,16,0.067,2195,4096,256,58,777.025,1812.736,8990720,true,gpu_nvme_kernel,,1,16
Tutti-deployed,16,0.067,2195,4096,256,59,751.591,1879.535,8990720,true,gpu_nvme_kernel,,1,16
Tutti-deployed,16,0.067,2195,4096,256,60,759.12,1805.569,8990720,true,gpu_nvme_kernel,,1,16
Tutti-deployed,16,0.067,2195,4096,256,61,764.575,1783.366,8990720,true,gpu_nvme_kernel,,1,16
Tutti-deployed,16,0.067,2195,4096,256,62,769.135,1800.066,8990720,true,gpu_nvme_kernel,,1,16
Tutti-deployed,16,0.067,2195,4096,256,63,751.691,1700.587,8990720,true,gpu_nvme_kernel,,1,16
Tutti-deployed,16,0.067,2195,4096,256,64,762.752,1726.179,8990720,true,gpu_nvme_kernel,,1,16
Tutti-deployed,16,0.067,2195,4096,256,65,760.35,1761.793,8990720,true,gpu_nvme_kernel,,1,16
Tutti-deployed,16,0.067,2195,4096,256,66,762.275,1725.557,8990720,true,gpu_nvme_kernel,,1,16
Tutti-deployed,16,0.067,2195,4096,256,67,757.26,1777.454,8990720,true,gpu_nvme_kernel,,1,16
Tutti-deployed,16,0.067,2195,4096,256,68,748.25,1915.237,8990720,true,gpu_nvme_kernel,,1,16
Tutti-deployed,16,0.067,2195,4096,256,69,757.663,1769.325,8990720,true,gpu_nvme_kernel,,1,16
Tutti-deployed,16,0.067,2195,4096,256,70,751.91,1761.892,8990720,true,gpu_nvme_kernel,,1,16
Tutti-deployed,16,0.067,2195,4096,256,71,772.805,1727.616,8990720,true,gpu_nvme_kernel,,1,16
Tutti-deployed,16,0.067,2195,4096,256,72,767.016,1723.248,8990720,true,gpu_nvme_kernel,,1,16
Tutti-deployed,16,0.067,2195,4096,256,73,749.766,1806.994,8990720,true,gpu_nvme_kernel,,1,16
Tutti-deployed,16,0.067,2195,4096,256,74,764.697,1788.909,8990720,true,gpu_nvme_kernel,,1,16
Tutti-deployed,16,0.067,2195,4096,256,75,778.934,1716.811,8990720,true,gpu_nvme_kernel,,1,16
Tutti-deployed,16,0.067,2195,4096,256,76,788.858,1780.933,8990720,true,gpu_nvme_kernel,,1,16
Tutti-deployed,16,0.067,2195,4096,256,77,766.756,1805.643,8990720,true,gpu_nvme_kernel,,1,16
Tutti-deployed,16,0.067,2195,4096,256,78,764.723,1778.036,8990720,true,gpu_nvme_kernel,,1,16
Tutti-deployed,16,0.067,2195,4096,256,79,769.038,1773.671,8990720,true,gpu_nvme_kernel,,1,16
Tutti-deployed,16,0.067,2195,4096,256,80,764.701,1737.672,8990720,true,gpu_nvme_kernel,,1,16
Tutti-deployed,16,0.067,2195,4096,256,81,751.586,1739.267,8990720,true,gpu_nvme_kernel,,1,16
Tutti-deployed,16,0.067,2195,4096,256,82,759.479,1744.075,8990720,true,gpu_nvme_kernel,,1,16
Tutti-deployed,16,0.067,2195,4096,256,83,768.207,1713.827,8990720,true,gpu_nvme_kernel,,1,16
Tutti-deployed,16,0.067,2195,4096,256,84,761.622,1759.286,8990720,true,gpu_nvme_kernel,,1,16
Tutti-deployed,16,0.067,2195,4096,256,85,763.78,1887.954,8990720,true,gpu_nvme_kernel,,1,16
Tutti-deployed,16,0.067,2195,4096,256,86,764.847,1746.237,8990720,true,gpu_nvme_kernel,,1,16
Tutti-deployed,16,0.067,2195,4096,256,87,756.162,1815.876,8990720,true,gpu_nvme_kernel,,1,16
Tutti-deployed,16,0.067,2195,4096,256,88,763.002,1772.712,8990720,true,gpu_nvme_kernel,,1,16
Tutti-deployed,16,0.067,2195,4096,256,89,753.331,1890.013,8990720,true,gpu_nvme_kernel,,1,16
Tutti-deployed,16,0.067,2195,4096,256,90,750.575,1738.3,8990720,true,gpu_nvme_kernel,,1,16
Tutti-deployed,16,0.067,2195,4096,256,91,751.394,1737.56,8990720,true,gpu_nvme_kernel,,1,16
Tutti-deployed,16,0.067,2195,4096,256,92,758.036,1769.141,8990720,true,gpu_nvme_kernel,,1,16
Tutti-deployed,16,0.067,2195,4096,256,93,775.621,1777.214,8990720,true,gpu_nvme_kernel,,1,16
Tutti-deployed,16,0.067,2195,4096,256,94,750.455,1874.736,8990720,true,gpu_nvme_kernel,,1,16
Tutti-deployed,16,0.067,2195,4096,256,95,760.226,1814.141,8990720,true,gpu_nvme_kernel,,1,16
Tutti-deployed,16,0.067,2195,4096,256,96,762.98,1774.544,8990720,true,gpu_nvme_kernel,,1,16
Tutti-deployed,16,0.067,2195,4096,256,97,766.407,1780.116,8990720,true,gpu_nvme_kernel,,1,16
Tutti-deployed,16,0.067,2195,4096,256,98,764.261,1786.13,8990720,true,gpu_nvme_kernel,,1,16
Tutti-deployed,16,0.067,2195,4096,256,99,761.916,1752.067,8990720,true,gpu_nvme_kernel,,1,16
Tutti-deployed,16,0.067,2195,4096,256,100,763.385,1764.025,8990720,true,gpu_nvme_kernel,,1,16
Tutti-deployed,16,0.067,2195,4096,256,101,755.657,1798.405,8990720,true,gpu_nvme_kernel,,1,16
Tutti-deployed,16,0.067,2195,4096,256,102,755.711,1773.456,8990720,true,gpu_nvme_kernel,,1,16
Tutti-deployed,16,0.067,2195,4096,256,103,766.706,1754.3,8990720,true,gpu_nvme_kernel,,1,16
Tutti-deployed,16,0.067,2195,4096,256,104,750.64,1781.281,8990720,true,gpu_nvme_kernel,,1,16
Tutti-deployed,16,0.067,2195,4096,256,105,763.076,1804.968,8990720,true,gpu_nvme_kernel,,1,16
Tutti-deployed,16,0.067,2195,4096,256,106,758.3,1761.885,8990720,true,gpu_nvme_kernel,,1,16
Tutti-deployed,16,0.067,2195,4096,256,107,764.836,1791.93,8990720,true,gpu_nvme_kernel,,1,16
Tutti-deployed,16,0.067,2195,4096,256,108,775.124,1733.62,8990720,true,gpu_nvme_kernel,,1,16
Tutti-deployed,16,0.067,2195,4096,256,109,763.07,1833.189,8990720,true,gpu_nvme_kernel,,1,16
Tutti-deployed,16,0.067,2195,4096,256,110,753.321,1840.665,8990720,true,gpu_nvme_kernel,,1,16
Tutti-deployed,16,0.067,2195,4096,256,111,772.801,1883.027,8990720,true,gpu_nvme_kernel,,1,16
Tutti-deployed,16,0.067,2195,4096,256,112,755.759,1755.965,8990720,true,gpu_nvme_kernel,,1,16
Tutti-deployed,16,0.067,2195,4096,256,113,761.58,1715.677,8990720,true,gpu_nvme_kernel,,1,16
Tutti-deployed,16,0.067,2195,4096,256,114,752.085,1732.978,8990720,true,gpu_nvme_kernel,,1,16
Tutti-deployed,16,0.067,2195,4096,256,115,762.157,1747.781,8990720,true,gpu_nvme_kernel,,1,16
Tutti-deployed,16,0.067,2195,4096,256,116,756.381,1771.809,8990720,true,gpu_nvme_kernel,,1,16
Tutti-deployed,16,0.067,2195,4096,256,117,764.937,1801.906,8990720,true,gpu_nvme_kernel,,1,16
Tutti-deployed,16,0.067,2195,4096,256,118,751.721,1810.344,8990720,true,gpu_nvme_kernel,,1,16
Tutti-deployed,16,0.067,2195,4096,256,119,758.619,1770.886,8990720,true,gpu_nvme_kernel,,1,16
Tutti-deployed,16,0.067,2195,4096,256,120,760.754,1766.994,8990720,true,gpu_nvme_kernel,,1,16
Tutti-deployed,16,0.067,2195,4096,256,121,756.246,1749.933,8990720,true,gpu_nvme_kernel,,1,16
Tutti-deployed,16,0.067,2195,4096,256,122,761.015,1778.114,8990720,true,gpu_nvme_kernel,,1,16
Tutti-deployed,16,0.067,2195,4096,256,123,763.279,1835.95,8990720,true,gpu_nvme_kernel,,1,16
Tutti-deployed,16,0.067,2195,4096,256,124,771.071,1758.67,8990720,true,gpu_nvme_kernel,,1,16
Tutti-deployed,16,0.067,2195,4096,256,125,758.076,1792.83,8990720,true,gpu_nvme_kernel,,1,16
Tutti-deployed,16,0.067,2195,4096,256,126,767.904,1722.592,8990720,true,gpu_nvme_kernel,,1,16
Tutti-deployed,16,0.067,2195,4096,256,127,759.676,1737.118,8990720,true,gpu_nvme_kernel,,1,16
Tutti-deployed,16,0.067,2195,4096,256,128,753.784,1740.666,8990720,true,gpu_nvme_kernel,,1,16
Tutti-deployed,16,0.067,2195,4096,256,129,752.573,1776.443,8990720,true,gpu_nvme_kernel,,1,16
Tutti-deployed,16,0.067,2195,4096,256,130,754.483,1796.939,8990720,true,gpu_nvme_kernel,,1,16
Tutti-deployed,16,0.067,2195,4096,256,131,756.647,1822.813,8990720,true,gpu_nvme_kernel,,1,16
Tutti-deployed,16,0.067,2195,4096,256,132,755.612,1772.209,8990720,true,gpu_nvme_kernel,,1,16
Tutti-deployed,16,0.067,2195,4096,256,133,772.641,1760.248,8990720,true,gpu_nvme_kernel,,1,16
Tutti-deployed,16,0.067,2195,4096,256,134,751.3,1772.081,8990720,true,gpu_nvme_kernel,,1,16
Tutti-deployed,16,0.067,2195,4096,256,135,754.049,1872.578,8990720,true,gpu_nvme_kernel,,1,16
Tutti-deployed,16,0.067,2195,4096,256,136,792.218,1765.631,8990720,true,gpu_nvme_kernel,,1,16
Tutti-deployed,16,0.067,2195,4096,256,137,758.699,1872.943,8990720,true,gpu_nvme_kernel,,1,16
Tutti-deployed,16,0.067,2195,4096,256,138,764.759,1841.673,8990720,true,gpu_nvme_kernel,,1,16
Tutti-deployed,16,0.067,2195,4096,256,139,764.409,1710.714,8990720,true,gpu_nvme_kernel,,1,16
Tutti-deployed,16,0.067,2195,4096,256,140,772.605,1737.752,8990720,true,gpu_nvme_kernel,,1,16
Tutti-deployed,16,0.067,2195,4096,256,141,768.55,1797.624,8990720,true,gpu_nvme_kernel,,1,16
Tutti-deployed,16,0.067,2195,4096,256,142,756.572,1777.294,8990720,true,gpu_nvme_kernel,,1,16
Tutti-deployed,16,0.067,2195,4096,256,143,760.877,1739.562,8990720,true,gpu_nvme_kernel,,1,16
Tutti-deployed,16,0.067,2195,4096,256,144,771.131,1795.712,8990720,true,gpu_nvme_kernel,,1,16
Tutti-deployed,16,0.067,2195,4096,256,145,773.732,1806.456,8990720,true,gpu_nvme_kernel,,1,16
Tutti-deployed,16,0.067,2195,4096,256,146,754.361,1846.672,8990720,true,gpu_nvme_kernel,,1,16
Tutti-deployed,16,0.067,2195,4096,256,147,751.672,1841.787,8990720,true,gpu_nvme_kernel,,1,16
Tutti-deployed,16,0.067,2195,4096,256,148,771.769,1762.043,8990720,true,gpu_nvme_kernel,,1,16
Tutti-deployed,16,0.067,2195,4096,256,149,757.551,1737.767,8990720,true,gpu_nvme_kernel,,1,16
Tutti-deployed,16,0.067,2195,4096,256,150,765.105,1807.515,8990720,true,gpu_nvme_kernel,,1,16
Tutti-deployed,16,0.067,2195,4096,256,151,753.372,1768.667,8990720,true,gpu_nvme_kernel,,1,16
Tutti-deployed,16,0.067,2195,4096,256,152,760.148,1817.205,8990720,true,gpu_nvme_kernel,,1,16
Tutti-deployed,16,0.067,2195,4096,256,153,757.945,1710.582,8990720,true,gpu_nvme_kernel,,1,16
Tutti-deployed,16,0.067,2195,4096,256,154,761.101,1752.324,8990720,true,gpu_nvme_kernel,,1,16
Tutti-deployed,16,0.067,2195,4096,256,155,770.577,1743.629,8990720,true,gpu_nvme_kernel,,1,16
Tutti-deployed,16,0.067,2195,4096,256,156,755.378,1852.076,8990720,true,gpu_nvme_kernel,,1,16
Tutti-deployed,16,0.067,2195,4096,256,157,760.909,1799.325,8990720,true,gpu_nvme_kernel,,1,16
Tutti-deployed,16,0.067,2195,4096,256,158,749.041,1801.08,8990720,true,gpu_nvme_kernel,,1,16
Tutti-deployed,16,0.067,2195,4096,256,159,784.895,1826.541,8990720,true,gpu_nvme_kernel,,1,16
Tutti-deployed,16,0.067,2195,4096,256,160,751.523,1853.672,8990720,true,gpu_nvme_kernel,,1,16
Tutti-deployed,16,0.067,2195,4096,256,161,750.288,1793.545,8990720,true,gpu_nvme_kernel,,1,16
Tutti-deployed,16,0.067,2195,4096,256,162,759.057,1700.227,8990720,true,gpu_nvme_kernel,,1,16
Tutti-deployed,16,0.067,2195,4096,256,163,773.584,1768.498,8990720,true,gpu_nvme_kernel,,1,16
Tutti-deployed,16,0.067,2195,4096,256,164,761.546,1801.007,8990720,true,gpu_nvme_kernel,,1,16
Tutti-deployed,16,0.067,2195,4096,256,165,763.966,1826.85,8990720,true,gpu_nvme_kernel,,1,16
Tutti-deployed,16,0.067,2195,4096,256,166,771.066,1777.254,8990720,true,gpu_nvme_kernel,,1,16
Tutti-deployed,16,0.067,2195,4096,256,167,765.145,1855.592,8990720,true,gpu_nvme_kernel,,1,16
Tutti-deployed,16,0.067,2195,4096,256,168,762.729,1757.862,8990720,true,gpu_nvme_kernel,,1,16
Tutti-deployed,16,0.067,2195,4096,256,169,754.104,1853.814,8990720,true,gpu_nvme_kernel,,1,16
Tutti-deployed,16,0.067,2195,4096,256,170,766.783,1754.122,8990720,true,gpu_nvme_kernel,,1,16
Tutti-deployed,16,0.067,2195,4096,256,171,758.288,1765.526,8990720,true,gpu_nvme_kernel,,1,16
Tutti-deployed,16,0.067,2195,4096,256,172,766.469,1741.423,8990720,true,gpu_nvme_kernel,,1,16
Tutti-deployed,16,0.067,2195,4096,256,173,755.729,1764.57,8990720,true,gpu_nvme_kernel,,1,16
Tutti-deployed,16,0.067,2195,4096,256,174,785.01,1766.681,8990720,true,gpu_nvme_kernel,,1,16
Tutti-deployed,16,0.067,2195,4096,256,175,762.041,1836.013,8990720,true,gpu_nvme_kernel,,1,16
Tutti-deployed,16,0.067,2195,4096,256,176,770.591,1795.622,8990720,true,gpu_nvme_kernel,,1,16
Tutti-deployed,16,0.067,2195,4096,256,177,768.048,1753.399,8990720,true,gpu_nvme_kernel,,1,16
Tutti-deployed,16,0.067,2195,4096,256,178,767.901,1727.367,8990720,true,gpu_nvme_kernel,,1,16
Tutti-deployed,16,0.067,2195,4096,256,179,755.4,1874.053,8990720,true,gpu_nvme_kernel,,1,16
Tutti-deployed,16,0.067,2195,4096,256,180,764.851,1821.214,8990720,true,gpu_nvme_kernel,,1,16
Tutti-deployed,16,0.067,2195,4096,256,181,767.988,1800.289,8990720,true,gpu_nvme_kernel,,1,16
Tutti-deployed,16,0.067,2195,4096,256,182,754.637,1789.23,8990720,true,gpu_nvme_kernel,,1,16
Tutti-deployed,16,0.067,2195,4096,256,183,763.39,1749.204,8990720,true,gpu_nvme_kernel,,1,16
Tutti-deployed,16,0.067,2195,4096,256,184,762.613,1813.112,8990720,true,gpu_nvme_kernel,,1,16
Tutti-deployed,16,0.067,2195,4096,256,185,754.607,1822.302,8990720,true,gpu_nvme_kernel,,1,16
Tutti-deployed,16,0.067,2195,4096,256,186,758.112,1759.642,8990720,true,gpu_nvme_kernel,,1,16
Tutti-deployed,16,0.067,2195,4096,256,187,768.023,1825.877,8990720,true,gpu_nvme_kernel,,1,16
Tutti-deployed,16,0.067,2195,4096,256,188,751.746,1754.831,8990720,true,gpu_nvme_kernel,,1,16
Tutti-deployed,16,0.067,2195,4096,256,189,765.184,1817.054,8990720,true,gpu_nvme_kernel,,1,16
Tutti-deployed,16,0.067,2195,4096,256,190,762.262,1794.027,8990720,true,gpu_nvme_kernel,,1,16
Tutti-deployed,16,0.067,2195,4096,256,191,762.248,1775.632,8990720,true,gpu_nvme_kernel,,1,16
Tutti-deployed,16,0.067,2195,4096,256,192,770.394,1731.17,8990720,true,gpu_nvme_kernel,,1,16
Tutti-deployed,16,0.067,2195,4096,256,193,761.707,1926.902,8990720,true,gpu_nvme_kernel,,1,16
Tutti-deployed,16,0.067,2195,4096,256,194,766.534,1691.579,8990720,true,gpu_nvme_kernel,,1,16
Tutti-deployed,16,0.067,2195,4096,256,195,768.945,1805.213,8990720,true,gpu_nvme_kernel,,1,16
Tutti-deployed,16,0.067,2195,4096,256,196,766.805,1770.119,8990720,true,gpu_nvme_kernel,,1,16
Tutti-deployed,16,0.067,2195,4096,256,197,760.728,1797.022,8990720,true,gpu_nvme_kernel,,1,16
Tutti-deployed,16,0.067,2195,4096,256,198,764.242,1749.227,8990720,true,gpu_nvme_kernel,,1,16
Tutti-deployed,16,0.067,2195,4096,256,199,761.926,1738.811,8990720,true,gpu_nvme_kernel,,1,16
Tutti-deployed,16,0.067,2195,4096,256,0,774.022,1775.745,8990720,true,gpu_nvme_kernel,,3,16
Tutti-deployed,16,0.134,4391,4096,256,0,1513.063,3356.257,17985536,true,gpu_nvme_kernel,,2,16
Tutti-deployed,16,0.134,4391,4096,256,0,1533.62,3517.33,17985536,true,gpu_nvme_kernel,,0,16
Tutti-deployed,16,0.134,4391,4096,256,1,1509.877,3412.307,17985536,true,gpu_nvme_kernel,,0,16
Tutti-deployed,16,0.134,4391,4096,256,2,1529.101,3408.905,17985536,true,gpu_nvme_kernel,,0,16
Tutti-deployed,16,0.134,4391,4096,256,3,1493.19,3351.195,17985536,true,gpu_nvme_kernel,,0,16
Tutti-deployed,16,0.134,4391,4096,256,4,1532.304,3333.551,17985536,true,gpu_nvme_kernel,,0,16
Tutti-deployed,16,0.134,4391,4096,256,5,1514.559,3447.424,17985536,true,gpu_nvme_kernel,,0,16
Tutti-deployed,16,0.134,4391,4096,256,6,1509.643,3437.85,17985536,true,gpu_nvme_kernel,,0,16
Tutti-deployed,16,0.134,4391,4096,256,7,1541.816,3437.531,17985536,true,gpu_nvme_kernel,,0,16
Tutti-deployed,16,0.134,4391,4096,256,8,1513.26,3418.46,17985536,true,gpu_nvme_kernel,,0,16
Tutti-deployed,16,0.134,4391,4096,256,9,1523.123,3489.731,17985536,true,gpu_nvme_kernel,,0,16
Tutti-deployed,16,0.134,4391,4096,256,0,1533.379,3496.718,17985536,true,gpu_nvme_kernel,,1,16
Tutti-deployed,16,0.134,4391,4096,256,1,1524.371,3623.522,17985536,true,gpu_nvme_kernel,,1,16
Tutti-deployed,16,0.134,4391,4096,256,2,1524.089,3515.432,17985536,true,gpu_nvme_kernel,,1,16
Tutti-deployed,16,0.134,4391,4096,256,3,1513.919,3578.289,17985536,true,gpu_nvme_kernel,,1,16
Tutti-deployed,16,0.134,4391,4096,256,4,1523.314,3317.652,17985536,true,gpu_nvme_kernel,,1,16
Tutti-deployed,16,0.134,4391,4096,256,5,1507.675,3466.37,17985536,true,gpu_nvme_kernel,,1,16
Tutti-deployed,16,0.134,4391,4096,256,6,1515.14,3481.175,17985536,true,gpu_nvme_kernel,,1,16
Tutti-deployed,16,0.134,4391,4096,256,7,1498.946,3390.294,17985536,true,gpu_nvme_kernel,,1,16
Tutti-deployed,16,0.134,4391,4096,256,8,1502.991,3422.679,17985536,true,gpu_nvme_kernel,,1,16
Tutti-deployed,16,0.134,4391,4096,256,9,1497.743,3478.847,17985536,true,gpu_nvme_kernel,,1,16
Tutti-deployed,16,0.134,4391,4096,256,10,1508.665,3536.503,17985536,true,gpu_nvme_kernel,,1,16
Tutti-deployed,16,0.134,4391,4096,256,11,1503.948,3450.053,17985536,true,gpu_nvme_kernel,,1,16
Tutti-deployed,16,0.134,4391,4096,256,12,1508.624,3337.616,17985536,true,gpu_nvme_kernel,,1,16
Tutti-deployed,16,0.134,4391,4096,256,13,1518.126,3480.44,17985536,true,gpu_nvme_kernel,,1,16
Tutti-deployed,16,0.134,4391,4096,256,14,1509.746,3470.54,17985536,true,gpu_nvme_kernel,,1,16
Tutti-deployed,16,0.134,4391,4096,256,15,1508.677,3488.094,17985536,true,gpu_nvme_kernel,,1,16
Tutti-deployed,16,0.134,4391,4096,256,16,1509.581,3452.437,17985536,true,gpu_nvme_kernel,,1,16
Tutti-deployed,16,0.134,4391,4096,256,17,1499.055,3546.046,17985536,true,gpu_nvme_kernel,,1,16
Tutti-deployed,16,0.134,4391,4096,256,18,1502.337,3482.198,17985536,true,gpu_nvme_kernel,,1,16
Tutti-deployed,16,0.134,4391,4096,256,19,1510.53,3538.338,17985536,true,gpu_nvme_kernel,,1,16
Tutti-deployed,16,0.134,4391,4096,256,20,1500.485,3482.295,17985536,true,gpu_nvme_kernel,,1,16
Tutti-deployed,16,0.134,4391,4096,256,21,1497.648,3498.696,17985536,true,gpu_nvme_kernel,,1,16
Tutti-deployed,16,0.134,4391,4096,256,22,1504.168,3461.062,17985536,true,gpu_nvme_kernel,,1,16
Tutti-deployed,16,0.134,4391,4096,256,23,1516.654,3360.6,17985536,true,gpu_nvme_kernel,,1,16
Tutti-deployed,16,0.134,4391,4096,256,24,1513.664,3470.228,17985536,true,gpu_nvme_kernel,,1,16
Tutti-deployed,16,0.134,4391,4096,256,25,1511.469,3430.139,17985536,true,gpu_nvme_kernel,,1,16
Tutti-deployed,16,0.134,4391,4096,256,26,1490.063,3588.572,17985536,true,gpu_nvme_kernel,,1,16
Tutti-deployed,16,0.134,4391,4096,256,27,1502.831,3421.148,17985536,true,gpu_nvme_kernel,,1,16
Tutti-deployed,16,0.134,4391,4096,256,28,1491.75,3475.029,17985536,true,gpu_nvme_kernel,,1,16
Tutti-deployed,16,0.134,4391,4096,256,29,1512.64,3422.45,17985536,true,gpu_nvme_kernel,,1,16
Tutti-deployed,16,0.134,4391,4096,256,30,1501.714,3411.337,17985536,true,gpu_nvme_kernel,,1,16
Tutti-deployed,16,0.134,4391,4096,256,31,1515.619,3569.028,17985536,true,gpu_nvme_kernel,,1,16
Tutti-deployed,16,0.134,4391,4096,256,32,1499.079,3425.107,17985536,true,gpu_nvme_kernel,,1,16
Tutti-deployed,16,0.134,4391,4096,256,33,1506.419,3511.711,17985536,true,gpu_nvme_kernel,,1,16
Tutti-deployed,16,0.134,4391,4096,256,34,1493.404,3470.448,17985536,true,gpu_nvme_kernel,,1,16
Tutti-deployed,16,0.134,4391,4096,256,35,1506.053,3465.68,17985536,true,gpu_nvme_kernel,,1,16
Tutti-deployed,16,0.134,4391,4096,256,36,1496.925,3395.582,17985536,true,gpu_nvme_kernel,,1,16
Tutti-deployed,16,0.134,4391,4096,256,37,1508.227,3528.88,17985536,true,gpu_nvme_kernel,,1,16
Tutti-deployed,16,0.134,4391,4096,256,38,1515.281,3420.478,17985536,true,gpu_nvme_kernel,,1,16
Tutti-deployed,16,0.134,4391,4096,256,39,1512.15,3556.979,17985536,true,gpu_nvme_kernel,,1,16
Tutti-deployed,16,0.134,4391,4096,256,40,1491.985,3445.339,17985536,true,gpu_nvme_kernel,,1,16
Tutti-deployed,16,0.134,4391,4096,256,41,1516.504,3396.842,17985536,true,gpu_nvme_kernel,,1,16
Tutti-deployed,16,0.134,4391,4096,256,42,1502.552,3398.237,17985536,true,gpu_nvme_kernel,,1,16
Tutti-deployed,16,0.134,4391,4096,256,43,1506.513,3524.588,17985536,true,gpu_nvme_kernel,,1,16
Tutti-deployed,16,0.134,4391,4096,256,44,1502.062,3425.705,17985536,true,gpu_nvme_kernel,,1,16
Tutti-deployed,16,0.134,4391,4096,256,45,1524.179,3390.657,17985536,true,gpu_nvme_kernel,,1,16
Tutti-deployed,16,0.134,4391,4096,256,46,1513.665,3538.612,17985536,true,gpu_nvme_kernel,,1,16
Tutti-deployed,16,0.134,4391,4096,256,47,1520.109,3430.26,17985536,true,gpu_nvme_kernel,,1,16
Tutti-deployed,16,0.134,4391,4096,256,48,1537.106,3390.866,17985536,true,gpu_nvme_kernel,,1,16
Tutti-deployed,16,0.134,4391,4096,256,49,1535.687,3487.964,17985536,true,gpu_nvme_kernel,,1,16
Tutti-deployed,16,0.134,4391,4096,256,50,1516.872,3489.287,17985536,true,gpu_nvme_kernel,,1,16
Tutti-deployed,16,0.134,4391,4096,256,51,1504.326,3499.071,17985536,true,gpu_nvme_kernel,,1,16
Tutti-deployed,16,0.134,4391,4096,256,52,1514.381,3502.164,17985536,true,gpu_nvme_kernel,,1,16
Tutti-deployed,16,0.134,4391,4096,256,53,1527.866,3331.448,17985536,true,gpu_nvme_kernel,,1,16
Tutti-deployed,16,0.134,4391,4096,256,54,1505.859,3477.085,17985536,true,gpu_nvme_kernel,,1,16
Tutti-deployed,16,0.134,4391,4096,256,55,1516.181,3470.711,17985536,true,gpu_nvme_kernel,,1,16
Tutti-deployed,16,0.134,4391,4096,256,56,1525.106,3451.342,17985536,true,gpu_nvme_kernel,,1,16
Tutti-deployed,16,0.134,4391,4096,256,57,1512.616,3440.663,17985536,true,gpu_nvme_kernel,,1,16
Tutti-deployed,16,0.134,4391,4096,256,58,1512.73,3465.284,17985536,true,gpu_nvme_kernel,,1,16
Tutti-deployed,16,0.134,4391,4096,256,59,1506.665,3483.329,17985536,true,gpu_nvme_kernel,,1,16
Tutti-deployed,16,0.134,4391,4096,256,60,1520.682,3353.35,17985536,true,gpu_nvme_kernel,,1,16
Tutti-deployed,16,0.134,4391,4096,256,61,1529.486,3545.341,17985536,true,gpu_nvme_kernel,,1,16
Tutti-deployed,16,0.134,4391,4096,256,62,1531.25,3433.495,17985536,true,gpu_nvme_kernel,,1,16
Tutti-deployed,16,0.134,4391,4096,256,63,1516.712,3501.188,17985536,true,gpu_nvme_kernel,,1,16
Tutti-deployed,16,0.134,4391,4096,256,64,1513.245,3461.158,17985536,true,gpu_nvme_kernel,,1,16
Tutti-deployed,16,0.134,4391,4096,256,65,1514.813,3395.976,17985536,true,gpu_nvme_kernel,,1,16
Tutti-deployed,16,0.134,4391,4096,256,66,1513.028,3470.243,17985536,true,gpu_nvme_kernel,,1,16
Tutti-deployed,16,0.134,4391,4096,256,67,1515.144,3463.92,17985536,true,gpu_nvme_kernel,,1,16
Tutti-deployed,16,0.134,4391,4096,256,68,1505.918,3485.166,17985536,true,gpu_nvme_kernel,,1,16
Tutti-deployed,16,0.134,4391,4096,256,69,1509.534,3559.113,17985536,true,gpu_nvme_kernel,,1,16
Tutti-deployed,16,0.134,4391,4096,256,70,1515.444,3512.011,17985536,true,gpu_nvme_kernel,,1,16
Tutti-deployed,16,0.134,4391,4096,256,71,1522.102,3403.829,17985536,true,gpu_nvme_kernel,,1,16
Tutti-deployed,16,0.134,4391,4096,256,72,1522.642,3477.871,17985536,true,gpu_nvme_kernel,,1,16
Tutti-deployed,16,0.134,4391,4096,256,73,1516.806,3470.463,17985536,true,gpu_nvme_kernel,,1,16
Tutti-deployed,16,0.134,4391,4096,256,74,1519.332,3563.089,17985536,true,gpu_nvme_kernel,,1,16
Tutti-deployed,16,0.134,4391,4096,256,75,1539.836,3558.667,17985536,true,gpu_nvme_kernel,,1,16
Tutti-deployed,16,0.134,4391,4096,256,76,1534.908,3387.5,17985536,true,gpu_nvme_kernel,,1,16
Tutti-deployed,16,0.134,4391,4096,256,77,1518.11,3482.816,17985536,true,gpu_nvme_kernel,,1,16
Tutti-deployed,16,0.134,4391,4096,256,78,1518.087,3457.443,17985536,true,gpu_nvme_kernel,,1,16
Tutti-deployed,16,0.134,4391,4096,256,79,1505.621,3451.263,17985536,true,gpu_nvme_kernel,,1,16
Tutti-deployed,16,0.134,4391,4096,256,80,1510.58,3422.76,17985536,true,gpu_nvme_kernel,,1,16
Tutti-deployed,16,0.134,4391,4096,256,81,1508.26,3415.781,17985536,true,gpu_nvme_kernel,,1,16
Tutti-deployed,16,0.134,4391,4096,256,82,1507.543,3420.645,17985536,true,gpu_nvme_kernel,,1,16
Tutti-deployed,16,0.134,4391,4096,256,83,1519.754,3384.415,17985536,true,gpu_nvme_kernel,,1,16
Tutti-deployed,16,0.134,4391,4096,256,84,1518.261,3504.931,17985536,true,gpu_nvme_kernel,,1,16
Tutti-deployed,16,0.134,4391,4096,256,85,1531.66,3455.89,17985536,true,gpu_nvme_kernel,,1,16
Tutti-deployed,16,0.134,4391,4096,256,86,1514.449,3435.189,17985536,true,gpu_nvme_kernel,,1,16
Tutti-deployed,16,0.134,4391,4096,256,87,1509.61,3535.148,17985536,true,gpu_nvme_kernel,,1,16
Tutti-deployed,16,0.134,4391,4096,256,88,1520.157,3361.12,17985536,true,gpu_nvme_kernel,,1,16
Tutti-deployed,16,0.134,4391,4096,256,89,1524.545,3431.496,17985536,true,gpu_nvme_kernel,,1,16
Tutti-deployed,16,0.134,4391,4096,256,90,1529.294,3392.051,17985536,true,gpu_nvme_kernel,,1,16
Tutti-deployed,16,0.134,4391,4096,256,91,1514.839,3551.833,17985536,true,gpu_nvme_kernel,,1,16
Tutti-deployed,16,0.134,4391,4096,256,92,1518.331,3492.36,17985536,true,gpu_nvme_kernel,,1,16
Tutti-deployed,16,0.134,4391,4096,256,93,1522.084,3454.574,17985536,true,gpu_nvme_kernel,,1,16
Tutti-deployed,16,0.134,4391,4096,256,94,1504.253,3466.539,17985536,true,gpu_nvme_kernel,,1,16
Tutti-deployed,16,0.134,4391,4096,256,95,1513.666,3400.035,17985536,true,gpu_nvme_kernel,,1,16
Tutti-deployed,16,0.134,4391,4096,256,96,1499.774,3417.281,17985536,true,gpu_nvme_kernel,,1,16
Tutti-deployed,16,0.134,4391,4096,256,97,1514.701,3414.866,17985536,true,gpu_nvme_kernel,,1,16
Tutti-deployed,16,0.134,4391,4096,256,98,1512.085,3335.488,17985536,true,gpu_nvme_kernel,,1,16
Tutti-deployed,16,0.134,4391,4096,256,99,1521.424,3432.719,17985536,true,gpu_nvme_kernel,,1,16
Tutti-deployed,16,0.134,4391,4096,256,100,1500.646,3607.053,17985536,true,gpu_nvme_kernel,,1,16
Tutti-deployed,16,0.134,4391,4096,256,101,1526.492,3504.992,17985536,true,gpu_nvme_kernel,,1,16
Tutti-deployed,16,0.134,4391,4096,256,102,1522.742,3542.776,17985536,true,gpu_nvme_kernel,,1,16
Tutti-deployed,16,0.134,4391,4096,256,103,1503.262,3360.986,17985536,true,gpu_nvme_kernel,,1,16
Tutti-deployed,16,0.134,4391,4096,256,104,1524.367,3466.266,17985536,true,gpu_nvme_kernel,,1,16
Tutti-deployed,16,0.134,4391,4096,256,105,1509.498,3386.983,17985536,true,gpu_nvme_kernel,,1,16
Tutti-deployed,16,0.134,4391,4096,256,106,1501.935,3449.844,17985536,true,gpu_nvme_kernel,,1,16
Tutti-deployed,16,0.134,4391,4096,256,107,1505.231,3484.979,17985536,true,gpu_nvme_kernel,,1,16
Tutti-deployed,16,0.134,4391,4096,256,108,1496.615,3490.634,17985536,true,gpu_nvme_kernel,,1,16
Tutti-deployed,16,0.134,4391,4096,256,109,1506.873,3519.49,17985536,true,gpu_nvme_kernel,,1,16
Tutti-deployed,16,0.134,4391,4096,256,110,1513.898,3404.587,17985536,true,gpu_nvme_kernel,,1,16
Tutti-deployed,16,0.134,4391,4096,256,111,1509.7,3401.96,17985536,true,gpu_nvme_kernel,,1,16
Tutti-deployed,16,0.134,4391,4096,256,112,1527.323,3439.493,17985536,true,gpu_nvme_kernel,,1,16
Tutti-deployed,16,0.134,4391,4096,256,113,1520.897,3429.098,17985536,true,gpu_nvme_kernel,,1,16
Tutti-deployed,16,0.134,4391,4096,256,114,1527.38,3444.879,17985536,true,gpu_nvme_kernel,,1,16
Tutti-deployed,16,0.134,4391,4096,256,115,1513.064,3454.91,17985536,true,gpu_nvme_kernel,,1,16
Tutti-deployed,16,0.134,4391,4096,256,116,1518.593,3488.313,17985536,true,gpu_nvme_kernel,,1,16
Tutti-deployed,16,0.134,4391,4096,256,117,1502.218,3398.422,17985536,true,gpu_nvme_kernel,,1,16
Tutti-deployed,16,0.134,4391,4096,256,118,1524.127,3478.355,17985536,true,gpu_nvme_kernel,,1,16
Tutti-deployed,16,0.134,4391,4096,256,119,1519.835,3508.305,17985536,true,gpu_nvme_kernel,,1,16
Tutti-deployed,16,0.134,4391,4096,256,120,1512.88,3454.761,17985536,true,gpu_nvme_kernel,,1,16
Tutti-deployed,16,0.134,4391,4096,256,121,1523.577,3452.04,17985536,true,gpu_nvme_kernel,,1,16
Tutti-deployed,16,0.134,4391,4096,256,122,1511.159,3509.173,17985536,true,gpu_nvme_kernel,,1,16
Tutti-deployed,16,0.134,4391,4096,256,123,1513.709,3411.927,17985536,true,gpu_nvme_kernel,,1,16
Tutti-deployed,16,0.134,4391,4096,256,124,1512.529,3444.634,17985536,true,gpu_nvme_kernel,,1,16
Tutti-deployed,16,0.134,4391,4096,256,125,1493.222,3567.819,17985536,true,gpu_nvme_kernel,,1,16
Tutti-deployed,16,0.134,4391,4096,256,126,1506.083,3492.962,17985536,true,gpu_nvme_kernel,,1,16
Tutti-deployed,16,0.134,4391,4096,256,127,1514.695,3419.161,17985536,true,gpu_nvme_kernel,,1,16
Tutti-deployed,16,0.134,4391,4096,256,128,1508.353,3494.698,17985536,true,gpu_nvme_kernel,,1,16
Tutti-deployed,16,0.134,4391,4096,256,129,1506.604,3410.102,17985536,true,gpu_nvme_kernel,,1,16
Tutti-deployed,16,0.134,4391,4096,256,130,1510.927,3451.25,17985536,true,gpu_nvme_kernel,,1,16
Tutti-deployed,16,0.134,4391,4096,256,131,1494.225,3450.373,17985536,true,gpu_nvme_kernel,,1,16
Tutti-deployed,16,0.134,4391,4096,256,132,1514.769,3485.547,17985536,true,gpu_nvme_kernel,,1,16
Tutti-deployed,16,0.134,4391,4096,256,133,1510.97,3399.703,17985536,true,gpu_nvme_kernel,,1,16
Tutti-deployed,16,0.134,4391,4096,256,134,1519.479,3601.806,17985536,true,gpu_nvme_kernel,,1,16
Tutti-deployed,16,0.134,4391,4096,256,135,1521.625,3394.68,17985536,true,gpu_nvme_kernel,,1,16
Tutti-deployed,16,0.134,4391,4096,256,136,1507.49,3407.022,17985536,true,gpu_nvme_kernel,,1,16
Tutti-deployed,16,0.134,4391,4096,256,137,1516.579,3382.586,17985536,true,gpu_nvme_kernel,,1,16
Tutti-deployed,16,0.134,4391,4096,256,138,1512.137,3402.709,17985536,true,gpu_nvme_kernel,,1,16
Tutti-deployed,16,0.134,4391,4096,256,139,1515.64,3549.304,17985536,true,gpu_nvme_kernel,,1,16
Tutti-deployed,16,0.134,4391,4096,256,140,1512.736,3454.016,17985536,true,gpu_nvme_kernel,,1,16
Tutti-deployed,16,0.134,4391,4096,256,141,1527.556,3394.271,17985536,true,gpu_nvme_kernel,,1,16
Tutti-deployed,16,0.134,4391,4096,256,142,1519.889,3402.859,17985536,true,gpu_nvme_kernel,,1,16
Tutti-deployed,16,0.134,4391,4096,256,143,1513.237,3531.258,17985536,true,gpu_nvme_kernel,,1,16
Tutti-deployed,16,0.134,4391,4096,256,144,1533.994,3404.307,17985536,true,gpu_nvme_kernel,,1,16
Tutti-deployed,16,0.134,4391,4096,256,145,1508.34,3467.406,17985536,true,gpu_nvme_kernel,,1,16
Tutti-deployed,16,0.134,4391,4096,256,146,1517.959,3415.103,17985536,true,gpu_nvme_kernel,,1,16
Tutti-deployed,16,0.134,4391,4096,256,147,1513.565,3530.277,17985536,true,gpu_nvme_kernel,,1,16
Tutti-deployed,16,0.134,4391,4096,256,148,1522.473,3500.423,17985536,true,gpu_nvme_kernel,,1,16
Tutti-deployed,16,0.134,4391,4096,256,149,1519.021,3399.307,17985536,true,gpu_nvme_kernel,,1,16
Tutti-deployed,16,0.134,4391,4096,256,150,1518.058,3375.26,17985536,true,gpu_nvme_kernel,,1,16
Tutti-deployed,16,0.134,4391,4096,256,151,1512.135,3520.424,17985536,true,gpu_nvme_kernel,,1,16
Tutti-deployed,16,0.134,4391,4096,256,152,1509.002,3395.871,17985536,true,gpu_nvme_kernel,,1,16
Tutti-deployed,16,0.134,4391,4096,256,153,1503.678,3506.936,17985536,true,gpu_nvme_kernel,,1,16
Tutti-deployed,16,0.134,4391,4096,256,154,1510.739,3461.147,17985536,true,gpu_nvme_kernel,,1,16
Tutti-deployed,16,0.134,4391,4096,256,155,1520.962,3551.73,17985536,true,gpu_nvme_kernel,,1,16
Tutti-deployed,16,0.134,4391,4096,256,156,1503.294,3378.208,17985536,true,gpu_nvme_kernel,,1,16
Tutti-deployed,16,0.134,4391,4096,256,157,1500.195,3478.678,17985536,true,gpu_nvme_kernel,,1,16
Tutti-deployed,16,0.134,4391,4096,256,158,1519.899,3467.807,17985536,true,gpu_nvme_kernel,,1,16
Tutti-deployed,16,0.134,4391,4096,256,159,1519.215,3440.87,17985536,true,gpu_nvme_kernel,,1,16
Tutti-deployed,16,0.134,4391,4096,256,160,1517.154,3412.826,17985536,true,gpu_nvme_kernel,,1,16
Tutti-deployed,16,0.134,4391,4096,256,161,1532.668,3424.707,17985536,true,gpu_nvme_kernel,,1,16
Tutti-deployed,16,0.134,4391,4096,256,162,1502.345,3512.686,17985536,true,gpu_nvme_kernel,,1,16
Tutti-deployed,16,0.134,4391,4096,256,163,1519.268,3462.603,17985536,true,gpu_nvme_kernel,,1,16
Tutti-deployed,16,0.134,4391,4096,256,164,1520.312,3454.068,17985536,true,gpu_nvme_kernel,,1,16
Tutti-deployed,16,0.134,4391,4096,256,165,1515.495,3485.759,17985536,true,gpu_nvme_kernel,,1,16
Tutti-deployed,16,0.134,4391,4096,256,166,1312.342,3449.801,17985536,true,gpu_nvme_kernel,,1,16
Tutti-deployed,16,0.134,4391,4096,256,167,1307.138,3490.128,17985536,true,gpu_nvme_kernel,,1,16
Tutti-deployed,16,0.134,4391,4096,256,168,1309.624,3472.887,17985536,true,gpu_nvme_kernel,,1,16
Tutti-deployed,16,0.134,4391,4096,256,169,1318.707,3403.943,17985536,true,gpu_nvme_kernel,,1,16
Tutti-deployed,16,0.134,4391,4096,256,170,1311.398,3438.336,17985536,true,gpu_nvme_kernel,,1,16
Tutti-deployed,16,0.134,4391,4096,256,171,1309.775,3509.162,17985536,true,gpu_nvme_kernel,,1,16
Tutti-deployed,16,0.134,4391,4096,256,172,1302.272,3447.025,17985536,true,gpu_nvme_kernel,,1,16
Tutti-deployed,16,0.134,4391,4096,256,173,1301.097,3443.404,17985536,true,gpu_nvme_kernel,,1,16
Tutti-deployed,16,0.134,4391,4096,256,174,1309.14,3395.501,17985536,true,gpu_nvme_kernel,,1,16
Tutti-deployed,16,0.134,4391,4096,256,175,1301.933,3343.35,17985536,true,gpu_nvme_kernel,,1,16
Tutti-deployed,16,0.134,4391,4096,256,176,1301.778,3582.439,17985536,true,gpu_nvme_kernel,,1,16
Tutti-deployed,16,0.134,4391,4096,256,177,1298.262,3480.394,17985536,true,gpu_nvme_kernel,,1,16
Tutti-deployed,16,0.134,4391,4096,256,178,1310.55,3325.19,17985536,true,gpu_nvme_kernel,,1,16
Tutti-deployed,16,0.134,4391,4096,256,179,1310.239,3471.021,17985536,true,gpu_nvme_kernel,,1,16
Tutti-deployed,16,0.134,4391,4096,256,180,1396.616,3377.264,17985536,true,gpu_nvme_kernel,,1,16
Tutti-deployed,16,0.134,4391,4096,256,181,1324.721,3354.957,17985536,true,gpu_nvme_kernel,,1,16
Tutti-deployed,16,0.134,4391,4096,256,182,1299.8,3417.174,17985536,true,gpu_nvme_kernel,,1,16
Tutti-deployed,16,0.134,4391,4096,256,183,1311.35,3460.542,17985536,true,gpu_nvme_kernel,,1,16
Tutti-deployed,16,0.134,4391,4096,256,184,1305.844,3334.911,17985536,true,gpu_nvme_kernel,,1,16
Tutti-deployed,16,0.134,4391,4096,256,185,1326.646,3457.06,17985536,true,gpu_nvme_kernel,,1,16
Tutti-deployed,16,0.134,4391,4096,256,186,1315.2,3486.984,17985536,true,gpu_nvme_kernel,,1,16
Tutti-deployed,16,0.134,4391,4096,256,187,1316.189,3452.607,17985536,true,gpu_nvme_kernel,,1,16
Tutti-deployed,16,0.134,4391,4096,256,188,1309.628,3523.285,17985536,true,gpu_nvme_kernel,,1,16
Tutti-deployed,16,0.134,4391,4096,256,189,1308.142,3418.177,17985536,true,gpu_nvme_kernel,,1,16
Tutti-deployed,16,0.134,4391,4096,256,190,1305.471,3418.265,17985536,true,gpu_nvme_kernel,,1,16
Tutti-deployed,16,0.134,4391,4096,256,191,1315.339,3446.951,17985536,true,gpu_nvme_kernel,,1,16
Tutti-deployed,16,0.134,4391,4096,256,192,1300.923,3365.03,17985536,true,gpu_nvme_kernel,,1,16
Tutti-deployed,16,0.134,4391,4096,256,193,1313.224,3360.879,17985536,true,gpu_nvme_kernel,,1,16
Tutti-deployed,16,0.134,4391,4096,256,194,1301.736,3444.295,17985536,true,gpu_nvme_kernel,,1,16
Tutti-deployed,16,0.134,4391,4096,256,195,1306.574,3418.892,17985536,true,gpu_nvme_kernel,,1,16
Tutti-deployed,16,0.134,4391,4096,256,196,1305.488,3405.74,17985536,true,gpu_nvme_kernel,,1,16
Tutti-deployed,16,0.134,4391,4096,256,197,1308.753,3360.959,17985536,true,gpu_nvme_kernel,,1,16
Tutti-deployed,16,0.134,4391,4096,256,198,1305.352,3458.666,17985536,true,gpu_nvme_kernel,,1,16
Tutti-deployed,16,0.134,4391,4096,256,199,1296.556,3349.292,17985536,true,gpu_nvme_kernel,,1,16
Tutti-deployed,16,0.134,4391,4096,256,0,1318.577,3482.106,17985536,true,gpu_nvme_kernel,,3,16
Tutti-deployed,16,0.3,9830,4096,256,0,2930.559,7584.274,40263680,true,gpu_nvme_kernel,,2,16
Tutti-deployed,16,0.3,9830,4096,256,0,2916.573,7599.916,40263680,true,gpu_nvme_kernel,,0,16
Tutti-deployed,16,0.3,9830,4096,256,1,2918.344,7873.504,40263680,true,gpu_nvme_kernel,,0,16
Tutti-deployed,16,0.3,9830,4096,256,2,2942.093,7465.056,40263680,true,gpu_nvme_kernel,,0,16
Tutti-deployed,16,0.3,9830,4096,256,3,2917.733,7515.927,40263680,true,gpu_nvme_kernel,,0,16
Tutti-deployed,16,0.3,9830,4096,256,4,2912.466,7733.027,40263680,true,gpu_nvme_kernel,,0,16
Tutti-deployed,16,0.3,9830,4096,256,5,2908.257,7536.914,40263680,true,gpu_nvme_kernel,,0,16
Tutti-deployed,16,0.3,9830,4096,256,6,2905.973,7448.03,40263680,true,gpu_nvme_kernel,,0,16
Tutti-deployed,16,0.3,9830,4096,256,7,2903.792,7585.788,40263680,true,gpu_nvme_kernel,,0,16
Tutti-deployed,16,0.3,9830,4096,256,8,2901.089,7664.177,40263680,true,gpu_nvme_kernel,,0,16
Tutti-deployed,16,0.3,9830,4096,256,9,2936.526,7589.106,40263680,true,gpu_nvme_kernel,,0,16
Tutti-deployed,16,0.3,9830,4096,256,0,2924.253,7329.588,40263680,true,gpu_nvme_kernel,,1,16
Tutti-deployed,16,0.3,9830,4096,256,1,2916.387,7361.43,40263680,true,gpu_nvme_kernel,,1,16
Tutti-deployed,16,0.3,9830,4096,256,2,2906.984,7524.975,40263680,true,gpu_nvme_kernel,,1,16
Tutti-deployed,16,0.3,9830,4096,256,3,2927.239,7530.985,40263680,true,gpu_nvme_kernel,,1,16
Tutti-deployed,16,0.3,9830,4096,256,4,2908.167,7693.863,40263680,true,gpu_nvme_kernel,,1,16
Tutti-deployed,16,0.3,9830,4096,256,5,2928.835,7437.53,40263680,true,gpu_nvme_kernel,,1,16
Tutti-deployed,16,0.3,9830,4096,256,6,2937.411,7560.935,40263680,true,gpu_nvme_kernel,,1,16
Tutti-deployed,16,0.3,9830,4096,256,7,2901.885,7516.191,40263680,true,gpu_nvme_kernel,,1,16
Tutti-deployed,16,0.3,9830,4096,256,8,2913.557,7632.18,40263680,true,gpu_nvme_kernel,,1,16
Tutti-deployed,16,0.3,9830,4096,256,9,2911.671,7660.728,40263680,true,gpu_nvme_kernel,,1,16
Tutti-deployed,16,0.3,9830,4096,256,10,2930.282,7899.489,40263680,true,gpu_nvme_kernel,,1,16
Tutti-deployed,16,0.3,9830,4096,256,11,2934.088,7608.529,40263680,true,gpu_nvme_kernel,,1,16
Tutti-deployed,16,0.3,9830,4096,256,12,2919.951,7463.852,40263680,true,gpu_nvme_kernel,,1,16
Tutti-deployed,16,0.3,9830,4096,256,13,2934.116,7434.771,40263680,true,gpu_nvme_kernel,,1,16
Tutti-deployed,16,0.3,9830,4096,256,14,2907.108,7645.409,40263680,true,gpu_nvme_kernel,,1,16
Tutti-deployed,16,0.3,9830,4096,256,15,2916.513,7616.604,40263680,true,gpu_nvme_kernel,,1,16
Tutti-deployed,16,0.3,9830,4096,256,16,2911.693,7361.326,40263680,true,gpu_nvme_kernel,,1,16
Tutti-deployed,16,0.3,9830,4096,256,17,2906.797,7437.841,40263680,true,gpu_nvme_kernel,,1,16
Tutti-deployed,16,0.3,9830,4096,256,18,2926.729,7643.527,40263680,true,gpu_nvme_kernel,,1,16
Tutti-deployed,16,0.3,9830,4096,256,19,2926.966,7400.93,40263680,true,gpu_nvme_kernel,,1,16
Tutti-deployed,16,0.3,9830,4096,256,20,2918.217,7464.464,40263680,true,gpu_nvme_kernel,,1,16
Tutti-deployed,16,0.3,9830,4096,256,21,2904.54,7478.009,40263680,true,gpu_nvme_kernel,,1,16
Tutti-deployed,16,0.3,9830,4096,256,22,2913.763,7767.067,40263680,true,gpu_nvme_kernel,,1,16
Tutti-deployed,16,0.3,9830,4096,256,23,2911.181,7597.407,40263680,true,gpu_nvme_kernel,,1,16
Tutti-deployed,16,0.3,9830,4096,256,24,2918.575,7810.32,40263680,true,gpu_nvme_kernel,,1,16
Tutti-deployed,16,0.3,9830,4096,256,25,2936.894,7490.097,40263680,true,gpu_nvme_kernel,,1,16
Tutti-deployed,16,0.3,9830,4096,256,26,2925.541,7339.521,40263680,true,gpu_nvme_kernel,,1,16
Tutti-deployed,16,0.3,9830,4096,256,27,2910.223,7502.539,40263680,true,gpu_nvme_kernel,,1,16
Tutti-deployed,16,0.3,9830,4096,256,28,2903.48,7739.459,40263680,true,gpu_nvme_kernel,,1,16
Tutti-deployed,16,0.3,9830,4096,256,29,2919.431,7697.62,40263680,true,gpu_nvme_kernel,,1,16
Tutti-deployed,16,0.3,9830,4096,256,30,2910.612,7399.887,40263680,true,gpu_nvme_kernel,,1,16
Tutti-deployed,16,0.3,9830,4096,256,31,2927.1,7398.536,40263680,true,gpu_nvme_kernel,,1,16
Tutti-deployed,16,0.3,9830,4096,256,32,2927.54,7497.411,40263680,true,gpu_nvme_kernel,,1,16
Tutti-deployed,16,0.3,9830,4096,256,33,2909.47,7656.423,40263680,true,gpu_nvme_kernel,,1,16
Tutti-deployed,16,0.3,9830,4096,256,34,2913.951,7698.195,40263680,true,gpu_nvme_kernel,,1,16
Tutti-deployed,16,0.3,9830,4096,256,35,2919.883,7435.833,40263680,true,gpu_nvme_kernel,,1,16
Tutti-deployed,16,0.3,9830,4096,256,36,2894.4,7572.332,40263680,true,gpu_nvme_kernel,,1,16
Tutti-deployed,16,0.3,9830,4096,256,37,2916.028,7495.187,40263680,true,gpu_nvme_kernel,,1,16
Tutti-deployed,16,0.3,9830,4096,256,38,2929.238,7480.763,40263680,true,gpu_nvme_kernel,,1,16
Tutti-deployed,16,0.3,9830,4096,256,39,2917.813,7529.423,40263680,true,gpu_nvme_kernel,,1,16
Tutti-deployed,16,0.3,9830,4096,256,40,2914.854,7454.616,40263680,true,gpu_nvme_kernel,,1,16
Tutti-deployed,16,0.3,9830,4096,256,41,2899.725,7634.787,40263680,true,gpu_nvme_kernel,,1,16
Tutti-deployed,16,0.3,9830,4096,256,42,2910.672,7603.526,40263680,true,gpu_nvme_kernel,,1,16
Tutti-deployed,16,0.3,9830,4096,256,43,2914.159,7491.367,40263680,true,gpu_nvme_kernel,,1,16
Tutti-deployed,16,0.3,9830,4096,256,44,2904.915,7533.536,40263680,true,gpu_nvme_kernel,,1,16
Tutti-deployed,16,0.3,9830,4096,256,45,2925.329,7530.662,40263680,true,gpu_nvme_kernel,,1,16
Tutti-deployed,16,0.3,9830,4096,256,46,2926.216,7584.163,40263680,true,gpu_nvme_kernel,,1,16
Tutti-deployed,16,0.3,9830,4096,256,47,2911.609,7583.105,40263680,true,gpu_nvme_kernel,,1,16
Tutti-deployed,16,0.3,9830,4096,256,48,2920.871,7412.714,40263680,true,gpu_nvme_kernel,,1,16
Tutti-deployed,16,0.3,9830,4096,256,49,2901.2,7631.618,40263680,true,gpu_nvme_kernel,,1,16
Tutti-deployed,16,0.3,9830,4096,256,50,2925.158,7418.5,40263680,true,gpu_nvme_kernel,,1,16
Tutti-deployed,16,0.3,9830,4096,256,51,2918.72,7570.854,40263680,true,gpu_nvme_kernel,,1,16
Tutti-deployed,16,0.3,9830,4096,256,52,2924.215,7490.3,40263680,true,gpu_nvme_kernel,,1,16
Tutti-deployed,16,0.3,9830,4096,256,53,2931.181,7662.441,40263680,true,gpu_nvme_kernel,,1,16
Tutti-deployed,16,0.3,9830,4096,256,54,2918.879,7461.352,40263680,true,gpu_nvme_kernel,,1,16
Tutti-deployed,16,0.3,9830,4096,256,55,2930.596,7565.644,40263680,true,gpu_nvme_kernel,,1,16
Tutti-deployed,16,0.3,9830,4096,256,56,2926.495,7537.578,40263680,true,gpu_nvme_kernel,,1,16
Tutti-deployed,16,0.3,9830,4096,256,57,2909.409,7689.812,40263680,true,gpu_nvme_kernel,,1,16
Tutti-deployed,16,0.3,9830,4096,256,58,2938.364,7410.413,40263680,true,gpu_nvme_kernel,,1,16
Tutti-deployed,16,0.3,9830,4096,256,59,2926.013,7419.94,40263680,true,gpu_nvme_kernel,,1,16
Tutti-deployed,16,0.3,9830,4096,256,60,2913.83,7330.335,40263680,true,gpu_nvme_kernel,,1,16
Tutti-deployed,16,0.3,9830,4096,256,61,2918.181,7522.516,40263680,true,gpu_nvme_kernel,,1,16
Tutti-deployed,16,0.3,9830,4096,256,62,2915.573,7427.656,40263680,true,gpu_nvme_kernel,,1,16
Tutti-deployed,16,0.3,9830,4096,256,63,2909.359,7509.418,40263680,true,gpu_nvme_kernel,,1,16
Tutti-deployed,16,0.3,9830,4096,256,64,2907.367,7546.48,40263680,true,gpu_nvme_kernel,,1,16
Tutti-deployed,16,0.3,9830,4096,256,65,2918.329,7535.17,40263680,true,gpu_nvme_kernel,,1,16
Tutti-deployed,16,0.3,9830,4096,256,66,2926.192,7425.006,40263680,true,gpu_nvme_kernel,,1,16
Tutti-deployed,16,0.3,9830,4096,256,67,2894.261,7570.869,40263680,true,gpu_nvme_kernel,,1,16
Tutti-deployed,16,0.3,9830,4096,256,68,2920.867,7536.192,40263680,true,gpu_nvme_kernel,,1,16
Tutti-deployed,16,0.3,9830,4096,256,69,2908.499,7689.163,40263680,true,gpu_nvme_kernel,,1,16
Tutti-deployed,16,0.3,9830,4096,256,70,2910.993,7495.123,40263680,true,gpu_nvme_kernel,,1,16
Tutti-deployed,16,0.3,9830,4096,256,71,2907.562,7666.843,40263680,true,gpu_nvme_kernel,,1,16
Tutti-deployed,16,0.3,9830,4096,256,72,2913.104,7596.385,40263680,true,gpu_nvme_kernel,,1,16
Tutti-deployed,16,0.3,9830,4096,256,73,2914.771,7528.959,40263680,true,gpu_nvme_kernel,,1,16
Tutti-deployed,16,0.3,9830,4096,256,74,2920.317,7474.005,40263680,true,gpu_nvme_kernel,,1,16
Tutti-deployed,16,0.3,9830,4096,256,75,2892.242,7473.533,40263680,true,gpu_nvme_kernel,,1,16
Tutti-deployed,16,0.3,9830,4096,256,76,2913.89,7636.327,40263680,true,gpu_nvme_kernel,,1,16
Tutti-deployed,16,0.3,9830,4096,256,77,2927.997,7471.936,40263680,true,gpu_nvme_kernel,,1,16
Tutti-deployed,16,0.3,9830,4096,256,78,2913.835,7539.294,40263680,true,gpu_nvme_kernel,,1,16
Tutti-deployed,16,0.3,9830,4096,256,79,2924.152,7572.4,40263680,true,gpu_nvme_kernel,,1,16
Tutti-deployed,16,0.3,9830,4096,256,80,2909.753,7636.928,40263680,true,gpu_nvme_kernel,,1,16
Tutti-deployed,16,0.3,9830,4096,256,81,2891.429,7543.468,40263680,true,gpu_nvme_kernel,,1,16
Tutti-deployed,16,0.3,9830,4096,256,82,2911.215,7491.852,40263680,true,gpu_nvme_kernel,,1,16
Tutti-deployed,16,0.3,9830,4096,256,83,2939.568,7478.726,40263680,true,gpu_nvme_kernel,,1,16
Tutti-deployed,16,0.3,9830,4096,256,84,2916.186,7628.267,40263680,true,gpu_nvme_kernel,,1,16
Tutti-deployed,16,0.3,9830,4096,256,85,2932.248,7569.885,40263680,true,gpu_nvme_kernel,,1,16
Tutti-deployed,16,0.3,9830,4096,256,86,2925.029,7497.459,40263680,true,gpu_nvme_kernel,,1,16
Tutti-deployed,16,0.3,9830,4096,256,87,2911.524,7823.528,40263680,true,gpu_nvme_kernel,,1,16
Tutti-deployed,16,0.3,9830,4096,256,88,2926.651,7535.874,40263680,true,gpu_nvme_kernel,,1,16
Tutti-deployed,16,0.3,9830,4096,256,89,2897.88,7422.41,40263680,true,gpu_nvme_kernel,,1,16
Tutti-deployed,16,0.3,9830,4096,256,90,2914.318,7583.212,40263680,true,gpu_nvme_kernel,,1,16
Tutti-deployed,16,0.3,9830,4096,256,91,2914.969,7541.664,40263680,true,gpu_nvme_kernel,,1,16
Tutti-deployed,16,0.3,9830,4096,256,92,2932.955,7401.179,40263680,true,gpu_nvme_kernel,,1,16
Tutti-deployed,16,0.3,9830,4096,256,93,2888.382,7323.089,40263680,true,gpu_nvme_kernel,,1,16
Tutti-deployed,16,0.3,9830,4096,256,94,2904.205,7479.676,40263680,true,gpu_nvme_kernel,,1,16
Tutti-deployed,16,0.3,9830,4096,256,95,2903.156,7568.947,40263680,true,gpu_nvme_kernel,,1,16
Tutti-deployed,16,0.3,9830,4096,256,96,2910.239,7616.81,40263680,true,gpu_nvme_kernel,,1,16
Tutti-deployed,16,0.3,9830,4096,256,97,2904.289,7542.285,40263680,true,gpu_nvme_kernel,,1,16
Tutti-deployed,16,0.3,9830,4096,256,98,2906.646,7564.991,40263680,true,gpu_nvme_kernel,,1,16
Tutti-deployed,16,0.3,9830,4096,256,99,2919.596,7536.859,40263680,true,gpu_nvme_kernel,,1,16
Tutti-deployed,16,0.3,9830,4096,256,100,2908.5,7506.713,40263680,true,gpu_nvme_kernel,,1,16
Tutti-deployed,16,0.3,9830,4096,256,101,2907.278,7496.002,40263680,true,gpu_nvme_kernel,,1,16
Tutti-deployed,16,0.3,9830,4096,256,102,2912.275,7604.587,40263680,true,gpu_nvme_kernel,,1,16
Tutti-deployed,16,0.3,9830,4096,256,103,2897.127,7509.6,40263680,true,gpu_nvme_kernel,,1,16
Tutti-deployed,16,0.3,9830,4096,256,104,2914.906,7603.191,40263680,true,gpu_nvme_kernel,,1,16
Tutti-deployed,16,0.3,9830,4096,256,105,2929.788,7421.046,40263680,true,gpu_nvme_kernel,,1,16
Tutti-deployed,16,0.3,9830,4096,256,106,2905.907,7617.222,40263680,true,gpu_nvme_kernel,,1,16
Tutti-deployed,16,0.3,9830,4096,256,107,2895.217,7593.547,40263680,true,gpu_nvme_kernel,,1,16
Tutti-deployed,16,0.3,9830,4096,256,108,2917.684,7493.617,40263680,true,gpu_nvme_kernel,,1,16
Tutti-deployed,16,0.3,9830,4096,256,109,2920.33,7494.464,40263680,true,gpu_nvme_kernel,,1,16
Tutti-deployed,16,0.3,9830,4096,256,110,2890.411,7569.795,40263680,true,gpu_nvme_kernel,,1,16
Tutti-deployed,16,0.3,9830,4096,256,111,2924.126,7430.682,40263680,true,gpu_nvme_kernel,,1,16
Tutti-deployed,16,0.3,9830,4096,256,112,2916.139,7601.921,40263680,true,gpu_nvme_kernel,,1,16
Tutti-deployed,16,0.3,9830,4096,256,113,2897.551,7789.238,40263680,true,gpu_nvme_kernel,,1,16
Tutti-deployed,16,0.3,9830,4096,256,114,2902.65,7547.116,40263680,true,gpu_nvme_kernel,,1,16
Tutti-deployed,16,0.3,9830,4096,256,115,2892.813,7531.47,40263680,true,gpu_nvme_kernel,,1,16
Tutti-deployed,16,0.3,9830,4096,256,116,2912.609,7428.042,40263680,true,gpu_nvme_kernel,,1,16
Tutti-deployed,16,0.3,9830,4096,256,117,2919.954,7584.908,40263680,true,gpu_nvme_kernel,,1,16
Tutti-deployed,16,0.3,9830,4096,256,118,2915.52,7514.521,40263680,true,gpu_nvme_kernel,,1,16
Tutti-deployed,16,0.3,9830,4096,256,119,2923.719,7580.606,40263680,true,gpu_nvme_kernel,,1,16
Tutti-deployed,16,0.3,9830,4096,256,120,2896.849,7437.17,40263680,true,gpu_nvme_kernel,,1,16
Tutti-deployed,16,0.3,9830,4096,256,121,2926.911,7623.592,40263680,true,gpu_nvme_kernel,,1,16
Tutti-deployed,16,0.3,9830,4096,256,122,2895.834,7465.941,40263680,true,gpu_nvme_kernel,,1,16
Tutti-deployed,16,0.3,9830,4096,256,123,2898.514,7577.977,40263680,true,gpu_nvme_kernel,,1,16
Tutti-deployed,16,0.3,9830,4096,256,124,2912.333,7596.159,40263680,true,gpu_nvme_kernel,,1,16
Tutti-deployed,16,0.3,9830,4096,256,125,2910.576,7510.414,40263680,true,gpu_nvme_kernel,,1,16
Tutti-deployed,16,0.3,9830,4096,256,126,2917.152,7738.462,40263680,true,gpu_nvme_kernel,,1,16
Tutti-deployed,16,0.3,9830,4096,256,127,2909.445,7457.963,40263680,true,gpu_nvme_kernel,,1,16
Tutti-deployed,16,0.3,9830,4096,256,128,2899.205,7619.86,40263680,true,gpu_nvme_kernel,,1,16
Tutti-deployed,16,0.3,9830,4096,256,129,2941.041,7425.264,40263680,true,gpu_nvme_kernel,,1,16
Tutti-deployed,16,0.3,9830,4096,256,130,2906.416,7598.545,40263680,true,gpu_nvme_kernel,,1,16
Tutti-deployed,16,0.3,9830,4096,256,131,2909.869,7450.571,40263680,true,gpu_nvme_kernel,,1,16
Tutti-deployed,16,0.3,9830,4096,256,132,2927.934,7506.811,40263680,true,gpu_nvme_kernel,,1,16
Tutti-deployed,16,0.3,9830,4096,256,133,2900.989,7442.929,40263680,true,gpu_nvme_kernel,,1,16
Tutti-deployed,16,0.3,9830,4096,256,134,2918.179,7479.584,40263680,true,gpu_nvme_kernel,,1,16
Tutti-deployed,16,0.3,9830,4096,256,135,2890.51,7637.906,40263680,true,gpu_nvme_kernel,,1,16
Tutti-deployed,16,0.3,9830,4096,256,136,2894.99,7550.188,40263680,true,gpu_nvme_kernel,,1,16
Tutti-deployed,16,0.3,9830,4096,256,137,2909.019,7552.112,40263680,true,gpu_nvme_kernel,,1,16
Tutti-deployed,16,0.3,9830,4096,256,138,2910.261,7653.807,40263680,true,gpu_nvme_kernel,,1,16
Tutti-deployed,16,0.3,9830,4096,256,139,2913.208,7385.234,40263680,true,gpu_nvme_kernel,,1,16
Tutti-deployed,16,0.3,9830,4096,256,140,2903.264,7674.426,40263680,true,gpu_nvme_kernel,,1,16
Tutti-deployed,16,0.3,9830,4096,256,141,2927.421,7400.886,40263680,true,gpu_nvme_kernel,,1,16
Tutti-deployed,16,0.3,9830,4096,256,142,2912.284,7521.219,40263680,true,gpu_nvme_kernel,,1,16
Tutti-deployed,16,0.3,9830,4096,256,143,2908.949,7564.406,40263680,true,gpu_nvme_kernel,,1,16
Tutti-deployed,16,0.3,9830,4096,256,144,2915.878,7733.737,40263680,true,gpu_nvme_kernel,,1,16
Tutti-deployed,16,0.3,9830,4096,256,145,2903.684,7489.558,40263680,true,gpu_nvme_kernel,,1,16
Tutti-deployed,16,0.3,9830,4096,256,146,2899.03,7626.428,40263680,true,gpu_nvme_kernel,,1,16
Tutti-deployed,16,0.3,9830,4096,256,147,2900.821,7697.007,40263680,true,gpu_nvme_kernel,,1,16
Tutti-deployed,16,0.3,9830,4096,256,148,2908.566,7568.405,40263680,true,gpu_nvme_kernel,,1,16
Tutti-deployed,16,0.3,9830,4096,256,149,2896.244,7611.733,40263680,true,gpu_nvme_kernel,,1,16
Tutti-deployed,16,0.3,9830,4096,256,150,2920.052,7581.278,40263680,true,gpu_nvme_kernel,,1,16
Tutti-deployed,16,0.3,9830,4096,256,151,2904.275,7496.511,40263680,true,gpu_nvme_kernel,,1,16
Tutti-deployed,16,0.3,9830,4096,256,152,2917.99,7604.103,40263680,true,gpu_nvme_kernel,,1,16
Tutti-deployed,16,0.3,9830,4096,256,153,2912.757,7604.276,40263680,true,gpu_nvme_kernel,,1,16
Tutti-deployed,16,0.3,9830,4096,256,154,2923.731,7627.249,40263680,true,gpu_nvme_kernel,,1,16
Tutti-deployed,16,0.3,9830,4096,256,155,2898.608,7564.722,40263680,true,gpu_nvme_kernel,,1,16
Tutti-deployed,16,0.3,9830,4096,256,156,2887.779,7663.841,40263680,true,gpu_nvme_kernel,,1,16
Tutti-deployed,16,0.3,9830,4096,256,157,2901.716,7571.416,40263680,true,gpu_nvme_kernel,,1,16
Tutti-deployed,16,0.3,9830,4096,256,158,2915.173,7557.32,40263680,true,gpu_nvme_kernel,,1,16
Tutti-deployed,16,0.3,9830,4096,256,159,2917.534,7496.828,40263680,true,gpu_nvme_kernel,,1,16
Tutti-deployed,16,0.3,9830,4096,256,160,2922.056,7448.02,40263680,true,gpu_nvme_kernel,,1,16
Tutti-deployed,16,0.3,9830,4096,256,161,2918.839,7483.703,40263680,true,gpu_nvme_kernel,,1,16
Tutti-deployed,16,0.3,9830,4096,256,162,2911.986,7506.343,40263680,true,gpu_nvme_kernel,,1,16
Tutti-deployed,16,0.3,9830,4096,256,163,2915.541,7618.113,40263680,true,gpu_nvme_kernel,,1,16
Tutti-deployed,16,0.3,9830,4096,256,164,2932.152,7572.435,40263680,true,gpu_nvme_kernel,,1,16
Tutti-deployed,16,0.3,9830,4096,256,165,2924.033,7688.822,40263680,true,gpu_nvme_kernel,,1,16
Tutti-deployed,16,0.3,9830,4096,256,166,2899.55,7553.874,40263680,true,gpu_nvme_kernel,,1,16
Tutti-deployed,16,0.3,9830,4096,256,167,2909.598,7555.836,40263680,true,gpu_nvme_kernel,,1,16
Tutti-deployed,16,0.3,9830,4096,256,168,2913.921,7712.489,40263680,true,gpu_nvme_kernel,,1,16
Tutti-deployed,16,0.3,9830,4096,256,169,2902.81,7586.613,40263680,true,gpu_nvme_kernel,,1,16
Tutti-deployed,16,0.3,9830,4096,256,170,2913.947,7506.776,40263680,true,gpu_nvme_kernel,,1,16
Tutti-deployed,16,0.3,9830,4096,256,171,2915.5,7469.367,40263680,true,gpu_nvme_kernel,,1,16
Tutti-deployed,16,0.3,9830,4096,256,172,2890.167,7606.469,40263680,true,gpu_nvme_kernel,,1,16
Tutti-deployed,16,0.3,9830,4096,256,173,2914.313,7303.622,40263680,true,gpu_nvme_kernel,,1,16
Tutti-deployed,16,0.3,9830,4096,256,174,2915.04,7379.793,40263680,true,gpu_nvme_kernel,,1,16
Tutti-deployed,16,0.3,9830,4096,256,175,2896.128,7502.448,40263680,true,gpu_nvme_kernel,,1,16
Tutti-deployed,16,0.3,9830,4096,256,176,2905.908,7365.867,40263680,true,gpu_nvme_kernel,,1,16
Tutti-deployed,16,0.3,9830,4096,256,177,2914.422,7666.027,40263680,true,gpu_nvme_kernel,,1,16
Tutti-deployed,16,0.3,9830,4096,256,178,2920.07,7462.063,40263680,true,gpu_nvme_kernel,,1,16
Tutti-deployed,16,0.3,9830,4096,256,179,2905.227,7616.128,40263680,true,gpu_nvme_kernel,,1,16
Tutti-deployed,16,0.3,9830,4096,256,180,2916.315,7537.927,40263680,true,gpu_nvme_kernel,,1,16
Tutti-deployed,16,0.3,9830,4096,256,181,2908.749,7452.604,40263680,true,gpu_nvme_kernel,,1,16
Tutti-deployed,16,0.3,9830,4096,256,182,2912.445,7478.157,40263680,true,gpu_nvme_kernel,,1,16
Tutti-deployed,16,0.3,9830,4096,256,183,2910.598,7633.879,40263680,true,gpu_nvme_kernel,,1,16
Tutti-deployed,16,0.3,9830,4096,256,184,2938.952,7427.227,40263680,true,gpu_nvme_kernel,,1,16
Tutti-deployed,16,0.3,9830,4096,256,185,2909.057,7431.309,40263680,true,gpu_nvme_kernel,,1,16
Tutti-deployed,16,0.3,9830,4096,256,186,2900.584,7602.884,40263680,true,gpu_nvme_kernel,,1,16
Tutti-deployed,16,0.3,9830,4096,256,187,2892.796,7597.661,40263680,true,gpu_nvme_kernel,,1,16
Tutti-deployed,16,0.3,9830,4096,256,188,2922.937,7532.095,40263680,true,gpu_nvme_kernel,,1,16
Tutti-deployed,16,0.3,9830,4096,256,189,2922.768,7447.172,40263680,true,gpu_nvme_kernel,,1,16
Tutti-deployed,16,0.3,9830,4096,256,190,2923.802,7713.687,40263680,true,gpu_nvme_kernel,,1,16
Tutti-deployed,16,0.3,9830,4096,256,191,2910.805,7616.225,40263680,true,gpu_nvme_kernel,,1,16
Tutti-deployed,16,0.3,9830,4096,256,192,2908.696,7534.514,40263680,true,gpu_nvme_kernel,,1,16
Tutti-deployed,16,0.3,9830,4096,256,193,3069.963,7658.64,40263680,true,gpu_nvme_kernel,,1,16
Tutti-deployed,16,0.3,9830,4096,256,194,2901.877,7294.048,40263680,true,gpu_nvme_kernel,,1,16
Tutti-deployed,16,0.3,9830,4096,256,195,2912.752,7548.259,40263680,true,gpu_nvme_kernel,,1,16
Tutti-deployed,16,0.3,9830,4096,256,196,2901.88,7649.035,40263680,true,gpu_nvme_kernel,,1,16
Tutti-deployed,16,0.3,9830,4096,256,197,2912.528,7528.952,40263680,true,gpu_nvme_kernel,,1,16
Tutti-deployed,16,0.3,9830,4096,256,198,2889.247,7537.803,40263680,true,gpu_nvme_kernel,,1,16
Tutti-deployed,16,0.3,9830,4096,256,199,2927.722,7322.647,40263680,true,gpu_nvme_kernel,,1,16
Tutti-deployed,16,0.3,9830,4096,256,0,2899.544,7586.906,40263680,true,gpu_nvme_kernel,,3,16
Tutti-deployed,64,0.067,8782,4096,256,0,2605.693,6735.277,35971072,true,gpu_nvme_kernel,,2,16
Tutti-deployed,64,0.067,8782,4096,256,0,2623.97,6809.034,35971072,true,gpu_nvme_kernel,,0,16
Tutti-deployed,64,0.067,8782,4096,256,1,2606.923,6729.025,35971072,true,gpu_nvme_kernel,,0,16
Tutti-deployed,64,0.067,8782,4096,256,2,2614.988,6860.633,35971072,true,gpu_nvme_kernel,,0,16
Tutti-deployed,64,0.067,8782,4096,256,3,2621.114,6763.938,35971072,true,gpu_nvme_kernel,,0,16
Tutti-deployed,64,0.067,8782,4096,256,4,2601.026,6632.179,35971072,true,gpu_nvme_kernel,,0,16
Tutti-deployed,64,0.067,8782,4096,256,5,2621.292,6688.157,35971072,true,gpu_nvme_kernel,,0,16
Tutti-deployed,64,0.067,8782,4096,256,6,2609.289,6724.806,35971072,true,gpu_nvme_kernel,,0,16
Tutti-deployed,64,0.067,8782,4096,256,7,2591.194,6729.446,35971072,true,gpu_nvme_kernel,,0,16
Tutti-deployed,64,0.067,8782,4096,256,8,2577.419,6759.747,35971072,true,gpu_nvme_kernel,,0,16
Tutti-deployed,64,0.067,8782,4096,256,9,2596.234,6699.283,35971072,true,gpu_nvme_kernel,,0,16
Tutti-deployed,64,0.067,8782,4096,256,0,2612.946,6744.274,35971072,true,gpu_nvme_kernel,,1,16
Tutti-deployed,64,0.067,8782,4096,256,1,2602.313,6756.415,35971072,true,gpu_nvme_kernel,,1,16
Tutti-deployed,64,0.067,8782,4096,256,2,2595.717,6717.491,35971072,true,gpu_nvme_kernel,,1,16
Tutti-deployed,64,0.067,8782,4096,256,3,2597.203,6816.761,35971072,true,gpu_nvme_kernel,,1,16
Tutti-deployed,64,0.067,8782,4096,256,4,2589.676,6882.065,35971072,true,gpu_nvme_kernel,,1,16
Tutti-deployed,64,0.067,8782,4096,256,5,2609.008,6811.356,35971072,true,gpu_nvme_kernel,,1,16
Tutti-deployed,64,0.067,8782,4096,256,6,2591.596,6874.976,35971072,true,gpu_nvme_kernel,,1,16
Tutti-deployed,64,0.067,8782,4096,256,7,2620.11,6749.515,35971072,true,gpu_nvme_kernel,,1,16
Tutti-deployed,64,0.067,8782,4096,256,8,2611.194,6796.381,35971072,true,gpu_nvme_kernel,,1,16
Tutti-deployed,64,0.067,8782,4096,256,9,2615.711,6589.417,35971072,true,gpu_nvme_kernel,,1,16
Tutti-deployed,64,0.067,8782,4096,256,10,2598.408,6774.134,35971072,true,gpu_nvme_kernel,,1,16
Tutti-deployed,64,0.067,8782,4096,256,11,2588.599,6730.355,35971072,true,gpu_nvme_kernel,,1,16
Tutti-deployed,64,0.067,8782,4096,256,12,2585.851,6825.667,35971072,true,gpu_nvme_kernel,,1,16
Tutti-deployed,64,0.067,8782,4096,256,13,2603.72,6763.164,35971072,true,gpu_nvme_kernel,,1,16
Tutti-deployed,64,0.067,8782,4096,256,14,2596.273,6794.609,35971072,true,gpu_nvme_kernel,,1,16
Tutti-deployed,64,0.067,8782,4096,256,15,2614.085,6798.107,35971072,true,gpu_nvme_kernel,,1,16
Tutti-deployed,64,0.067,8782,4096,256,16,2607.418,6792.027,35971072,true,gpu_nvme_kernel,,1,16
Tutti-deployed,64,0.067,8782,4096,256,17,2582.053,6819.956,35971072,true,gpu_nvme_kernel,,1,16
Tutti-deployed,64,0.067,8782,4096,256,18,2599.352,6700.317,35971072,true,gpu_nvme_kernel,,1,16
Tutti-deployed,64,0.067,8782,4096,256,19,2592.113,6813.485,35971072,true,gpu_nvme_kernel,,1,16
Tutti-deployed,64,0.067,8782,4096,256,20,2588.385,6715.147,35971072,true,gpu_nvme_kernel,,1,16
Tutti-deployed,64,0.067,8782,4096,256,21,2593.368,6745.88,35971072,true,gpu_nvme_kernel,,1,16
Tutti-deployed,64,0.067,8782,4096,256,22,2596.155,6664.467,35971072,true,gpu_nvme_kernel,,1,16
Tutti-deployed,64,0.067,8782,4096,256,23,2619.452,6719.589,35971072,true,gpu_nvme_kernel,,1,16
Tutti-deployed,64,0.067,8782,4096,256,24,2586.21,6725.326,35971072,true,gpu_nvme_kernel,,1,16
Tutti-deployed,64,0.067,8782,4096,256,25,2600.681,6808.681,35971072,true,gpu_nvme_kernel,,1,16
Tutti-deployed,64,0.067,8782,4096,256,26,2589.822,6702.869,35971072,true,gpu_nvme_kernel,,1,16
Tutti-deployed,64,0.067,8782,4096,256,27,2615.676,6635.828,35971072,true,gpu_nvme_kernel,,1,16
Tutti-deployed,64,0.067,8782,4096,256,28,2601.095,6573.159,35971072,true,gpu_nvme_kernel,,1,16
Tutti-deployed,64,0.067,8782,4096,256,29,2599.284,6823.131,35971072,true,gpu_nvme_kernel,,1,16
Tutti-deployed,64,0.067,8782,4096,256,30,2609.742,6823.216,35971072,true,gpu_nvme_kernel,,1,16
Tutti-deployed,64,0.067,8782,4096,256,31,2587.137,6757.686,35971072,true,gpu_nvme_kernel,,1,16
Tutti-deployed,64,0.067,8782,4096,256,32,2591.957,6792.477,35971072,true,gpu_nvme_kernel,,1,16
Tutti-deployed,64,0.067,8782,4096,256,33,2602.048,6736.185,35971072,true,gpu_nvme_kernel,,1,16
Tutti-deployed,64,0.067,8782,4096,256,34,2601.807,6849.726,35971072,true,gpu_nvme_kernel,,1,16
Tutti-deployed,64,0.067,8782,4096,256,35,2596.914,6774.567,35971072,true,gpu_nvme_kernel,,1,16
Tutti-deployed,64,0.067,8782,4096,256,36,2602.681,6708.094,35971072,true,gpu_nvme_kernel,,1,16
Tutti-deployed,64,0.067,8782,4096,256,37,2603.986,6710.995,35971072,true,gpu_nvme_kernel,,1,16
Tutti-deployed,64,0.067,8782,4096,256,38,2605.04,6827.911,35971072,true,gpu_nvme_kernel,,1,16
Tutti-deployed,64,0.067,8782,4096,256,39,2602.136,6637.657,35971072,true,gpu_nvme_kernel,,1,16
Tutti-deployed,64,0.067,8782,4096,256,40,2597.02,6756.633,35971072,true,gpu_nvme_kernel,,1,16
Tutti-deployed,64,0.067,8782,4096,256,41,2604.96,6636.057,35971072,true,gpu_nvme_kernel,,1,16
Tutti-deployed,64,0.067,8782,4096,256,42,2756.66,6845.011,35971072,true,gpu_nvme_kernel,,1,16
Tutti-deployed,64,0.067,8782,4096,256,43,3102.867,6769.637,35971072,true,gpu_nvme_kernel,,1,16
Tutti-deployed,64,0.067,8782,4096,256,44,3063.648,6831.634,35971072,true,gpu_nvme_kernel,,1,16
Tutti-deployed,64,0.067,8782,4096,256,45,3038.434,6786.953,35971072,true,gpu_nvme_kernel,,1,16
Tutti-deployed,64,0.067,8782,4096,256,46,3054.109,6758.752,35971072,true,gpu_nvme_kernel,,1,16
Tutti-deployed,64,0.067,8782,4096,256,47,3036.578,6659.636,35971072,true,gpu_nvme_kernel,,1,16
Tutti-deployed,64,0.067,8782,4096,256,48,3047.612,6734.696,35971072,true,gpu_nvme_kernel,,1,16
Tutti-deployed,64,0.067,8782,4096,256,49,3025.945,6866.593,35971072,true,gpu_nvme_kernel,,1,16
Tutti-deployed,64,0.067,8782,4096,256,50,3038.854,6828.159,35971072,true,gpu_nvme_kernel,,1,16
Tutti-deployed,64,0.067,8782,4096,256,51,3053.478,6882.601,35971072,true,gpu_nvme_kernel,,1,16
Tutti-deployed,64,0.067,8782,4096,256,52,3084.088,6825.506,35971072,true,gpu_nvme_kernel,,1,16
Tutti-deployed,64,0.067,8782,4096,256,53,3032.626,6714.152,35971072,true,gpu_nvme_kernel,,1,16
Tutti-deployed,64,0.067,8782,4096,256,54,3021.195,6798.381,35971072,true,gpu_nvme_kernel,,1,16
Tutti-deployed,64,0.067,8782,4096,256,55,3041.269,6812.897,35971072,true,gpu_nvme_kernel,,1,16
Tutti-deployed,64,0.067,8782,4096,256,56,3030.93,6749.061,35971072,true,gpu_nvme_kernel,,1,16
Tutti-deployed,64,0.067,8782,4096,256,57,3022.649,6995.846,35971072,true,gpu_nvme_kernel,,1,16
Tutti-deployed,64,0.067,8782,4096,256,58,3030.643,6691.984,35971072,true,gpu_nvme_kernel,,1,16
Tutti-deployed,64,0.067,8782,4096,256,59,3032.607,6856.924,35971072,true,gpu_nvme_kernel,,1,16
Tutti-deployed,64,0.067,8782,4096,256,60,3037.717,6847.014,35971072,true,gpu_nvme_kernel,,1,16
Tutti-deployed,64,0.067,8782,4096,256,61,3040.491,6709.599,35971072,true,gpu_nvme_kernel,,1,16
Tutti-deployed,64,0.067,8782,4096,256,62,3021.856,6755.097,35971072,true,gpu_nvme_kernel,,1,16
Tutti-deployed,64,0.067,8782,4096,256,63,3039.758,6761.358,35971072,true,gpu_nvme_kernel,,1,16
Tutti-deployed,64,0.067,8782,4096,256,64,3022.777,6782.194,35971072,true,gpu_nvme_kernel,,1,16
Tutti-deployed,64,0.067,8782,4096,256,65,3031.867,6771.614,35971072,true,gpu_nvme_kernel,,1,16
Tutti-deployed,64,0.067,8782,4096,256,66,3050.259,6921.393,35971072,true,gpu_nvme_kernel,,1,16
Tutti-deployed,64,0.067,8782,4096,256,67,3024.258,6747.555,35971072,true,gpu_nvme_kernel,,1,16
Tutti-deployed,64,0.067,8782,4096,256,68,3038.361,6729.191,35971072,true,gpu_nvme_kernel,,1,16
Tutti-deployed,64,0.067,8782,4096,256,69,3016.61,6786.496,35971072,true,gpu_nvme_kernel,,1,16
Tutti-deployed,64,0.067,8782,4096,256,70,3033.647,6828.462,35971072,true,gpu_nvme_kernel,,1,16
Tutti-deployed,64,0.067,8782,4096,256,71,3055.839,6794.16,35971072,true,gpu_nvme_kernel,,1,16
Tutti-deployed,64,0.067,8782,4096,256,72,3052.146,6949.213,35971072,true,gpu_nvme_kernel,,1,16
Tutti-deployed,64,0.067,8782,4096,256,73,3039.362,6829.954,35971072,true,gpu_nvme_kernel,,1,16
Tutti-deployed,64,0.067,8782,4096,256,74,3042.377,6738.992,35971072,true,gpu_nvme_kernel,,1,16
Tutti-deployed,64,0.067,8782,4096,256,75,3066.548,6687.415,35971072,true,gpu_nvme_kernel,,1,16
Tutti-deployed,64,0.067,8782,4096,256,76,3041.418,6877.341,35971072,true,gpu_nvme_kernel,,1,16
Tutti-deployed,64,0.067,8782,4096,256,77,3047.142,6795.239,35971072,true,gpu_nvme_kernel,,1,16
Tutti-deployed,64,0.067,8782,4096,256,78,3018.156,6749.037,35971072,true,gpu_nvme_kernel,,1,16
Tutti-deployed,64,0.067,8782,4096,256,79,3038.247,6701.523,35971072,true,gpu_nvme_kernel,,1,16
Tutti-deployed,64,0.067,8782,4096,256,80,3034.207,6776.547,35971072,true,gpu_nvme_kernel,,1,16
Tutti-deployed,64,0.067,8782,4096,256,81,3049.856,6786.238,35971072,true,gpu_nvme_kernel,,1,16
Tutti-deployed,64,0.067,8782,4096,256,82,3038.759,6843.63,35971072,true,gpu_nvme_kernel,,1,16
Tutti-deployed,64,0.067,8782,4096,256,83,3042.118,6992.062,35971072,true,gpu_nvme_kernel,,1,16
Tutti-deployed,64,0.067,8782,4096,256,84,3043.223,6887.666,35971072,true,gpu_nvme_kernel,,1,16
Tutti-deployed,64,0.067,8782,4096,256,85,3044.307,6644.089,35971072,true,gpu_nvme_kernel,,1,16
Tutti-deployed,64,0.067,8782,4096,256,86,3064.289,6668.615,35971072,true,gpu_nvme_kernel,,1,16
Tutti-deployed,64,0.067,8782,4096,256,87,3048.012,6910.374,35971072,true,gpu_nvme_kernel,,1,16
Tutti-deployed,64,0.067,8782,4096,256,88,3024.746,6795.832,35971072,true,gpu_nvme_kernel,,1,16
Tutti-deployed,64,0.067,8782,4096,256,89,3033.967,6767.915,35971072,true,gpu_nvme_kernel,,1,16
Tutti-deployed,64,0.067,8782,4096,256,90,3024.22,6778.597,35971072,true,gpu_nvme_kernel,,1,16
Tutti-deployed,64,0.067,8782,4096,256,91,3013.081,6900.224,35971072,true,gpu_nvme_kernel,,1,16
Tutti-deployed,64,0.067,8782,4096,256,92,3051.858,6832.172,35971072,true,gpu_nvme_kernel,,1,16
Tutti-deployed,64,0.067,8782,4096,256,93,3039.635,6743.88,35971072,true,gpu_nvme_kernel,,1,16
Tutti-deployed,64,0.067,8782,4096,256,94,3025.613,6840.434,35971072,true,gpu_nvme_kernel,,1,16
Tutti-deployed,64,0.067,8782,4096,256,95,3031.241,6756.857,35971072,true,gpu_nvme_kernel,,1,16
Tutti-deployed,64,0.067,8782,4096,256,96,3055.069,6793.207,35971072,true,gpu_nvme_kernel,,1,16
Tutti-deployed,64,0.067,8782,4096,256,97,3059.062,6825.781,35971072,true,gpu_nvme_kernel,,1,16
Tutti-deployed,64,0.067,8782,4096,256,98,3038.759,7659.155,35971072,true,gpu_nvme_kernel,,1,16
Tutti-deployed,64,0.067,8782,4096,256,99,3039.698,6830.092,35971072,true,gpu_nvme_kernel,,1,16
Tutti-deployed,64,0.067,8782,4096,256,100,3044.972,6789.657,35971072,true,gpu_nvme_kernel,,1,16
Tutti-deployed,64,0.067,8782,4096,256,101,3037.18,6712.092,35971072,true,gpu_nvme_kernel,,1,16
Tutti-deployed,64,0.067,8782,4096,256,102,3022.459,6757.719,35971072,true,gpu_nvme_kernel,,1,16
Tutti-deployed,64,0.067,8782,4096,256,103,3031.889,7008.02,35971072,true,gpu_nvme_kernel,,1,16
Tutti-deployed,64,0.067,8782,4096,256,104,3040.558,6788.889,35971072,true,gpu_nvme_kernel,,1,16
Tutti-deployed,64,0.067,8782,4096,256,105,3037.459,6699.791,35971072,true,gpu_nvme_kernel,,1,16
Tutti-deployed,64,0.067,8782,4096,256,106,3053.658,6695.467,35971072,true,gpu_nvme_kernel,,1,16
Tutti-deployed,64,0.067,8782,4096,256,107,3044.388,6806.209,35971072,true,gpu_nvme_kernel,,1,16
Tutti-deployed,64,0.067,8782,4096,256,108,3019.478,6787.817,35971072,true,gpu_nvme_kernel,,1,16
Tutti-deployed,64,0.067,8782,4096,256,109,3047.183,6867.254,35971072,true,gpu_nvme_kernel,,1,16
Tutti-deployed,64,0.067,8782,4096,256,110,3028.647,6839.554,35971072,true,gpu_nvme_kernel,,1,16
Tutti-deployed,64,0.067,8782,4096,256,111,3063.627,6757.361,35971072,true,gpu_nvme_kernel,,1,16
Tutti-deployed,64,0.067,8782,4096,256,112,3029.263,6809.853,35971072,true,gpu_nvme_kernel,,1,16
Tutti-deployed,64,0.067,8782,4096,256,113,3043.611,6725.321,35971072,true,gpu_nvme_kernel,,1,16
Tutti-deployed,64,0.067,8782,4096,256,114,3019.28,6932.933,35971072,true,gpu_nvme_kernel,,1,16
Tutti-deployed,64,0.067,8782,4096,256,115,3022.003,6843.384,35971072,true,gpu_nvme_kernel,,1,16
Tutti-deployed,64,0.067,8782,4096,256,116,3023.774,6868.534,35971072,true,gpu_nvme_kernel,,1,16
Tutti-deployed,64,0.067,8782,4096,256,117,3018.369,6701.644,35971072,true,gpu_nvme_kernel,,1,16
Tutti-deployed,64,0.067,8782,4096,256,118,3037.292,6815.868,35971072,true,gpu_nvme_kernel,,1,16
Tutti-deployed,64,0.067,8782,4096,256,119,3020.178,6789.615,35971072,true,gpu_nvme_kernel,,1,16
Tutti-deployed,64,0.067,8782,4096,256,120,3022.294,6942.342,35971072,true,gpu_nvme_kernel,,1,16
Tutti-deployed,64,0.067,8782,4096,256,121,3018.881,6699.239,35971072,true,gpu_nvme_kernel,,1,16
Tutti-deployed,64,0.067,8782,4096,256,122,3036.746,6887.213,35971072,true,gpu_nvme_kernel,,1,16
Tutti-deployed,64,0.067,8782,4096,256,123,3023.288,6712.02,35971072,true,gpu_nvme_kernel,,1,16
Tutti-deployed,64,0.067,8782,4096,256,124,3034.031,6951.354,35971072,true,gpu_nvme_kernel,,1,16
Tutti-deployed,64,0.067,8782,4096,256,125,3030.182,6780.717,35971072,true,gpu_nvme_kernel,,1,16
Tutti-deployed,64,0.067,8782,4096,256,126,3045.061,6755.903,35971072,true,gpu_nvme_kernel,,1,16
Tutti-deployed,64,0.067,8782,4096,256,127,3023.783,6726.082,35971072,true,gpu_nvme_kernel,,1,16
Tutti-deployed,64,0.067,8782,4096,256,128,3015.011,6843.249,35971072,true,gpu_nvme_kernel,,1,16
Tutti-deployed,64,0.067,8782,4096,256,129,3145.22,6827.93,35971072,true,gpu_nvme_kernel,,1,16
Tutti-deployed,64,0.067,8782,4096,256,130,3053.437,6742.101,35971072,true,gpu_nvme_kernel,,1,16
Tutti-deployed,64,0.067,8782,4096,256,131,3079.089,6862.633,35971072,true,gpu_nvme_kernel,,1,16
Tutti-deployed,64,0.067,8782,4096,256,132,3039.431,6766.385,35971072,true,gpu_nvme_kernel,,1,16
Tutti-deployed,64,0.067,8782,4096,256,133,3067.34,6612.512,35971072,true,gpu_nvme_kernel,,1,16
Tutti-deployed,64,0.067,8782,4096,256,134,3083.43,6776.323,35971072,true,gpu_nvme_kernel,,1,16
Tutti-deployed,64,0.067,8782,4096,256,135,3051.859,6769.016,35971072,true,gpu_nvme_kernel,,1,16
Tutti-deployed,64,0.067,8782,4096,256,136,3020.838,6697.368,35971072,true,gpu_nvme_kernel,,1,16
Tutti-deployed,64,0.067,8782,4096,256,137,3016.031,6788.062,35971072,true,gpu_nvme_kernel,,1,16
Tutti-deployed,64,0.067,8782,4096,256,138,3032.588,7026.924,35971072,true,gpu_nvme_kernel,,1,16
Tutti-deployed,64,0.067,8782,4096,256,139,3039.946,6905.448,35971072,true,gpu_nvme_kernel,,1,16
Tutti-deployed,64,0.067,8782,4096,256,140,3018.327,6784.488,35971072,true,gpu_nvme_kernel,,1,16
Tutti-deployed,64,0.067,8782,4096,256,141,3030.453,6843.747,35971072,true,gpu_nvme_kernel,,1,16
Tutti-deployed,64,0.067,8782,4096,256,142,3038.214,6689.776,35971072,true,gpu_nvme_kernel,,1,16
Tutti-deployed,64,0.067,8782,4096,256,143,3027.076,6641.58,35971072,true,gpu_nvme_kernel,,1,16
Tutti-deployed,64,0.067,8782,4096,256,144,3034.757,6747.127,35971072,true,gpu_nvme_kernel,,1,16
Tutti-deployed,64,0.067,8782,4096,256,145,3043.613,6860.27,35971072,true,gpu_nvme_kernel,,1,16
Tutti-deployed,64,0.067,8782,4096,256,146,3048.157,6806.211,35971072,true,gpu_nvme_kernel,,1,16
Tutti-deployed,64,0.067,8782,4096,256,147,3012.809,6872.12,35971072,true,gpu_nvme_kernel,,1,16
Tutti-deployed,64,0.067,8782,4096,256,148,3052.058,6662.629,35971072,true,gpu_nvme_kernel,,1,16
Tutti-deployed,64,0.067,8782,4096,256,149,3041.067,6782.9,35971072,true,gpu_nvme_kernel,,1,16
Tutti-deployed,64,0.067,8782,4096,256,150,3027.726,6751.85,35971072,true,gpu_nvme_kernel,,1,16
Tutti-deployed,64,0.067,8782,4096,256,151,3047.292,6821.663,35971072,true,gpu_nvme_kernel,,1,16
Tutti-deployed,64,0.067,8782,4096,256,152,3025.854,6990.12,35971072,true,gpu_nvme_kernel,,1,16
Tutti-deployed,64,0.067,8782,4096,256,153,3031.448,6800.996,35971072,true,gpu_nvme_kernel,,1,16
Tutti-deployed,64,0.067,8782,4096,256,154,3039.417,6840.986,35971072,true,gpu_nvme_kernel,,1,16
Tutti-deployed,64,0.067,8782,4096,256,155,3027.55,6785.578,35971072,true,gpu_nvme_kernel,,1,16
Tutti-deployed,64,0.067,8782,4096,256,156,3045.792,6847.473,35971072,true,gpu_nvme_kernel,,1,16
Tutti-deployed,64,0.067,8782,4096,256,157,3036.281,6679.863,35971072,true,gpu_nvme_kernel,,1,16
Tutti-deployed,64,0.067,8782,4096,256,158,3021.424,6840.856,35971072,true,gpu_nvme_kernel,,1,16
Tutti-deployed,64,0.067,8782,4096,256,159,3036.324,6747.182,35971072,true,gpu_nvme_kernel,,1,16
Tutti-deployed,64,0.067,8782,4096,256,160,3020.339,6920.908,35971072,true,gpu_nvme_kernel,,1,16
Tutti-deployed,64,0.067,8782,4096,256,161,3030.473,6810.836,35971072,true,gpu_nvme_kernel,,1,16
Tutti-deployed,64,0.067,8782,4096,256,162,3026.013,6767.78,35971072,true,gpu_nvme_kernel,,1,16
Tutti-deployed,64,0.067,8782,4096,256,163,3055.613,6822.371,35971072,true,gpu_nvme_kernel,,1,16
Tutti-deployed,64,0.067,8782,4096,256,164,3060.921,6691.202,35971072,true,gpu_nvme_kernel,,1,16
Tutti-deployed,64,0.067,8782,4096,256,165,3042.613,7090.968,35971072,true,gpu_nvme_kernel,,1,16
Tutti-deployed,64,0.067,8782,4096,256,166,3033.753,6834.946,35971072,true,gpu_nvme_kernel,,1,16
Tutti-deployed,64,0.067,8782,4096,256,167,3028.135,6780.481,35971072,true,gpu_nvme_kernel,,1,16
Tutti-deployed,64,0.067,8782,4096,256,168,3027.818,6683.875,35971072,true,gpu_nvme_kernel,,1,16
Tutti-deployed,64,0.067,8782,4096,256,169,3018.58,6947.943,35971072,true,gpu_nvme_kernel,,1,16
Tutti-deployed,64,0.067,8782,4096,256,170,3045.762,6785.06,35971072,true,gpu_nvme_kernel,,1,16
Tutti-deployed,64,0.067,8782,4096,256,171,2630.664,6807.664,35971072,true,gpu_nvme_kernel,,1,16
Tutti-deployed,64,0.067,8782,4096,256,172,2608.927,6825.992,35971072,true,gpu_nvme_kernel,,1,16
Tutti-deployed,64,0.067,8782,4096,256,173,2620.92,6668.517,35971072,true,gpu_nvme_kernel,,1,16
Tutti-deployed,64,0.067,8782,4096,256,174,2588.249,6824.873,35971072,true,gpu_nvme_kernel,,1,16
Tutti-deployed,64,0.067,8782,4096,256,175,2621.36,6831.524,35971072,true,gpu_nvme_kernel,,1,16
Tutti-deployed,64,0.067,8782,4096,256,176,2636.471,6809.579,35971072,true,gpu_nvme_kernel,,1,16
Tutti-deployed,64,0.067,8782,4096,256,177,2641.378,6786.887,35971072,true,gpu_nvme_kernel,,1,16
Tutti-deployed,64,0.067,8782,4096,256,178,2634.746,6703.428,35971072,true,gpu_nvme_kernel,,1,16
Tutti-deployed,64,0.067,8782,4096,256,179,2627.221,6788.294,35971072,true,gpu_nvme_kernel,,1,16
Tutti-deployed,64,0.067,8782,4096,256,180,2603.127,6809.454,35971072,true,gpu_nvme_kernel,,1,16
Tutti-deployed,64,0.067,8782,4096,256,181,2612.088,6815.18,35971072,true,gpu_nvme_kernel,,1,16
Tutti-deployed,64,0.067,8782,4096,256,182,2610.968,6722.909,35971072,true,gpu_nvme_kernel,,1,16
Tutti-deployed,64,0.067,8782,4096,256,183,2615.593,6885.308,35971072,true,gpu_nvme_kernel,,1,16
Tutti-deployed,64,0.067,8782,4096,256,184,2606.746,6757.532,35971072,true,gpu_nvme_kernel,,1,16
Tutti-deployed,64,0.067,8782,4096,256,185,2628.93,6708.276,35971072,true,gpu_nvme_kernel,,1,16
Tutti-deployed,64,0.067,8782,4096,256,186,2643.401,6856.494,35971072,true,gpu_nvme_kernel,,1,16
Tutti-deployed,64,0.067,8782,4096,256,187,2613.873,6553.568,35971072,true,gpu_nvme_kernel,,1,16
Tutti-deployed,64,0.067,8782,4096,256,188,2616.441,6700.588,35971072,true,gpu_nvme_kernel,,1,16
Tutti-deployed,64,0.067,8782,4096,256,189,2603.157,6902.455,35971072,true,gpu_nvme_kernel,,1,16
Tutti-deployed,64,0.067,8782,4096,256,190,2612.028,6815.185,35971072,true,gpu_nvme_kernel,,1,16
Tutti-deployed,64,0.067,8782,4096,256,191,2623.938,6708.799,35971072,true,gpu_nvme_kernel,,1,16
Tutti-deployed,64,0.067,8782,4096,256,192,2612.03,6610.31,35971072,true,gpu_nvme_kernel,,1,16
Tutti-deployed,64,0.067,8782,4096,256,193,2641.078,6765.188,35971072,true,gpu_nvme_kernel,,1,16
Tutti-deployed,64,0.067,8782,4096,256,194,2616.068,6833.982,35971072,true,gpu_nvme_kernel,,1,16
Tutti-deployed,64,0.067,8782,4096,256,195,2598.187,6800.009,35971072,true,gpu_nvme_kernel,,1,16
Tutti-deployed,64,0.067,8782,4096,256,196,2599.389,6996.877,35971072,true,gpu_nvme_kernel,,1,16
Tutti-deployed,64,0.067,8782,4096,256,197,2598.662,6866.238,35971072,true,gpu_nvme_kernel,,1,16
Tutti-deployed,64,0.067,8782,4096,256,198,2623.308,6762.346,35971072,true,gpu_nvme_kernel,,1,16
Tutti-deployed,64,0.067,8782,4096,256,199,2626.71,6793.946,35971072,true,gpu_nvme_kernel,,1,16
Tutti-deployed,64,0.067,8782,4096,256,0,2630.59,6720.673,35971072,true,gpu_nvme_kernel,,3,16
Tutti-deployed,64,0.134,17564,4096,256,0,5252.845,13439.656,71942144,true,gpu_nvme_kernel,,2,16
Tutti-deployed,64,0.134,17564,4096,256,0,5215.678,13545.52,71942144,true,gpu_nvme_kernel,,0,16
Tutti-deployed,64,0.134,17564,4096,256,1,5240.567,13511.742,71942144,true,gpu_nvme_kernel,,0,16
Tutti-deployed,64,0.134,17564,4096,256,2,5203.33,13347.718,71942144,true,gpu_nvme_kernel,,0,16
Tutti-deployed,64,0.134,17564,4096,256,3,5223.857,13356.57,71942144,true,gpu_nvme_kernel,,0,16
Tutti-deployed,64,0.134,17564,4096,256,4,5206.496,13339.904,71942144,true,gpu_nvme_kernel,,0,16
Tutti-deployed,64,0.134,17564,4096,256,5,5228.827,13500.231,71942144,true,gpu_nvme_kernel,,0,16
Tutti-deployed,64,0.134,17564,4096,256,6,5225.248,13503.846,71942144,true,gpu_nvme_kernel,,0,16
Tutti-deployed,64,0.134,17564,4096,256,7,5231.151,13467.781,71942144,true,gpu_nvme_kernel,,0,16
Tutti-deployed,64,0.134,17564,4096,256,8,5205.88,13382.369,71942144,true,gpu_nvme_kernel,,0,16
Tutti-deployed,64,0.134,17564,4096,256,9,5237.148,13382.079,71942144,true,gpu_nvme_kernel,,0,16
Tutti-deployed,64,0.134,17564,4096,256,0,5226.851,13492.242,71942144,true,gpu_nvme_kernel,,1,16
Tutti-deployed,64,0.134,17564,4096,256,1,5206.421,13646.749,71942144,true,gpu_nvme_kernel,,1,16
Tutti-deployed,64,0.134,17564,4096,256,2,5224.689,13490.467,71942144,true,gpu_nvme_kernel,,1,16
Tutti-deployed,64,0.134,17564,4096,256,3,5217.005,13333.444,71942144,true,gpu_nvme_kernel,,1,16
Tutti-deployed,64,0.134,17564,4096,256,4,5231.506,13431.98,71942144,true,gpu_nvme_kernel,,1,16
Tutti-deployed,64,0.134,17564,4096,256,5,5232.986,13600.541,71942144,true,gpu_nvme_kernel,,1,16
Tutti-deployed,64,0.134,17564,4096,256,6,5216.035,13512.691,71942144,true,gpu_nvme_kernel,,1,16
Tutti-deployed,64,0.134,17564,4096,256,7,5232.142,13365.033,71942144,true,gpu_nvme_kernel,,1,16
Tutti-deployed,64,0.134,17564,4096,256,8,5207.189,13172.421,71942144,true,gpu_nvme_kernel,,1,16
Tutti-deployed,64,0.134,17564,4096,256,9,5242.241,13587.37,71942144,true,gpu_nvme_kernel,,1,16
Tutti-deployed,64,0.134,17564,4096,256,10,5231.605,13331.024,71942144,true,gpu_nvme_kernel,,1,16
Tutti-deployed,64,0.134,17564,4096,256,11,5250.906,13426.989,71942144,true,gpu_nvme_kernel,,1,16
Tutti-deployed,64,0.134,17564,4096,256,12,5271.573,13525.955,71942144,true,gpu_nvme_kernel,,1,16
Tutti-deployed,64,0.134,17564,4096,256,13,5226.067,13472.766,71942144,true,gpu_nvme_kernel,,1,16
Tutti-deployed,64,0.134,17564,4096,256,14,5233.752,13514.44,71942144,true,gpu_nvme_kernel,,1,16
Tutti-deployed,64,0.134,17564,4096,256,15,5240.332,13333.316,71942144,true,gpu_nvme_kernel,,1,16
Tutti-deployed,64,0.134,17564,4096,256,16,5231.309,13547.677,71942144,true,gpu_nvme_kernel,,1,16
Tutti-deployed,64,0.134,17564,4096,256,17,5203.65,13594.51,71942144,true,gpu_nvme_kernel,,1,16
Tutti-deployed,64,0.134,17564,4096,256,18,5229.724,13317.516,71942144,true,gpu_nvme_kernel,,1,16
Tutti-deployed,64,0.134,17564,4096,256,19,5265.271,13343.558,71942144,true,gpu_nvme_kernel,,1,16
Tutti-deployed,64,0.134,17564,4096,256,20,5207.098,13350.049,71942144,true,gpu_nvme_kernel,,1,16
Tutti-deployed,64,0.134,17564,4096,256,21,5203.145,13660.781,71942144,true,gpu_nvme_kernel,,1,16
Tutti-deployed,64,0.134,17564,4096,256,22,5221.211,13440.916,71942144,true,gpu_nvme_kernel,,1,16
Tutti-deployed,64,0.134,17564,4096,256,23,5220.114,13363.686,71942144,true,gpu_nvme_kernel,,1,16
Tutti-deployed,64,0.134,17564,4096,256,24,5220.583,13418.275,71942144,true,gpu_nvme_kernel,,1,16
Tutti-deployed,64,0.134,17564,4096,256,25,5240.27,13701.026,71942144,true,gpu_nvme_kernel,,1,16
Tutti-deployed,64,0.134,17564,4096,256,26,5227.57,13353.961,71942144,true,gpu_nvme_kernel,,1,16
Tutti-deployed,64,0.134,17564,4096,256,27,5243.608,13265.188,71942144,true,gpu_nvme_kernel,,1,16
Tutti-deployed,64,0.134,17564,4096,256,28,5204.237,13542.174,71942144,true,gpu_nvme_kernel,,1,16
Tutti-deployed,64,0.134,17564,4096,256,29,5228.287,13344.938,71942144,true,gpu_nvme_kernel,,1,16
Tutti-deployed,64,0.134,17564,4096,256,30,5262.775,13528.867,71942144,true,gpu_nvme_kernel,,1,16
Tutti-deployed,64,0.134,17564,4096,256,31,5238.094,13500.807,71942144,true,gpu_nvme_kernel,,1,16
Tutti-deployed,64,0.134,17564,4096,256,32,5259.143,13505.523,71942144,true,gpu_nvme_kernel,,1,16
Tutti-deployed,64,0.134,17564,4096,256,33,5247.935,13564.884,71942144,true,gpu_nvme_kernel,,1,16
Tutti-deployed,64,0.134,17564,4096,256,34,5246.194,13554.045,71942144,true,gpu_nvme_kernel,,1,16
Tutti-deployed,64,0.134,17564,4096,256,35,5204.517,13384.14,71942144,true,gpu_nvme_kernel,,1,16
Tutti-deployed,64,0.134,17564,4096,256,36,5228.761,13361.062,71942144,true,gpu_nvme_kernel,,1,16
Tutti-deployed,64,0.134,17564,4096,256,37,5230.136,13421.876,71942144,true,gpu_nvme_kernel,,1,16
Tutti-deployed,64,0.134,17564,4096,256,38,5221.026,13409.306,71942144,true,gpu_nvme_kernel,,1,16
Tutti-deployed,64,0.134,17564,4096,256,39,5210.986,13237.017,71942144,true,gpu_nvme_kernel,,1,16
Tutti-deployed,64,0.134,17564,4096,256,40,5257.279,13129.714,71942144,true,gpu_nvme_kernel,,1,16
Tutti-deployed,64,0.134,17564,4096,256,41,5238.984,13288.751,71942144,true,gpu_nvme_kernel,,1,16
Tutti-deployed,64,0.134,17564,4096,256,42,5213.738,13505.497,71942144,true,gpu_nvme_kernel,,1,16
Tutti-deployed,64,0.134,17564,4096,256,43,5205.247,13315.388,71942144,true,gpu_nvme_kernel,,1,16
Tutti-deployed,64,0.134,17564,4096,256,44,5230.893,13477.749,71942144,true,gpu_nvme_kernel,,1,16
Tutti-deployed,64,0.134,17564,4096,256,45,5238.972,13313.264,71942144,true,gpu_nvme_kernel,,1,16
Tutti-deployed,64,0.134,17564,4096,256,46,5245.848,13621.854,71942144,true,gpu_nvme_kernel,,1,16
Tutti-deployed,64,0.134,17564,4096,256,47,5235.445,13330.052,71942144,true,gpu_nvme_kernel,,1,16
Tutti-deployed,64,0.134,17564,4096,256,48,5247.513,13590.089,71942144,true,gpu_nvme_kernel,,1,16
Tutti-deployed,64,0.134,17564,4096,256,49,5203.196,13497.957,71942144,true,gpu_nvme_kernel,,1,16
Tutti-deployed,64,0.134,17564,4096,256,50,5229.79,13628.587,71942144,true,gpu_nvme_kernel,,1,16
Tutti-deployed,64,0.134,17564,4096,256,51,5219.876,13520.457,71942144,true,gpu_nvme_kernel,,1,16
Tutti-deployed,64,0.134,17564,4096,256,52,5240.805,13184.03,71942144,true,gpu_nvme_kernel,,1,16
Tutti-deployed,64,0.134,17564,4096,256,53,5231.596,13333.61,71942144,true,gpu_nvme_kernel,,1,16
Tutti-deployed,64,0.134,17564,4096,256,54,5215.521,13482.195,71942144,true,gpu_nvme_kernel,,1,16
Tutti-deployed,64,0.134,17564,4096,256,55,5230.078,13241.682,71942144,true,gpu_nvme_kernel,,1,16
Tutti-deployed,64,0.134,17564,4096,256,56,5208.952,13512.481,71942144,true,gpu_nvme_kernel,,1,16
Tutti-deployed,64,0.134,17564,4096,256,57,5224.769,13489.04,71942144,true,gpu_nvme_kernel,,1,16
Tutti-deployed,64,0.134,17564,4096,256,58,5218.413,13593.336,71942144,true,gpu_nvme_kernel,,1,16
Tutti-deployed,64,0.134,17564,4096,256,59,5230.701,13503.547,71942144,true,gpu_nvme_kernel,,1,16
Tutti-deployed,64,0.134,17564,4096,256,60,5218.581,13296.963,71942144,true,gpu_nvme_kernel,,1,16
Tutti-deployed,64,0.134,17564,4096,256,61,5225.253,13347.137,71942144,true,gpu_nvme_kernel,,1,16
Tutti-deployed,64,0.134,17564,4096,256,62,5254.111,13470.828,71942144,true,gpu_nvme_kernel,,1,16
Tutti-deployed,64,0.134,17564,4096,256,63,5217.172,13441.104,71942144,true,gpu_nvme_kernel,,1,16
Tutti-deployed,64,0.134,17564,4096,256,64,5241.063,13461.337,71942144,true,gpu_nvme_kernel,,1,16
Tutti-deployed,64,0.134,17564,4096,256,65,5237.029,13344.21,71942144,true,gpu_nvme_kernel,,1,16
Tutti-deployed,64,0.134,17564,4096,256,66,5246.309,13365.093,71942144,true,gpu_nvme_kernel,,1,16
Tutti-deployed,64,0.134,17564,4096,256,67,5225.513,13647.544,71942144,true,gpu_nvme_kernel,,1,16
Tutti-deployed,64,0.134,17564,4096,256,68,5224.716,13596.785,71942144,true,gpu_nvme_kernel,,1,16
Tutti-deployed,64,0.134,17564,4096,256,69,5218.46,13485.877,71942144,true,gpu_nvme_kernel,,1,16
Tutti-deployed,64,0.134,17564,4096,256,70,5227.971,13336.061,71942144,true,gpu_nvme_kernel,,1,16
Tutti-deployed,64,0.134,17564,4096,256,71,5229.809,13344.233,71942144,true,gpu_nvme_kernel,,1,16
Tutti-deployed,64,0.134,17564,4096,256,72,5226.085,13643.117,71942144,true,gpu_nvme_kernel,,1,16
Tutti-deployed,64,0.134,17564,4096,256,73,5222.489,13373.078,71942144,true,gpu_nvme_kernel,,1,16
Tutti-deployed,64,0.134,17564,4096,256,74,5228.089,13515.212,71942144,true,gpu_nvme_kernel,,1,16
Tutti-deployed,64,0.134,17564,4096,256,75,5242.256,13421.255,71942144,true,gpu_nvme_kernel,,1,16
Tutti-deployed,64,0.134,17564,4096,256,76,5223.847,13242.986,71942144,true,gpu_nvme_kernel,,1,16
Tutti-deployed,64,0.134,17564,4096,256,77,5216.633,13455.268,71942144,true,gpu_nvme_kernel,,1,16
Tutti-deployed,64,0.134,17564,4096,256,78,5216.942,13314.187,71942144,true,gpu_nvme_kernel,,1,16
Tutti-deployed,64,0.134,17564,4096,256,79,5232.291,13316.256,71942144,true,gpu_nvme_kernel,,1,16
Tutti-deployed,64,0.134,17564,4096,256,80,5208.035,13454.796,71942144,true,gpu_nvme_kernel,,1,16
Tutti-deployed,64,0.134,17564,4096,256,81,5233.469,13582.094,71942144,true,gpu_nvme_kernel,,1,16
Tutti-deployed,64,0.134,17564,4096,256,82,5243.176,13426.553,71942144,true,gpu_nvme_kernel,,1,16
Tutti-deployed,64,0.134,17564,4096,256,83,5238.941,13385.588,71942144,true,gpu_nvme_kernel,,1,16
Tutti-deployed,64,0.134,17564,4096,256,84,5240.959,13761.164,71942144,true,gpu_nvme_kernel,,1,16
Tutti-deployed,64,0.134,17564,4096,256,85,5282.796,13507.205,71942144,true,gpu_nvme_kernel,,1,16
Tutti-deployed,64,0.134,17564,4096,256,86,5210.673,13292.798,71942144,true,gpu_nvme_kernel,,1,16
Tutti-deployed,64,0.134,17564,4096,256,87,5212.327,13489.347,71942144,true,gpu_nvme_kernel,,1,16
Tutti-deployed,64,0.134,17564,4096,256,88,5245.604,13513.143,71942144,true,gpu_nvme_kernel,,1,16
Tutti-deployed,64,0.134,17564,4096,256,89,5209.501,13446.237,71942144,true,gpu_nvme_kernel,,1,16
Tutti-deployed,64,0.134,17564,4096,256,90,5254.233,13216.662,71942144,true,gpu_nvme_kernel,,1,16
Tutti-deployed,64,0.134,17564,4096,256,91,5230.358,13307.239,71942144,true,gpu_nvme_kernel,,1,16
Tutti-deployed,64,0.134,17564,4096,256,92,5219.54,13373.542,71942144,true,gpu_nvme_kernel,,1,16
Tutti-deployed,64,0.134,17564,4096,256,93,5238.978,13464.809,71942144,true,gpu_nvme_kernel,,1,16
Tutti-deployed,64,0.134,17564,4096,256,94,5242.483,13348.336,71942144,true,gpu_nvme_kernel,,1,16
Tutti-deployed,64,0.134,17564,4096,256,95,5233.255,13553.35,71942144,true,gpu_nvme_kernel,,1,16
Tutti-deployed,64,0.134,17564,4096,256,96,5217.082,13455.055,71942144,true,gpu_nvme_kernel,,1,16
Tutti-deployed,64,0.134,17564,4096,256,97,5220.309,13531.398,71942144,true,gpu_nvme_kernel,,1,16
Tutti-deployed,64,0.134,17564,4096,256,98,5212.297,13448.004,71942144,true,gpu_nvme_kernel,,1,16
Tutti-deployed,64,0.134,17564,4096,256,99,5250.737,13220.313,71942144,true,gpu_nvme_kernel,,1,16
Tutti-deployed,64,0.134,17564,4096,256,100,5221.753,13426.751,71942144,true,gpu_nvme_kernel,,1,16
Tutti-deployed,64,0.134,17564,4096,256,101,5246.393,13483.379,71942144,true,gpu_nvme_kernel,,1,16
Tutti-deployed,64,0.134,17564,4096,256,102,5249.119,13370.2,71942144,true,gpu_nvme_kernel,,1,16
Tutti-deployed,64,0.134,17564,4096,256,103,5208.728,13325.395,71942144,true,gpu_nvme_kernel,,1,16
Tutti-deployed,64,0.134,17564,4096,256,104,5226.065,13652.372,71942144,true,gpu_nvme_kernel,,1,16
Tutti-deployed,64,0.134,17564,4096,256,105,5232.475,13415.873,71942144,true,gpu_nvme_kernel,,1,16
Tutti-deployed,64,0.134,17564,4096,256,106,5211.553,13381.458,71942144,true,gpu_nvme_kernel,,1,16
Tutti-deployed,64,0.134,17564,4096,256,107,5243.86,13690.174,71942144,true,gpu_nvme_kernel,,1,16
Tutti-deployed,64,0.134,17564,4096,256,108,5208.999,13440.549,71942144,true,gpu_nvme_kernel,,1,16
Tutti-deployed,64,0.134,17564,4096,256,109,5240.937,13294.854,71942144,true,gpu_nvme_kernel,,1,16
Tutti-deployed,64,0.134,17564,4096,256,110,5223.737,13525.048,71942144,true,gpu_nvme_kernel,,1,16
Tutti-deployed,64,0.134,17564,4096,256,111,5230.443,13381.884,71942144,true,gpu_nvme_kernel,,1,16
Tutti-deployed,64,0.134,17564,4096,256,112,5225.965,13419.25,71942144,true,gpu_nvme_kernel,,1,16
Tutti-deployed,64,0.134,17564,4096,256,113,5235.933,13399.102,71942144,true,gpu_nvme_kernel,,1,16
Tutti-deployed,64,0.134,17564,4096,256,114,5246.944,13630.902,71942144,true,gpu_nvme_kernel,,1,16
Tutti-deployed,64,0.134,17564,4096,256,115,5232.12,13321.462,71942144,true,gpu_nvme_kernel,,1,16
Tutti-deployed,64,0.134,17564,4096,256,116,5226.97,13395.71,71942144,true,gpu_nvme_kernel,,1,16
Tutti-deployed,64,0.134,17564,4096,256,117,5255.466,13611.78,71942144,true,gpu_nvme_kernel,,1,16
Tutti-deployed,64,0.134,17564,4096,256,118,5223.459,13632.341,71942144,true,gpu_nvme_kernel,,1,16
Tutti-deployed,64,0.134,17564,4096,256,119,5216.1,13527.196,71942144,true,gpu_nvme_kernel,,1,16
Tutti-deployed,64,0.134,17564,4096,256,120,5242.278,13529.579,71942144,true,gpu_nvme_kernel,,1,16
Tutti-deployed,64,0.134,17564,4096,256,121,5241.423,13453.649,71942144,true,gpu_nvme_kernel,,1,16
Tutti-deployed,64,0.134,17564,4096,256,122,5214.578,13159.814,71942144,true,gpu_nvme_kernel,,1,16
Tutti-deployed,64,0.134,17564,4096,256,123,5226.946,13261.2,71942144,true,gpu_nvme_kernel,,1,16
Tutti-deployed,64,0.134,17564,4096,256,124,5226.262,13549.26,71942144,true,gpu_nvme_kernel,,1,16
Tutti-deployed,64,0.134,17564,4096,256,125,5246.561,13425.108,71942144,true,gpu_nvme_kernel,,1,16
Tutti-deployed,64,0.134,17564,4096,256,126,5233.328,13451.429,71942144,true,gpu_nvme_kernel,,1,16
Tutti-deployed,64,0.134,17564,4096,256,127,5232.519,13519.631,71942144,true,gpu_nvme_kernel,,1,16
Tutti-deployed,64,0.134,17564,4096,256,128,5233.706,13389.839,71942144,true,gpu_nvme_kernel,,1,16
Tutti-deployed,64,0.134,17564,4096,256,129,5231.391,13814.702,71942144,true,gpu_nvme_kernel,,1,16
Tutti-deployed,64,0.134,17564,4096,256,130,5245.814,13768.869,71942144,true,gpu_nvme_kernel,,1,16
Tutti-deployed,64,0.134,17564,4096,256,131,5199.432,13386.605,71942144,true,gpu_nvme_kernel,,1,16
Tutti-deployed,64,0.134,17564,4096,256,132,5215.619,13461.589,71942144,true,gpu_nvme_kernel,,1,16
Tutti-deployed,64,0.134,17564,4096,256,133,5208.485,13503.269,71942144,true,gpu_nvme_kernel,,1,16
Tutti-deployed,64,0.134,17564,4096,256,134,5225.11,13479.54,71942144,true,gpu_nvme_kernel,,1,16
Tutti-deployed,64,0.134,17564,4096,256,135,6112.761,13557.823,71942144,true,gpu_nvme_kernel,,1,16
Tutti-deployed,64,0.134,17564,4096,256,136,6034.348,13617.222,71942144,true,gpu_nvme_kernel,,1,16
Tutti-deployed,64,0.134,17564,4096,256,137,6035.271,13756.079,71942144,true,gpu_nvme_kernel,,1,16
Tutti-deployed,64,0.134,17564,4096,256,138,6017.575,13728.013,71942144,true,gpu_nvme_kernel,,1,16
Tutti-deployed,64,0.134,17564,4096,256,139,6027.489,13591.758,71942144,true,gpu_nvme_kernel,,1,16
Tutti-deployed,64,0.134,17564,4096,256,140,6011.046,13515.359,71942144,true,gpu_nvme_kernel,,1,16
Tutti-deployed,64,0.134,17564,4096,256,141,6029.436,13342.259,71942144,true,gpu_nvme_kernel,,1,16
Tutti-deployed,64,0.134,17564,4096,256,142,6007.331,13601.013,71942144,true,gpu_nvme_kernel,,1,16
Tutti-deployed,64,0.134,17564,4096,256,143,6002.035,13611.865,71942144,true,gpu_nvme_kernel,,1,16
Tutti-deployed,64,0.134,17564,4096,256,144,5992.835,13658.582,71942144,true,gpu_nvme_kernel,,1,16
Tutti-deployed,64,0.134,17564,4096,256,145,6000.657,13647.759,71942144,true,gpu_nvme_kernel,,1,16
Tutti-deployed,64,0.134,17564,4096,256,146,6003.581,13716.092,71942144,true,gpu_nvme_kernel,,1,16
Tutti-deployed,64,0.134,17564,4096,256,147,5981.372,13355.627,71942144,true,gpu_nvme_kernel,,1,16
Tutti-deployed,64,0.134,17564,4096,256,148,6043.499,13436.333,71942144,true,gpu_nvme_kernel,,1,16
Tutti-deployed,64,0.134,17564,4096,256,149,6048.809,13467.091,71942144,true,gpu_nvme_kernel,,1,16
Tutti-deployed,64,0.134,17564,4096,256,150,6005.796,13648.45,71942144,true,gpu_nvme_kernel,,1,16
Tutti-deployed,64,0.134,17564,4096,256,151,6015.77,13499.057,71942144,true,gpu_nvme_kernel,,1,16
Tutti-deployed,64,0.134,17564,4096,256,152,6030.444,13493.228,71942144,true,gpu_nvme_kernel,,1,16
Tutti-deployed,64,0.134,17564,4096,256,153,6028.824,13675.685,71942144,true,gpu_nvme_kernel,,1,16
Tutti-deployed,64,0.134,17564,4096,256,154,6055.72,13621.707,71942144,true,gpu_nvme_kernel,,1,16
Tutti-deployed,64,0.134,17564,4096,256,155,6029.619,13508.159,71942144,true,gpu_nvme_kernel,,1,16
Tutti-deployed,64,0.134,17564,4096,256,156,6003.148,13502.794,71942144,true,gpu_nvme_kernel,,1,16
Tutti-deployed,64,0.134,17564,4096,256,157,6039.417,13497.961,71942144,true,gpu_nvme_kernel,,1,16
Tutti-deployed,64,0.134,17564,4096,256,158,6030.499,13680.896,71942144,true,gpu_nvme_kernel,,1,16
Tutti-deployed,64,0.134,17564,4096,256,159,6028.172,13450.064,71942144,true,gpu_nvme_kernel,,1,16
Tutti-deployed,64,0.134,17564,4096,256,160,6036.843,13390.729,71942144,true,gpu_nvme_kernel,,1,16
Tutti-deployed,64,0.134,17564,4096,256,161,6007.571,13525.117,71942144,true,gpu_nvme_kernel,,1,16
Tutti-deployed,64,0.134,17564,4096,256,162,5988.355,13336.809,71942144,true,gpu_nvme_kernel,,1,16
Tutti-deployed,64,0.134,17564,4096,256,163,6019.448,13469.967,71942144,true,gpu_nvme_kernel,,1,16
Tutti-deployed,64,0.134,17564,4096,256,164,5996.23,13505.373,71942144,true,gpu_nvme_kernel,,1,16
Tutti-deployed,64,0.134,17564,4096,256,165,6002.117,13762.575,71942144,true,gpu_nvme_kernel,,1,16
Tutti-deployed,64,0.134,17564,4096,256,166,5992.761,13576.116,71942144,true,gpu_nvme_kernel,,1,16
Tutti-deployed,64,0.134,17564,4096,256,167,6029.719,13380.057,71942144,true,gpu_nvme_kernel,,1,16
Tutti-deployed,64,0.134,17564,4096,256,168,5204.718,13261.347,71942144,true,gpu_nvme_kernel,,1,16
Tutti-deployed,64,0.134,17564,4096,256,169,5207.157,13356.726,71942144,true,gpu_nvme_kernel,,1,16
Tutti-deployed,64,0.134,17564,4096,256,170,5185.022,13449.102,71942144,true,gpu_nvme_kernel,,1,16
Tutti-deployed,64,0.134,17564,4096,256,171,5199.332,13284.211,71942144,true,gpu_nvme_kernel,,1,16
Tutti-deployed,64,0.134,17564,4096,256,172,5211.673,13251.636,71942144,true,gpu_nvme_kernel,,1,16
Tutti-deployed,64,0.134,17564,4096,256,173,5188.452,13367.734,71942144,true,gpu_nvme_kernel,,1,16
Tutti-deployed,64,0.134,17564,4096,256,174,5179.487,13450.188,71942144,true,gpu_nvme_kernel,,1,16
Tutti-deployed,64,0.134,17564,4096,256,175,5201.761,13403.979,71942144,true,gpu_nvme_kernel,,1,16
Tutti-deployed,64,0.134,17564,4096,256,176,5183.328,13207.954,71942144,true,gpu_nvme_kernel,,1,16
Tutti-deployed,64,0.134,17564,4096,256,177,5177.12,13547.58,71942144,true,gpu_nvme_kernel,,1,16
Tutti-deployed,64,0.134,17564,4096,256,178,5195.921,13264.6,71942144,true,gpu_nvme_kernel,,1,16
Tutti-deployed,64,0.134,17564,4096,256,179,5191.628,13212.14,71942144,true,gpu_nvme_kernel,,1,16
Tutti-deployed,64,0.134,17564,4096,256,180,5179.479,13446.66,71942144,true,gpu_nvme_kernel,,1,16
Tutti-deployed,64,0.134,17564,4096,256,181,5186.33,13678.584,71942144,true,gpu_nvme_kernel,,1,16
Tutti-deployed,64,0.134,17564,4096,256,182,5203.918,13474.382,71942144,true,gpu_nvme_kernel,,1,16
Tutti-deployed,64,0.134,17564,4096,256,183,5191.543,13412.022,71942144,true,gpu_nvme_kernel,,1,16
Tutti-deployed,64,0.134,17564,4096,256,184,5199.529,13382.024,71942144,true,gpu_nvme_kernel,,1,16
Tutti-deployed,64,0.134,17564,4096,256,185,5196.001,13321.901,71942144,true,gpu_nvme_kernel,,1,16
Tutti-deployed,64,0.134,17564,4096,256,186,5203.309,13762.203,71942144,true,gpu_nvme_kernel,,1,16
Tutti-deployed,64,0.134,17564,4096,256,187,5175.154,13615.586,71942144,true,gpu_nvme_kernel,,1,16
Tutti-deployed,64,0.134,17564,4096,256,188,5194.875,13437.735,71942144,true,gpu_nvme_kernel,,1,16
Tutti-deployed,64,0.134,17564,4096,256,189,5192.015,13530.263,71942144,true,gpu_nvme_kernel,,1,16
Tutti-deployed,64,0.134,17564,4096,256,190,5189.476,13433.439,71942144,true,gpu_nvme_kernel,,1,16
Tutti-deployed,64,0.134,17564,4096,256,191,5191.192,13726.139,71942144,true,gpu_nvme_kernel,,1,16
Tutti-deployed,64,0.134,17564,4096,256,192,5172.526,13489.733,71942144,true,gpu_nvme_kernel,,1,16
Tutti-deployed,64,0.134,17564,4096,256,193,5190.864,13329.721,71942144,true,gpu_nvme_kernel,,1,16
Tutti-deployed,64,0.134,17564,4096,256,194,5189.948,13229.58,71942144,true,gpu_nvme_kernel,,1,16
Tutti-deployed,64,0.134,17564,4096,256,195,5187.361,13356.987,71942144,true,gpu_nvme_kernel,,1,16
Tutti-deployed,64,0.134,17564,4096,256,196,5192.039,13352.063,71942144,true,gpu_nvme_kernel,,1,16
Tutti-deployed,64,0.134,17564,4096,256,197,5169.611,13315.834,71942144,true,gpu_nvme_kernel,,1,16
Tutti-deployed,64,0.134,17564,4096,256,198,5181.174,13354.912,71942144,true,gpu_nvme_kernel,,1,16
Tutti-deployed,64,0.134,17564,4096,256,199,5187.826,13269.015,71942144,true,gpu_nvme_kernel,,1,16
Tutti-deployed,64,0.134,17564,4096,256,0,5199.737,13490.49,71942144,true,gpu_nvme_kernel,,3,16
Tutti-deployed,64,0.3,39322,4096,256,0,11659.607,29834.907,161062912,true,gpu_nvme_kernel,,2,16
Tutti-deployed,64,0.3,39322,4096,256,0,11604.828,30077.925,161062912,true,gpu_nvme_kernel,,0,16
Tutti-deployed,64,0.3,39322,4096,256,1,11643.543,29949.503,161062912,true,gpu_nvme_kernel,,0,16
Tutti-deployed,64,0.3,39322,4096,256,2,11599.565,29521.878,161062912,true,gpu_nvme_kernel,,0,16
Tutti-deployed,64,0.3,39322,4096,256,3,11660.539,29828.506,161062912,true,gpu_nvme_kernel,,0,16
Tutti-deployed,64,0.3,39322,4096,256,4,11618.654,29940.401,161062912,true,gpu_nvme_kernel,,0,16
Tutti-deployed,64,0.3,39322,4096,256,5,11575.295,30453.919,161062912,true,gpu_nvme_kernel,,0,16
Tutti-deployed,64,0.3,39322,4096,256,6,11605.682,29891.311,161062912,true,gpu_nvme_kernel,,0,16
Tutti-deployed,64,0.3,39322,4096,256,7,11640.037,29932.596,161062912,true,gpu_nvme_kernel,,0,16
Tutti-deployed,64,0.3,39322,4096,256,8,11632.178,29725.183,161062912,true,gpu_nvme_kernel,,0,16
Tutti-deployed,64,0.3,39322,4096,256,9,11631.623,30442.456,161062912,true,gpu_nvme_kernel,,0,16
Tutti-deployed,64,0.3,39322,4096,256,0,11587.453,29505.624,161062912,true,gpu_nvme_kernel,,1,16
Tutti-deployed,64,0.3,39322,4096,256,1,11589.874,30279.634,161062912,true,gpu_nvme_kernel,,1,16
Tutti-deployed,64,0.3,39322,4096,256,2,11622.21,29745.377,161062912,true,gpu_nvme_kernel,,1,16
Tutti-deployed,64,0.3,39322,4096,256,3,11638.738,29625.043,161062912,true,gpu_nvme_kernel,,1,16
Tutti-deployed,64,0.3,39322,4096,256,4,11589,29833.788,161062912,true,gpu_nvme_kernel,,1,16
Tutti-deployed,64,0.3,39322,4096,256,5,11576.682,29885.19,161062912,true,gpu_nvme_kernel,,1,16
Tutti-deployed,64,0.3,39322,4096,256,6,11638.924,30082.986,161062912,true,gpu_nvme_kernel,,1,16
Tutti-deployed,64,0.3,39322,4096,256,7,11642.718,29994.782,161062912,true,gpu_nvme_kernel,,1,16
Tutti-deployed,64,0.3,39322,4096,256,8,11618.024,29933.699,161062912,true,gpu_nvme_kernel,,1,16
Tutti-deployed,64,0.3,39322,4096,256,9,11613.245,29950.749,161062912,true,gpu_nvme_kernel,,1,16
Tutti-deployed,64,0.3,39322,4096,256,10,11632.225,29511.025,161062912,true,gpu_nvme_kernel,,1,16
Tutti-deployed,64,0.3,39322,4096,256,11,11646.42,30371.88,161062912,true,gpu_nvme_kernel,,1,16
Tutti-deployed,64,0.3,39322,4096,256,12,11583.137,30178.935,161062912,true,gpu_nvme_kernel,,1,16
Tutti-deployed,64,0.3,39322,4096,256,13,11600.647,30092.539,161062912,true,gpu_nvme_kernel,,1,16
Tutti-deployed,64,0.3,39322,4096,256,14,11614.335,29792.311,161062912,true,gpu_nvme_kernel,,1,16
Tutti-deployed,64,0.3,39322,4096,256,15,11639.777,30121.475,161062912,true,gpu_nvme_kernel,,1,16
Tutti-deployed,64,0.3,39322,4096,256,16,11638.018,30012.003,161062912,true,gpu_nvme_kernel,,1,16
Tutti-deployed,64,0.3,39322,4096,256,17,11611.207,29765.17,161062912,true,gpu_nvme_kernel,,1,16
Tutti-deployed,64,0.3,39322,4096,256,18,11630.608,29930.652,161062912,true,gpu_nvme_kernel,,1,16
Tutti-deployed,64,0.3,39322,4096,256,19,11583.679,29771.285,161062912,true,gpu_nvme_kernel,,1,16
Tutti-deployed,64,0.3,39322,4096,256,20,11635.681,30102.005,161062912,true,gpu_nvme_kernel,,1,16
Tutti-deployed,64,0.3,39322,4096,256,21,11584.001,29643.672,161062912,true,gpu_nvme_kernel,,1,16
Tutti-deployed,64,0.3,39322,4096,256,22,11618.014,29743.365,161062912,true,gpu_nvme_kernel,,1,16
Tutti-deployed,64,0.3,39322,4096,256,23,11618.265,29862.879,161062912,true,gpu_nvme_kernel,,1,16
Tutti-deployed,64,0.3,39322,4096,256,24,11541.222,30108.838,161062912,true,gpu_nvme_kernel,,1,16
Tutti-deployed,64,0.3,39322,4096,256,25,11591.148,29893.695,161062912,true,gpu_nvme_kernel,,1,16
Tutti-deployed,64,0.3,39322,4096,256,26,11631.267,30395.704,161062912,true,gpu_nvme_kernel,,1,16
Tutti-deployed,64,0.3,39322,4096,256,27,11569.732,30201.74,161062912,true,gpu_nvme_kernel,,1,16
Tutti-deployed,64,0.3,39322,4096,256,28,11570.435,29934.421,161062912,true,gpu_nvme_kernel,,1,16
Tutti-deployed,64,0.3,39322,4096,256,29,11575.289,29939.678,161062912,true,gpu_nvme_kernel,,1,16
Tutti-deployed,64,0.3,39322,4096,256,30,11610.004,30202.726,161062912,true,gpu_nvme_kernel,,1,16
Tutti-deployed,64,0.3,39322,4096,256,31,11611.482,30039.614,161062912,true,gpu_nvme_kernel,,1,16
Tutti-deployed,64,0.3,39322,4096,256,32,11662.694,30197.119,161062912,true,gpu_nvme_kernel,,1,16
Tutti-deployed,64,0.3,39322,4096,256,33,11658.526,29972.25,161062912,true,gpu_nvme_kernel,,1,16
Tutti-deployed,64,0.3,39322,4096,256,34,11570.206,30333.749,161062912,true,gpu_nvme_kernel,,1,16
Tutti-deployed,64,0.3,39322,4096,256,35,11564.619,29895.14,161062912,true,gpu_nvme_kernel,,1,16
Tutti-deployed,64,0.3,39322,4096,256,36,11607.303,30277.415,161062912,true,gpu_nvme_kernel,,1,16
Tutti-deployed,64,0.3,39322,4096,256,37,11627.614,30103.532,161062912,true,gpu_nvme_kernel,,1,16
Tutti-deployed,64,0.3,39322,4096,256,38,11612.473,29840.885,161062912,true,gpu_nvme_kernel,,1,16
Tutti-deployed,64,0.3,39322,4096,256,39,11596.226,29963.183,161062912,true,gpu_nvme_kernel,,1,16
Tutti-deployed,64,0.3,39322,4096,256,40,11603.556,30315.222,161062912,true,gpu_nvme_kernel,,1,16
Tutti-deployed,64,0.3,39322,4096,256,41,11584.753,30255.867,161062912,true,gpu_nvme_kernel,,1,16
Tutti-deployed,64,0.3,39322,4096,256,42,11579.275,30097.986,161062912,true,gpu_nvme_kernel,,1,16
Tutti-deployed,64,0.3,39322,4096,256,43,11580.556,29972.21,161062912,true,gpu_nvme_kernel,,1,16
Tutti-deployed,64,0.3,39322,4096,256,44,11565.45,30558.725,161062912,true,gpu_nvme_kernel,,1,16
Tutti-deployed,64,0.3,39322,4096,256,45,13772.178,31871.744,161062912,true,gpu_nvme_kernel,,1,16
Tutti-deployed,64,0.3,39322,4096,256,46,11700.718,30335.095,161062912,true,gpu_nvme_kernel,,1,16
Tutti-deployed,64,0.3,39322,4096,256,47,11614.072,30000.366,161062912,true,gpu_nvme_kernel,,1,16
Tutti-deployed,64,0.3,39322,4096,256,48,11589.089,29568.005,161062912,true,gpu_nvme_kernel,,1,16
Tutti-deployed,64,0.3,39322,4096,256,49,11590.133,29907.82,161062912,true,gpu_nvme_kernel,,1,16
Tutti-deployed,64,0.3,39322,4096,256,50,11591.357,29640.096,161062912,true,gpu_nvme_kernel,,1,16
Tutti-deployed,64,0.3,39322,4096,256,51,11575.445,29690.791,161062912,true,gpu_nvme_kernel,,1,16
Tutti-deployed,64,0.3,39322,4096,256,52,11562.545,30163.301,161062912,true,gpu_nvme_kernel,,1,16
Tutti-deployed,64,0.3,39322,4096,256,53,11593.539,30238.424,161062912,true,gpu_nvme_kernel,,1,16
Tutti-deployed,64,0.3,39322,4096,256,54,11624.383,30598.874,161062912,true,gpu_nvme_kernel,,1,16
Tutti-deployed,64,0.3,39322,4096,256,55,11594.888,29842.543,161062912,true,gpu_nvme_kernel,,1,16
Tutti-deployed,64,0.3,39322,4096,256,56,11552.987,30162.318,161062912,true,gpu_nvme_kernel,,1,16
Tutti-deployed,64,0.3,39322,4096,256,57,11573.506,29962.915,161062912,true,gpu_nvme_kernel,,1,16
Tutti-deployed,64,0.3,39322,4096,256,58,11579.112,29723.471,161062912,true,gpu_nvme_kernel,,1,16
Tutti-deployed,64,0.3,39322,4096,256,59,11616.723,29940.832,161062912,true,gpu_nvme_kernel,,1,16
Tutti-deployed,64,0.3,39322,4096,256,60,11612.238,30159.961,161062912,true,gpu_nvme_kernel,,1,16
Tutti-deployed,64,0.3,39322,4096,256,61,11605.916,30250.108,161062912,true,gpu_nvme_kernel,,1,16
Tutti-deployed,64,0.3,39322,4096,256,62,11559.257,30371.008,161062912,true,gpu_nvme_kernel,,1,16
Tutti-deployed,64,0.3,39322,4096,256,63,11580.841,29914.2,161062912,true,gpu_nvme_kernel,,1,16
Tutti-deployed,64,0.3,39322,4096,256,64,11614.17,29977.129,161062912,true,gpu_nvme_kernel,,1,16
Tutti-deployed,64,0.3,39322,4096,256,65,11633.572,29884.778,161062912,true,gpu_nvme_kernel,,1,16
Tutti-deployed,64,0.3,39322,4096,256,66,11575.799,30366.357,161062912,true,gpu_nvme_kernel,,1,16
Tutti-deployed,64,0.3,39322,4096,256,67,11573.668,30005.784,161062912,true,gpu_nvme_kernel,,1,16
Tutti-deployed,64,0.3,39322,4096,256,68,11587.869,30065.186,161062912,true,gpu_nvme_kernel,,1,16
Tutti-deployed,64,0.3,39322,4096,256,69,11611.713,29847.75,161062912,true,gpu_nvme_kernel,,1,16
Tutti-deployed,64,0.3,39322,4096,256,70,11635.432,29536.736,161062912,true,gpu_nvme_kernel,,1,16
Tutti-deployed,64,0.3,39322,4096,256,71,11592.199,30058.082,161062912,true,gpu_nvme_kernel,,1,16
Tutti-deployed,64,0.3,39322,4096,256,72,11545.311,30014.742,161062912,true,gpu_nvme_kernel,,1,16
Tutti-deployed,64,0.3,39322,4096,256,73,11617.503,29916.827,161062912,true,gpu_nvme_kernel,,1,16
Tutti-deployed,64,0.3,39322,4096,256,74,11572.489,29872.558,161062912,true,gpu_nvme_kernel,,1,16
Tutti-deployed,64,0.3,39322,4096,256,75,11595.142,30292.701,161062912,true,gpu_nvme_kernel,,1,16
Tutti-deployed,64,0.3,39322,4096,256,76,11617.273,30104.5,161062912,true,gpu_nvme_kernel,,1,16
Tutti-deployed,64,0.3,39322,4096,256,77,11595.471,29991.903,161062912,true,gpu_nvme_kernel,,1,16
Tutti-deployed,64,0.3,39322,4096,256,78,11559.453,29981.392,161062912,true,gpu_nvme_kernel,,1,16
Tutti-deployed,64,0.3,39322,4096,256,79,11592.937,30371.956,161062912,true,gpu_nvme_kernel,,1,16
Tutti-deployed,64,0.3,39322,4096,256,80,11579.809,30177.062,161062912,true,gpu_nvme_kernel,,1,16
Tutti-deployed,64,0.3,39322,4096,256,81,11590.547,29521.099,161062912,true,gpu_nvme_kernel,,1,16
Tutti-deployed,64,0.3,39322,4096,256,82,11581.328,30020.509,161062912,true,gpu_nvme_kernel,,1,16
Tutti-deployed,64,0.3,39322,4096,256,83,11569.74,30268.712,161062912,true,gpu_nvme_kernel,,1,16
Tutti-deployed,64,0.3,39322,4096,256,84,11582.39,30029.558,161062912,true,gpu_nvme_kernel,,1,16
Tutti-deployed,64,0.3,39322,4096,256,85,11645.144,29941.48,161062912,true,gpu_nvme_kernel,,1,16
Tutti-deployed,64,0.3,39322,4096,256,86,11641.468,29618.473,161062912,true,gpu_nvme_kernel,,1,16
Tutti-deployed,64,0.3,39322,4096,256,87,11604.259,30139.721,161062912,true,gpu_nvme_kernel,,1,16
Tutti-deployed,64,0.3,39322,4096,256,88,11584.613,30052.767,161062912,true,gpu_nvme_kernel,,1,16
Tutti-deployed,64,0.3,39322,4096,256,89,11582.236,30069.377,161062912,true,gpu_nvme_kernel,,1,16
Tutti-deployed,64,0.3,39322,4096,256,90,11596.138,30085.384,161062912,true,gpu_nvme_kernel,,1,16
Tutti-deployed,64,0.3,39322,4096,256,91,11577.057,30136.487,161062912,true,gpu_nvme_kernel,,1,16
Tutti-deployed,64,0.3,39322,4096,256,92,11599.799,30049.366,161062912,true,gpu_nvme_kernel,,1,16
Tutti-deployed,64,0.3,39322,4096,256,93,11593.768,30268.975,161062912,true,gpu_nvme_kernel,,1,16
Tutti-deployed,64,0.3,39322,4096,256,94,11667.821,29920.485,161062912,true,gpu_nvme_kernel,,1,16
Tutti-deployed,64,0.3,39322,4096,256,95,11598.1,30194.917,161062912,true,gpu_nvme_kernel,,1,16
Tutti-deployed,64,0.3,39322,4096,256,96,11627.176,30505.7,161062912,true,gpu_nvme_kernel,,1,16
Tutti-deployed,64,0.3,39322,4096,256,97,11616.111,29735.95,161062912,true,gpu_nvme_kernel,,1,16
Tutti-deployed,64,0.3,39322,4096,256,98,11590.876,29970.105,161062912,true,gpu_nvme_kernel,,1,16
Tutti-deployed,64,0.3,39322,4096,256,99,11609.349,30406.728,161062912,true,gpu_nvme_kernel,,1,16
Tutti-deployed,64,0.3,39322,4096,256,100,11570.279,29701.249,161062912,true,gpu_nvme_kernel,,1,16
Tutti-deployed,64,0.3,39322,4096,256,101,11642.955,30267.186,161062912,true,gpu_nvme_kernel,,1,16
Tutti-deployed,64,0.3,39322,4096,256,102,11576.945,30238.648,161062912,true,gpu_nvme_kernel,,1,16
Tutti-deployed,64,0.3,39322,4096,256,103,11542.082,29617.348,161062912,true,gpu_nvme_kernel,,1,16
Tutti-deployed,64,0.3,39322,4096,256,104,11574.988,29974.444,161062912,true,gpu_nvme_kernel,,1,16
Tutti-deployed,64,0.3,39322,4096,256,105,11563.203,29809.181,161062912,true,gpu_nvme_kernel,,1,16
Tutti-deployed,64,0.3,39322,4096,256,106,11594.589,30372.214,161062912,true,gpu_nvme_kernel,,1,16
Tutti-deployed,64,0.3,39322,4096,256,107,11556.173,29957.777,161062912,true,gpu_nvme_kernel,,1,16
Tutti-deployed,64,0.3,39322,4096,256,108,11545.718,30081.351,161062912,true,gpu_nvme_kernel,,1,16
Tutti-deployed,64,0.3,39322,4096,256,109,11625.939,29994.336,161062912,true,gpu_nvme_kernel,,1,16
Tutti-deployed,64,0.3,39322,4096,256,110,11601.585,29695.073,161062912,true,gpu_nvme_kernel,,1,16
Tutti-deployed,64,0.3,39322,4096,256,111,11548.528,29795.433,161062912,true,gpu_nvme_kernel,,1,16
Tutti-deployed,64,0.3,39322,4096,256,112,11582.977,30083.885,161062912,true,gpu_nvme_kernel,,1,16
Tutti-deployed,64,0.3,39322,4096,256,113,11565.259,29855.665,161062912,true,gpu_nvme_kernel,,1,16
Tutti-deployed,64,0.3,39322,4096,256,114,11616.037,29779.442,161062912,true,gpu_nvme_kernel,,1,16
Tutti-deployed,64,0.3,39322,4096,256,115,11562.984,29976.911,161062912,true,gpu_nvme_kernel,,1,16
Tutti-deployed,64,0.3,39322,4096,256,116,11589.832,29999.195,161062912,true,gpu_nvme_kernel,,1,16
Tutti-deployed,64,0.3,39322,4096,256,117,11616.294,30234.511,161062912,true,gpu_nvme_kernel,,1,16
Tutti-deployed,64,0.3,39322,4096,256,118,11577.929,29895.987,161062912,true,gpu_nvme_kernel,,1,16
Tutti-deployed,64,0.3,39322,4096,256,119,11581.925,30147.019,161062912,true,gpu_nvme_kernel,,1,16
Tutti-deployed,64,0.3,39322,4096,256,120,11558.669,29919,161062912,true,gpu_nvme_kernel,,1,16
Tutti-deployed,64,0.3,39322,4096,256,121,11567.289,30322.73,161062912,true,gpu_nvme_kernel,,1,16
Tutti-deployed,64,0.3,39322,4096,256,122,11616.425,29919.315,161062912,true,gpu_nvme_kernel,,1,16
Tutti-deployed,64,0.3,39322,4096,256,123,11628.346,30075.207,161062912,true,gpu_nvme_kernel,,1,16
Tutti-deployed,64,0.3,39322,4096,256,124,11626.719,30117.915,161062912,true,gpu_nvme_kernel,,1,16
Tutti-deployed,64,0.3,39322,4096,256,125,11631.965,29986.227,161062912,true,gpu_nvme_kernel,,1,16
Tutti-deployed,64,0.3,39322,4096,256,126,11563.909,30067.31,161062912,true,gpu_nvme_kernel,,1,16
Tutti-deployed,64,0.3,39322,4096,256,127,11618.659,29644.042,161062912,true,gpu_nvme_kernel,,1,16
Tutti-deployed,64,0.3,39322,4096,256,128,11620.096,29857.191,161062912,true,gpu_nvme_kernel,,1,16
Tutti-deployed,64,0.3,39322,4096,256,129,11561.643,30195.562,161062912,true,gpu_nvme_kernel,,1,16
Tutti-deployed,64,0.3,39322,4096,256,130,11613.03,30060.649,161062912,true,gpu_nvme_kernel,,1,16
Tutti-deployed,64,0.3,39322,4096,256,131,11619.104,30217.065,161062912,true,gpu_nvme_kernel,,1,16
Tutti-deployed,64,0.3,39322,4096,256,132,11614.162,30325.911,161062912,true,gpu_nvme_kernel,,1,16
Tutti-deployed,64,0.3,39322,4096,256,133,11619.346,29951.658,161062912,true,gpu_nvme_kernel,,1,16
Tutti-deployed,64,0.3,39322,4096,256,134,11614.067,29588.045,161062912,true,gpu_nvme_kernel,,1,16
Tutti-deployed,64,0.3,39322,4096,256,135,11576.81,30041.706,161062912,true,gpu_nvme_kernel,,1,16
Tutti-deployed,64,0.3,39322,4096,256,136,11631.306,30076.227,161062912,true,gpu_nvme_kernel,,1,16
Tutti-deployed,64,0.3,39322,4096,256,137,11647.903,29833.276,161062912,true,gpu_nvme_kernel,,1,16
Tutti-deployed,64,0.3,39322,4096,256,138,11645.905,29954.099,161062912,true,gpu_nvme_kernel,,1,16
Tutti-deployed,64,0.3,39322,4096,256,139,11600.428,29968.063,161062912,true,gpu_nvme_kernel,,1,16
Tutti-deployed,64,0.3,39322,4096,256,140,11634.916,30206.673,161062912,true,gpu_nvme_kernel,,1,16
Tutti-deployed,64,0.3,39322,4096,256,141,11612.41,29973.19,161062912,true,gpu_nvme_kernel,,1,16
Tutti-deployed,64,0.3,39322,4096,256,142,11582.444,29915.742,161062912,true,gpu_nvme_kernel,,1,16
Tutti-deployed,64,0.3,39322,4096,256,143,11617.592,30088.967,161062912,true,gpu_nvme_kernel,,1,16
Tutti-deployed,64,0.3,39322,4096,256,144,11629.371,30035.201,161062912,true,gpu_nvme_kernel,,1,16
Tutti-deployed,64,0.3,39322,4096,256,145,11611.422,29934.289,161062912,true,gpu_nvme_kernel,,1,16
Tutti-deployed,64,0.3,39322,4096,256,146,11565.465,29957.733,161062912,true,gpu_nvme_kernel,,1,16
Tutti-deployed,64,0.3,39322,4096,256,147,11626.724,29962.722,161062912,true,gpu_nvme_kernel,,1,16
Tutti-deployed,64,0.3,39322,4096,256,148,11636.708,29751.958,161062912,true,gpu_nvme_kernel,,1,16
Tutti-deployed,64,0.3,39322,4096,256,149,11643.685,30049.885,161062912,true,gpu_nvme_kernel,,1,16
Tutti-deployed,64,0.3,39322,4096,256,150,11590.906,30354.805,161062912,true,gpu_nvme_kernel,,1,16
Tutti-deployed,64,0.3,39322,4096,256,151,13525.891,30149.184,161062912,true,gpu_nvme_kernel,,1,16
Tutti-deployed,64,0.3,39322,4096,256,152,13512.636,30518.348,161062912,true,gpu_nvme_kernel,,1,16
Tutti-deployed,64,0.3,39322,4096,256,153,13546.009,30127.937,161062912,true,gpu_nvme_kernel,,1,16
Tutti-deployed,64,0.3,39322,4096,256,154,13565.238,30574.079,161062912,true,gpu_nvme_kernel,,1,16
Tutti-deployed,64,0.3,39322,4096,256,155,13525.548,30413.738,161062912,true,gpu_nvme_kernel,,1,16
Tutti-deployed,64,0.3,39322,4096,256,156,13544.322,30340.151,161062912,true,gpu_nvme_kernel,,1,16
Tutti-deployed,64,0.3,39322,4096,256,157,13563.289,30293.824,161062912,true,gpu_nvme_kernel,,1,16
Tutti-deployed,64,0.3,39322,4096,256,158,13516.803,30336.288,161062912,true,gpu_nvme_kernel,,1,16
Tutti-deployed,64,0.3,39322,4096,256,159,13584.008,30400.972,161062912,true,gpu_nvme_kernel,,1,16
Tutti-deployed,64,0.3,39322,4096,256,160,13508.767,30118.207,161062912,true,gpu_nvme_kernel,,1,16
Tutti-deployed,64,0.3,39322,4096,256,161,13555.877,30025.064,161062912,true,gpu_nvme_kernel,,1,16
Tutti-deployed,64,0.3,39322,4096,256,162,13544.687,30042.21,161062912,true,gpu_nvme_kernel,,1,16
Tutti-deployed,64,0.3,39322,4096,256,163,13591.124,30058.997,161062912,true,gpu_nvme_kernel,,1,16
Tutti-deployed,64,0.3,39322,4096,256,164,13564.437,30073.298,161062912,true,gpu_nvme_kernel,,1,16
Tutti-deployed,64,0.3,39322,4096,256,165,13492.045,30425.264,161062912,true,gpu_nvme_kernel,,1,16
Tutti-deployed,64,0.3,39322,4096,256,166,13485.149,30058.407,161062912,true,gpu_nvme_kernel,,1,16
Tutti-deployed,64,0.3,39322,4096,256,167,13575.541,30108.699,161062912,true,gpu_nvme_kernel,,1,16
Tutti-deployed,64,0.3,39322,4096,256,168,12984.567,30067.423,161062912,true,gpu_nvme_kernel,,1,16
Tutti-deployed,64,0.3,39322,4096,256,169,11726.41,29397.394,161062912,true,gpu_nvme_kernel,,1,16
Tutti-deployed,64,0.3,39322,4096,256,170,11656.553,30057.783,161062912,true,gpu_nvme_kernel,,1,16
Tutti-deployed,64,0.3,39322,4096,256,171,11747.918,29970.451,161062912,true,gpu_nvme_kernel,,1,16
Tutti-deployed,64,0.3,39322,4096,256,172,11733.495,30157.635,161062912,true,gpu_nvme_kernel,,1,16
Tutti-deployed,64,0.3,39322,4096,256,173,11663.455,29905.787,161062912,true,gpu_nvme_kernel,,1,16
Tutti-deployed,64,0.3,39322,4096,256,174,11690.621,29964.021,161062912,true,gpu_nvme_kernel,,1,16
Tutti-deployed,64,0.3,39322,4096,256,175,11682.445,29994.681,161062912,true,gpu_nvme_kernel,,1,16
Tutti-deployed,64,0.3,39322,4096,256,176,11753.547,30223.481,161062912,true,gpu_nvme_kernel,,1,16
Tutti-deployed,64,0.3,39322,4096,256,177,11709.897,29983.751,161062912,true,gpu_nvme_kernel,,1,16
Tutti-deployed,64,0.3,39322,4096,256,178,11697.977,29749.944,161062912,true,gpu_nvme_kernel,,1,16
Tutti-deployed,64,0.3,39322,4096,256,179,11725.314,30474.521,161062912,true,gpu_nvme_kernel,,1,16
Tutti-deployed,64,0.3,39322,4096,256,180,11706.81,29734.353,161062912,true,gpu_nvme_kernel,,1,16
Tutti-deployed,64,0.3,39322,4096,256,181,11683.358,30174.914,161062912,true,gpu_nvme_kernel,,1,16
Tutti-deployed,64,0.3,39322,4096,256,182,11702.25,30296.397,161062912,true,gpu_nvme_kernel,,1,16
Tutti-deployed,64,0.3,39322,4096,256,183,11734.577,29912.672,161062912,true,gpu_nvme_kernel,,1,16
Tutti-deployed,64,0.3,39322,4096,256,184,11721.567,29861.961,161062912,true,gpu_nvme_kernel,,1,16
Tutti-deployed,64,0.3,39322,4096,256,185,11703.051,30080.949,161062912,true,gpu_nvme_kernel,,1,16
Tutti-deployed,64,0.3,39322,4096,256,186,11713.355,30144.094,161062912,true,gpu_nvme_kernel,,1,16
Tutti-deployed,64,0.3,39322,4096,256,187,11746.76,29980.157,161062912,true,gpu_nvme_kernel,,1,16
Tutti-deployed,64,0.3,39322,4096,256,188,11714.329,29844.103,161062912,true,gpu_nvme_kernel,,1,16
Tutti-deployed,64,0.3,39322,4096,256,189,11704.871,29976.323,161062912,true,gpu_nvme_kernel,,1,16
Tutti-deployed,64,0.3,39322,4096,256,190,11669.792,29735.775,161062912,true,gpu_nvme_kernel,,1,16
Tutti-deployed,64,0.3,39322,4096,256,191,11672.185,30166.112,161062912,true,gpu_nvme_kernel,,1,16
Tutti-deployed,64,0.3,39322,4096,256,192,11710.011,29703.391,161062912,true,gpu_nvme_kernel,,1,16
Tutti-deployed,64,0.3,39322,4096,256,193,11675.164,30328.059,161062912,true,gpu_nvme_kernel,,1,16
Tutti-deployed,64,0.3,39322,4096,256,194,11722.005,30298.179,161062912,true,gpu_nvme_kernel,,1,16
Tutti-deployed,64,0.3,39322,4096,256,195,11711.484,29862.715,161062912,true,gpu_nvme_kernel,,1,16
Tutti-deployed,64,0.3,39322,4096,256,196,11704.14,30046.708,161062912,true,gpu_nvme_kernel,,1,16
Tutti-deployed,64,0.3,39322,4096,256,197,11725.641,29901.505,161062912,true,gpu_nvme_kernel,,1,16
Tutti-deployed,64,0.3,39322,4096,256,198,11705.318,30136.273,161062912,true,gpu_nvme_kernel,,1,16
Tutti-deployed,64,0.3,39322,4096,256,199,11675.085,30050.897,161062912,true,gpu_nvme_kernel,,1,16
Tutti-deployed,64,0.3,39322,4096,256,0,11683.409,30097.017,161062912,true,gpu_nvme_kernel,,3,16
