backend,request_batch,miss_rate,n_reads,io_size,queue_depth,round,submit_us,completion_us,bytes_read,correct,direct_path,error,phase,submission_group
Tutti-deployed,1,0.067,137,4096,256,0,2643.004,2787.276,561152,true,gpu_nvme_kernel,,2,16
Tutti-deployed,1,0.067,137,4096,256,0,62.762,214.175,561152,true,gpu_nvme_kernel,,0,16
Tutti-deployed,1,0.067,137,4096,256,1,57.335,239.446,561152,true,gpu_nvme_kernel,,0,16
Tutti-deployed,1,0.067,137,4096,256,2,56.832,217.513,561152,true,gpu_nvme_kernel,,0,16
Tutti-deployed,1,0.067,137,4096,256,3,56.093,271.153,561152,true,gpu_nvme_kernel,,0,16
Tutti-deployed,1,0.067,137,4096,256,4,56.313,224.881,561152,true,gpu_nvme_kernel,,0,16
Tutti-deployed,1,0.067,137,4096,256,5,53.641,219.884,561152,true,gpu_nvme_kernel,,0,16
Tutti-deployed,1,0.067,137,4096,256,6,56.595,252.561,561152,true,gpu_nvme_kernel,,0,16
Tutti-deployed,1,0.067,137,4096,256,7,53.504,205.602,561152,true,gpu_nvme_kernel,,0,16
Tutti-deployed,1,0.067,137,4096,256,8,55.526,242.337,561152,true,gpu_nvme_kernel,,0,16
Tutti-deployed,1,0.067,137,4096,256,9,50.424,201.129,561152,true,gpu_nvme_kernel,,0,16
Tutti-deployed,1,0.067,137,4096,256,0,56.464,232.701,561152,true,gpu_nvme_kernel,,1,16
Tutti-deployed,1,0.067,137,4096,256,1,52.848,222.012,561152,true,gpu_nvme_kernel,,1,16
Tutti-deployed,1,0.067,137,4096,256,2,53.584,233.544,561152,true,gpu_nvme_kernel,,1,16
Tutti-deployed,1,0.067,137,4096,256,3,53.991,213.235,561152,true,gpu_nvme_kernel,,1,16
Tutti-deployed,1,0.067,137,4096,256,4,54.402,253.674,561152,true,gpu_nvme_kernel,,1,16
Tutti-deployed,1,0.067,137,4096,256,5,53.57,234.919,561152,true,gpu_nvme_kernel,,1,16
Tutti-deployed,1,0.067,137,4096,256,6,53.448,215.845,561152,true,gpu_nvme_kernel,,1,16
Tutti-deployed,1,0.067,137,4096,256,7,51.34,275.753,561152,true,gpu_nvme_kernel,,1,16
Tutti-deployed,1,0.067,137,4096,256,8,56.335,225.967,561152,true,gpu_nvme_kernel,,1,16
Tutti-deployed,1,0.067,137,4096,256,9,51.844,233.004,561152,true,gpu_nvme_kernel,,1,16
Tutti-deployed,1,0.067,137,4096,256,10,56.09,224.102,561152,true,gpu_nvme_kernel,,1,16
Tutti-deployed,1,0.067,137,4096,256,11,50.711,229.845,561152,true,gpu_nvme_kernel,,1,16
Tutti-deployed,1,0.067,137,4096,256,12,53.638,210.806,561152,true,gpu_nvme_kernel,,1,16
Tutti-deployed,1,0.067,137,4096,256,13,54.193,201.43,561152,true,gpu_nvme_kernel,,1,16
Tutti-deployed,1,0.067,137,4096,256,14,52.847,214.939,561152,true,gpu_nvme_kernel,,1,16
Tutti-deployed,1,0.067,137,4096,256,15,51.826,213.618,561152,true,gpu_nvme_kernel,,1,16
Tutti-deployed,1,0.067,137,4096,256,16,55.399,205.517,561152,true,gpu_nvme_kernel,,1,16
Tutti-deployed,1,0.067,137,4096,256,17,54.618,255.743,561152,true,gpu_nvme_kernel,,1,16
Tutti-deployed,1,0.067,137,4096,256,18,53.18,219.824,561152,true,gpu_nvme_kernel,,1,16
Tutti-deployed,1,0.067,137,4096,256,19,49.579,211.366,561152,true,gpu_nvme_kernel,,1,16
Tutti-deployed,1,0.067,137,4096,256,20,56.992,223.344,561152,true,gpu_nvme_kernel,,1,16
Tutti-deployed,1,0.067,137,4096,256,21,52.387,210.726,561152,true,gpu_nvme_kernel,,1,16
Tutti-deployed,1,0.067,137,4096,256,22,54.602,209.603,561152,true,gpu_nvme_kernel,,1,16
Tutti-deployed,1,0.067,137,4096,256,23,62.175,210.241,561152,true,gpu_nvme_kernel,,1,16
Tutti-deployed,1,0.067,137,4096,256,24,53.753,227.948,561152,true,gpu_nvme_kernel,,1,16
Tutti-deployed,1,0.067,137,4096,256,25,53.364,219.526,561152,true,gpu_nvme_kernel,,1,16
Tutti-deployed,1,0.067,137,4096,256,26,54.809,209.029,561152,true,gpu_nvme_kernel,,1,16
Tutti-deployed,1,0.067,137,4096,256,27,51.897,233.157,561152,true,gpu_nvme_kernel,,1,16
Tutti-deployed,1,0.067,137,4096,256,28,53.77,230.98,561152,true,gpu_nvme_kernel,,1,16
Tutti-deployed,1,0.067,137,4096,256,29,64.942,231.924,561152,true,gpu_nvme_kernel,,1,16
Tutti-deployed,1,0.067,137,4096,256,30,55.774,202.836,561152,true,gpu_nvme_kernel,,1,16
Tutti-deployed,1,0.067,137,4096,256,31,50.661,208.374,561152,true,gpu_nvme_kernel,,1,16
Tutti-deployed,1,0.067,137,4096,256,32,55.47,221.76,561152,true,gpu_nvme_kernel,,1,16
Tutti-deployed,1,0.067,137,4096,256,33,52.564,198.054,561152,true,gpu_nvme_kernel,,1,16
Tutti-deployed,1,0.067,137,4096,256,34,54.896,241.49,561152,true,gpu_nvme_kernel,,1,16
Tutti-deployed,1,0.067,137,4096,256,35,61.16,309.836,561152,true,gpu_nvme_kernel,,1,16
Tutti-deployed,1,0.067,137,4096,256,36,53.612,229.015,561152,true,gpu_nvme_kernel,,1,16
Tutti-deployed,1,0.067,137,4096,256,37,52.886,215.042,561152,true,gpu_nvme_kernel,,1,16
Tutti-deployed,1,0.067,137,4096,256,38,53.017,217.919,561152,true,gpu_nvme_kernel,,1,16
Tutti-deployed,1,0.067,137,4096,256,39,54.083,212.352,561152,true,gpu_nvme_kernel,,1,16
Tutti-deployed,1,0.067,137,4096,256,40,51.329,251.111,561152,true,gpu_nvme_kernel,,1,16
Tutti-deployed,1,0.067,137,4096,256,41,51.096,254.473,561152,true,gpu_nvme_kernel,,1,16
Tutti-deployed,1,0.067,137,4096,256,42,56.375,293.783,561152,true,gpu_nvme_kernel,,1,16
Tutti-deployed,1,0.067,137,4096,256,43,52.122,237.397,561152,true,gpu_nvme_kernel,,1,16
Tutti-deployed,1,0.067,137,4096,256,44,53.302,215.068,561152,true,gpu_nvme_kernel,,1,16
Tutti-deployed,1,0.067,137,4096,256,45,51.123,258.965,561152,true,gpu_nvme_kernel,,1,16
Tutti-deployed,1,0.067,137,4096,256,46,56.845,256.55,561152,true,gpu_nvme_kernel,,1,16
Tutti-deployed,1,0.067,137,4096,256,47,51.213,206.906,561152,true,gpu_nvme_kernel,,1,16
Tutti-deployed,1,0.067,137,4096,256,48,51.55,215.569,561152,true,gpu_nvme_kernel,,1,16
Tutti-deployed,1,0.067,137,4096,256,49,53.843,283.198,561152,true,gpu_nvme_kernel,,1,16
Tutti-deployed,1,0.067,137,4096,256,50,54.045,210.007,561152,true,gpu_nvme_kernel,,1,16
Tutti-deployed,1,0.067,137,4096,256,51,53.664,210.233,561152,true,gpu_nvme_kernel,,1,16
Tutti-deployed,1,0.067,137,4096,256,52,52.43,214.103,561152,true,gpu_nvme_kernel,,1,16
Tutti-deployed,1,0.067,137,4096,256,53,52.672,209.448,561152,true,gpu_nvme_kernel,,1,16
Tutti-deployed,1,0.067,137,4096,256,54,66.6,228.427,561152,true,gpu_nvme_kernel,,1,16
Tutti-deployed,1,0.067,137,4096,256,55,53.018,220.92,561152,true,gpu_nvme_kernel,,1,16
Tutti-deployed,1,0.067,137,4096,256,56,57.8,215.686,561152,true,gpu_nvme_kernel,,1,16
Tutti-deployed,1,0.067,137,4096,256,57,51.395,219.647,561152,true,gpu_nvme_kernel,,1,16
Tutti-deployed,1,0.067,137,4096,256,58,55.346,224.943,561152,true,gpu_nvme_kernel,,1,16
Tutti-deployed,1,0.067,137,4096,256,59,52.749,212.875,561152,true,gpu_nvme_kernel,,1,16
Tutti-deployed,1,0.067,137,4096,256,60,51.381,270.451,561152,true,gpu_nvme_kernel,,1,16
Tutti-deployed,1,0.067,137,4096,256,61,52.81,219.243,561152,true,gpu_nvme_kernel,,1,16
Tutti-deployed,1,0.067,137,4096,256,62,54.078,220.61,561152,true,gpu_nvme_kernel,,1,16
Tutti-deployed,1,0.067,137,4096,256,63,53.909,219.956,561152,true,gpu_nvme_kernel,,1,16
Tutti-deployed,1,0.067,137,4096,256,64,51.602,233.959,561152,true,gpu_nvme_kernel,,1,16
Tutti-deployed,1,0.067,137,4096,256,65,52.421,220.716,561152,true,gpu_nvme_kernel,,1,16
Tutti-deployed,1,0.067,137,4096,256,66,57.257,268.074,561152,true,gpu_nvme_kernel,,1,16
Tutti-deployed,1,0.067,137,4096,256,67,52.261,204.74,561152,true,gpu_nvme_kernel,,1,16
Tutti-deployed,1,0.067,137,4096,256,68,53.757,219.208,561152,true,gpu_nvme_kernel,,1,16
Tutti-deployed,1,0.067,137,4096,256,69,52.161,220.302,561152,true,gpu_nvme_kernel,,1,16
Tutti-deployed,1,0.067,137,4096,256,70,79.872,293.44,561152,true,gpu_nvme_kernel,,1,16
Tutti-deployed,1,0.067,137,4096,256,71,58.866,214.691,561152,true,gpu_nvme_kernel,,1,16
Tutti-deployed,1,0.067,137,4096,256,72,55.298,207.246,561152,true,gpu_nvme_kernel,,1,16
Tutti-deployed,1,0.067,137,4096,256,73,55.311,219.674,561152,true,gpu_nvme_kernel,,1,16
Tutti-deployed,1,0.067,137,4096,256,74,54.316,217.572,561152,true,gpu_nvme_kernel,,1,16
Tutti-deployed,1,0.067,137,4096,256,75,55.362,209.642,561152,true,gpu_nvme_kernel,,1,16
Tutti-deployed,1,0.067,137,4096,256,76,52.987,239.99,561152,true,gpu_nvme_kernel,,1,16
Tutti-deployed,1,0.067,137,4096,256,77,52.02,264.464,561152,true,gpu_nvme_kernel,,1,16
Tutti-deployed,1,0.067,137,4096,256,78,56.243,215.187,561152,true,gpu_nvme_kernel,,1,16
Tutti-deployed,1,0.067,137,4096,256,79,130.827,335.498,561152,true,gpu_nvme_kernel,,1,16
Tutti-deployed,1,0.067,137,4096,256,80,55.336,211.627,561152,true,gpu_nvme_kernel,,1,16
Tutti-deployed,1,0.067,137,4096,256,81,53.649,201.751,561152,true,gpu_nvme_kernel,,1,16
Tutti-deployed,1,0.067,137,4096,256,82,57.058,246.983,561152,true,gpu_nvme_kernel,,1,16
Tutti-deployed,1,0.067,137,4096,256,83,54.344,219.816,561152,true,gpu_nvme_kernel,,1,16
Tutti-deployed,1,0.067,137,4096,256,84,52.714,242.42,561152,true,gpu_nvme_kernel,,1,16
Tutti-deployed,1,0.067,137,4096,256,85,56.296,211.953,561152,true,gpu_nvme_kernel,,1,16
Tutti-deployed,1,0.067,137,4096,256,86,51.058,201.737,561152,true,gpu_nvme_kernel,,1,16
Tutti-deployed,1,0.067,137,4096,256,87,54.159,241.841,561152,true,gpu_nvme_kernel,,1,16
Tutti-deployed,1,0.067,137,4096,256,88,53.163,250.68,561152,true,gpu_nvme_kernel,,1,16
Tutti-deployed,1,0.067,137,4096,256,89,53.133,231.461,561152,true,gpu_nvme_kernel,,1,16
Tutti-deployed,1,0.067,137,4096,256,90,53.313,242.566,561152,true,gpu_nvme_kernel,,1,16
Tutti-deployed,1,0.067,137,4096,256,91,53.61,209.838,561152,true,gpu_nvme_kernel,,1,16
Tutti-deployed,1,0.067,137,4096,256,92,53.934,227.546,561152,true,gpu_nvme_kernel,,1,16
Tutti-deployed,1,0.067,137,4096,256,93,53.548,209.999,561152,true,gpu_nvme_kernel,,1,16
Tutti-deployed,1,0.067,137,4096,256,94,54.342,222.57,561152,true,gpu_nvme_kernel,,1,16
Tutti-deployed,1,0.067,137,4096,256,95,53.948,215.167,561152,true,gpu_nvme_kernel,,1,16
Tutti-deployed,1,0.067,137,4096,256,96,52.498,215.688,561152,true,gpu_nvme_kernel,,1,16
Tutti-deployed,1,0.067,137,4096,256,97,65.484,216.866,561152,true,gpu_nvme_kernel,,1,16
Tutti-deployed,1,0.067,137,4096,256,98,52.295,215.841,561152,true,gpu_nvme_kernel,,1,16
Tutti-deployed,1,0.067,137,4096,256,99,51.855,243.367,561152,true,gpu_nvme_kernel,,1,16
Tutti-deployed,1,0.067,137,4096,256,100,53.769,220.302,561152,true,gpu_nvme_kernel,,1,16
Tutti-deployed,1,0.067,137,4096,256,101,53.774,234.395,561152,true,gpu_nvme_kernel,,1,16
Tutti-deployed,1,0.067,137,4096,256,102,53.229,290.265,561152,true,gpu_nvme_kernel,,1,16
Tutti-deployed,1,0.067,137,4096,256,103,52.031,211.713,561152,true,gpu_nvme_kernel,,1,16
Tutti-deployed,1,0.067,137,4096,256,104,56.227,225.091,561152,true,gpu_nvme_kernel,,1,16
Tutti-deployed,1,0.067,137,4096,256,105,57.666,216.291,561152,true,gpu_nvme_kernel,,1,16
Tutti-deployed,1,0.067,137,4096,256,106,55.657,328.144,561152,true,gpu_nvme_kernel,,1,16
Tutti-deployed,1,0.067,137,4096,256,107,56.025,233.376,561152,true,gpu_nvme_kernel,,1,16
Tutti-deployed,1,0.067,137,4096,256,108,53.284,247.002,561152,true,gpu_nvme_kernel,,1,16
Tutti-deployed,1,0.067,137,4096,256,109,55.478,239.099,561152,true,gpu_nvme_kernel,,1,16
Tutti-deployed,1,0.067,137,4096,256,110,50.973,202.344,561152,true,gpu_nvme_kernel,,1,16
Tutti-deployed,1,0.067,137,4096,256,111,55.289,243.296,561152,true,gpu_nvme_kernel,,1,16
Tutti-deployed,1,0.067,137,4096,256,112,55.531,256.651,561152,true,gpu_nvme_kernel,,1,16
Tutti-deployed,1,0.067,137,4096,256,113,53.818,235.206,561152,true,gpu_nvme_kernel,,1,16
Tutti-deployed,1,0.067,137,4096,256,114,53.642,207.351,561152,true,gpu_nvme_kernel,,1,16
Tutti-deployed,1,0.067,137,4096,256,115,52.081,213.378,561152,true,gpu_nvme_kernel,,1,16
Tutti-deployed,1,0.067,137,4096,256,116,54.197,208.512,561152,true,gpu_nvme_kernel,,1,16
Tutti-deployed,1,0.067,137,4096,256,117,59.82,290.023,561152,true,gpu_nvme_kernel,,1,16
Tutti-deployed,1,0.067,137,4096,256,118,51.979,232.333,561152,true,gpu_nvme_kernel,,1,16
Tutti-deployed,1,0.067,137,4096,256,119,54.487,232.76,561152,true,gpu_nvme_kernel,,1,16
Tutti-deployed,1,0.067,137,4096,256,120,52.03,289.721,561152,true,gpu_nvme_kernel,,1,16
Tutti-deployed,1,0.067,137,4096,256,121,55.958,210.376,561152,true,gpu_nvme_kernel,,1,16
Tutti-deployed,1,0.067,137,4096,256,122,51.071,241.231,561152,true,gpu_nvme_kernel,,1,16
Tutti-deployed,1,0.067,137,4096,256,123,54.948,211.277,561152,true,gpu_nvme_kernel,,1,16
Tutti-deployed,1,0.067,137,4096,256,124,55.114,264.844,561152,true,gpu_nvme_kernel,,1,16
Tutti-deployed,1,0.067,137,4096,256,125,53.675,233.41,561152,true,gpu_nvme_kernel,,1,16
Tutti-deployed,1,0.067,137,4096,256,126,53.108,207.944,561152,true,gpu_nvme_kernel,,1,16
Tutti-deployed,1,0.067,137,4096,256,127,52.58,236.849,561152,true,gpu_nvme_kernel,,1,16
Tutti-deployed,1,0.067,137,4096,256,128,53.295,234.584,561152,true,gpu_nvme_kernel,,1,16
Tutti-deployed,1,0.067,137,4096,256,129,54.12,249.163,561152,true,gpu_nvme_kernel,,1,16
Tutti-deployed,1,0.067,137,4096,256,130,51.917,215.603,561152,true,gpu_nvme_kernel,,1,16
Tutti-deployed,1,0.067,137,4096,256,131,57.907,254.582,561152,true,gpu_nvme_kernel,,1,16
Tutti-deployed,1,0.067,137,4096,256,132,51.063,220.484,561152,true,gpu_nvme_kernel,,1,16
Tutti-deployed,1,0.067,137,4096,256,133,55.486,231.673,561152,true,gpu_nvme_kernel,,1,16
Tutti-deployed,1,0.067,137,4096,256,134,52.504,207.928,561152,true,gpu_nvme_kernel,,1,16
Tutti-deployed,1,0.067,137,4096,256,135,52.503,217.367,561152,true,gpu_nvme_kernel,,1,16
Tutti-deployed,1,0.067,137,4096,256,136,52.992,212.944,561152,true,gpu_nvme_kernel,,1,16
Tutti-deployed,1,0.067,137,4096,256,137,54.636,225.431,561152,true,gpu_nvme_kernel,,1,16
Tutti-deployed,1,0.067,137,4096,256,138,54.356,232.553,561152,true,gpu_nvme_kernel,,1,16
Tutti-deployed,1,0.067,137,4096,256,139,52.95,261.512,561152,true,gpu_nvme_kernel,,1,16
Tutti-deployed,1,0.067,137,4096,256,140,51.94,239.136,561152,true,gpu_nvme_kernel,,1,16
Tutti-deployed,1,0.067,137,4096,256,141,64.57,214.742,561152,true,gpu_nvme_kernel,,1,16
Tutti-deployed,1,0.067,137,4096,256,142,59.488,214.791,561152,true,gpu_nvme_kernel,,1,16
Tutti-deployed,1,0.067,137,4096,256,143,54.754,218.656,561152,true,gpu_nvme_kernel,,1,16
Tutti-deployed,1,0.067,137,4096,256,144,52.904,215.289,561152,true,gpu_nvme_kernel,,1,16
Tutti-deployed,1,0.067,137,4096,256,145,55.229,232.153,561152,true,gpu_nvme_kernel,,1,16
Tutti-deployed,1,0.067,137,4096,256,146,52.841,223.965,561152,true,gpu_nvme_kernel,,1,16
Tutti-deployed,1,0.067,137,4096,256,147,53.624,247.22,561152,true,gpu_nvme_kernel,,1,16
Tutti-deployed,1,0.067,137,4096,256,148,53.275,212.342,561152,true,gpu_nvme_kernel,,1,16
Tutti-deployed,1,0.067,137,4096,256,149,53.275,230.137,561152,true,gpu_nvme_kernel,,1,16
Tutti-deployed,1,0.067,137,4096,256,150,55.068,218.851,561152,true,gpu_nvme_kernel,,1,16
Tutti-deployed,1,0.067,137,4096,256,151,51.786,212.032,561152,true,gpu_nvme_kernel,,1,16
Tutti-deployed,1,0.067,137,4096,256,152,52.85,203.805,561152,true,gpu_nvme_kernel,,1,16
Tutti-deployed,1,0.067,137,4096,256,153,68.978,220.161,561152,true,gpu_nvme_kernel,,1,16
Tutti-deployed,1,0.067,137,4096,256,154,53.731,211.615,561152,true,gpu_nvme_kernel,,1,16
Tutti-deployed,1,0.067,137,4096,256,155,54.465,214.952,561152,true,gpu_nvme_kernel,,1,16
Tutti-deployed,1,0.067,137,4096,256,156,52.285,207.89,561152,true,gpu_nvme_kernel,,1,16
Tutti-deployed,1,0.067,137,4096,256,157,55.467,209.133,561152,true,gpu_nvme_kernel,,1,16
Tutti-deployed,1,0.067,137,4096,256,158,53.292,213.365,561152,true,gpu_nvme_kernel,,1,16
Tutti-deployed,1,0.067,137,4096,256,159,52.083,296.438,561152,true,gpu_nvme_kernel,,1,16
Tutti-deployed,1,0.067,137,4096,256,160,53.803,214.432,561152,true,gpu_nvme_kernel,,1,16
Tutti-deployed,1,0.067,137,4096,256,161,55.299,213.968,561152,true,gpu_nvme_kernel,,1,16
Tutti-deployed,1,0.067,137,4096,256,162,55.107,210.957,561152,true,gpu_nvme_kernel,,1,16
Tutti-deployed,1,0.067,137,4096,256,163,52.909,214.639,561152,true,gpu_nvme_kernel,,1,16
Tutti-deployed,1,0.067,137,4096,256,164,51.705,220.328,561152,true,gpu_nvme_kernel,,1,16
Tutti-deployed,1,0.067,137,4096,256,165,55.717,236.41,561152,true,gpu_nvme_kernel,,1,16
Tutti-deployed,1,0.067,137,4096,256,166,53.365,224.149,561152,true,gpu_nvme_kernel,,1,16
Tutti-deployed,1,0.067,137,4096,256,167,54.477,226.155,561152,true,gpu_nvme_kernel,,1,16
Tutti-deployed,1,0.067,137,4096,256,168,50.721,212.135,561152,true,gpu_nvme_kernel,,1,16
Tutti-deployed,1,0.067,137,4096,256,169,53.154,205.186,561152,true,gpu_nvme_kernel,,1,16
Tutti-deployed,1,0.067,137,4096,256,170,62.437,231.62,561152,true,gpu_nvme_kernel,,1,16
Tutti-deployed,1,0.067,137,4096,256,171,51.72,223.152,561152,true,gpu_nvme_kernel,,1,16
Tutti-deployed,1,0.067,137,4096,256,172,53.097,261.572,561152,true,gpu_nvme_kernel,,1,16
Tutti-deployed,1,0.067,137,4096,256,173,53.976,210.541,561152,true,gpu_nvme_kernel,,1,16
Tutti-deployed,1,0.067,137,4096,256,174,55.089,226.033,561152,true,gpu_nvme_kernel,,1,16
Tutti-deployed,1,0.067,137,4096,256,175,50.919,211.999,561152,true,gpu_nvme_kernel,,1,16
Tutti-deployed,1,0.067,137,4096,256,176,52.314,237.149,561152,true,gpu_nvme_kernel,,1,16
Tutti-deployed,1,0.067,137,4096,256,177,57.132,226.9,561152,true,gpu_nvme_kernel,,1,16
Tutti-deployed,1,0.067,137,4096,256,178,64.1,230.091,561152,true,gpu_nvme_kernel,,1,16
Tutti-deployed,1,0.067,137,4096,256,179,67.452,248.89,561152,true,gpu_nvme_kernel,,1,16
Tutti-deployed,1,0.067,137,4096,256,180,55.165,222.099,561152,true,gpu_nvme_kernel,,1,16
Tutti-deployed,1,0.067,137,4096,256,181,53.586,269.104,561152,true,gpu_nvme_kernel,,1,16
Tutti-deployed,1,0.067,137,4096,256,182,55.887,242.623,561152,true,gpu_nvme_kernel,,1,16
Tutti-deployed,1,0.067,137,4096,256,183,52.252,271.499,561152,true,gpu_nvme_kernel,,1,16
Tutti-deployed,1,0.067,137,4096,256,184,55.103,236.183,561152,true,gpu_nvme_kernel,,1,16
Tutti-deployed,1,0.067,137,4096,256,185,51.6,213.509,561152,true,gpu_nvme_kernel,,1,16
Tutti-deployed,1,0.067,137,4096,256,186,55.107,220.663,561152,true,gpu_nvme_kernel,,1,16
Tutti-deployed,1,0.067,137,4096,256,187,51.361,238.233,561152,true,gpu_nvme_kernel,,1,16
Tutti-deployed,1,0.067,137,4096,256,188,53.246,223.023,561152,true,gpu_nvme_kernel,,1,16
Tutti-deployed,1,0.067,137,4096,256,189,53.917,210.253,561152,true,gpu_nvme_kernel,,1,16
Tutti-deployed,1,0.067,137,4096,256,190,52.499,206.363,561152,true,gpu_nvme_kernel,,1,16
Tutti-deployed,1,0.067,137,4096,256,191,52.969,237.426,561152,true,gpu_nvme_kernel,,1,16
Tutti-deployed,1,0.067,137,4096,256,192,54.225,212.803,561152,true,gpu_nvme_kernel,,1,16
Tutti-deployed,1,0.067,137,4096,256,193,55.283,250.571,561152,true,gpu_nvme_kernel,,1,16
Tutti-deployed,1,0.067,137,4096,256,194,54.3,225.98,561152,true,gpu_nvme_kernel,,1,16
Tutti-deployed,1,0.067,137,4096,256,195,51.012,209.014,561152,true,gpu_nvme_kernel,,1,16
Tutti-deployed,1,0.067,137,4096,256,196,56.6,260.994,561152,true,gpu_nvme_kernel,,1,16
Tutti-deployed,1,0.067,137,4096,256,197,50.713,217.242,561152,true,gpu_nvme_kernel,,1,16
Tutti-deployed,1,0.067,137,4096,256,198,53.13,251.744,561152,true,gpu_nvme_kernel,,1,16
Tutti-deployed,1,0.067,137,4096,256,199,61.832,264.775,561152,true,gpu_nvme_kernel,,1,16
Tutti-deployed,1,0.067,137,4096,256,0,54.112,214.458,561152,true,gpu_nvme_kernel,,3,16
Tutti-deployed,1,0.134,274,4096,256,0,132.307,293.841,1122304,true,gpu_nvme_kernel,,2,16
Tutti-deployed,1,0.134,274,4096,256,0,111.909,301.175,1122304,true,gpu_nvme_kernel,,0,16
Tutti-deployed,1,0.134,274,4096,256,1,124.201,339.723,1122304,true,gpu_nvme_kernel,,0,16
Tutti-deployed,1,0.134,274,4096,256,2,111.988,341.073,1122304,true,gpu_nvme_kernel,,0,16
Tutti-deployed,1,0.134,274,4096,256,3,110.988,299.523,1122304,true,gpu_nvme_kernel,,0,16
Tutti-deployed,1,0.134,274,4096,256,4,113.428,328.154,1122304,true,gpu_nvme_kernel,,0,16
Tutti-deployed,1,0.134,274,4096,256,5,109.658,318.771,1122304,true,gpu_nvme_kernel,,0,16
Tutti-deployed,1,0.134,274,4096,256,6,115.576,351.666,1122304,true,gpu_nvme_kernel,,0,16
Tutti-deployed,1,0.134,274,4096,256,7,110.054,309.033,1122304,true,gpu_nvme_kernel,,0,16
Tutti-deployed,1,0.134,274,4096,256,8,108.011,323.081,1122304,true,gpu_nvme_kernel,,0,16
Tutti-deployed,1,0.134,274,4096,256,9,107.365,303.41,1122304,true,gpu_nvme_kernel,,0,16
Tutti-deployed,1,0.134,274,4096,256,0,108.076,367.328,1122304,true,gpu_nvme_kernel,,1,16
Tutti-deployed,1,0.134,274,4096,256,1,107.892,331.206,1122304,true,gpu_nvme_kernel,,1,16
Tutti-deployed,1,0.134,274,4096,256,2,92.119,372.476,1122304,true,gpu_nvme_kernel,,1,16
Tutti-deployed,1,0.134,274,4096,256,3,93.635,350.601,1122304,true,gpu_nvme_kernel,,1,16
Tutti-deployed,1,0.134,274,4096,256,4,95.571,301.725,1122304,true,gpu_nvme_kernel,,1,16
Tutti-deployed,1,0.134,274,4096,256,5,90.108,306.913,1122304,true,gpu_nvme_kernel,,1,16
Tutti-deployed,1,0.134,274,4096,256,6,91.174,326.75,1122304,true,gpu_nvme_kernel,,1,16
Tutti-deployed,1,0.134,274,4096,256,7,90.833,304.126,1122304,true,gpu_nvme_kernel,,1,16
Tutti-deployed,1,0.134,274,4096,256,8,91.032,338.619,1122304,true,gpu_nvme_kernel,,1,16
Tutti-deployed,1,0.134,274,4096,256,9,103.489,327.877,1122304,true,gpu_nvme_kernel,,1,16
Tutti-deployed,1,0.134,274,4096,256,10,90.436,366.004,1122304,true,gpu_nvme_kernel,,1,16
Tutti-deployed,1,0.134,274,4096,256,11,92.533,312.955,1122304,true,gpu_nvme_kernel,,1,16
Tutti-deployed,1,0.134,274,4096,256,12,93,315.144,1122304,true,gpu_nvme_kernel,,1,16
Tutti-deployed,1,0.134,274,4096,256,13,102.109,360.661,1122304,true,gpu_nvme_kernel,,1,16
Tutti-deployed,1,0.134,274,4096,256,14,93.055,312.669,1122304,true,gpu_nvme_kernel,,1,16
Tutti-deployed,1,0.134,274,4096,256,15,102.905,343.166,1122304,true,gpu_nvme_kernel,,1,16
Tutti-deployed,1,0.134,274,4096,256,16,101.499,376.517,1122304,true,gpu_nvme_kernel,,1,16
Tutti-deployed,1,0.134,274,4096,256,17,99.6,311.874,1122304,true,gpu_nvme_kernel,,1,16
Tutti-deployed,1,0.134,274,4096,256,18,105.409,317.211,1122304,true,gpu_nvme_kernel,,1,16
Tutti-deployed,1,0.134,274,4096,256,19,90.713,308.845,1122304,true,gpu_nvme_kernel,,1,16
Tutti-deployed,1,0.134,274,4096,256,20,98.154,310.754,1122304,true,gpu_nvme_kernel,,1,16
Tutti-deployed,1,0.134,274,4096,256,21,91.265,298.138,1122304,true,gpu_nvme_kernel,,1,16
Tutti-deployed,1,0.134,274,4096,256,22,94.818,300.255,1122304,true,gpu_nvme_kernel,,1,16
Tutti-deployed,1,0.134,274,4096,256,23,89.26,301.995,1122304,true,gpu_nvme_kernel,,1,16
Tutti-deployed,1,0.134,274,4096,256,24,107.272,298.761,1122304,true,gpu_nvme_kernel,,1,16
Tutti-deployed,1,0.134,274,4096,256,25,99.1,339.105,1122304,true,gpu_nvme_kernel,,1,16
Tutti-deployed,1,0.134,274,4096,256,26,96.537,313.045,1122304,true,gpu_nvme_kernel,,1,16
Tutti-deployed,1,0.134,274,4096,256,27,90.275,325.793,1122304,true,gpu_nvme_kernel,,1,16
Tutti-deployed,1,0.134,274,4096,256,28,93.631,336.698,1122304,true,gpu_nvme_kernel,,1,16
Tutti-deployed,1,0.134,274,4096,256,29,91.109,314.042,1122304,true,gpu_nvme_kernel,,1,16
Tutti-deployed,1,0.134,274,4096,256,30,90.136,352.98,1122304,true,gpu_nvme_kernel,,1,16
Tutti-deployed,1,0.134,274,4096,256,31,91.302,326.895,1122304,true,gpu_nvme_kernel,,1,16
Tutti-deployed,1,0.134,274,4096,256,32,93.128,345.662,1122304,true,gpu_nvme_kernel,,1,16
Tutti-deployed,1,0.134,274,4096,256,33,95.845,329.598,1122304,true,gpu_nvme_kernel,,1,16
Tutti-deployed,1,0.134,274,4096,256,34,98.855,375.714,1122304,true,gpu_nvme_kernel,,1,16
Tutti-deployed,1,0.134,274,4096,256,35,89.243,345.409,1122304,true,gpu_nvme_kernel,,1,16
Tutti-deployed,1,0.134,274,4096,256,36,91.559,309.596,1122304,true,gpu_nvme_kernel,,1,16
Tutti-deployed,1,0.134,274,4096,256,37,92.71,318.575,1122304,true,gpu_nvme_kernel,,1,16
Tutti-deployed,1,0.134,274,4096,256,38,95.248,327.297,1122304,true,gpu_nvme_kernel,,1,16
Tutti-deployed,1,0.134,274,4096,256,39,90.759,365.193,1122304,true,gpu_nvme_kernel,,1,16
Tutti-deployed,1,0.134,274,4096,256,40,91.441,296.964,1122304,true,gpu_nvme_kernel,,1,16
Tutti-deployed,1,0.134,274,4096,256,41,92.946,369.132,1122304,true,gpu_nvme_kernel,,1,16
Tutti-deployed,1,0.134,274,4096,256,42,91.181,317.394,1122304,true,gpu_nvme_kernel,,1,16
Tutti-deployed,1,0.134,274,4096,256,43,98.69,302.153,1122304,true,gpu_nvme_kernel,,1,16
Tutti-deployed,1,0.134,274,4096,256,44,90.238,305.242,1122304,true,gpu_nvme_kernel,,1,16
Tutti-deployed,1,0.134,274,4096,256,45,89.263,363.855,1122304,true,gpu_nvme_kernel,,1,16
Tutti-deployed,1,0.134,274,4096,256,46,89.54,342.217,1122304,true,gpu_nvme_kernel,,1,16
Tutti-deployed,1,0.134,274,4096,256,47,93.904,342.861,1122304,true,gpu_nvme_kernel,,1,16
Tutti-deployed,1,0.134,274,4096,256,48,92.135,323.356,1122304,true,gpu_nvme_kernel,,1,16
Tutti-deployed,1,0.134,274,4096,256,49,105.322,307.854,1122304,true,gpu_nvme_kernel,,1,16
Tutti-deployed,1,0.134,274,4096,256,50,100.05,302.693,1122304,true,gpu_nvme_kernel,,1,16
Tutti-deployed,1,0.134,274,4096,256,51,92.078,311.523,1122304,true,gpu_nvme_kernel,,1,16
Tutti-deployed,1,0.134,274,4096,256,52,97.103,325.339,1122304,true,gpu_nvme_kernel,,1,16
Tutti-deployed,1,0.134,274,4096,256,53,89.95,308.739,1122304,true,gpu_nvme_kernel,,1,16
Tutti-deployed,1,0.134,274,4096,256,54,91.35,321.444,1122304,true,gpu_nvme_kernel,,1,16
Tutti-deployed,1,0.134,274,4096,256,55,93.882,322.9,1122304,true,gpu_nvme_kernel,,1,16
Tutti-deployed,1,0.134,274,4096,256,56,90.837,325.195,1122304,true,gpu_nvme_kernel,,1,16
Tutti-deployed,1,0.134,274,4096,256,57,92.614,306.211,1122304,true,gpu_nvme_kernel,,1,16
Tutti-deployed,1,0.134,274,4096,256,58,98.087,313.441,1122304,true,gpu_nvme_kernel,,1,16
Tutti-deployed,1,0.134,274,4096,256,59,90.206,348.214,1122304,true,gpu_nvme_kernel,,1,16
Tutti-deployed,1,0.134,274,4096,256,60,89.439,301.143,1122304,true,gpu_nvme_kernel,,1,16
Tutti-deployed,1,0.134,274,4096,256,61,95.623,302.497,1122304,true,gpu_nvme_kernel,,1,16
Tutti-deployed,1,0.134,274,4096,256,62,89.193,358.282,1122304,true,gpu_nvme_kernel,,1,16
Tutti-deployed,1,0.134,274,4096,256,63,93.97,334.786,1122304,true,gpu_nvme_kernel,,1,16
Tutti-deployed,1,0.134,274,4096,256,64,89.758,315.002,1122304,true,gpu_nvme_kernel,,1,16
Tutti-deployed,1,0.134,274,4096,256,65,117.456,319.196,1122304,true,gpu_nvme_kernel,,1,16
Tutti-deployed,1,0.134,274,4096,256,66,91.507,335.763,1122304,true,gpu_nvme_kernel,,1,16
Tutti-deployed,1,0.134,274,4096,256,67,89.957,312.879,1122304,true,gpu_nvme_kernel,,1,16
Tutti-deployed,1,0.134,274,4096,256,68,89.804,331.68,1122304,true,gpu_nvme_kernel,,1,16
Tutti-deployed,1,0.134,274,4096,256,69,89.976,391.719,1122304,true,gpu_nvme_kernel,,1,16
Tutti-deployed,1,0.134,274,4096,256,70,94.966,340.271,1122304,true,gpu_nvme_kernel,,1,16
Tutti-deployed,1,0.134,274,4096,256,71,90.001,330.929,1122304,true,gpu_nvme_kernel,,1,16
Tutti-deployed,1,0.134,274,4096,256,72,90.755,303.586,1122304,true,gpu_nvme_kernel,,1,16
Tutti-deployed,1,0.134,274,4096,256,73,92.93,293.574,1122304,true,gpu_nvme_kernel,,1,16
Tutti-deployed,1,0.134,274,4096,256,74,93.144,324.486,1122304,true,gpu_nvme_kernel,,1,16
Tutti-deployed,1,0.134,274,4096,256,75,92.583,312.048,1122304,true,gpu_nvme_kernel,,1,16
Tutti-deployed,1,0.134,274,4096,256,76,91.159,320.048,1122304,true,gpu_nvme_kernel,,1,16
Tutti-deployed,1,0.134,274,4096,256,77,89.802,334.091,1122304,true,gpu_nvme_kernel,,1,16
Tutti-deployed,1,0.134,274,4096,256,78,92.583,355.901,1122304,true,gpu_nvme_kernel,,1,16
Tutti-deployed,1,0.134,274,4096,256,79,93.874,345.73,1122304,true,gpu_nvme_kernel,,1,16
Tutti-deployed,1,0.134,274,4096,256,80,93.937,308.312,1122304,true,gpu_nvme_kernel,,1,16
Tutti-deployed,1,0.134,274,4096,256,81,91.406,324.972,1122304,true,gpu_nvme_kernel,,1,16
Tutti-deployed,1,0.134,274,4096,256,82,93.422,300.91,1122304,true,gpu_nvme_kernel,,1,16
Tutti-deployed,1,0.134,274,4096,256,83,90.823,347.777,1122304,true,gpu_nvme_kernel,,1,16
Tutti-deployed,1,0.134,274,4096,256,84,88.577,304.832,1122304,true,gpu_nvme_kernel,,1,16
Tutti-deployed,1,0.134,274,4096,256,85,98.121,310.682,1122304,true,gpu_nvme_kernel,,1,16
Tutti-deployed,1,0.134,274,4096,256,86,91.731,301.466,1122304,true,gpu_nvme_kernel,,1,16
Tutti-deployed,1,0.134,274,4096,256,87,94.16,374.153,1122304,true,gpu_nvme_kernel,,1,16
Tutti-deployed,1,0.134,274,4096,256,88,90.528,313.136,1122304,true,gpu_nvme_kernel,,1,16
Tutti-deployed,1,0.134,274,4096,256,89,98.689,308.603,1122304,true,gpu_nvme_kernel,,1,16
Tutti-deployed,1,0.134,274,4096,256,90,88.958,302.225,1122304,true,gpu_nvme_kernel,,1,16
Tutti-deployed,1,0.134,274,4096,256,91,93.116,354.596,1122304,true,gpu_nvme_kernel,,1,16
Tutti-deployed,1,0.134,274,4096,256,92,92.685,317.642,1122304,true,gpu_nvme_kernel,,1,16
Tutti-deployed,1,0.134,274,4096,256,93,90.18,304.544,1122304,true,gpu_nvme_kernel,,1,16
Tutti-deployed,1,0.134,274,4096,256,94,98.456,322.525,1122304,true,gpu_nvme_kernel,,1,16
Tutti-deployed,1,0.134,274,4096,256,95,91.62,298.704,1122304,true,gpu_nvme_kernel,,1,16
Tutti-deployed,1,0.134,274,4096,256,96,88.764,298.127,1122304,true,gpu_nvme_kernel,,1,16
Tutti-deployed,1,0.134,274,4096,256,97,89.485,323.499,1122304,true,gpu_nvme_kernel,,1,16
Tutti-deployed,1,0.134,274,4096,256,98,94.085,352.067,1122304,true,gpu_nvme_kernel,,1,16
Tutti-deployed,1,0.134,274,4096,256,99,91.425,336.419,1122304,true,gpu_nvme_kernel,,1,16
Tutti-deployed,1,0.134,274,4096,256,100,88.697,293.86,1122304,true,gpu_nvme_kernel,,1,16
Tutti-deployed,1,0.134,274,4096,256,101,102.591,308.607,1122304,true,gpu_nvme_kernel,,1,16
Tutti-deployed,1,0.134,274,4096,256,102,89.687,353.298,1122304,true,gpu_nvme_kernel,,1,16
Tutti-deployed,1,0.134,274,4096,256,103,95.977,341.503,1122304,true,gpu_nvme_kernel,,1,16
Tutti-deployed,1,0.134,274,4096,256,104,87.941,309.807,1122304,true,gpu_nvme_kernel,,1,16
Tutti-deployed,1,0.134,274,4096,256,105,106.236,391.871,1122304,true,gpu_nvme_kernel,,1,16
Tutti-deployed,1,0.134,274,4096,256,106,87.521,314.749,1122304,true,gpu_nvme_kernel,,1,16
Tutti-deployed,1,0.134,274,4096,256,107,88.531,313.162,1122304,true,gpu_nvme_kernel,,1,16
Tutti-deployed,1,0.134,274,4096,256,108,88.6,305.298,1122304,true,gpu_nvme_kernel,,1,16
Tutti-deployed,1,0.134,274,4096,256,109,95.051,308.719,1122304,true,gpu_nvme_kernel,,1,16
Tutti-deployed,1,0.134,274,4096,256,110,88.65,304.951,1122304,true,gpu_nvme_kernel,,1,16
Tutti-deployed,1,0.134,274,4096,256,111,89.191,343.473,1122304,true,gpu_nvme_kernel,,1,16
Tutti-deployed,1,0.134,274,4096,256,112,88.742,311.933,1122304,true,gpu_nvme_kernel,,1,16
Tutti-deployed,1,0.134,274,4096,256,113,92.338,300.373,1122304,true,gpu_nvme_kernel,,1,16
Tutti-deployed,1,0.134,274,4096,256,114,88.123,319.157,1122304,true,gpu_nvme_kernel,,1,16
Tutti-deployed,1,0.134,274,4096,256,115,94.519,307.192,1122304,true,gpu_nvme_kernel,,1,16
Tutti-deployed,1,0.134,274,4096,256,116,88.209,295.5,1122304,true,gpu_nvme_kernel,,1,16
Tutti-deployed,1,0.134,274,4096,256,117,87.749,312.437,1122304,true,gpu_nvme_kernel,,1,16
Tutti-deployed,1,0.134,274,4096,256,118,87.715,294.048,1122304,true,gpu_nvme_kernel,,1,16
Tutti-deployed,1,0.134,274,4096,256,119,91.153,301.186,1122304,true,gpu_nvme_kernel,,1,16
Tutti-deployed,1,0.134,274,4096,256,120,88.971,334.879,1122304,true,gpu_nvme_kernel,,1,16
Tutti-deployed,1,0.134,274,4096,256,121,93.918,314.367,1122304,true,gpu_nvme_kernel,,1,16
Tutti-deployed,1,0.134,274,4096,256,122,89.905,310.489,1122304,true,gpu_nvme_kernel,,1,16
Tutti-deployed,1,0.134,274,4096,256,123,94.575,303.313,1122304,true,gpu_nvme_kernel,,1,16
Tutti-deployed,1,0.134,274,4096,256,124,90.54,303.41,1122304,true,gpu_nvme_kernel,,1,16
Tutti-deployed,1,0.134,274,4096,256,125,85.724,291.47,1122304,true,gpu_nvme_kernel,,1,16
Tutti-deployed,1,0.134,274,4096,256,126,86.771,351.393,1122304,true,gpu_nvme_kernel,,1,16
Tutti-deployed,1,0.134,274,4096,256,127,87.079,356.381,1122304,true,gpu_nvme_kernel,,1,16
Tutti-deployed,1,0.134,274,4096,256,128,85.862,300.905,1122304,true,gpu_nvme_kernel,,1,16
Tutti-deployed,1,0.134,274,4096,256,129,85.75,319.918,1122304,true,gpu_nvme_kernel,,1,16
Tutti-deployed,1,0.134,274,4096,256,130,85.907,327.896,1122304,true,gpu_nvme_kernel,,1,16
Tutti-deployed,1,0.134,274,4096,256,131,86.365,305.06,1122304,true,gpu_nvme_kernel,,1,16
Tutti-deployed,1,0.134,274,4096,256,132,93.876,313.301,1122304,true,gpu_nvme_kernel,,1,16
Tutti-deployed,1,0.134,274,4096,256,133,86.623,315.135,1122304,true,gpu_nvme_kernel,,1,16
Tutti-deployed,1,0.134,274,4096,256,134,86.376,311.516,1122304,true,gpu_nvme_kernel,,1,16
Tutti-deployed,1,0.134,274,4096,256,135,85.693,303.579,1122304,true,gpu_nvme_kernel,,1,16
Tutti-deployed,1,0.134,274,4096,256,136,88.88,320.463,1122304,true,gpu_nvme_kernel,,1,16
Tutti-deployed,1,0.134,274,4096,256,137,86.033,294.101,1122304,true,gpu_nvme_kernel,,1,16
Tutti-deployed,1,0.134,274,4096,256,138,86.239,293.406,1122304,true,gpu_nvme_kernel,,1,16
Tutti-deployed,1,0.134,274,4096,256,139,86.258,310.605,1122304,true,gpu_nvme_kernel,,1,16
Tutti-deployed,1,0.134,274,4096,256,140,85.292,296.383,1122304,true,gpu_nvme_kernel,,1,16
Tutti-deployed,1,0.134,274,4096,256,141,85.773,302.962,1122304,true,gpu_nvme_kernel,,1,16
Tutti-deployed,1,0.134,274,4096,256,142,87.041,356.947,1122304,true,gpu_nvme_kernel,,1,16
Tutti-deployed,1,0.134,274,4096,256,143,89.48,335.883,1122304,true,gpu_nvme_kernel,,1,16
Tutti-deployed,1,0.134,274,4096,256,144,86.158,317.306,1122304,true,gpu_nvme_kernel,,1,16
Tutti-deployed,1,0.134,274,4096,256,145,85.129,307.215,1122304,true,gpu_nvme_kernel,,1,16
Tutti-deployed,1,0.134,274,4096,256,146,89.667,336.941,1122304,true,gpu_nvme_kernel,,1,16
Tutti-deployed,1,0.134,274,4096,256,147,87.21,335.278,1122304,true,gpu_nvme_kernel,,1,16
Tutti-deployed,1,0.134,274,4096,256,148,86.479,329.899,1122304,true,gpu_nvme_kernel,,1,16
Tutti-deployed,1,0.134,274,4096,256,149,84.924,328.753,1122304,true,gpu_nvme_kernel,,1,16
Tutti-deployed,1,0.134,274,4096,256,150,96.168,317.565,1122304,true,gpu_nvme_kernel,,1,16
Tutti-deployed,1,0.134,274,4096,256,151,86.112,306.63,1122304,true,gpu_nvme_kernel,,1,16
Tutti-deployed,1,0.134,274,4096,256,152,88.956,348.268,1122304,true,gpu_nvme_kernel,,1,16
Tutti-deployed,1,0.134,274,4096,256,153,86.077,310.468,1122304,true,gpu_nvme_kernel,,1,16
Tutti-deployed,1,0.134,274,4096,256,154,85.679,317.15,1122304,true,gpu_nvme_kernel,,1,16
Tutti-deployed,1,0.134,274,4096,256,155,90.407,322.734,1122304,true,gpu_nvme_kernel,,1,16
Tutti-deployed,1,0.134,274,4096,256,156,85.475,369.923,1122304,true,gpu_nvme_kernel,,1,16
Tutti-deployed,1,0.134,274,4096,256,157,87.018,311.944,1122304,true,gpu_nvme_kernel,,1,16
Tutti-deployed,1,0.134,274,4096,256,158,89.874,345.43,1122304,true,gpu_nvme_kernel,,1,16
Tutti-deployed,1,0.134,274,4096,256,159,86.44,322.86,1122304,true,gpu_nvme_kernel,,1,16
Tutti-deployed,1,0.134,274,4096,256,160,86.137,343.371,1122304,true,gpu_nvme_kernel,,1,16
Tutti-deployed,1,0.134,274,4096,256,161,85.856,312.015,1122304,true,gpu_nvme_kernel,,1,16
Tutti-deployed,1,0.134,274,4096,256,162,86.441,341.927,1122304,true,gpu_nvme_kernel,,1,16
Tutti-deployed,1,0.134,274,4096,256,163,85.839,298.981,1122304,true,gpu_nvme_kernel,,1,16
Tutti-deployed,1,0.134,274,4096,256,164,85.839,336.092,1122304,true,gpu_nvme_kernel,,1,16
Tutti-deployed,1,0.134,274,4096,256,165,88.736,291.199,1122304,true,gpu_nvme_kernel,,1,16
Tutti-deployed,1,0.134,274,4096,256,166,86.593,298.792,1122304,true,gpu_nvme_kernel,,1,16
Tutti-deployed,1,0.134,274,4096,256,167,92.469,332.797,1122304,true,gpu_nvme_kernel,,1,16
Tutti-deployed,1,0.134,274,4096,256,168,86.259,375.475,1122304,true,gpu_nvme_kernel,,1,16
Tutti-deployed,1,0.134,274,4096,256,169,84.837,343.919,1122304,true,gpu_nvme_kernel,,1,16
Tutti-deployed,1,0.134,274,4096,256,170,86.077,305.299,1122304,true,gpu_nvme_kernel,,1,16
Tutti-deployed,1,0.134,274,4096,256,171,90.588,301.096,1122304,true,gpu_nvme_kernel,,1,16
Tutti-deployed,1,0.134,274,4096,256,172,89.262,307.633,1122304,true,gpu_nvme_kernel,,1,16
Tutti-deployed,1,0.134,274,4096,256,173,85.903,329.566,1122304,true,gpu_nvme_kernel,,1,16
Tutti-deployed,1,0.134,274,4096,256,174,87.558,302.448,1122304,true,gpu_nvme_kernel,,1,16
Tutti-deployed,1,0.134,274,4096,256,175,88.747,299.36,1122304,true,gpu_nvme_kernel,,1,16
Tutti-deployed,1,0.134,274,4096,256,176,86.371,324.659,1122304,true,gpu_nvme_kernel,,1,16
Tutti-deployed,1,0.134,274,4096,256,177,85.861,305.697,1122304,true,gpu_nvme_kernel,,1,16
Tutti-deployed,1,0.134,274,4096,256,178,86.323,330.677,1122304,true,gpu_nvme_kernel,,1,16
Tutti-deployed,1,0.134,274,4096,256,179,86.192,315.54,1122304,true,gpu_nvme_kernel,,1,16
Tutti-deployed,1,0.134,274,4096,256,180,86.934,297.217,1122304,true,gpu_nvme_kernel,,1,16
Tutti-deployed,1,0.134,274,4096,256,181,88.867,296.989,1122304,true,gpu_nvme_kernel,,1,16
Tutti-deployed,1,0.134,274,4096,256,182,85.742,332.909,1122304,true,gpu_nvme_kernel,,1,16
Tutti-deployed,1,0.134,274,4096,256,183,86.567,320.532,1122304,true,gpu_nvme_kernel,,1,16
Tutti-deployed,1,0.134,274,4096,256,184,86.019,336.137,1122304,true,gpu_nvme_kernel,,1,16
Tutti-deployed,1,0.134,274,4096,256,185,86.254,290.018,1122304,true,gpu_nvme_kernel,,1,16
Tutti-deployed,1,0.134,274,4096,256,186,87.073,301.615,1122304,true,gpu_nvme_kernel,,1,16
Tutti-deployed,1,0.134,274,4096,256,187,86.65,306.51,1122304,true,gpu_nvme_kernel,,1,16
Tutti-deployed,1,0.134,274,4096,256,188,85.912,292.886,1122304,true,gpu_nvme_kernel,,1,16
Tutti-deployed,1,0.134,274,4096,256,189,84.868,317.003,1122304,true,gpu_nvme_kernel,,1,16
Tutti-deployed,1,0.134,274,4096,256,190,89.979,316.174,1122304,true,gpu_nvme_kernel,,1,16
Tutti-deployed,1,0.134,274,4096,256,191,85.221,335.763,1122304,true,gpu_nvme_kernel,,1,16
Tutti-deployed,1,0.134,274,4096,256,192,96.627,331.422,1122304,true,gpu_nvme_kernel,,1,16
Tutti-deployed,1,0.134,274,4096,256,193,86.936,321.791,1122304,true,gpu_nvme_kernel,,1,16
Tutti-deployed,1,0.134,274,4096,256,194,86.378,343.515,1122304,true,gpu_nvme_kernel,,1,16
Tutti-deployed,1,0.134,274,4096,256,195,91.991,329.976,1122304,true,gpu_nvme_kernel,,1,16
Tutti-deployed,1,0.134,274,4096,256,196,162.534,349.487,1122304,true,gpu_nvme_kernel,,1,16
Tutti-deployed,1,0.134,274,4096,256,197,87.849,335.934,1122304,true,gpu_nvme_kernel,,1,16
Tutti-deployed,1,0.134,274,4096,256,198,87.101,313.158,1122304,true,gpu_nvme_kernel,,1,16
Tutti-deployed,1,0.134,274,4096,256,199,87.719,297.937,1122304,true,gpu_nvme_kernel,,1,16
Tutti-deployed,1,0.134,274,4096,256,0,93.166,325.518,1122304,true,gpu_nvme_kernel,,3,16
Tutti-deployed,1,0.3,614,4096,256,0,200.804,584.488,2514944,true,gpu_nvme_kernel,,2,16
Tutti-deployed,1,0.3,614,4096,256,0,188.7,604.488,2514944,true,gpu_nvme_kernel,,0,16
Tutti-deployed,1,0.3,614,4096,256,1,193.05,546.456,2514944,true,gpu_nvme_kernel,,0,16
Tutti-deployed,1,0.3,614,4096,256,2,186.773,581.82,2514944,true,gpu_nvme_kernel,,0,16
Tutti-deployed,1,0.3,614,4096,256,3,196.992,588.334,2514944,true,gpu_nvme_kernel,,0,16
Tutti-deployed,1,0.3,614,4096,256,4,190.569,614.203,2514944,true,gpu_nvme_kernel,,0,16
Tutti-deployed,1,0.3,614,4096,256,5,189.643,561.662,2514944,true,gpu_nvme_kernel,,0,16
Tutti-deployed,1,0.3,614,4096,256,6,198.414,606.708,2514944,true,gpu_nvme_kernel,,0,16
Tutti-deployed,1,0.3,614,4096,256,7,188.499,557.697,2514944,true,gpu_nvme_kernel,,0,16
Tutti-deployed,1,0.3,614,4096,256,8,188.901,570.37,2514944,true,gpu_nvme_kernel,,0,16
Tutti-deployed,1,0.3,614,4096,256,9,202.339,583.871,2514944,true,gpu_nvme_kernel,,0,16
Tutti-deployed,1,0.3,614,4096,256,0,200.098,578.303,2514944,true,gpu_nvme_kernel,,1,16
Tutti-deployed,1,0.3,614,4096,256,1,187.185,644.91,2514944,true,gpu_nvme_kernel,,1,16
Tutti-deployed,1,0.3,614,4096,256,2,188.311,603.935,2514944,true,gpu_nvme_kernel,,1,16
Tutti-deployed,1,0.3,614,4096,256,3,193.407,590.34,2514944,true,gpu_nvme_kernel,,1,16
Tutti-deployed,1,0.3,614,4096,256,4,191.116,571.974,2514944,true,gpu_nvme_kernel,,1,16
Tutti-deployed,1,0.3,614,4096,256,5,185.19,562.961,2514944,true,gpu_nvme_kernel,,1,16
Tutti-deployed,1,0.3,614,4096,256,6,186.907,691.319,2514944,true,gpu_nvme_kernel,,1,16
Tutti-deployed,1,0.3,614,4096,256,7,195.649,609.352,2514944,true,gpu_nvme_kernel,,1,16
Tutti-deployed,1,0.3,614,4096,256,8,191.481,563.31,2514944,true,gpu_nvme_kernel,,1,16
Tutti-deployed,1,0.3,614,4096,256,9,187.691,627.045,2514944,true,gpu_nvme_kernel,,1,16
Tutti-deployed,1,0.3,614,4096,256,10,188.821,581.015,2514944,true,gpu_nvme_kernel,,1,16
Tutti-deployed,1,0.3,614,4096,256,11,188.124,560.595,2514944,true,gpu_nvme_kernel,,1,16
Tutti-deployed,1,0.3,614,4096,256,12,188.625,547.344,2514944,true,gpu_nvme_kernel,,1,16
Tutti-deployed,1,0.3,614,4096,256,13,192.022,590.386,2514944,true,gpu_nvme_kernel,,1,16
Tutti-deployed,1,0.3,614,4096,256,14,198.603,585.396,2514944,true,gpu_nvme_kernel,,1,16
Tutti-deployed,1,0.3,614,4096,256,15,188.53,627.225,2514944,true,gpu_nvme_kernel,,1,16
Tutti-deployed,1,0.3,614,4096,256,16,185.673,549.035,2514944,true,gpu_nvme_kernel,,1,16
Tutti-deployed,1,0.3,614,4096,256,17,190.669,584.188,2514944,true,gpu_nvme_kernel,,1,16
Tutti-deployed,1,0.3,614,4096,256,18,188.053,570.648,2514944,true,gpu_nvme_kernel,,1,16
Tutti-deployed,1,0.3,614,4096,256,19,185.903,628.737,2514944,true,gpu_nvme_kernel,,1,16
Tutti-deployed,1,0.3,614,4096,256,20,185.655,588.705,2514944,true,gpu_nvme_kernel,,1,16
Tutti-deployed,1,0.3,614,4096,256,21,189.975,582.176,2514944,true,gpu_nvme_kernel,,1,16
Tutti-deployed,1,0.3,614,4096,256,22,194.517,595.832,2514944,true,gpu_nvme_kernel,,1,16
Tutti-deployed,1,0.3,614,4096,256,23,190.14,600.007,2514944,true,gpu_nvme_kernel,,1,16
Tutti-deployed,1,0.3,614,4096,256,24,187.533,582.447,2514944,true,gpu_nvme_kernel,,1,16
Tutti-deployed,1,0.3,614,4096,256,25,195.427,549.178,2514944,true,gpu_nvme_kernel,,1,16
Tutti-deployed,1,0.3,614,4096,256,26,187.403,597.262,2514944,true,gpu_nvme_kernel,,1,16
Tutti-deployed,1,0.3,614,4096,256,27,184.645,605.88,2514944,true,gpu_nvme_kernel,,1,16
Tutti-deployed,1,0.3,614,4096,256,28,186.523,594.696,2514944,true,gpu_nvme_kernel,,1,16
Tutti-deployed,1,0.3,614,4096,256,29,189.226,575.114,2514944,true,gpu_nvme_kernel,,1,16
Tutti-deployed,1,0.3,614,4096,256,30,194.199,545.945,2514944,true,gpu_nvme_kernel,,1,16
Tutti-deployed,1,0.3,614,4096,256,31,196.481,596.433,2514944,true,gpu_nvme_kernel,,1,16
Tutti-deployed,1,0.3,614,4096,256,32,187.861,611.493,2514944,true,gpu_nvme_kernel,,1,16
Tutti-deployed,1,0.3,614,4096,256,33,190.799,577.08,2514944,true,gpu_nvme_kernel,,1,16
Tutti-deployed,1,0.3,614,4096,256,34,194.368,626.34,2514944,true,gpu_nvme_kernel,,1,16
Tutti-deployed,1,0.3,614,4096,256,35,188.549,646.319,2514944,true,gpu_nvme_kernel,,1,16
Tutti-deployed,1,0.3,614,4096,256,36,189.517,601.661,2514944,true,gpu_nvme_kernel,,1,16
Tutti-deployed,1,0.3,614,4096,256,37,186.919,567.92,2514944,true,gpu_nvme_kernel,,1,16
Tutti-deployed,1,0.3,614,4096,256,38,198.907,551.817,2514944,true,gpu_nvme_kernel,,1,16
Tutti-deployed,1,0.3,614,4096,256,39,186.686,597.265,2514944,true,gpu_nvme_kernel,,1,16
Tutti-deployed,1,0.3,614,4096,256,40,186.753,562.771,2514944,true,gpu_nvme_kernel,,1,16
Tutti-deployed,1,0.3,614,4096,256,41,208.951,559.215,2514944,true,gpu_nvme_kernel,,1,16
Tutti-deployed,1,0.3,614,4096,256,42,198.619,617.66,2514944,true,gpu_nvme_kernel,,1,16
Tutti-deployed,1,0.3,614,4096,256,43,203.021,571.065,2514944,true,gpu_nvme_kernel,,1,16
Tutti-deployed,1,0.3,614,4096,256,44,190.216,588.785,2514944,true,gpu_nvme_kernel,,1,16
Tutti-deployed,1,0.3,614,4096,256,45,200.093,575.314,2514944,true,gpu_nvme_kernel,,1,16
Tutti-deployed,1,0.3,614,4096,256,46,193.507,608.207,2514944,true,gpu_nvme_kernel,,1,16
Tutti-deployed,1,0.3,614,4096,256,47,196.704,607.112,2514944,true,gpu_nvme_kernel,,1,16
Tutti-deployed,1,0.3,614,4096,256,48,201.74,567.127,2514944,true,gpu_nvme_kernel,,1,16
Tutti-deployed,1,0.3,614,4096,256,49,202.708,596.309,2514944,true,gpu_nvme_kernel,,1,16
Tutti-deployed,1,0.3,614,4096,256,50,194.676,601.999,2514944,true,gpu_nvme_kernel,,1,16
Tutti-deployed,1,0.3,614,4096,256,51,204.142,607.927,2514944,true,gpu_nvme_kernel,,1,16
Tutti-deployed,1,0.3,614,4096,256,52,192.049,573.098,2514944,true,gpu_nvme_kernel,,1,16
Tutti-deployed,1,0.3,614,4096,256,53,198.5,628.41,2514944,true,gpu_nvme_kernel,,1,16
Tutti-deployed,1,0.3,614,4096,256,54,193.152,582.217,2514944,true,gpu_nvme_kernel,,1,16
Tutti-deployed,1,0.3,614,4096,256,55,199.779,584.137,2514944,true,gpu_nvme_kernel,,1,16
Tutti-deployed,1,0.3,614,4096,256,56,191.16,605.82,2514944,true,gpu_nvme_kernel,,1,16
Tutti-deployed,1,0.3,614,4096,256,57,195.366,586.989,2514944,true,gpu_nvme_kernel,,1,16
Tutti-deployed,1,0.3,614,4096,256,58,193.262,575.39,2514944,true,gpu_nvme_kernel,,1,16
Tutti-deployed,1,0.3,614,4096,256,59,202.467,649.185,2514944,true,gpu_nvme_kernel,,1,16
Tutti-deployed,1,0.3,614,4096,256,60,193.99,612.564,2514944,true,gpu_nvme_kernel,,1,16
Tutti-deployed,1,0.3,614,4096,256,61,193.225,546.012,2514944,true,gpu_nvme_kernel,,1,16
Tutti-deployed,1,0.3,614,4096,256,62,201.725,574.045,2514944,true,gpu_nvme_kernel,,1,16
Tutti-deployed,1,0.3,614,4096,256,63,195.661,573.841,2514944,true,gpu_nvme_kernel,,1,16
Tutti-deployed,1,0.3,614,4096,256,64,195.117,583.516,2514944,true,gpu_nvme_kernel,,1,16
Tutti-deployed,1,0.3,614,4096,256,65,203.828,578.073,2514944,true,gpu_nvme_kernel,,1,16
Tutti-deployed,1,0.3,614,4096,256,66,192.279,559.635,2514944,true,gpu_nvme_kernel,,1,16
Tutti-deployed,1,0.3,614,4096,256,67,194.839,563.268,2514944,true,gpu_nvme_kernel,,1,16
Tutti-deployed,1,0.3,614,4096,256,68,196.264,573.955,2514944,true,gpu_nvme_kernel,,1,16
Tutti-deployed,1,0.3,614,4096,256,69,192.445,564.244,2514944,true,gpu_nvme_kernel,,1,16
Tutti-deployed,1,0.3,614,4096,256,70,196.165,607.398,2514944,true,gpu_nvme_kernel,,1,16
Tutti-deployed,1,0.3,614,4096,256,71,199.443,587.724,2514944,true,gpu_nvme_kernel,,1,16
Tutti-deployed,1,0.3,614,4096,256,72,204.908,580.528,2514944,true,gpu_nvme_kernel,,1,16
Tutti-deployed,1,0.3,614,4096,256,73,192.783,584.151,2514944,true,gpu_nvme_kernel,,1,16
Tutti-deployed,1,0.3,614,4096,256,74,194.02,568.644,2514944,true,gpu_nvme_kernel,,1,16
Tutti-deployed,1,0.3,614,4096,256,75,194.805,594.429,2514944,true,gpu_nvme_kernel,,1,16
Tutti-deployed,1,0.3,614,4096,256,76,193.378,552.722,2514944,true,gpu_nvme_kernel,,1,16
Tutti-deployed,1,0.3,614,4096,256,77,197.463,675.898,2514944,true,gpu_nvme_kernel,,1,16
Tutti-deployed,1,0.3,614,4096,256,78,196.49,585.335,2514944,true,gpu_nvme_kernel,,1,16
Tutti-deployed,1,0.3,614,4096,256,79,193.289,587.27,2514944,true,gpu_nvme_kernel,,1,16
Tutti-deployed,1,0.3,614,4096,256,80,194.75,555.068,2514944,true,gpu_nvme_kernel,,1,16
Tutti-deployed,1,0.3,614,4096,256,81,196.333,570.624,2514944,true,gpu_nvme_kernel,,1,16
Tutti-deployed,1,0.3,614,4096,256,82,199.941,607.096,2514944,true,gpu_nvme_kernel,,1,16
Tutti-deployed,1,0.3,614,4096,256,83,198.949,606.407,2514944,true,gpu_nvme_kernel,,1,16
Tutti-deployed,1,0.3,614,4096,256,84,194.143,591.618,2514944,true,gpu_nvme_kernel,,1,16
Tutti-deployed,1,0.3,614,4096,256,85,195.016,568.361,2514944,true,gpu_nvme_kernel,,1,16
Tutti-deployed,1,0.3,614,4096,256,86,197.555,546.002,2514944,true,gpu_nvme_kernel,,1,16
Tutti-deployed,1,0.3,614,4096,256,87,198.002,592.925,2514944,true,gpu_nvme_kernel,,1,16
Tutti-deployed,1,0.3,614,4096,256,88,192.66,578.014,2514944,true,gpu_nvme_kernel,,1,16
Tutti-deployed,1,0.3,614,4096,256,89,200.399,583.969,2514944,true,gpu_nvme_kernel,,1,16
Tutti-deployed,1,0.3,614,4096,256,90,202.079,662.759,2514944,true,gpu_nvme_kernel,,1,16
Tutti-deployed,1,0.3,614,4096,256,91,191.198,571.473,2514944,true,gpu_nvme_kernel,,1,16
Tutti-deployed,1,0.3,614,4096,256,92,204.947,611.574,2514944,true,gpu_nvme_kernel,,1,16
Tutti-deployed,1,0.3,614,4096,256,93,195.486,554.635,2514944,true,gpu_nvme_kernel,,1,16
Tutti-deployed,1,0.3,614,4096,256,94,198.64,556.28,2514944,true,gpu_nvme_kernel,,1,16
Tutti-deployed,1,0.3,614,4096,256,95,202.382,612.979,2514944,true,gpu_nvme_kernel,,1,16
Tutti-deployed,1,0.3,614,4096,256,96,197.288,604.221,2514944,true,gpu_nvme_kernel,,1,16
Tutti-deployed,1,0.3,614,4096,256,97,198.345,566.518,2514944,true,gpu_nvme_kernel,,1,16
Tutti-deployed,1,0.3,614,4096,256,98,199.254,553.428,2514944,true,gpu_nvme_kernel,,1,16
Tutti-deployed,1,0.3,614,4096,256,99,192.039,561.497,2514944,true,gpu_nvme_kernel,,1,16
Tutti-deployed,1,0.3,614,4096,256,100,197.134,579.98,2514944,true,gpu_nvme_kernel,,1,16
Tutti-deployed,1,0.3,614,4096,256,101,194.71,595.992,2514944,true,gpu_nvme_kernel,,1,16
Tutti-deployed,1,0.3,614,4096,256,102,198.954,594.481,2514944,true,gpu_nvme_kernel,,1,16
Tutti-deployed,1,0.3,614,4096,256,103,197.394,573.595,2514944,true,gpu_nvme_kernel,,1,16
Tutti-deployed,1,0.3,614,4096,256,104,195.039,609.926,2514944,true,gpu_nvme_kernel,,1,16
Tutti-deployed,1,0.3,614,4096,256,105,194.38,559.845,2514944,true,gpu_nvme_kernel,,1,16
Tutti-deployed,1,0.3,614,4096,256,106,192.222,663.12,2514944,true,gpu_nvme_kernel,,1,16
Tutti-deployed,1,0.3,614,4096,256,107,197.228,553.934,2514944,true,gpu_nvme_kernel,,1,16
Tutti-deployed,1,0.3,614,4096,256,108,195.8,552.339,2514944,true,gpu_nvme_kernel,,1,16
Tutti-deployed,1,0.3,614,4096,256,109,194.619,582.048,2514944,true,gpu_nvme_kernel,,1,16
Tutti-deployed,1,0.3,614,4096,256,110,199.337,580.964,2514944,true,gpu_nvme_kernel,,1,16
Tutti-deployed,1,0.3,614,4096,256,111,224.396,587.57,2514944,true,gpu_nvme_kernel,,1,16
Tutti-deployed,1,0.3,614,4096,256,112,195.219,553.843,2514944,true,gpu_nvme_kernel,,1,16
Tutti-deployed,1,0.3,614,4096,256,113,198.359,586.018,2514944,true,gpu_nvme_kernel,,1,16
Tutti-deployed,1,0.3,614,4096,256,114,193.498,569.17,2514944,true,gpu_nvme_kernel,,1,16
Tutti-deployed,1,0.3,614,4096,256,115,192.673,600.098,2514944,true,gpu_nvme_kernel,,1,16
Tutti-deployed,1,0.3,614,4096,256,116,197.503,553.61,2514944,true,gpu_nvme_kernel,,1,16
Tutti-deployed,1,0.3,614,4096,256,117,192.587,581.156,2514944,true,gpu_nvme_kernel,,1,16
Tutti-deployed,1,0.3,614,4096,256,118,194.004,573.851,2514944,true,gpu_nvme_kernel,,1,16
Tutti-deployed,1,0.3,614,4096,256,119,197.793,628.897,2514944,true,gpu_nvme_kernel,,1,16
Tutti-deployed,1,0.3,614,4096,256,120,195.329,582.804,2514944,true,gpu_nvme_kernel,,1,16
Tutti-deployed,1,0.3,614,4096,256,121,204.928,621.135,2514944,true,gpu_nvme_kernel,,1,16
Tutti-deployed,1,0.3,614,4096,256,122,191.484,571.431,2514944,true,gpu_nvme_kernel,,1,16
Tutti-deployed,1,0.3,614,4096,256,123,202.62,631.433,2514944,true,gpu_nvme_kernel,,1,16
Tutti-deployed,1,0.3,614,4096,256,124,196.395,572.349,2514944,true,gpu_nvme_kernel,,1,16
Tutti-deployed,1,0.3,614,4096,256,125,192.273,581.216,2514944,true,gpu_nvme_kernel,,1,16
Tutti-deployed,1,0.3,614,4096,256,126,193.754,560.219,2514944,true,gpu_nvme_kernel,,1,16
Tutti-deployed,1,0.3,614,4096,256,127,194.804,576.295,2514944,true,gpu_nvme_kernel,,1,16
Tutti-deployed,1,0.3,614,4096,256,128,197.546,579.212,2514944,true,gpu_nvme_kernel,,1,16
Tutti-deployed,1,0.3,614,4096,256,129,193.707,545.179,2514944,true,gpu_nvme_kernel,,1,16
Tutti-deployed,1,0.3,614,4096,256,130,196.087,582.214,2514944,true,gpu_nvme_kernel,,1,16
Tutti-deployed,1,0.3,614,4096,256,131,193.014,649.9,2514944,true,gpu_nvme_kernel,,1,16
Tutti-deployed,1,0.3,614,4096,256,132,193.513,576.955,2514944,true,gpu_nvme_kernel,,1,16
Tutti-deployed,1,0.3,614,4096,256,133,193.746,600.946,2514944,true,gpu_nvme_kernel,,1,16
Tutti-deployed,1,0.3,614,4096,256,134,195.251,566.815,2514944,true,gpu_nvme_kernel,,1,16
Tutti-deployed,1,0.3,614,4096,256,135,195.626,574.857,2514944,true,gpu_nvme_kernel,,1,16
Tutti-deployed,1,0.3,614,4096,256,136,198.218,546.65,2514944,true,gpu_nvme_kernel,,1,16
Tutti-deployed,1,0.3,614,4096,256,137,206.728,572.818,2514944,true,gpu_nvme_kernel,,1,16
Tutti-deployed,1,0.3,614,4096,256,138,200.089,581.818,2514944,true,gpu_nvme_kernel,,1,16
Tutti-deployed,1,0.3,614,4096,256,139,193.39,555.232,2514944,true,gpu_nvme_kernel,,1,16
Tutti-deployed,1,0.3,614,4096,256,140,193.304,548.943,2514944,true,gpu_nvme_kernel,,1,16
Tutti-deployed,1,0.3,614,4096,256,141,196.759,569.678,2514944,true,gpu_nvme_kernel,,1,16
Tutti-deployed,1,0.3,614,4096,256,142,198.913,575.596,2514944,true,gpu_nvme_kernel,,1,16
Tutti-deployed,1,0.3,614,4096,256,143,192.853,544.596,2514944,true,gpu_nvme_kernel,,1,16
Tutti-deployed,1,0.3,614,4096,256,144,200.738,578.54,2514944,true,gpu_nvme_kernel,,1,16
Tutti-deployed,1,0.3,614,4096,256,145,203.644,603.505,2514944,true,gpu_nvme_kernel,,1,16
Tutti-deployed,1,0.3,614,4096,256,146,200.162,579.044,2514944,true,gpu_nvme_kernel,,1,16
Tutti-deployed,1,0.3,614,4096,256,147,206.259,570.008,2514944,true,gpu_nvme_kernel,,1,16
Tutti-deployed,1,0.3,614,4096,256,148,198.824,622.749,2514944,true,gpu_nvme_kernel,,1,16
Tutti-deployed,1,0.3,614,4096,256,149,194.063,627.47,2514944,true,gpu_nvme_kernel,,1,16
Tutti-deployed,1,0.3,614,4096,256,150,201.35,621.272,2514944,true,gpu_nvme_kernel,,1,16
Tutti-deployed,1,0.3,614,4096,256,151,200.886,652.76,2514944,true,gpu_nvme_kernel,,1,16
Tutti-deployed,1,0.3,614,4096,256,152,195.258,561.975,2514944,true,gpu_nvme_kernel,,1,16
Tutti-deployed,1,0.3,614,4096,256,153,196.879,579.48,2514944,true,gpu_nvme_kernel,,1,16
Tutti-deployed,1,0.3,614,4096,256,154,194.876,635.342,2514944,true,gpu_nvme_kernel,,1,16
Tutti-deployed,1,0.3,614,4096,256,155,201.432,567.682,2514944,true,gpu_nvme_kernel,,1,16
Tutti-deployed,1,0.3,614,4096,256,156,200.881,567.962,2514944,true,gpu_nvme_kernel,,1,16
Tutti-deployed,1,0.3,614,4096,256,157,194.448,609.485,2514944,true,gpu_nvme_kernel,,1,16
Tutti-deployed,1,0.3,614,4096,256,158,194.954,583.772,2514944,true,gpu_nvme_kernel,,1,16
Tutti-deployed,1,0.3,614,4096,256,159,196.722,595.199,2514944,true,gpu_nvme_kernel,,1,16
Tutti-deployed,1,0.3,614,4096,256,160,194.013,579.143,2514944,true,gpu_nvme_kernel,,1,16
Tutti-deployed,1,0.3,614,4096,256,161,207.357,589.564,2514944,true,gpu_nvme_kernel,,1,16
Tutti-deployed,1,0.3,614,4096,256,162,198.453,568.947,2514944,true,gpu_nvme_kernel,,1,16
Tutti-deployed,1,0.3,614,4096,256,163,201.338,573.735,2514944,true,gpu_nvme_kernel,,1,16
Tutti-deployed,1,0.3,614,4096,256,164,198.049,548.475,2514944,true,gpu_nvme_kernel,,1,16
Tutti-deployed,1,0.3,614,4096,256,165,193.829,578.28,2514944,true,gpu_nvme_kernel,,1,16
Tutti-deployed,1,0.3,614,4096,256,166,198.35,587.002,2514944,true,gpu_nvme_kernel,,1,16
Tutti-deployed,1,0.3,614,4096,256,167,196.06,563.448,2514944,true,gpu_nvme_kernel,,1,16
Tutti-deployed,1,0.3,614,4096,256,168,197.274,563.809,2514944,true,gpu_nvme_kernel,,1,16
Tutti-deployed,1,0.3,614,4096,256,169,194.093,580.574,2514944,true,gpu_nvme_kernel,,1,16
Tutti-deployed,1,0.3,614,4096,256,170,197.626,598.27,2514944,true,gpu_nvme_kernel,,1,16
Tutti-deployed,1,0.3,614,4096,256,171,211.727,581.875,2514944,true,gpu_nvme_kernel,,1,16
Tutti-deployed,1,0.3,614,4096,256,172,191.78,588.122,2514944,true,gpu_nvme_kernel,,1,16
Tutti-deployed,1,0.3,614,4096,256,173,194.319,573.419,2514944,true,gpu_nvme_kernel,,1,16
Tutti-deployed,1,0.3,614,4096,256,174,199.044,584.556,2514944,true,gpu_nvme_kernel,,1,16
Tutti-deployed,1,0.3,614,4096,256,175,199.918,558.096,2514944,true,gpu_nvme_kernel,,1,16
Tutti-deployed,1,0.3,614,4096,256,176,193.378,551.402,2514944,true,gpu_nvme_kernel,,1,16
Tutti-deployed,1,0.3,614,4096,256,177,193.693,607.13,2514944,true,gpu_nvme_kernel,,1,16
Tutti-deployed,1,0.3,614,4096,256,178,199.708,546.403,2514944,true,gpu_nvme_kernel,,1,16
Tutti-deployed,1,0.3,614,4096,256,179,199.982,566.508,2514944,true,gpu_nvme_kernel,,1,16
Tutti-deployed,1,0.3,614,4096,256,180,193.749,540.126,2514944,true,gpu_nvme_kernel,,1,16
Tutti-deployed,1,0.3,614,4096,256,181,194.204,556.826,2514944,true,gpu_nvme_kernel,,1,16
Tutti-deployed,1,0.3,614,4096,256,182,196.381,577.348,2514944,true,gpu_nvme_kernel,,1,16
Tutti-deployed,1,0.3,614,4096,256,183,197.059,572.539,2514944,true,gpu_nvme_kernel,,1,16
Tutti-deployed,1,0.3,614,4096,256,184,200.251,555.794,2514944,true,gpu_nvme_kernel,,1,16
Tutti-deployed,1,0.3,614,4096,256,185,197.234,593.228,2514944,true,gpu_nvme_kernel,,1,16
Tutti-deployed,1,0.3,614,4096,256,186,197.54,576.825,2514944,true,gpu_nvme_kernel,,1,16
Tutti-deployed,1,0.3,614,4096,256,187,198.532,588.21,2514944,true,gpu_nvme_kernel,,1,16
Tutti-deployed,1,0.3,614,4096,256,188,193.432,560.303,2514944,true,gpu_nvme_kernel,,1,16
Tutti-deployed,1,0.3,614,4096,256,189,196.752,590.709,2514944,true,gpu_nvme_kernel,,1,16
Tutti-deployed,1,0.3,614,4096,256,190,201.43,549.893,2514944,true,gpu_nvme_kernel,,1,16
Tutti-deployed,1,0.3,614,4096,256,191,206.566,580.736,2514944,true,gpu_nvme_kernel,,1,16
Tutti-deployed,1,0.3,614,4096,256,192,194.502,573.845,2514944,true,gpu_nvme_kernel,,1,16
Tutti-deployed,1,0.3,614,4096,256,193,195.727,634.624,2514944,true,gpu_nvme_kernel,,1,16
Tutti-deployed,1,0.3,614,4096,256,194,200.007,558.326,2514944,true,gpu_nvme_kernel,,1,16
Tutti-deployed,1,0.3,614,4096,256,195,198.386,563.441,2514944,true,gpu_nvme_kernel,,1,16
Tutti-deployed,1,0.3,614,4096,256,196,191.956,571.978,2514944,true,gpu_nvme_kernel,,1,16
Tutti-deployed,1,0.3,614,4096,256,197,195.466,580.077,2514944,true,gpu_nvme_kernel,,1,16
Tutti-deployed,1,0.3,614,4096,256,198,198.888,607.834,2514944,true,gpu_nvme_kernel,,1,16
Tutti-deployed,1,0.3,614,4096,256,199,193.104,593.081,2514944,true,gpu_nvme_kernel,,1,16
Tutti-deployed,1,0.3,614,4096,256,0,194.284,557.318,2514944,true,gpu_nvme_kernel,,3,16
Tutti-deployed,4,0.067,549,4096,256,0,178.466,519.606,2248704,true,gpu_nvme_kernel,,2,16
Tutti-deployed,4,0.067,549,4096,256,0,175.557,543.963,2248704,true,gpu_nvme_kernel,,0,16
Tutti-deployed,4,0.067,549,4096,256,1,176.283,539.93,2248704,true,gpu_nvme_kernel,,0,16
Tutti-deployed,4,0.067,549,4096,256,2,194.854,519.906,2248704,true,gpu_nvme_kernel,,0,16
Tutti-deployed,4,0.067,549,4096,256,3,183.391,555.245,2248704,true,gpu_nvme_kernel,,0,16
Tutti-deployed,4,0.067,549,4096,256,4,175.953,498.161,2248704,true,gpu_nvme_kernel,,0,16
Tutti-deployed,4,0.067,549,4096,256,5,182.501,540.195,2248704,true,gpu_nvme_kernel,,0,16
Tutti-deployed,4,0.067,549,4096,256,6,179.725,563.723,2248704,true,gpu_nvme_kernel,,0,16
Tutti-deployed,4,0.067,549,4096,256,7,173.67,532.773,2248704,true,gpu_nvme_kernel,,0,16
Tutti-deployed,4,0.067,549,4096,256,8,178.914,510.005,2248704,true,gpu_nvme_kernel,,0,16
Tutti-deployed,4,0.067,549,4096,256,9,179.185,499.355,2248704,true,gpu_nvme_kernel,,0,16
Tutti-deployed,4,0.067,549,4096,256,0,173.517,532.519,2248704,true,gpu_nvme_kernel,,1,16
Tutti-deployed,4,0.067,549,4096,256,1,181.91,568.408,2248704,true,gpu_nvme_kernel,,1,16
Tutti-deployed,4,0.067,549,4096,256,2,173.384,529.977,2248704,true,gpu_nvme_kernel,,1,16
Tutti-deployed,4,0.067,549,4096,256,3,174.101,572.275,2248704,true,gpu_nvme_kernel,,1,16
Tutti-deployed,4,0.067,549,4096,256,4,182.06,503.673,2248704,true,gpu_nvme_kernel,,1,16
Tutti-deployed,4,0.067,549,4096,256,5,174.283,541.708,2248704,true,gpu_nvme_kernel,,1,16
Tutti-deployed,4,0.067,549,4096,256,6,173.23,567.308,2248704,true,gpu_nvme_kernel,,1,16
Tutti-deployed,4,0.067,549,4096,256,7,186.075,514.789,2248704,true,gpu_nvme_kernel,,1,16
Tutti-deployed,4,0.067,549,4096,256,8,175.895,525.392,2248704,true,gpu_nvme_kernel,,1,16
Tutti-deployed,4,0.067,549,4096,256,9,177.892,514.789,2248704,true,gpu_nvme_kernel,,1,16
Tutti-deployed,4,0.067,549,4096,256,10,173.868,546.364,2248704,true,gpu_nvme_kernel,,1,16
Tutti-deployed,4,0.067,549,4096,256,11,173.892,507.566,2248704,true,gpu_nvme_kernel,,1,16
Tutti-deployed,4,0.067,549,4096,256,12,176.776,546.422,2248704,true,gpu_nvme_kernel,,1,16
Tutti-deployed,4,0.067,549,4096,256,13,178.849,568.94,2248704,true,gpu_nvme_kernel,,1,16
Tutti-deployed,4,0.067,549,4096,256,14,173.533,588.929,2248704,true,gpu_nvme_kernel,,1,16
Tutti-deployed,4,0.067,549,4096,256,15,177.446,511.094,2248704,true,gpu_nvme_kernel,,1,16
Tutti-deployed,4,0.067,549,4096,256,16,186.722,531.098,2248704,true,gpu_nvme_kernel,,1,16
Tutti-deployed,4,0.067,549,4096,256,17,175.115,522.642,2248704,true,gpu_nvme_kernel,,1,16
Tutti-deployed,4,0.067,549,4096,256,18,179.956,508.492,2248704,true,gpu_nvme_kernel,,1,16
Tutti-deployed,4,0.067,549,4096,256,19,173.024,551.571,2248704,true,gpu_nvme_kernel,,1,16
Tutti-deployed,4,0.067,549,4096,256,20,178.439,505.164,2248704,true,gpu_nvme_kernel,,1,16
Tutti-deployed,4,0.067,549,4096,256,21,172.821,511.563,2248704,true,gpu_nvme_kernel,,1,16
Tutti-deployed,4,0.067,549,4096,256,22,173.836,529.565,2248704,true,gpu_nvme_kernel,,1,16
Tutti-deployed,4,0.067,549,4096,256,23,176.503,494.332,2248704,true,gpu_nvme_kernel,,1,16
Tutti-deployed,4,0.067,549,4096,256,24,178.832,502.194,2248704,true,gpu_nvme_kernel,,1,16
Tutti-deployed,4,0.067,549,4096,256,25,177.255,524.901,2248704,true,gpu_nvme_kernel,,1,16
Tutti-deployed,4,0.067,549,4096,256,26,173.995,534.845,2248704,true,gpu_nvme_kernel,,1,16
Tutti-deployed,4,0.067,549,4096,256,27,181.92,566.591,2248704,true,gpu_nvme_kernel,,1,16
Tutti-deployed,4,0.067,549,4096,256,28,178.438,526.469,2248704,true,gpu_nvme_kernel,,1,16
Tutti-deployed,4,0.067,549,4096,256,29,173.342,506.058,2248704,true,gpu_nvme_kernel,,1,16
Tutti-deployed,4,0.067,549,4096,256,30,191.956,531.678,2248704,true,gpu_nvme_kernel,,1,16
Tutti-deployed,4,0.067,549,4096,256,31,173.335,511.883,2248704,true,gpu_nvme_kernel,,1,16
Tutti-deployed,4,0.067,549,4096,256,32,175.901,583.008,2248704,true,gpu_nvme_kernel,,1,16
Tutti-deployed,4,0.067,549,4096,256,33,190.877,516.922,2248704,true,gpu_nvme_kernel,,1,16
Tutti-deployed,4,0.067,549,4096,256,34,171.813,506.818,2248704,true,gpu_nvme_kernel,,1,16
Tutti-deployed,4,0.067,549,4096,256,35,173.798,522.869,2248704,true,gpu_nvme_kernel,,1,16
Tutti-deployed,4,0.067,549,4096,256,36,186.368,523.653,2248704,true,gpu_nvme_kernel,,1,16
Tutti-deployed,4,0.067,549,4096,256,37,174.686,535.898,2248704,true,gpu_nvme_kernel,,1,16
Tutti-deployed,4,0.067,549,4096,256,38,173.789,494.742,2248704,true,gpu_nvme_kernel,,1,16
Tutti-deployed,4,0.067,549,4096,256,39,189.054,510.775,2248704,true,gpu_nvme_kernel,,1,16
Tutti-deployed,4,0.067,549,4096,256,40,174.285,549.764,2248704,true,gpu_nvme_kernel,,1,16
Tutti-deployed,4,0.067,549,4096,256,41,177.77,542.619,2248704,true,gpu_nvme_kernel,,1,16
Tutti-deployed,4,0.067,549,4096,256,42,182.502,540.39,2248704,true,gpu_nvme_kernel,,1,16
Tutti-deployed,4,0.067,549,4096,256,43,172.934,504.382,2248704,true,gpu_nvme_kernel,,1,16
Tutti-deployed,4,0.067,549,4096,256,44,177.887,511.411,2248704,true,gpu_nvme_kernel,,1,16
Tutti-deployed,4,0.067,549,4096,256,45,174.05,531.122,2248704,true,gpu_nvme_kernel,,1,16
Tutti-deployed,4,0.067,549,4096,256,46,172.883,542.802,2248704,true,gpu_nvme_kernel,,1,16
Tutti-deployed,4,0.067,549,4096,256,47,179.084,512.337,2248704,true,gpu_nvme_kernel,,1,16
Tutti-deployed,4,0.067,549,4096,256,48,174.767,528.524,2248704,true,gpu_nvme_kernel,,1,16
Tutti-deployed,4,0.067,549,4096,256,49,171.597,520.378,2248704,true,gpu_nvme_kernel,,1,16
Tutti-deployed,4,0.067,549,4096,256,50,185.437,514.351,2248704,true,gpu_nvme_kernel,,1,16
Tutti-deployed,4,0.067,549,4096,256,51,174.784,480.28,2248704,true,gpu_nvme_kernel,,1,16
Tutti-deployed,4,0.067,549,4096,256,52,175.88,501.047,2248704,true,gpu_nvme_kernel,,1,16
Tutti-deployed,4,0.067,549,4096,256,53,186.322,516.957,2248704,true,gpu_nvme_kernel,,1,16
Tutti-deployed,4,0.067,549,4096,256,54,175.074,497.326,2248704,true,gpu_nvme_kernel,,1,16
Tutti-deployed,4,0.067,549,4096,256,55,173.543,531.68,2248704,true,gpu_nvme_kernel,,1,16
Tutti-deployed,4,0.067,549,4096,256,56,174.083,510.468,2248704,true,gpu_nvme_kernel,,1,16
Tutti-deployed,4,0.067,549,4096,256,57,172.849,535.767,2248704,true,gpu_nvme_kernel,,1,16
Tutti-deployed,4,0.067,549,4096,256,58,177.472,518.977,2248704,true,gpu_nvme_kernel,,1,16
Tutti-deployed,4,0.067,549,4096,256,59,177.026,584.283,2248704,true,gpu_nvme_kernel,,1,16
Tutti-deployed,4,0.067,549,4096,256,60,177.39,506.052,2248704,true,gpu_nvme_kernel,,1,16
Tutti-deployed,4,0.067,549,4096,256,61,177.977,524.079,2248704,true,gpu_nvme_kernel,,1,16
Tutti-deployed,4,0.067,549,4096,256,62,186.494,508.928,2248704,true,gpu_nvme_kernel,,1,16
Tutti-deployed,4,0.067,549,4096,256,63,175.734,548.972,2248704,true,gpu_nvme_kernel,,1,16
Tutti-deployed,4,0.067,549,4096,256,64,178.818,576.786,2248704,true,gpu_nvme_kernel,,1,16
Tutti-deployed,4,0.067,549,4096,256,65,182.767,545.25,2248704,true,gpu_nvme_kernel,,1,16
Tutti-deployed,4,0.067,549,4096,256,66,176.108,515.086,2248704,true,gpu_nvme_kernel,,1,16
Tutti-deployed,4,0.067,549,4096,256,67,179.402,498.389,2248704,true,gpu_nvme_kernel,,1,16
Tutti-deployed,4,0.067,549,4096,256,68,174.605,624.315,2248704,true,gpu_nvme_kernel,,1,16
Tutti-deployed,4,0.067,549,4096,256,69,175.663,575.624,2248704,true,gpu_nvme_kernel,,1,16
Tutti-deployed,4,0.067,549,4096,256,70,174.406,496.878,2248704,true,gpu_nvme_kernel,,1,16
Tutti-deployed,4,0.067,549,4096,256,71,178.927,514.302,2248704,true,gpu_nvme_kernel,,1,16
Tutti-deployed,4,0.067,549,4096,256,72,180.632,524.178,2248704,true,gpu_nvme_kernel,,1,16
Tutti-deployed,4,0.067,549,4096,256,73,173.288,504.317,2248704,true,gpu_nvme_kernel,,1,16
Tutti-deployed,4,0.067,549,4096,256,74,176.877,548.948,2248704,true,gpu_nvme_kernel,,1,16
Tutti-deployed,4,0.067,549,4096,256,75,187.138,545.576,2248704,true,gpu_nvme_kernel,,1,16
Tutti-deployed,4,0.067,549,4096,256,76,176.574,522.644,2248704,true,gpu_nvme_kernel,,1,16
Tutti-deployed,4,0.067,549,4096,256,77,175.584,542.198,2248704,true,gpu_nvme_kernel,,1,16
Tutti-deployed,4,0.067,549,4096,256,78,178.22,502.253,2248704,true,gpu_nvme_kernel,,1,16
Tutti-deployed,4,0.067,549,4096,256,79,173.569,654.986,2248704,true,gpu_nvme_kernel,,1,16
Tutti-deployed,4,0.067,549,4096,256,80,186.235,542.231,2248704,true,gpu_nvme_kernel,,1,16
Tutti-deployed,4,0.067,549,4096,256,81,178.732,554.525,2248704,true,gpu_nvme_kernel,,1,16
Tutti-deployed,4,0.067,549,4096,256,82,175.435,535.405,2248704,true,gpu_nvme_kernel,,1,16
Tutti-deployed,4,0.067,549,4096,256,83,176.244,496.354,2248704,true,gpu_nvme_kernel,,1,16
Tutti-deployed,4,0.067,549,4096,256,84,179.528,548.387,2248704,true,gpu_nvme_kernel,,1,16
Tutti-deployed,4,0.067,549,4096,256,85,175.376,570.947,2248704,true,gpu_nvme_kernel,,1,16
Tutti-deployed,4,0.067,549,4096,256,86,175.414,497.316,2248704,true,gpu_nvme_kernel,,1,16
Tutti-deployed,4,0.067,549,4096,256,87,194.709,550.549,2248704,true,gpu_nvme_kernel,,1,16
Tutti-deployed,4,0.067,549,4096,256,88,174.402,508.746,2248704,true,gpu_nvme_kernel,,1,16
Tutti-deployed,4,0.067,549,4096,256,89,174.147,500.668,2248704,true,gpu_nvme_kernel,,1,16
Tutti-deployed,4,0.067,549,4096,256,90,175.867,512.879,2248704,true,gpu_nvme_kernel,,1,16
Tutti-deployed,4,0.067,549,4096,256,91,174.858,534.295,2248704,true,gpu_nvme_kernel,,1,16
Tutti-deployed,4,0.067,549,4096,256,92,173.946,529.835,2248704,true,gpu_nvme_kernel,,1,16
Tutti-deployed,4,0.067,549,4096,256,93,173.745,507.866,2248704,true,gpu_nvme_kernel,,1,16
Tutti-deployed,4,0.067,549,4096,256,94,174.718,508.422,2248704,true,gpu_nvme_kernel,,1,16
Tutti-deployed,4,0.067,549,4096,256,95,173.1,534.901,2248704,true,gpu_nvme_kernel,,1,16
Tutti-deployed,4,0.067,549,4096,256,96,172,536.584,2248704,true,gpu_nvme_kernel,,1,16
Tutti-deployed,4,0.067,549,4096,256,97,174.468,515.683,2248704,true,gpu_nvme_kernel,,1,16
Tutti-deployed,4,0.067,549,4096,256,98,175.513,515.917,2248704,true,gpu_nvme_kernel,,1,16
Tutti-deployed,4,0.067,549,4096,256,99,172.713,525.217,2248704,true,gpu_nvme_kernel,,1,16
Tutti-deployed,4,0.067,549,4096,256,100,178.645,571.793,2248704,true,gpu_nvme_kernel,,1,16
Tutti-deployed,4,0.067,549,4096,256,101,188.374,524.302,2248704,true,gpu_nvme_kernel,,1,16
Tutti-deployed,4,0.067,549,4096,256,102,185.97,547.396,2248704,true,gpu_nvme_kernel,,1,16
Tutti-deployed,4,0.067,549,4096,256,103,177.495,516.791,2248704,true,gpu_nvme_kernel,,1,16
Tutti-deployed,4,0.067,549,4096,256,104,173.362,524.762,2248704,true,gpu_nvme_kernel,,1,16
Tutti-deployed,4,0.067,549,4096,256,105,177.413,494.559,2248704,true,gpu_nvme_kernel,,1,16
Tutti-deployed,4,0.067,549,4096,256,106,173.073,494.028,2248704,true,gpu_nvme_kernel,,1,16
Tutti-deployed,4,0.067,549,4096,256,107,174.042,505.152,2248704,true,gpu_nvme_kernel,,1,16
Tutti-deployed,4,0.067,549,4096,256,108,177.657,565.79,2248704,true,gpu_nvme_kernel,,1,16
Tutti-deployed,4,0.067,549,4096,256,109,176.832,518.317,2248704,true,gpu_nvme_kernel,,1,16
Tutti-deployed,4,0.067,549,4096,256,110,177.503,492.87,2248704,true,gpu_nvme_kernel,,1,16
Tutti-deployed,4,0.067,549,4096,256,111,175.208,566.953,2248704,true,gpu_nvme_kernel,,1,16
Tutti-deployed,4,0.067,549,4096,256,112,178.202,554.232,2248704,true,gpu_nvme_kernel,,1,16
Tutti-deployed,4,0.067,549,4096,256,113,180.46,515.633,2248704,true,gpu_nvme_kernel,,1,16
Tutti-deployed,4,0.067,549,4096,256,114,173.846,502.112,2248704,true,gpu_nvme_kernel,,1,16
Tutti-deployed,4,0.067,549,4096,256,115,177.453,566.599,2248704,true,gpu_nvme_kernel,,1,16
Tutti-deployed,4,0.067,549,4096,256,116,180.849,576.223,2248704,true,gpu_nvme_kernel,,1,16
Tutti-deployed,4,0.067,549,4096,256,117,175.421,512.241,2248704,true,gpu_nvme_kernel,,1,16
Tutti-deployed,4,0.067,549,4096,256,118,175.64,542.145,2248704,true,gpu_nvme_kernel,,1,16
Tutti-deployed,4,0.067,549,4096,256,119,175.341,511.346,2248704,true,gpu_nvme_kernel,,1,16
Tutti-deployed,4,0.067,549,4096,256,120,178.991,556.139,2248704,true,gpu_nvme_kernel,,1,16
Tutti-deployed,4,0.067,549,4096,256,121,173.622,538.478,2248704,true,gpu_nvme_kernel,,1,16
Tutti-deployed,4,0.067,549,4096,256,122,174.701,497.194,2248704,true,gpu_nvme_kernel,,1,16
Tutti-deployed,4,0.067,549,4096,256,123,178.305,546.298,2248704,true,gpu_nvme_kernel,,1,16
Tutti-deployed,4,0.067,549,4096,256,124,173.22,515.925,2248704,true,gpu_nvme_kernel,,1,16
Tutti-deployed,4,0.067,549,4096,256,125,179.083,497.671,2248704,true,gpu_nvme_kernel,,1,16
Tutti-deployed,4,0.067,549,4096,256,126,176.023,532.909,2248704,true,gpu_nvme_kernel,,1,16
Tutti-deployed,4,0.067,549,4096,256,127,179.487,513.698,2248704,true,gpu_nvme_kernel,,1,16
Tutti-deployed,4,0.067,549,4096,256,128,176.073,526.684,2248704,true,gpu_nvme_kernel,,1,16
Tutti-deployed,4,0.067,549,4096,256,129,187.776,507.074,2248704,true,gpu_nvme_kernel,,1,16
Tutti-deployed,4,0.067,549,4096,256,130,174.173,554.361,2248704,true,gpu_nvme_kernel,,1,16
Tutti-deployed,4,0.067,549,4096,256,131,174.974,500.653,2248704,true,gpu_nvme_kernel,,1,16
Tutti-deployed,4,0.067,549,4096,256,132,186.13,545.022,2248704,true,gpu_nvme_kernel,,1,16
Tutti-deployed,4,0.067,549,4096,256,133,176.169,507.24,2248704,true,gpu_nvme_kernel,,1,16
Tutti-deployed,4,0.067,549,4096,256,134,179.398,515.175,2248704,true,gpu_nvme_kernel,,1,16
Tutti-deployed,4,0.067,549,4096,256,135,181.57,600.214,2248704,true,gpu_nvme_kernel,,1,16
Tutti-deployed,4,0.067,549,4096,256,136,174.279,532.467,2248704,true,gpu_nvme_kernel,,1,16
Tutti-deployed,4,0.067,549,4096,256,137,174.494,510.856,2248704,true,gpu_nvme_kernel,,1,16
Tutti-deployed,4,0.067,549,4096,256,138,177.417,495.847,2248704,true,gpu_nvme_kernel,,1,16
Tutti-deployed,4,0.067,549,4096,256,139,174.57,530.608,2248704,true,gpu_nvme_kernel,,1,16
Tutti-deployed,4,0.067,549,4096,256,140,180.187,514.311,2248704,true,gpu_nvme_kernel,,1,16
Tutti-deployed,4,0.067,549,4096,256,141,175.203,524.039,2248704,true,gpu_nvme_kernel,,1,16
Tutti-deployed,4,0.067,549,4096,256,142,177.178,520.719,2248704,true,gpu_nvme_kernel,,1,16
Tutti-deployed,4,0.067,549,4096,256,143,174.865,504.689,2248704,true,gpu_nvme_kernel,,1,16
Tutti-deployed,4,0.067,549,4096,256,144,171.938,576.236,2248704,true,gpu_nvme_kernel,,1,16
Tutti-deployed,4,0.067,549,4096,256,145,172.812,581.772,2248704,true,gpu_nvme_kernel,,1,16
Tutti-deployed,4,0.067,549,4096,256,146,179.676,527.999,2248704,true,gpu_nvme_kernel,,1,16
Tutti-deployed,4,0.067,549,4096,256,147,173.583,522.965,2248704,true,gpu_nvme_kernel,,1,16
Tutti-deployed,4,0.067,549,4096,256,148,177.559,545.984,2248704,true,gpu_nvme_kernel,,1,16
Tutti-deployed,4,0.067,549,4096,256,149,185.625,574.844,2248704,true,gpu_nvme_kernel,,1,16
Tutti-deployed,4,0.067,549,4096,256,150,179.206,579.599,2248704,true,gpu_nvme_kernel,,1,16
Tutti-deployed,4,0.067,549,4096,256,151,177.599,491.347,2248704,true,gpu_nvme_kernel,,1,16
Tutti-deployed,4,0.067,549,4096,256,152,179.396,497.323,2248704,true,gpu_nvme_kernel,,1,16
Tutti-deployed,4,0.067,549,4096,256,153,179.096,504.68,2248704,true,gpu_nvme_kernel,,1,16
Tutti-deployed,4,0.067,549,4096,256,154,177.362,548.844,2248704,true,gpu_nvme_kernel,,1,16
Tutti-deployed,4,0.067,549,4096,256,155,178.134,509.328,2248704,true,gpu_nvme_kernel,,1,16
Tutti-deployed,4,0.067,549,4096,256,156,202.613,537.551,2248704,true,gpu_nvme_kernel,,1,16
Tutti-deployed,4,0.067,549,4096,256,157,179.742,525.18,2248704,true,gpu_nvme_kernel,,1,16
Tutti-deployed,4,0.067,549,4096,256,158,180.059,501.708,2248704,true,gpu_nvme_kernel,,1,16
Tutti-deployed,4,0.067,549,4096,256,159,178.641,505.84,2248704,true,gpu_nvme_kernel,,1,16
Tutti-deployed,4,0.067,549,4096,256,160,175.613,493.6,2248704,true,gpu_nvme_kernel,,1,16
Tutti-deployed,4,0.067,549,4096,256,161,183.444,508.904,2248704,true,gpu_nvme_kernel,,1,16
Tutti-deployed,4,0.067,549,4096,256,162,176.429,512.308,2248704,true,gpu_nvme_kernel,,1,16
Tutti-deployed,4,0.067,549,4096,256,163,178.957,520.051,2248704,true,gpu_nvme_kernel,,1,16
Tutti-deployed,4,0.067,549,4096,256,164,180.79,548.379,2248704,true,gpu_nvme_kernel,,1,16
Tutti-deployed,4,0.067,549,4096,256,165,172.712,518.906,2248704,true,gpu_nvme_kernel,,1,16
Tutti-deployed,4,0.067,549,4096,256,166,178.375,578.257,2248704,true,gpu_nvme_kernel,,1,16
Tutti-deployed,4,0.067,549,4096,256,167,183.194,518.576,2248704,true,gpu_nvme_kernel,,1,16
Tutti-deployed,4,0.067,549,4096,256,168,173.563,488.831,2248704,true,gpu_nvme_kernel,,1,16
Tutti-deployed,4,0.067,549,4096,256,169,176.918,495.595,2248704,true,gpu_nvme_kernel,,1,16
Tutti-deployed,4,0.067,549,4096,256,170,176.53,528.977,2248704,true,gpu_nvme_kernel,,1,16
Tutti-deployed,4,0.067,549,4096,256,171,174.284,579.054,2248704,true,gpu_nvme_kernel,,1,16
Tutti-deployed,4,0.067,549,4096,256,172,173.432,545.469,2248704,true,gpu_nvme_kernel,,1,16
Tutti-deployed,4,0.067,549,4096,256,173,174.928,517.817,2248704,true,gpu_nvme_kernel,,1,16
Tutti-deployed,4,0.067,549,4096,256,174,173.862,492.231,2248704,true,gpu_nvme_kernel,,1,16
Tutti-deployed,4,0.067,549,4096,256,175,180.456,550.449,2248704,true,gpu_nvme_kernel,,1,16
Tutti-deployed,4,0.067,549,4096,256,176,191.197,487.706,2248704,true,gpu_nvme_kernel,,1,16
Tutti-deployed,4,0.067,549,4096,256,177,176.648,597.563,2248704,true,gpu_nvme_kernel,,1,16
Tutti-deployed,4,0.067,549,4096,256,178,176.096,502.338,2248704,true,gpu_nvme_kernel,,1,16
Tutti-deployed,4,0.067,549,4096,256,179,176.103,563.741,2248704,true,gpu_nvme_kernel,,1,16
Tutti-deployed,4,0.067,549,4096,256,180,175.375,513.011,2248704,true,gpu_nvme_kernel,,1,16
Tutti-deployed,4,0.067,549,4096,256,181,188.107,518.708,2248704,true,gpu_nvme_kernel,,1,16
Tutti-deployed,4,0.067,549,4096,256,182,175.752,500.87,2248704,true,gpu_nvme_kernel,,1,16
Tutti-deployed,4,0.067,549,4096,256,183,174.393,535.034,2248704,true,gpu_nvme_kernel,,1,16
Tutti-deployed,4,0.067,549,4096,256,184,171.349,520.028,2248704,true,gpu_nvme_kernel,,1,16
Tutti-deployed,4,0.067,549,4096,256,185,177.765,502.111,2248704,true,gpu_nvme_kernel,,1,16
Tutti-deployed,4,0.067,549,4096,256,186,175.413,546.271,2248704,true,gpu_nvme_kernel,,1,16
Tutti-deployed,4,0.067,549,4096,256,187,185.97,506.142,2248704,true,gpu_nvme_kernel,,1,16
Tutti-deployed,4,0.067,549,4096,256,188,177.194,508.234,2248704,true,gpu_nvme_kernel,,1,16
Tutti-deployed,4,0.067,549,4096,256,189,175.836,506.302,2248704,true,gpu_nvme_kernel,,1,16
Tutti-deployed,4,0.067,549,4096,256,190,180.826,524.714,2248704,true,gpu_nvme_kernel,,1,16
Tutti-deployed,4,0.067,549,4096,256,191,177.671,542.659,2248704,true,gpu_nvme_kernel,,1,16
Tutti-deployed,4,0.067,549,4096,256,192,176.969,564.13,2248704,true,gpu_nvme_kernel,,1,16
Tutti-deployed,4,0.067,549,4096,256,193,174.609,500.812,2248704,true,gpu_nvme_kernel,,1,16
Tutti-deployed,4,0.067,549,4096,256,194,254.911,570.716,2248704,true,gpu_nvme_kernel,,1,16
Tutti-deployed,4,0.067,549,4096,256,195,186.593,554.897,2248704,true,gpu_nvme_kernel,,1,16
Tutti-deployed,4,0.067,549,4096,256,196,175.158,508.851,2248704,true,gpu_nvme_kernel,,1,16
Tutti-deployed,4,0.067,549,4096,256,197,179.937,582.438,2248704,true,gpu_nvme_kernel,,1,16
Tutti-deployed,4,0.067,549,4096,256,198,173.793,522.241,2248704,true,gpu_nvme_kernel,,1,16
Tutti-deployed,4,0.067,549,4096,256,199,175.33,526.09,2248704,true,gpu_nvme_kernel,,1,16
Tutti-deployed,4,0.067,549,4096,256,0,177.865,571.687,2248704,true,gpu_nvme_kernel,,3,16
Tutti-deployed,4,0.134,1098,4096,256,0,346.471,885.428,4497408,true,gpu_nvme_kernel,,2,16
Tutti-deployed,4,0.134,1098,4096,256,0,345.54,960.81,4497408,true,gpu_nvme_kernel,,0,16
Tutti-deployed,4,0.134,1098,4096,256,1,345.796,909.607,4497408,true,gpu_nvme_kernel,,0,16
Tutti-deployed,4,0.134,1098,4096,256,2,351.782,916.741,4497408,true,gpu_nvme_kernel,,0,16
Tutti-deployed,4,0.134,1098,4096,256,3,342.871,926.663,4497408,true,gpu_nvme_kernel,,0,16
Tutti-deployed,4,0.134,1098,4096,256,4,347.967,936.155,4497408,true,gpu_nvme_kernel,,0,16
Tutti-deployed,4,0.134,1098,4096,256,5,342.66,924.016,4497408,true,gpu_nvme_kernel,,0,16
Tutti-deployed,4,0.134,1098,4096,256,6,345.681,965.602,4497408,true,gpu_nvme_kernel,,0,16
Tutti-deployed,4,0.134,1098,4096,256,7,347.672,956.439,4497408,true,gpu_nvme_kernel,,0,16
Tutti-deployed,4,0.134,1098,4096,256,8,349.717,931.785,4497408,true,gpu_nvme_kernel,,0,16
Tutti-deployed,4,0.134,1098,4096,256,9,342.035,912.222,4497408,true,gpu_nvme_kernel,,0,16
Tutti-deployed,4,0.134,1098,4096,256,0,347.691,921.547,4497408,true,gpu_nvme_kernel,,1,16
Tutti-deployed,4,0.134,1098,4096,256,1,342.807,983.398,4497408,true,gpu_nvme_kernel,,1,16
Tutti-deployed,4,0.134,1098,4096,256,2,349.856,921.98,4497408,true,gpu_nvme_kernel,,1,16
Tutti-deployed,4,0.134,1098,4096,256,3,345.175,922.227,4497408,true,gpu_nvme_kernel,,1,16
Tutti-deployed,4,0.134,1098,4096,256,4,352.587,909.193,4497408,true,gpu_nvme_kernel,,1,16
Tutti-deployed,4,0.134,1098,4096,256,5,355.949,984.551,4497408,true,gpu_nvme_kernel,,1,16
Tutti-deployed,4,0.134,1098,4096,256,6,351.894,924.791,4497408,true,gpu_nvme_kernel,,1,16
Tutti-deployed,4,0.134,1098,4096,256,7,346.793,923.192,4497408,true,gpu_nvme_kernel,,1,16
Tutti-deployed,4,0.134,1098,4096,256,8,353.223,957.162,4497408,true,gpu_nvme_kernel,,1,16
Tutti-deployed,4,0.134,1098,4096,256,9,347.259,1024.739,4497408,true,gpu_nvme_kernel,,1,16
Tutti-deployed,4,0.134,1098,4096,256,10,341.933,936.541,4497408,true,gpu_nvme_kernel,,1,16
Tutti-deployed,4,0.134,1098,4096,256,11,346.611,1039.245,4497408,true,gpu_nvme_kernel,,1,16
Tutti-deployed,4,0.134,1098,4096,256,12,342.976,919.373,4497408,true,gpu_nvme_kernel,,1,16
Tutti-deployed,4,0.134,1098,4096,256,13,337.03,923.611,4497408,true,gpu_nvme_kernel,,1,16
Tutti-deployed,4,0.134,1098,4096,256,14,347.74,913.855,4497408,true,gpu_nvme_kernel,,1,16
Tutti-deployed,4,0.134,1098,4096,256,15,345.336,967.183,4497408,true,gpu_nvme_kernel,,1,16
Tutti-deployed,4,0.134,1098,4096,256,16,332.707,923.648,4497408,true,gpu_nvme_kernel,,1,16
Tutti-deployed,4,0.134,1098,4096,256,17,337.835,949.218,4497408,true,gpu_nvme_kernel,,1,16
Tutti-deployed,4,0.134,1098,4096,256,18,334.66,923.754,4497408,true,gpu_nvme_kernel,,1,16
Tutti-deployed,4,0.134,1098,4096,256,19,334.802,1036.908,4497408,true,gpu_nvme_kernel,,1,16
Tutti-deployed,4,0.134,1098,4096,256,20,334.327,913.327,4497408,true,gpu_nvme_kernel,,1,16
Tutti-deployed,4,0.134,1098,4096,256,21,341.616,895.305,4497408,true,gpu_nvme_kernel,,1,16
Tutti-deployed,4,0.134,1098,4096,256,22,335.431,957.179,4497408,true,gpu_nvme_kernel,,1,16
Tutti-deployed,4,0.134,1098,4096,256,23,343.601,980.684,4497408,true,gpu_nvme_kernel,,1,16
Tutti-deployed,4,0.134,1098,4096,256,24,363.907,965.409,4497408,true,gpu_nvme_kernel,,1,16
Tutti-deployed,4,0.134,1098,4096,256,25,351.319,1000.732,4497408,true,gpu_nvme_kernel,,1,16
Tutti-deployed,4,0.134,1098,4096,256,26,342.591,882.854,4497408,true,gpu_nvme_kernel,,1,16
Tutti-deployed,4,0.134,1098,4096,256,27,333.392,968.065,4497408,true,gpu_nvme_kernel,,1,16
Tutti-deployed,4,0.134,1098,4096,256,28,331.703,933.756,4497408,true,gpu_nvme_kernel,,1,16
Tutti-deployed,4,0.134,1098,4096,256,29,331.128,961.265,4497408,true,gpu_nvme_kernel,,1,16
Tutti-deployed,4,0.134,1098,4096,256,30,336.213,939.02,4497408,true,gpu_nvme_kernel,,1,16
Tutti-deployed,4,0.134,1098,4096,256,31,332.09,919.212,4497408,true,gpu_nvme_kernel,,1,16
Tutti-deployed,4,0.134,1098,4096,256,32,337.812,993.736,4497408,true,gpu_nvme_kernel,,1,16
Tutti-deployed,4,0.134,1098,4096,256,33,339.18,995.929,4497408,true,gpu_nvme_kernel,,1,16
Tutti-deployed,4,0.134,1098,4096,256,34,355.335,952.117,4497408,true,gpu_nvme_kernel,,1,16
Tutti-deployed,4,0.134,1098,4096,256,35,340.575,949.807,4497408,true,gpu_nvme_kernel,,1,16
Tutti-deployed,4,0.134,1098,4096,256,36,332.53,965.024,4497408,true,gpu_nvme_kernel,,1,16
Tutti-deployed,4,0.134,1098,4096,256,37,336.246,897.796,4497408,true,gpu_nvme_kernel,,1,16
Tutti-deployed,4,0.134,1098,4096,256,38,331.976,978.206,4497408,true,gpu_nvme_kernel,,1,16
Tutti-deployed,4,0.134,1098,4096,256,39,327.895,938.597,4497408,true,gpu_nvme_kernel,,1,16
Tutti-deployed,4,0.134,1098,4096,256,40,333.605,926.915,4497408,true,gpu_nvme_kernel,,1,16
Tutti-deployed,4,0.134,1098,4096,256,41,332.191,953.657,4497408,true,gpu_nvme_kernel,,1,16
Tutti-deployed,4,0.134,1098,4096,256,42,335.283,920.222,4497408,true,gpu_nvme_kernel,,1,16
Tutti-deployed,4,0.134,1098,4096,256,43,352.29,952.81,4497408,true,gpu_nvme_kernel,,1,16
Tutti-deployed,4,0.134,1098,4096,256,44,339.687,971.582,4497408,true,gpu_nvme_kernel,,1,16
Tutti-deployed,4,0.134,1098,4096,256,45,332.172,979.784,4497408,true,gpu_nvme_kernel,,1,16
Tutti-deployed,4,0.134,1098,4096,256,46,335.191,969.878,4497408,true,gpu_nvme_kernel,,1,16
Tutti-deployed,4,0.134,1098,4096,256,47,329.855,928.551,4497408,true,gpu_nvme_kernel,,1,16
Tutti-deployed,4,0.134,1098,4096,256,48,330.62,1068.703,4497408,true,gpu_nvme_kernel,,1,16
Tutti-deployed,4,0.134,1098,4096,256,49,329.657,948.067,4497408,true,gpu_nvme_kernel,,1,16
Tutti-deployed,4,0.134,1098,4096,256,50,344.079,1010.391,4497408,true,gpu_nvme_kernel,,1,16
Tutti-deployed,4,0.134,1098,4096,256,51,332.063,953.603,4497408,true,gpu_nvme_kernel,,1,16
Tutti-deployed,4,0.134,1098,4096,256,52,341.411,941.986,4497408,true,gpu_nvme_kernel,,1,16
Tutti-deployed,4,0.134,1098,4096,256,53,331.964,952.883,4497408,true,gpu_nvme_kernel,,1,16
Tutti-deployed,4,0.134,1098,4096,256,54,327.722,897.627,4497408,true,gpu_nvme_kernel,,1,16
Tutti-deployed,4,0.134,1098,4096,256,55,331.737,958.037,4497408,true,gpu_nvme_kernel,,1,16
Tutti-deployed,4,0.134,1098,4096,256,56,329.93,920.203,4497408,true,gpu_nvme_kernel,,1,16
Tutti-deployed,4,0.134,1098,4096,256,57,345.035,925.404,4497408,true,gpu_nvme_kernel,,1,16
Tutti-deployed,4,0.134,1098,4096,256,58,333.868,906.421,4497408,true,gpu_nvme_kernel,,1,16
Tutti-deployed,4,0.134,1098,4096,256,59,335.101,962.206,4497408,true,gpu_nvme_kernel,,1,16
Tutti-deployed,4,0.134,1098,4096,256,60,331.56,1026.55,4497408,true,gpu_nvme_kernel,,1,16
Tutti-deployed,4,0.134,1098,4096,256,61,333.77,884.219,4497408,true,gpu_nvme_kernel,,1,16
Tutti-deployed,4,0.134,1098,4096,256,62,332.814,897.761,4497408,true,gpu_nvme_kernel,,1,16
Tutti-deployed,4,0.134,1098,4096,256,63,328.261,923.708,4497408,true,gpu_nvme_kernel,,1,16
Tutti-deployed,4,0.134,1098,4096,256,64,329.727,919.002,4497408,true,gpu_nvme_kernel,,1,16
Tutti-deployed,4,0.134,1098,4096,256,65,327.79,916.073,4497408,true,gpu_nvme_kernel,,1,16
Tutti-deployed,4,0.134,1098,4096,256,66,332.889,963.945,4497408,true,gpu_nvme_kernel,,1,16
Tutti-deployed,4,0.134,1098,4096,256,67,336.869,990.485,4497408,true,gpu_nvme_kernel,,1,16
Tutti-deployed,4,0.134,1098,4096,256,68,328.213,980.571,4497408,true,gpu_nvme_kernel,,1,16
Tutti-deployed,4,0.134,1098,4096,256,69,339.608,930.759,4497408,true,gpu_nvme_kernel,,1,16
Tutti-deployed,4,0.134,1098,4096,256,70,341.199,950.471,4497408,true,gpu_nvme_kernel,,1,16
Tutti-deployed,4,0.134,1098,4096,256,71,333.987,926.469,4497408,true,gpu_nvme_kernel,,1,16
Tutti-deployed,4,0.134,1098,4096,256,72,333.912,905.714,4497408,true,gpu_nvme_kernel,,1,16
Tutti-deployed,4,0.134,1098,4096,256,73,333.265,919.544,4497408,true,gpu_nvme_kernel,,1,16
Tutti-deployed,4,0.134,1098,4096,256,74,332.006,943.412,4497408,true,gpu_nvme_kernel,,1,16
Tutti-deployed,4,0.134,1098,4096,256,75,327.254,928.585,4497408,true,gpu_nvme_kernel,,1,16
Tutti-deployed,4,0.134,1098,4096,256,76,344.427,906.809,4497408,true,gpu_nvme_kernel,,1,16
Tutti-deployed,4,0.134,1098,4096,256,77,346.09,937.56,4497408,true,gpu_nvme_kernel,,1,16
Tutti-deployed,4,0.134,1098,4096,256,78,329.433,914.311,4497408,true,gpu_nvme_kernel,,1,16
Tutti-deployed,4,0.134,1098,4096,256,79,330.709,891.968,4497408,true,gpu_nvme_kernel,,1,16
Tutti-deployed,4,0.134,1098,4096,256,80,333.606,904.766,4497408,true,gpu_nvme_kernel,,1,16
Tutti-deployed,4,0.134,1098,4096,256,81,332.317,982.849,4497408,true,gpu_nvme_kernel,,1,16
Tutti-deployed,4,0.134,1098,4096,256,82,332.687,1032.688,4497408,true,gpu_nvme_kernel,,1,16
Tutti-deployed,4,0.134,1098,4096,256,83,339.557,942.341,4497408,true,gpu_nvme_kernel,,1,16
Tutti-deployed,4,0.134,1098,4096,256,84,344.678,982.778,4497408,true,gpu_nvme_kernel,,1,16
Tutti-deployed,4,0.134,1098,4096,256,85,333.079,915.185,4497408,true,gpu_nvme_kernel,,1,16
Tutti-deployed,4,0.134,1098,4096,256,86,332.882,929.041,4497408,true,gpu_nvme_kernel,,1,16
Tutti-deployed,4,0.134,1098,4096,256,87,331.595,883.567,4497408,true,gpu_nvme_kernel,,1,16
Tutti-deployed,4,0.134,1098,4096,256,88,334.086,918.358,4497408,true,gpu_nvme_kernel,,1,16
Tutti-deployed,4,0.134,1098,4096,256,89,333.568,934.763,4497408,true,gpu_nvme_kernel,,1,16
Tutti-deployed,4,0.134,1098,4096,256,90,332.87,889.312,4497408,true,gpu_nvme_kernel,,1,16
Tutti-deployed,4,0.134,1098,4096,256,91,330.845,934.157,4497408,true,gpu_nvme_kernel,,1,16
Tutti-deployed,4,0.134,1098,4096,256,92,335.618,975.755,4497408,true,gpu_nvme_kernel,,1,16
Tutti-deployed,4,0.134,1098,4096,256,93,337.995,935.752,4497408,true,gpu_nvme_kernel,,1,16
Tutti-deployed,4,0.134,1098,4096,256,94,332.746,985.023,4497408,true,gpu_nvme_kernel,,1,16
Tutti-deployed,4,0.134,1098,4096,256,95,340.795,924.816,4497408,true,gpu_nvme_kernel,,1,16
Tutti-deployed,4,0.134,1098,4096,256,96,333.335,922.872,4497408,true,gpu_nvme_kernel,,1,16
Tutti-deployed,4,0.134,1098,4096,256,97,335.447,999.881,4497408,true,gpu_nvme_kernel,,1,16
Tutti-deployed,4,0.134,1098,4096,256,98,328.567,919.336,4497408,true,gpu_nvme_kernel,,1,16
Tutti-deployed,4,0.134,1098,4096,256,99,331.455,953.83,4497408,true,gpu_nvme_kernel,,1,16
Tutti-deployed,4,0.134,1098,4096,256,100,341.937,918.116,4497408,true,gpu_nvme_kernel,,1,16
Tutti-deployed,4,0.134,1098,4096,256,101,327.694,917.064,4497408,true,gpu_nvme_kernel,,1,16
Tutti-deployed,4,0.134,1098,4096,256,102,344.798,954.93,4497408,true,gpu_nvme_kernel,,1,16
Tutti-deployed,4,0.134,1098,4096,256,103,340.534,893.301,4497408,true,gpu_nvme_kernel,,1,16
Tutti-deployed,4,0.134,1098,4096,256,104,331.069,902.912,4497408,true,gpu_nvme_kernel,,1,16
Tutti-deployed,4,0.134,1098,4096,256,105,330.003,899.358,4497408,true,gpu_nvme_kernel,,1,16
Tutti-deployed,4,0.134,1098,4096,256,106,338.646,955.449,4497408,true,gpu_nvme_kernel,,1,16
Tutti-deployed,4,0.134,1098,4096,256,107,330.834,953.558,4497408,true,gpu_nvme_kernel,,1,16
Tutti-deployed,4,0.134,1098,4096,256,108,335.052,1007.15,4497408,true,gpu_nvme_kernel,,1,16
Tutti-deployed,4,0.134,1098,4096,256,109,332.857,915.067,4497408,true,gpu_nvme_kernel,,1,16
Tutti-deployed,4,0.134,1098,4096,256,110,332.506,921.505,4497408,true,gpu_nvme_kernel,,1,16
Tutti-deployed,4,0.134,1098,4096,256,111,329.446,978.957,4497408,true,gpu_nvme_kernel,,1,16
Tutti-deployed,4,0.134,1098,4096,256,112,344.579,916.077,4497408,true,gpu_nvme_kernel,,1,16
Tutti-deployed,4,0.134,1098,4096,256,113,352.732,948.502,4497408,true,gpu_nvme_kernel,,1,16
Tutti-deployed,4,0.134,1098,4096,256,114,330.997,989.545,4497408,true,gpu_nvme_kernel,,1,16
Tutti-deployed,4,0.134,1098,4096,256,115,328.868,911.492,4497408,true,gpu_nvme_kernel,,1,16
Tutti-deployed,4,0.134,1098,4096,256,116,335.958,896.607,4497408,true,gpu_nvme_kernel,,1,16
Tutti-deployed,4,0.134,1098,4096,256,117,331.493,966.692,4497408,true,gpu_nvme_kernel,,1,16
Tutti-deployed,4,0.134,1098,4096,256,118,361.761,904.393,4497408,true,gpu_nvme_kernel,,1,16
Tutti-deployed,4,0.134,1098,4096,256,119,329.929,996.313,4497408,true,gpu_nvme_kernel,,1,16
Tutti-deployed,4,0.134,1098,4096,256,120,330.999,990.008,4497408,true,gpu_nvme_kernel,,1,16
Tutti-deployed,4,0.134,1098,4096,256,121,332.932,1049.427,4497408,true,gpu_nvme_kernel,,1,16
Tutti-deployed,4,0.134,1098,4096,256,122,333.695,908.499,4497408,true,gpu_nvme_kernel,,1,16
Tutti-deployed,4,0.134,1098,4096,256,123,332.246,953.96,4497408,true,gpu_nvme_kernel,,1,16
Tutti-deployed,4,0.134,1098,4096,256,124,330.887,984.124,4497408,true,gpu_nvme_kernel,,1,16
Tutti-deployed,4,0.134,1098,4096,256,125,333.964,922.661,4497408,true,gpu_nvme_kernel,,1,16
Tutti-deployed,4,0.134,1098,4096,256,126,329.691,951.875,4497408,true,gpu_nvme_kernel,,1,16
Tutti-deployed,4,0.134,1098,4096,256,127,337.404,901.906,4497408,true,gpu_nvme_kernel,,1,16
Tutti-deployed,4,0.134,1098,4096,256,128,335.999,947.954,4497408,true,gpu_nvme_kernel,,1,16
Tutti-deployed,4,0.134,1098,4096,256,129,332.2,971.221,4497408,true,gpu_nvme_kernel,,1,16
Tutti-deployed,4,0.134,1098,4096,256,130,330.973,969.69,4497408,true,gpu_nvme_kernel,,1,16
Tutti-deployed,4,0.134,1098,4096,256,131,334.156,936.364,4497408,true,gpu_nvme_kernel,,1,16
Tutti-deployed,4,0.134,1098,4096,256,132,333.597,935.565,4497408,true,gpu_nvme_kernel,,1,16
Tutti-deployed,4,0.134,1098,4096,256,133,333.961,1018.283,4497408,true,gpu_nvme_kernel,,1,16
Tutti-deployed,4,0.134,1098,4096,256,134,331.855,881.837,4497408,true,gpu_nvme_kernel,,1,16
Tutti-deployed,4,0.134,1098,4096,256,135,333.63,927.396,4497408,true,gpu_nvme_kernel,,1,16
Tutti-deployed,4,0.134,1098,4096,256,136,332.797,887.242,4497408,true,gpu_nvme_kernel,,1,16
Tutti-deployed,4,0.134,1098,4096,256,137,333.096,932.215,4497408,true,gpu_nvme_kernel,,1,16
Tutti-deployed,4,0.134,1098,4096,256,138,342.658,967.249,4497408,true,gpu_nvme_kernel,,1,16
Tutti-deployed,4,0.134,1098,4096,256,139,346.661,1717.975,4497408,true,gpu_nvme_kernel,,1,16
Tutti-deployed,4,0.134,1098,4096,256,140,342.38,926.19,4497408,true,gpu_nvme_kernel,,1,16
Tutti-deployed,4,0.134,1098,4096,256,141,344.465,921.218,4497408,true,gpu_nvme_kernel,,1,16
Tutti-deployed,4,0.134,1098,4096,256,142,343.059,950.885,4497408,true,gpu_nvme_kernel,,1,16
Tutti-deployed,4,0.134,1098,4096,256,143,334.969,893.456,4497408,true,gpu_nvme_kernel,,1,16
Tutti-deployed,4,0.134,1098,4096,256,144,337.037,953.041,4497408,true,gpu_nvme_kernel,,1,16
Tutti-deployed,4,0.134,1098,4096,256,145,343.904,960.175,4497408,true,gpu_nvme_kernel,,1,16
Tutti-deployed,4,0.134,1098,4096,256,146,344.559,904.586,4497408,true,gpu_nvme_kernel,,1,16
Tutti-deployed,4,0.134,1098,4096,256,147,346.341,895.582,4497408,true,gpu_nvme_kernel,,1,16
Tutti-deployed,4,0.134,1098,4096,256,148,338.781,1009.929,4497408,true,gpu_nvme_kernel,,1,16
Tutti-deployed,4,0.134,1098,4096,256,149,333.933,959.016,4497408,true,gpu_nvme_kernel,,1,16
Tutti-deployed,4,0.134,1098,4096,256,150,333.954,892.697,4497408,true,gpu_nvme_kernel,,1,16
Tutti-deployed,4,0.134,1098,4096,256,151,337.946,1002.271,4497408,true,gpu_nvme_kernel,,1,16
Tutti-deployed,4,0.134,1098,4096,256,152,343.287,1001.346,4497408,true,gpu_nvme_kernel,,1,16
Tutti-deployed,4,0.134,1098,4096,256,153,341.265,914.883,4497408,true,gpu_nvme_kernel,,1,16
Tutti-deployed,4,0.134,1098,4096,256,154,335.787,975.814,4497408,true,gpu_nvme_kernel,,1,16
Tutti-deployed,4,0.134,1098,4096,256,155,331.486,943.264,4497408,true,gpu_nvme_kernel,,1,16
Tutti-deployed,4,0.134,1098,4096,256,156,333.576,893.323,4497408,true,gpu_nvme_kernel,,1,16
Tutti-deployed,4,0.134,1098,4096,256,157,334.311,920.535,4497408,true,gpu_nvme_kernel,,1,16
Tutti-deployed,4,0.134,1098,4096,256,158,329.284,952.641,4497408,true,gpu_nvme_kernel,,1,16
Tutti-deployed,4,0.134,1098,4096,256,159,330.3,964.773,4497408,true,gpu_nvme_kernel,,1,16
Tutti-deployed,4,0.134,1098,4096,256,160,334.296,904.033,4497408,true,gpu_nvme_kernel,,1,16
Tutti-deployed,4,0.134,1098,4096,256,161,336.546,903.194,4497408,true,gpu_nvme_kernel,,1,16
Tutti-deployed,4,0.134,1098,4096,256,162,342.575,921.428,4497408,true,gpu_nvme_kernel,,1,16
Tutti-deployed,4,0.134,1098,4096,256,163,347.743,921.212,4497408,true,gpu_nvme_kernel,,1,16
Tutti-deployed,4,0.134,1098,4096,256,164,337.77,920.527,4497408,true,gpu_nvme_kernel,,1,16
Tutti-deployed,4,0.134,1098,4096,256,165,333.751,927.276,4497408,true,gpu_nvme_kernel,,1,16
Tutti-deployed,4,0.134,1098,4096,256,166,345.302,919.888,4497408,true,gpu_nvme_kernel,,1,16
Tutti-deployed,4,0.134,1098,4096,256,167,334.709,919.413,4497408,true,gpu_nvme_kernel,,1,16
Tutti-deployed,4,0.134,1098,4096,256,168,331.62,921.096,4497408,true,gpu_nvme_kernel,,1,16
Tutti-deployed,4,0.134,1098,4096,256,169,338.919,935.882,4497408,true,gpu_nvme_kernel,,1,16
Tutti-deployed,4,0.134,1098,4096,256,170,336.278,930.214,4497408,true,gpu_nvme_kernel,,1,16
Tutti-deployed,4,0.134,1098,4096,256,171,338.867,911.801,4497408,true,gpu_nvme_kernel,,1,16
Tutti-deployed,4,0.134,1098,4096,256,172,331.208,930.184,4497408,true,gpu_nvme_kernel,,1,16
Tutti-deployed,4,0.134,1098,4096,256,173,331.107,915.153,4497408,true,gpu_nvme_kernel,,1,16
Tutti-deployed,4,0.134,1098,4096,256,174,332.125,915.2,4497408,true,gpu_nvme_kernel,,1,16
Tutti-deployed,4,0.134,1098,4096,256,175,332.701,896.082,4497408,true,gpu_nvme_kernel,,1,16
Tutti-deployed,4,0.134,1098,4096,256,176,335.083,1053.628,4497408,true,gpu_nvme_kernel,,1,16
Tutti-deployed,4,0.134,1098,4096,256,177,331.043,1006.851,4497408,true,gpu_nvme_kernel,,1,16
Tutti-deployed,4,0.134,1098,4096,256,178,329.033,933.403,4497408,true,gpu_nvme_kernel,,1,16
Tutti-deployed,4,0.134,1098,4096,256,179,336.887,927.452,4497408,true,gpu_nvme_kernel,,1,16
Tutti-deployed,4,0.134,1098,4096,256,180,342.651,971.365,4497408,true,gpu_nvme_kernel,,1,16
Tutti-deployed,4,0.134,1098,4096,256,181,330.929,955.598,4497408,true,gpu_nvme_kernel,,1,16
Tutti-deployed,4,0.134,1098,4096,256,182,334.695,978.139,4497408,true,gpu_nvme_kernel,,1,16
Tutti-deployed,4,0.134,1098,4096,256,183,333.642,890.288,4497408,true,gpu_nvme_kernel,,1,16
Tutti-deployed,4,0.134,1098,4096,256,184,333.581,900.017,4497408,true,gpu_nvme_kernel,,1,16
Tutti-deployed,4,0.134,1098,4096,256,185,337.539,926.742,4497408,true,gpu_nvme_kernel,,1,16
Tutti-deployed,4,0.134,1098,4096,256,186,332.252,898.498,4497408,true,gpu_nvme_kernel,,1,16
Tutti-deployed,4,0.134,1098,4096,256,187,334.447,983.185,4497408,true,gpu_nvme_kernel,,1,16
Tutti-deployed,4,0.134,1098,4096,256,188,348.244,953.797,4497408,true,gpu_nvme_kernel,,1,16
Tutti-deployed,4,0.134,1098,4096,256,189,346.183,917.896,4497408,true,gpu_nvme_kernel,,1,16
Tutti-deployed,4,0.134,1098,4096,256,190,339.404,967.711,4497408,true,gpu_nvme_kernel,,1,16
Tutti-deployed,4,0.134,1098,4096,256,191,334.853,980.662,4497408,true,gpu_nvme_kernel,,1,16
Tutti-deployed,4,0.134,1098,4096,256,192,330.399,1000.669,4497408,true,gpu_nvme_kernel,,1,16
Tutti-deployed,4,0.134,1098,4096,256,193,332.023,911.13,4497408,true,gpu_nvme_kernel,,1,16
Tutti-deployed,4,0.134,1098,4096,256,194,332.464,918.047,4497408,true,gpu_nvme_kernel,,1,16
Tutti-deployed,4,0.134,1098,4096,256,195,329.182,893.161,4497408,true,gpu_nvme_kernel,,1,16
Tutti-deployed,4,0.134,1098,4096,256,196,333.46,911.194,4497408,true,gpu_nvme_kernel,,1,16
Tutti-deployed,4,0.134,1098,4096,256,197,331.923,910.259,4497408,true,gpu_nvme_kernel,,1,16
Tutti-deployed,4,0.134,1098,4096,256,198,344.623,1033.827,4497408,true,gpu_nvme_kernel,,1,16
Tutti-deployed,4,0.134,1098,4096,256,199,332.455,979.238,4497408,true,gpu_nvme_kernel,,1,16
Tutti-deployed,4,0.134,1098,4096,256,0,347.716,935.44,4497408,true,gpu_nvme_kernel,,3,16
Tutti-deployed,4,0.3,2458,4096,256,0,742.622,1929.014,10067968,true,gpu_nvme_kernel,,2,16
Tutti-deployed,4,0.3,2458,4096,256,0,763.135,2002.01,10067968,true,gpu_nvme_kernel,,0,16
Tutti-deployed,4,0.3,2458,4096,256,1,750.383,1974.925,10067968,true,gpu_nvme_kernel,,0,16
Tutti-deployed,4,0.3,2458,4096,256,2,748.397,1914.618,10067968,true,gpu_nvme_kernel,,0,16
Tutti-deployed,4,0.3,2458,4096,256,3,744.855,1915.607,10067968,true,gpu_nvme_kernel,,0,16
Tutti-deployed,4,0.3,2458,4096,256,4,750.951,1939.388,10067968,true,gpu_nvme_kernel,,0,16
Tutti-deployed,4,0.3,2458,4096,256,5,747.132,1967.259,10067968,true,gpu_nvme_kernel,,0,16
Tutti-deployed,4,0.3,2458,4096,256,6,736.39,1914.197,10067968,true,gpu_nvme_kernel,,0,16
Tutti-deployed,4,0.3,2458,4096,256,7,749.935,1935.08,10067968,true,gpu_nvme_kernel,,0,16
Tutti-deployed,4,0.3,2458,4096,256,8,744.589,1983.351,10067968,true,gpu_nvme_kernel,,0,16
Tutti-deployed,4,0.3,2458,4096,256,9,750.019,1961.535,10067968,true,gpu_nvme_kernel,,0,16
Tutti-deployed,4,0.3,2458,4096,256,0,750.319,1946.116,10067968,true,gpu_nvme_kernel,,1,16
Tutti-deployed,4,0.3,2458,4096,256,1,747.627,1967.9,10067968,true,gpu_nvme_kernel,,1,16
Tutti-deployed,4,0.3,2458,4096,256,2,743.418,1999.929,10067968,true,gpu_nvme_kernel,,1,16
Tutti-deployed,4,0.3,2458,4096,256,3,748.657,1941.768,10067968,true,gpu_nvme_kernel,,1,16
Tutti-deployed,4,0.3,2458,4096,256,4,736.112,1978.833,10067968,true,gpu_nvme_kernel,,1,16
Tutti-deployed,4,0.3,2458,4096,256,5,748.464,2029.098,10067968,true,gpu_nvme_kernel,,1,16
Tutti-deployed,4,0.3,2458,4096,256,6,732.925,2170.229,10067968,true,gpu_nvme_kernel,,1,16
Tutti-deployed,4,0.3,2458,4096,256,7,745.75,1940.032,10067968,true,gpu_nvme_kernel,,1,16
Tutti-deployed,4,0.3,2458,4096,256,8,762.471,1889.113,10067968,true,gpu_nvme_kernel,,1,16
Tutti-deployed,4,0.3,2458,4096,256,9,741.991,1948.546,10067968,true,gpu_nvme_kernel,,1,16
Tutti-deployed,4,0.3,2458,4096,256,10,742.757,1966.172,10067968,true,gpu_nvme_kernel,,1,16
Tutti-deployed,4,0.3,2458,4096,256,11,749.283,1994.362,10067968,true,gpu_nvme_kernel,,1,16
Tutti-deployed,4,0.3,2458,4096,256,12,741.42,1977.069,10067968,true,gpu_nvme_kernel,,1,16
Tutti-deployed,4,0.3,2458,4096,256,13,759.658,1968.612,10067968,true,gpu_nvme_kernel,,1,16
Tutti-deployed,4,0.3,2458,4096,256,14,748.554,1996.068,10067968,true,gpu_nvme_kernel,,1,16
Tutti-deployed,4,0.3,2458,4096,256,15,750.346,2035.931,10067968,true,gpu_nvme_kernel,,1,16
Tutti-deployed,4,0.3,2458,4096,256,16,755.839,1995.109,10067968,true,gpu_nvme_kernel,,1,16
Tutti-deployed,4,0.3,2458,4096,256,17,746.211,2024.44,10067968,true,gpu_nvme_kernel,,1,16
Tutti-deployed,4,0.3,2458,4096,256,18,755.162,1976.834,10067968,true,gpu_nvme_kernel,,1,16
Tutti-deployed,4,0.3,2458,4096,256,19,748.167,2150.483,10067968,true,gpu_nvme_kernel,,1,16
Tutti-deployed,4,0.3,2458,4096,256,20,746.146,1959.896,10067968,true,gpu_nvme_kernel,,1,16
Tutti-deployed,4,0.3,2458,4096,256,21,744.445,1947.532,10067968,true,gpu_nvme_kernel,,1,16
Tutti-deployed,4,0.3,2458,4096,256,22,737.101,1928.455,10067968,true,gpu_nvme_kernel,,1,16
Tutti-deployed,4,0.3,2458,4096,256,23,738.839,2014.414,10067968,true,gpu_nvme_kernel,,1,16
Tutti-deployed,4,0.3,2458,4096,256,24,748.087,1999.8,10067968,true,gpu_nvme_kernel,,1,16
Tutti-deployed,4,0.3,2458,4096,256,25,748.476,1959.795,10067968,true,gpu_nvme_kernel,,1,16
Tutti-deployed,4,0.3,2458,4096,256,26,746.576,1950.892,10067968,true,gpu_nvme_kernel,,1,16
Tutti-deployed,4,0.3,2458,4096,256,27,749.259,1906.933,10067968,true,gpu_nvme_kernel,,1,16
Tutti-deployed,4,0.3,2458,4096,256,28,752.237,1913.249,10067968,true,gpu_nvme_kernel,,1,16
Tutti-deployed,4,0.3,2458,4096,256,29,742.006,1960.239,10067968,true,gpu_nvme_kernel,,1,16
Tutti-deployed,4,0.3,2458,4096,256,30,733.836,1895.042,10067968,true,gpu_nvme_kernel,,1,16
Tutti-deployed,4,0.3,2458,4096,256,31,736.996,1889.882,10067968,true,gpu_nvme_kernel,,1,16
Tutti-deployed,4,0.3,2458,4096,256,32,744.363,1958.788,10067968,true,gpu_nvme_kernel,,1,16
Tutti-deployed,4,0.3,2458,4096,256,33,740.601,1968.321,10067968,true,gpu_nvme_kernel,,1,16
Tutti-deployed,4,0.3,2458,4096,256,34,748.244,1850.641,10067968,true,gpu_nvme_kernel,,1,16
Tutti-deployed,4,0.3,2458,4096,256,35,748.238,1988.842,10067968,true,gpu_nvme_kernel,,1,16
Tutti-deployed,4,0.3,2458,4096,256,36,743.321,1951.839,10067968,true,gpu_nvme_kernel,,1,16
Tutti-deployed,4,0.3,2458,4096,256,37,734.825,2013.316,10067968,true,gpu_nvme_kernel,,1,16
Tutti-deployed,4,0.3,2458,4096,256,38,733.14,1960.775,10067968,true,gpu_nvme_kernel,,1,16
Tutti-deployed,4,0.3,2458,4096,256,39,747.598,1945.381,10067968,true,gpu_nvme_kernel,,1,16
Tutti-deployed,4,0.3,2458,4096,256,40,748.404,2050.755,10067968,true,gpu_nvme_kernel,,1,16
Tutti-deployed,4,0.3,2458,4096,256,41,745.264,2029.919,10067968,true,gpu_nvme_kernel,,1,16
Tutti-deployed,4,0.3,2458,4096,256,42,736.238,1955.257,10067968,true,gpu_nvme_kernel,,1,16
Tutti-deployed,4,0.3,2458,4096,256,43,747.578,1973.504,10067968,true,gpu_nvme_kernel,,1,16
Tutti-deployed,4,0.3,2458,4096,256,44,733.79,1928.169,10067968,true,gpu_nvme_kernel,,1,16
Tutti-deployed,4,0.3,2458,4096,256,45,745.568,1908.494,10067968,true,gpu_nvme_kernel,,1,16
Tutti-deployed,4,0.3,2458,4096,256,46,757.985,1938.111,10067968,true,gpu_nvme_kernel,,1,16
Tutti-deployed,4,0.3,2458,4096,256,47,746.904,1899.24,10067968,true,gpu_nvme_kernel,,1,16
Tutti-deployed,4,0.3,2458,4096,256,48,743.416,2016.387,10067968,true,gpu_nvme_kernel,,1,16
Tutti-deployed,4,0.3,2458,4096,256,49,735.227,1998.475,10067968,true,gpu_nvme_kernel,,1,16
Tutti-deployed,4,0.3,2458,4096,256,50,735.75,2033.811,10067968,true,gpu_nvme_kernel,,1,16
Tutti-deployed,4,0.3,2458,4096,256,51,738.95,1952.664,10067968,true,gpu_nvme_kernel,,1,16
Tutti-deployed,4,0.3,2458,4096,256,52,752.96,1915.868,10067968,true,gpu_nvme_kernel,,1,16
Tutti-deployed,4,0.3,2458,4096,256,53,741.556,1921.134,10067968,true,gpu_nvme_kernel,,1,16
Tutti-deployed,4,0.3,2458,4096,256,54,746.361,1982.038,10067968,true,gpu_nvme_kernel,,1,16
Tutti-deployed,4,0.3,2458,4096,256,55,742.443,1961.133,10067968,true,gpu_nvme_kernel,,1,16
Tutti-deployed,4,0.3,2458,4096,256,56,743.019,1937.593,10067968,true,gpu_nvme_kernel,,1,16
Tutti-deployed,4,0.3,2458,4096,256,57,743.119,2068.111,10067968,true,gpu_nvme_kernel,,1,16
Tutti-deployed,4,0.3,2458,4096,256,58,735.982,1992.786,10067968,true,gpu_nvme_kernel,,1,16
Tutti-deployed,4,0.3,2458,4096,256,59,739.783,1981.809,10067968,true,gpu_nvme_kernel,,1,16
Tutti-deployed,4,0.3,2458,4096,256,60,741.866,1973.178,10067968,true,gpu_nvme_kernel,,1,16
Tutti-deployed,4,0.3,2458,4096,256,61,742.14,1981.297,10067968,true,gpu_nvme_kernel,,1,16
Tutti-deployed,4,0.3,2458,4096,256,62,742.81,1992.588,10067968,true,gpu_nvme_kernel,,1,16
Tutti-deployed,4,0.3,2458,4096,256,63,743.128,1951.063,10067968,true,gpu_nvme_kernel,,1,16
Tutti-deployed,4,0.3,2458,4096,256,64,737.936,2079.084,10067968,true,gpu_nvme_kernel,,1,16
Tutti-deployed,4,0.3,2458,4096,256,65,741.205,1984.86,10067968,true,gpu_nvme_kernel,,1,16
Tutti-deployed,4,0.3,2458,4096,256,66,737.245,1871.837,10067968,true,gpu_nvme_kernel,,1,16
Tutti-deployed,4,0.3,2458,4096,256,67,738.803,1940.065,10067968,true,gpu_nvme_kernel,,1,16
Tutti-deployed,4,0.3,2458,4096,256,68,746.433,1963.063,10067968,true,gpu_nvme_kernel,,1,16
Tutti-deployed,4,0.3,2458,4096,256,69,747.68,1929.738,10067968,true,gpu_nvme_kernel,,1,16
Tutti-deployed,4,0.3,2458,4096,256,70,735.418,2020.39,10067968,true,gpu_nvme_kernel,,1,16
Tutti-deployed,4,0.3,2458,4096,256,71,742.573,1907.781,10067968,true,gpu_nvme_kernel,,1,16
Tutti-deployed,4,0.3,2458,4096,256,72,741.174,1977.617,10067968,true,gpu_nvme_kernel,,1,16
Tutti-deployed,4,0.3,2458,4096,256,73,734.829,2062.586,10067968,true,gpu_nvme_kernel,,1,16
Tutti-deployed,4,0.3,2458,4096,256,74,733.128,1898.211,10067968,true,gpu_nvme_kernel,,1,16
Tutti-deployed,4,0.3,2458,4096,256,75,745.981,2057.867,10067968,true,gpu_nvme_kernel,,1,16
Tutti-deployed,4,0.3,2458,4096,256,76,746.606,1963.88,10067968,true,gpu_nvme_kernel,,1,16
Tutti-deployed,4,0.3,2458,4096,256,77,733.381,1916.696,10067968,true,gpu_nvme_kernel,,1,16
Tutti-deployed,4,0.3,2458,4096,256,78,747.161,1967.483,10067968,true,gpu_nvme_kernel,,1,16
Tutti-deployed,4,0.3,2458,4096,256,79,744.915,2034.545,10067968,true,gpu_nvme_kernel,,1,16
Tutti-deployed,4,0.3,2458,4096,256,80,756.849,1998.537,10067968,true,gpu_nvme_kernel,,1,16
Tutti-deployed,4,0.3,2458,4096,256,81,733.015,1955.259,10067968,true,gpu_nvme_kernel,,1,16
Tutti-deployed,4,0.3,2458,4096,256,82,741.017,2014.465,10067968,true,gpu_nvme_kernel,,1,16
Tutti-deployed,4,0.3,2458,4096,256,83,739.844,1923.818,10067968,true,gpu_nvme_kernel,,1,16
Tutti-deployed,4,0.3,2458,4096,256,84,732.148,1995.33,10067968,true,gpu_nvme_kernel,,1,16
Tutti-deployed,4,0.3,2458,4096,256,85,737.667,1964.168,10067968,true,gpu_nvme_kernel,,1,16
Tutti-deployed,4,0.3,2458,4096,256,86,733.955,1968.311,10067968,true,gpu_nvme_kernel,,1,16
Tutti-deployed,4,0.3,2458,4096,256,87,729.506,1913.079,10067968,true,gpu_nvme_kernel,,1,16
Tutti-deployed,4,0.3,2458,4096,256,88,746.856,2041.548,10067968,true,gpu_nvme_kernel,,1,16
Tutti-deployed,4,0.3,2458,4096,256,89,743.779,2012.9,10067968,true,gpu_nvme_kernel,,1,16
Tutti-deployed,4,0.3,2458,4096,256,90,745.896,2067.139,10067968,true,gpu_nvme_kernel,,1,16
Tutti-deployed,4,0.3,2458,4096,256,91,736.867,1939.654,10067968,true,gpu_nvme_kernel,,1,16
Tutti-deployed,4,0.3,2458,4096,256,92,730.191,1982.068,10067968,true,gpu_nvme_kernel,,1,16
Tutti-deployed,4,0.3,2458,4096,256,93,735.646,1901.725,10067968,true,gpu_nvme_kernel,,1,16
Tutti-deployed,4,0.3,2458,4096,256,94,740.231,1897.124,10067968,true,gpu_nvme_kernel,,1,16
Tutti-deployed,4,0.3,2458,4096,256,95,756.823,1995.543,10067968,true,gpu_nvme_kernel,,1,16
Tutti-deployed,4,0.3,2458,4096,256,96,753.24,2000.309,10067968,true,gpu_nvme_kernel,,1,16
Tutti-deployed,4,0.3,2458,4096,256,97,741.54,1925.835,10067968,true,gpu_nvme_kernel,,1,16
Tutti-deployed,4,0.3,2458,4096,256,98,747.202,2003.065,10067968,true,gpu_nvme_kernel,,1,16
Tutti-deployed,4,0.3,2458,4096,256,99,747.709,1945.95,10067968,true,gpu_nvme_kernel,,1,16
Tutti-deployed,4,0.3,2458,4096,256,100,751.499,1931.514,10067968,true,gpu_nvme_kernel,,1,16
Tutti-deployed,4,0.3,2458,4096,256,101,746.791,1994.873,10067968,true,gpu_nvme_kernel,,1,16
Tutti-deployed,4,0.3,2458,4096,256,102,734.37,1974.258,10067968,true,gpu_nvme_kernel,,1,16
Tutti-deployed,4,0.3,2458,4096,256,103,731.278,2009.793,10067968,true,gpu_nvme_kernel,,1,16
Tutti-deployed,4,0.3,2458,4096,256,104,739.556,2030.252,10067968,true,gpu_nvme_kernel,,1,16
Tutti-deployed,4,0.3,2458,4096,256,105,732.874,1963.015,10067968,true,gpu_nvme_kernel,,1,16
Tutti-deployed,4,0.3,2458,4096,256,106,746.881,1944.125,10067968,true,gpu_nvme_kernel,,1,16
Tutti-deployed,4,0.3,2458,4096,256,107,741.624,2000.583,10067968,true,gpu_nvme_kernel,,1,16
Tutti-deployed,4,0.3,2458,4096,256,108,744.617,2000.921,10067968,true,gpu_nvme_kernel,,1,16
Tutti-deployed,4,0.3,2458,4096,256,109,748.462,2048.067,10067968,true,gpu_nvme_kernel,,1,16
Tutti-deployed,4,0.3,2458,4096,256,110,739.528,1971.935,10067968,true,gpu_nvme_kernel,,1,16
Tutti-deployed,4,0.3,2458,4096,256,111,743.95,1980.708,10067968,true,gpu_nvme_kernel,,1,16
Tutti-deployed,4,0.3,2458,4096,256,112,743.899,1954.663,10067968,true,gpu_nvme_kernel,,1,16
Tutti-deployed,4,0.3,2458,4096,256,113,759.775,1877.409,10067968,true,gpu_nvme_kernel,,1,16
Tutti-deployed,4,0.3,2458,4096,256,114,739.749,1978.38,10067968,true,gpu_nvme_kernel,,1,16
Tutti-deployed,4,0.3,2458,4096,256,115,751.901,1952.17,10067968,true,gpu_nvme_kernel,,1,16
Tutti-deployed,4,0.3,2458,4096,256,116,733.139,1934.19,10067968,true,gpu_nvme_kernel,,1,16
Tutti-deployed,4,0.3,2458,4096,256,117,733.329,1953.886,10067968,true,gpu_nvme_kernel,,1,16
Tutti-deployed,4,0.3,2458,4096,256,118,738.558,1928.911,10067968,true,gpu_nvme_kernel,,1,16
Tutti-deployed,4,0.3,2458,4096,256,119,744.993,1930.297,10067968,true,gpu_nvme_kernel,,1,16
Tutti-deployed,4,0.3,2458,4096,256,120,752.415,2027.762,10067968,true,gpu_nvme_kernel,,1,16
Tutti-deployed,4,0.3,2458,4096,256,121,754.057,1935.222,10067968,true,gpu_nvme_kernel,,1,16
Tutti-deployed,4,0.3,2458,4096,256,122,738.307,1934.879,10067968,true,gpu_nvme_kernel,,1,16
Tutti-deployed,4,0.3,2458,4096,256,123,744.829,2019.03,10067968,true,gpu_nvme_kernel,,1,16
Tutti-deployed,4,0.3,2458,4096,256,124,734.673,1913.304,10067968,true,gpu_nvme_kernel,,1,16
Tutti-deployed,4,0.3,2458,4096,256,125,757.481,1922.69,10067968,true,gpu_nvme_kernel,,1,16
Tutti-deployed,4,0.3,2458,4096,256,126,748.419,1961.117,10067968,true,gpu_nvme_kernel,,1,16
Tutti-deployed,4,0.3,2458,4096,256,127,744.374,1938.847,10067968,true,gpu_nvme_kernel,,1,16
Tutti-deployed,4,0.3,2458,4096,256,128,747.957,1908.108,10067968,true,gpu_nvme_kernel,,1,16
Tutti-deployed,4,0.3,2458,4096,256,129,741.229,1951.362,10067968,true,gpu_nvme_kernel,,1,16
Tutti-deployed,4,0.3,2458,4096,256,130,739.579,1884.436,10067968,true,gpu_nvme_kernel,,1,16
Tutti-deployed,4,0.3,2458,4096,256,131,736.924,1955.739,10067968,true,gpu_nvme_kernel,,1,16
Tutti-deployed,4,0.3,2458,4096,256,132,741.439,1948.54,10067968,true,gpu_nvme_kernel,,1,16
Tutti-deployed,4,0.3,2458,4096,256,133,745.487,2084.027,10067968,true,gpu_nvme_kernel,,1,16
Tutti-deployed,4,0.3,2458,4096,256,134,742.32,1999.567,10067968,true,gpu_nvme_kernel,,1,16
Tutti-deployed,4,0.3,2458,4096,256,135,739.99,1919.227,10067968,true,gpu_nvme_kernel,,1,16
Tutti-deployed,4,0.3,2458,4096,256,136,744.146,1989.124,10067968,true,gpu_nvme_kernel,,1,16
Tutti-deployed,4,0.3,2458,4096,256,137,733.369,1919.03,10067968,true,gpu_nvme_kernel,,1,16
Tutti-deployed,4,0.3,2458,4096,256,138,744.41,2007.371,10067968,true,gpu_nvme_kernel,,1,16
Tutti-deployed,4,0.3,2458,4096,256,139,732.616,1958.663,10067968,true,gpu_nvme_kernel,,1,16
Tutti-deployed,4,0.3,2458,4096,256,140,736.013,1916.178,10067968,true,gpu_nvme_kernel,,1,16
Tutti-deployed,4,0.3,2458,4096,256,141,745.115,2135.187,10067968,true,gpu_nvme_kernel,,1,16
Tutti-deployed,4,0.3,2458,4096,256,142,783.815,2043.589,10067968,true,gpu_nvme_kernel,,1,16
Tutti-deployed,4,0.3,2458,4096,256,143,741.754,1938.852,10067968,true,gpu_nvme_kernel,,1,16
Tutti-deployed,4,0.3,2458,4096,256,144,745.119,1968.067,10067968,true,gpu_nvme_kernel,,1,16
Tutti-deployed,4,0.3,2458,4096,256,145,735.199,1902.301,10067968,true,gpu_nvme_kernel,,1,16
Tutti-deployed,4,0.3,2458,4096,256,146,733.783,1974.6,10067968,true,gpu_nvme_kernel,,1,16
Tutti-deployed,4,0.3,2458,4096,256,147,747.83,1882.269,10067968,true,gpu_nvme_kernel,,1,16
Tutti-deployed,4,0.3,2458,4096,256,148,741.671,1924.685,10067968,true,gpu_nvme_kernel,,1,16
Tutti-deployed,4,0.3,2458,4096,256,149,743.734,1936.212,10067968,true,gpu_nvme_kernel,,1,16
Tutti-deployed,4,0.3,2458,4096,256,150,740.778,1921.147,10067968,true,gpu_nvme_kernel,,1,16
Tutti-deployed,4,0.3,2458,4096,256,151,747.128,2018.889,10067968,true,gpu_nvme_kernel,,1,16
Tutti-deployed,4,0.3,2458,4096,256,152,742.646,1976.102,10067968,true,gpu_nvme_kernel,,1,16
Tutti-deployed,4,0.3,2458,4096,256,153,745.115,1957.772,10067968,true,gpu_nvme_kernel,,1,16
Tutti-deployed,4,0.3,2458,4096,256,154,738.567,1952.811,10067968,true,gpu_nvme_kernel,,1,16
Tutti-deployed,4,0.3,2458,4096,256,155,740.427,1927.19,10067968,true,gpu_nvme_kernel,,1,16
Tutti-deployed,4,0.3,2458,4096,256,156,737.985,1943.777,10067968,true,gpu_nvme_kernel,,1,16
Tutti-deployed,4,0.3,2458,4096,256,157,741.133,1951.379,10067968,true,gpu_nvme_kernel,,1,16
Tutti-deployed,4,0.3,2458,4096,256,158,751.808,1997.953,10067968,true,gpu_nvme_kernel,,1,16
Tutti-deployed,4,0.3,2458,4096,256,159,743.976,2000.8,10067968,true,gpu_nvme_kernel,,1,16
Tutti-deployed,4,0.3,2458,4096,256,160,745.365,1968.528,10067968,true,gpu_nvme_kernel,,1,16
Tutti-deployed,4,0.3,2458,4096,256,161,747.355,1928.907,10067968,true,gpu_nvme_kernel,,1,16
Tutti-deployed,4,0.3,2458,4096,256,162,738.601,2011.791,10067968,true,gpu_nvme_kernel,,1,16
Tutti-deployed,4,0.3,2458,4096,256,163,734.688,2011.372,10067968,true,gpu_nvme_kernel,,1,16
Tutti-deployed,4,0.3,2458,4096,256,164,737.439,1897.314,10067968,true,gpu_nvme_kernel,,1,16
Tutti-deployed,4,0.3,2458,4096,256,165,760.634,2008.86,10067968,true,gpu_nvme_kernel,,1,16
Tutti-deployed,4,0.3,2458,4096,256,166,748.179,1911.358,10067968,true,gpu_nvme_kernel,,1,16
Tutti-deployed,4,0.3,2458,4096,256,167,747.867,1999.398,10067968,true,gpu_nvme_kernel,,1,16
Tutti-deployed,4,0.3,2458,4096,256,168,733.353,1932.838,10067968,true,gpu_nvme_kernel,,1,16
Tutti-deployed,4,0.3,2458,4096,256,169,735.982,1918.664,10067968,true,gpu_nvme_kernel,,1,16
Tutti-deployed,4,0.3,2458,4096,256,170,745.251,2048.729,10067968,true,gpu_nvme_kernel,,1,16
Tutti-deployed,4,0.3,2458,4096,256,171,750.117,1948.328,10067968,true,gpu_nvme_kernel,,1,16
Tutti-deployed,4,0.3,2458,4096,256,172,735.901,2011.662,10067968,true,gpu_nvme_kernel,,1,16
Tutti-deployed,4,0.3,2458,4096,256,173,741.478,1928.955,10067968,true,gpu_nvme_kernel,,1,16
Tutti-deployed,4,0.3,2458,4096,256,174,741.734,1914.7,10067968,true,gpu_nvme_kernel,,1,16
Tutti-deployed,4,0.3,2458,4096,256,175,737.985,1949.157,10067968,true,gpu_nvme_kernel,,1,16
Tutti-deployed,4,0.3,2458,4096,256,176,737.989,1912.706,10067968,true,gpu_nvme_kernel,,1,16
Tutti-deployed,4,0.3,2458,4096,256,177,745.257,1995.593,10067968,true,gpu_nvme_kernel,,1,16
Tutti-deployed,4,0.3,2458,4096,256,178,736.447,1971.714,10067968,true,gpu_nvme_kernel,,1,16
Tutti-deployed,4,0.3,2458,4096,256,179,740.312,1914.172,10067968,true,gpu_nvme_kernel,,1,16
Tutti-deployed,4,0.3,2458,4096,256,180,732.384,1948.352,10067968,true,gpu_nvme_kernel,,1,16
Tutti-deployed,4,0.3,2458,4096,256,181,733.976,1924.464,10067968,true,gpu_nvme_kernel,,1,16
Tutti-deployed,4,0.3,2458,4096,256,182,748.956,2054.552,10067968,true,gpu_nvme_kernel,,1,16
Tutti-deployed,4,0.3,2458,4096,256,183,738.893,2011.418,10067968,true,gpu_nvme_kernel,,1,16
Tutti-deployed,4,0.3,2458,4096,256,184,740.009,1973.295,10067968,true,gpu_nvme_kernel,,1,16
Tutti-deployed,4,0.3,2458,4096,256,185,737.009,1959.411,10067968,true,gpu_nvme_kernel,,1,16
Tutti-deployed,4,0.3,2458,4096,256,186,735.666,1888.111,10067968,true,gpu_nvme_kernel,,1,16
Tutti-deployed,4,0.3,2458,4096,256,187,733.938,1916.153,10067968,true,gpu_nvme_kernel,,1,16
Tutti-deployed,4,0.3,2458,4096,256,188,750.639,1985.323,10067968,true,gpu_nvme_kernel,,1,16
Tutti-deployed,4,0.3,2458,4096,256,189,742.863,1986.153,10067968,true,gpu_nvme_kernel,,1,16
Tutti-deployed,4,0.3,2458,4096,256,190,745.196,1956.948,10067968,true,gpu_nvme_kernel,,1,16
Tutti-deployed,4,0.3,2458,4096,256,191,740.066,1906.391,10067968,true,gpu_nvme_kernel,,1,16
Tutti-deployed,4,0.3,2458,4096,256,192,734.339,1931.36,10067968,true,gpu_nvme_kernel,,1,16
Tutti-deployed,4,0.3,2458,4096,256,193,734.721,1946.914,10067968,true,gpu_nvme_kernel,,1,16
Tutti-deployed,4,0.3,2458,4096,256,194,734.336,2040.848,10067968,true,gpu_nvme_kernel,,1,16
Tutti-deployed,4,0.3,2458,4096,256,195,739.704,1911.518,10067968,true,gpu_nvme_kernel,,1,16
Tutti-deployed,4,0.3,2458,4096,256,196,748.148,2059.766,10067968,true,gpu_nvme_kernel,,1,16
Tutti-deployed,4,0.3,2458,4096,256,197,737.485,1961.044,10067968,true,gpu_nvme_kernel,,1,16
Tutti-deployed,4,0.3,2458,4096,256,198,733.667,1925.431,10067968,true,gpu_nvme_kernel,,1,16
Tutti-deployed,4,0.3,2458,4096,256,199,737.197,2060.859,10067968,true,gpu_nvme_kernel,,1,16
Tutti-deployed,4,0.3,2458,4096,256,0,748.715,1902.678,10067968,true,gpu_nvme_kernel,,3,16
Tutti-deployed,16,0.067,2195,4096,256,0,680.689,1775.868,8990720,true,gpu_nvme_kernel,,2,16
Tutti-deployed,16,0.067,2195,4096,256,0,674.325,1792.161,8990720,true,gpu_nvme_kernel,,0,16
Tutti-deployed,16,0.067,2195,4096,256,1,661.442,1767.894,8990720,true,gpu_nvme_kernel,,0,16
Tutti-deployed,16,0.067,2195,4096,256,2,660.319,1703.513,8990720,true,gpu_nvme_kernel,,0,16
Tutti-deployed,16,0.067,2195,4096,256,3,678.319,1730.37,8990720,true,gpu_nvme_kernel,,0,16
Tutti-deployed,16,0.067,2195,4096,256,4,666.333,1782,8990720,true,gpu_nvme_kernel,,0,16
Tutti-deployed,16,0.067,2195,4096,256,5,677.823,1817.272,8990720,true,gpu_nvme_kernel,,0,16
Tutti-deployed,16,0.067,2195,4096,256,6,667.898,1840.379,8990720,true,gpu_nvme_kernel,,0,16
Tutti-deployed,16,0.067,2195,4096,256,7,660.501,1734.028,8990720,true,gpu_nvme_kernel,,0,16
Tutti-deployed,16,0.067,2195,4096,256,8,658.166,1749.405,8990720,true,gpu_nvme_kernel,,0,16
Tutti-deployed,16,0.067,2195,4096,256,9,669.539,1698.677,8990720,true,gpu_nvme_kernel,,0,16
Tutti-deployed,16,0.067,2195,4096,256,0,673.457,1762.628,8990720,true,gpu_nvme_kernel,,1,16
Tutti-deployed,16,0.067,2195,4096,256,1,673.745,1764.607,8990720,true,gpu_nvme_kernel,,1,16
Tutti-deployed,16,0.067,2195,4096,256,2,656.095,1875.011,8990720,true,gpu_nvme_kernel,,1,16
Tutti-deployed,16,0.067,2195,4096,256,3,658.482,1702.582,8990720,true,gpu_nvme_kernel,,1,16
Tutti-deployed,16,0.067,2195,4096,256,4,661.141,1927.117,8990720,true,gpu_nvme_kernel,,1,16
Tutti-deployed,16,0.067,2195,4096,256,5,668.008,1696.764,8990720,true,gpu_nvme_kernel,,1,16
Tutti-deployed,16,0.067,2195,4096,256,6,668.745,1829.5,8990720,true,gpu_nvme_kernel,,1,16
Tutti-deployed,16,0.067,2195,4096,256,7,662.276,1753.212,8990720,true,gpu_nvme_kernel,,1,16
Tutti-deployed,16,0.067,2195,4096,256,8,660.745,1780.01,8990720,true,gpu_nvme_kernel,,1,16
Tutti-deployed,16,0.067,2195,4096,256,9,671.751,1814.399,8990720,true,gpu_nvme_kernel,,1,16
Tutti-deployed,16,0.067,2195,4096,256,10,657.02,1706.901,8990720,true,gpu_nvme_kernel,,1,16
Tutti-deployed,16,0.067,2195,4096,256,11,664.344,1759.976,8990720,true,gpu_nvme_kernel,,1,16
Tutti-deployed,16,0.067,2195,4096,256,12,662.885,1748.956,8990720,true,gpu_nvme_kernel,,1,16
Tutti-deployed,16,0.067,2195,4096,256,13,658.742,1822.074,8990720,true,gpu_nvme_kernel,,1,16
Tutti-deployed,16,0.067,2195,4096,256,14,666.385,1725.472,8990720,true,gpu_nvme_kernel,,1,16
Tutti-deployed,16,0.067,2195,4096,256,15,671.479,1755.325,8990720,true,gpu_nvme_kernel,,1,16
Tutti-deployed,16,0.067,2195,4096,256,16,657.115,1792.208,8990720,true,gpu_nvme_kernel,,1,16
Tutti-deployed,16,0.067,2195,4096,256,17,672.631,1724.735,8990720,true,gpu_nvme_kernel,,1,16
Tutti-deployed,16,0.067,2195,4096,256,18,664.213,1739.502,8990720,true,gpu_nvme_kernel,,1,16
Tutti-deployed,16,0.067,2195,4096,256,19,670.056,1753.516,8990720,true,gpu_nvme_kernel,,1,16
Tutti-deployed,16,0.067,2195,4096,256,20,665.689,1706.232,8990720,true,gpu_nvme_kernel,,1,16
Tutti-deployed,16,0.067,2195,4096,256,21,668.495,1790.674,8990720,true,gpu_nvme_kernel,,1,16
Tutti-deployed,16,0.067,2195,4096,256,22,660.582,1738.337,8990720,true,gpu_nvme_kernel,,1,16
Tutti-deployed,16,0.067,2195,4096,256,23,675.11,1733.535,8990720,true,gpu_nvme_kernel,,1,16
Tutti-deployed,16,0.067,2195,4096,256,24,676.017,1790.173,8990720,true,gpu_nvme_kernel,,1,16
Tutti-deployed,16,0.067,2195,4096,256,25,667.222,1750.664,8990720,true,gpu_nvme_kernel,,1,16
Tutti-deployed,16,0.067,2195,4096,256,26,672.635,1781.789,8990720,true,gpu_nvme_kernel,,1,16
Tutti-deployed,16,0.067,2195,4096,256,27,670.209,1731.82,8990720,true,gpu_nvme_kernel,,1,16
Tutti-deployed,16,0.067,2195,4096,256,28,656.937,1733.756,8990720,true,gpu_nvme_kernel,,1,16
Tutti-deployed,16,0.067,2195,4096,256,29,658.288,1694.703,8990720,true,gpu_nvme_kernel,,1,16
Tutti-deployed,16,0.067,2195,4096,256,30,657.541,1705.212,8990720,true,gpu_nvme_kernel,,1,16
Tutti-deployed,16,0.067,2195,4096,256,31,666.756,1872.849,8990720,true,gpu_nvme_kernel,,1,16
Tutti-deployed,16,0.067,2195,4096,256,32,667.992,1855.767,8990720,true,gpu_nvme_kernel,,1,16
Tutti-deployed,16,0.067,2195,4096,256,33,661.425,1816.02,8990720,true,gpu_nvme_kernel,,1,16
Tutti-deployed,16,0.067,2195,4096,256,34,661.751,1827.748,8990720,true,gpu_nvme_kernel,,1,16
Tutti-deployed,16,0.067,2195,4096,256,35,678.262,1753.601,8990720,true,gpu_nvme_kernel,,1,16
Tutti-deployed,16,0.067,2195,4096,256,36,673.547,1680.788,8990720,true,gpu_nvme_kernel,,1,16
Tutti-deployed,16,0.067,2195,4096,256,37,659.362,1682.308,8990720,true,gpu_nvme_kernel,,1,16
Tutti-deployed,16,0.067,2195,4096,256,38,663.01,1880.917,8990720,true,gpu_nvme_kernel,,1,16
Tutti-deployed,16,0.067,2195,4096,256,39,660.842,1743.524,8990720,true,gpu_nvme_kernel,,1,16
Tutti-deployed,16,0.067,2195,4096,256,40,670.603,1767.205,8990720,true,gpu_nvme_kernel,,1,16
Tutti-deployed,16,0.067,2195,4096,256,41,670.304,1762.676,8990720,true,gpu_nvme_kernel,,1,16
Tutti-deployed,16,0.067,2195,4096,256,42,668.876,1753.433,8990720,true,gpu_nvme_kernel,,1,16
Tutti-deployed,16,0.067,2195,4096,256,43,658.528,1764.499,8990720,true,gpu_nvme_kernel,,1,16
Tutti-deployed,16,0.067,2195,4096,256,44,673.378,1788.49,8990720,true,gpu_nvme_kernel,,1,16
Tutti-deployed,16,0.067,2195,4096,256,45,657.203,1687.233,8990720,true,gpu_nvme_kernel,,1,16
Tutti-deployed,16,0.067,2195,4096,256,46,660.892,1802.715,8990720,true,gpu_nvme_kernel,,1,16
Tutti-deployed,16,0.067,2195,4096,256,47,661.598,1800.646,8990720,true,gpu_nvme_kernel,,1,16
Tutti-deployed,16,0.067,2195,4096,256,48,672.657,1707.572,8990720,true,gpu_nvme_kernel,,1,16
Tutti-deployed,16,0.067,2195,4096,256,49,662.906,1730.982,8990720,true,gpu_nvme_kernel,,1,16
Tutti-deployed,16,0.067,2195,4096,256,50,662.08,1740.369,8990720,true,gpu_nvme_kernel,,1,16
Tutti-deployed,16,0.067,2195,4096,256,51,664.864,1781.521,8990720,true,gpu_nvme_kernel,,1,16
Tutti-deployed,16,0.067,2195,4096,256,52,661.923,1837.106,8990720,true,gpu_nvme_kernel,,1,16
Tutti-deployed,16,0.067,2195,4096,256,53,664.021,1728.211,8990720,true,gpu_nvme_kernel,,1,16
Tutti-deployed,16,0.067,2195,4096,256,54,670.468,1739.618,8990720,true,gpu_nvme_kernel,,1,16
Tutti-deployed,16,0.067,2195,4096,256,55,661.102,1717.196,8990720,true,gpu_nvme_kernel,,1,16
Tutti-deployed,16,0.067,2195,4096,256,56,752.672,1788.212,8990720,true,gpu_nvme_kernel,,1,16
Tutti-deployed,16,0.067,2195,4096,256,57,663.09,1723.427,8990720,true,gpu_nvme_kernel,,1,16
Tutti-deployed,16,0.067,2195,4096,256,58,677.731,1818.413,8990720,true,gpu_nvme_kernel,,1,16
Tutti-deployed,16,0.067,2195,4096,256,59,665.568,1840.076,8990720,true,gpu_nvme_kernel,,1,16
Tutti-deployed,16,0.067,2195,4096,256,60,665.659,1753.393,8990720,true,gpu_nvme_kernel,,1,16
Tutti-deployed,16,0.067,2195,4096,256,61,664.58,1741.824,8990720,true,gpu_nvme_kernel,,1,16
Tutti-deployed,16,0.067,2195,4096,256,62,671.617,1724.52,8990720,true,gpu_nvme_kernel,,1,16
Tutti-deployed,16,0.067,2195,4096,256,63,658.462,1680.631,8990720,true,gpu_nvme_kernel,,1,16
Tutti-deployed,16,0.067,2195,4096,256,64,674.705,1701.188,8990720,true,gpu_nvme_kernel,,1,16
Tutti-deployed,16,0.067,2195,4096,256,65,672.852,1727.037,8990720,true,gpu_nvme_kernel,,1,16
Tutti-deployed,16,0.067,2195,4096,256,66,664.032,1707.416,8990720,true,gpu_nvme_kernel,,1,16
Tutti-deployed,16,0.067,2195,4096,256,67,666.516,1759.093,8990720,true,gpu_nvme_kernel,,1,16
Tutti-deployed,16,0.067,2195,4096,256,68,663.868,1884.056,8990720,true,gpu_nvme_kernel,,1,16
Tutti-deployed,16,0.067,2195,4096,256,69,671.875,1758.259,8990720,true,gpu_nvme_kernel,,1,16
Tutti-deployed,16,0.067,2195,4096,256,70,661.638,1720.698,8990720,true,gpu_nvme_kernel,,1,16
Tutti-deployed,16,0.067,2195,4096,256,71,662.84,1796.47,8990720,true,gpu_nvme_kernel,,1,16
Tutti-deployed,16,0.067,2195,4096,256,72,661.581,1745.841,8990720,true,gpu_nvme_kernel,,1,16
Tutti-deployed,16,0.067,2195,4096,256,73,672.146,1797.827,8990720,true,gpu_nvme_kernel,,1,16
Tutti-deployed,16,0.067,2195,4096,256,74,658.325,1789.821,8990720,true,gpu_nvme_kernel,,1,16
Tutti-deployed,16,0.067,2195,4096,256,75,668.294,1724.832,8990720,true,gpu_nvme_kernel,,1,16
Tutti-deployed,16,0.067,2195,4096,256,76,684.938,1762.501,8990720,true,gpu_nvme_kernel,,1,16
Tutti-deployed,16,0.067,2195,4096,256,77,666.621,1821.499,8990720,true,gpu_nvme_kernel,,1,16
Tutti-deployed,16,0.067,2195,4096,256,78,669.829,1788.519,8990720,true,gpu_nvme_kernel,,1,16
Tutti-deployed,16,0.067,2195,4096,256,79,674.25,1735.266,8990720,true,gpu_nvme_kernel,,1,16
Tutti-deployed,16,0.067,2195,4096,256,80,666.344,1747.738,8990720,true,gpu_nvme_kernel,,1,16
Tutti-deployed,16,0.067,2195,4096,256,81,664.163,1703.257,8990720,true,gpu_nvme_kernel,,1,16
Tutti-deployed,16,0.067,2195,4096,256,82,663.331,1823.75,8990720,true,gpu_nvme_kernel,,1,16
Tutti-deployed,16,0.067,2195,4096,256,83,657.162,1704.726,8990720,true,gpu_nvme_kernel,,1,16
Tutti-deployed,16,0.067,2195,4096,256,84,674.366,1783.861,8990720,true,gpu_nvme_kernel,,1,16
Tutti-deployed,16,0.067,2195,4096,256,85,665.25,1855.805,8990720,true,gpu_nvme_kernel,,1,16
Tutti-deployed,16,0.067,2195,4096,256,86,657.685,1746.033,8990720,true,gpu_nvme_kernel,,1,16
Tutti-deployed,16,0.067,2195,4096,256,87,656.642,1757.801,8990720,true,gpu_nvme_kernel,,1,16
Tutti-deployed,16,0.067,2195,4096,256,88,661.608,1711.744,8990720,true,gpu_nvme_kernel,,1,16
Tutti-deployed,16,0.067,2195,4096,256,89,669.726,1794.553,8990720,true,gpu_nvme_kernel,,1,16
Tutti-deployed,16,0.067,2195,4096,256,90,666.683,1717.975,8990720,true,gpu_nvme_kernel,,1,16
Tutti-deployed,16,0.067,2195,4096,256,91,658.311,1676.909,8990720,true,gpu_nvme_kernel,,1,16
Tutti-deployed,16,0.067,2195,4096,256,92,665.65,1748.955,8990720,true,gpu_nvme_kernel,,1,16
Tutti-deployed,16,0.067,2195,4096,256,93,663.683,1750.078,8990720,true,gpu_nvme_kernel,,1,16
Tutti-deployed,16,0.067,2195,4096,256,94,659.528,1884.593,8990720,true,gpu_nvme_kernel,,1,16
Tutti-deployed,16,0.067,2195,4096,256,95,665.512,1808.387,8990720,true,gpu_nvme_kernel,,1,16
Tutti-deployed,16,0.067,2195,4096,256,96,663.871,1765.568,8990720,true,gpu_nvme_kernel,,1,16
Tutti-deployed,16,0.067,2195,4096,256,97,659.954,1798.38,8990720,true,gpu_nvme_kernel,,1,16
Tutti-deployed,16,0.067,2195,4096,256,98,658.321,1743.475,8990720,true,gpu_nvme_kernel,,1,16
Tutti-deployed,16,0.067,2195,4096,256,99,674.535,1709.216,8990720,true,gpu_nvme_kernel,,1,16
Tutti-deployed,16,0.067,2195,4096,256,100,663.898,1775.969,8990720,true,gpu_nvme_kernel,,1,16
Tutti-deployed,16,0.067,2195,4096,256,101,660.113,1769.652,8990720,true,gpu_nvme_kernel,,1,16
Tutti-deployed,16,0.067,2195,4096,256,102,667.086,1762.447,8990720,true,gpu_nvme_kernel,,1,16
Tutti-deployed,16,0.067,2195,4096,256,103,660.088,1736.825,8990720,true,gpu_nvme_kernel,,1,16
Tutti-deployed,16,0.067,2195,4096,256,104,656.698,1800.944,8990720,true,gpu_nvme_kernel,,1,16
Tutti-deployed,16,0.067,2195,4096,256,105,661.261,1818.066,8990720,true,gpu_nvme_kernel,,1,16
Tutti-deployed,16,0.067,2195,4096,256,106,671.436,1745.598,8990720,true,gpu_nvme_kernel,,1,16
Tutti-deployed,16,0.067,2195,4096,256,107,666.507,1751.818,8990720,true,gpu_nvme_kernel,,1,16
Tutti-deployed,16,0.067,2195,4096,256,108,679.479,1696.721,8990720,true,gpu_nvme_kernel,,1,16
Tutti-deployed,16,0.067,2195,4096,256,109,665.605,1734.073,8990720,true,gpu_nvme_kernel,,1,16
Tutti-deployed,16,0.067,2195,4096,256,110,676.183,1762.553,8990720,true,gpu_nvme_kernel,,1,16
Tutti-deployed,16,0.067,2195,4096,256,111,675.18,1812.385,8990720,true,gpu_nvme_kernel,,1,16
Tutti-deployed,16,0.067,2195,4096,256,112,662.859,1755.301,8990720,true,gpu_nvme_kernel,,1,16
Tutti-deployed,16,0.067,2195,4096,256,113,657.352,1766.208,8990720,true,gpu_nvme_kernel,,1,16
Tutti-deployed,16,0.067,2195,4096,256,114,667.852,1771.195,8990720,true,gpu_nvme_kernel,,1,16
Tutti-deployed,16,0.067,2195,4096,256,115,658.364,1772.807,8990720,true,gpu_nvme_kernel,,1,16
Tutti-deployed,16,0.067,2195,4096,256,116,666.474,1762.462,8990720,true,gpu_nvme_kernel,,1,16
Tutti-deployed,16,0.067,2195,4096,256,117,658.473,1805.094,8990720,true,gpu_nvme_kernel,,1,16
Tutti-deployed,16,0.067,2195,4096,256,118,672.588,1814.271,8990720,true,gpu_nvme_kernel,,1,16
Tutti-deployed,16,0.067,2195,4096,256,119,668.143,1747.415,8990720,true,gpu_nvme_kernel,,1,16
Tutti-deployed,16,0.067,2195,4096,256,120,664.067,1759.881,8990720,true,gpu_nvme_kernel,,1,16
Tutti-deployed,16,0.067,2195,4096,256,121,661.938,1747.659,8990720,true,gpu_nvme_kernel,,1,16
Tutti-deployed,16,0.067,2195,4096,256,122,659.491,1760.189,8990720,true,gpu_nvme_kernel,,1,16
Tutti-deployed,16,0.067,2195,4096,256,123,670.677,1815.297,8990720,true,gpu_nvme_kernel,,1,16
Tutti-deployed,16,0.067,2195,4096,256,124,659.824,1718.095,8990720,true,gpu_nvme_kernel,,1,16
Tutti-deployed,16,0.067,2195,4096,256,125,665.651,1790.1,8990720,true,gpu_nvme_kernel,,1,16
Tutti-deployed,16,0.067,2195,4096,256,126,660.852,1720.694,8990720,true,gpu_nvme_kernel,,1,16
Tutti-deployed,16,0.067,2195,4096,256,127,671.311,1728.642,8990720,true,gpu_nvme_kernel,,1,16
Tutti-deployed,16,0.067,2195,4096,256,128,679.808,1734.368,8990720,true,gpu_nvme_kernel,,1,16
Tutti-deployed,16,0.067,2195,4096,256,129,661.164,1716.439,8990720,true,gpu_nvme_kernel,,1,16
Tutti-deployed,16,0.067,2195,4096,256,130,669.204,1792.222,8990720,true,gpu_nvme_kernel,,1,16
Tutti-deployed,16,0.067,2195,4096,256,131,675.951,1748.968,8990720,true,gpu_nvme_kernel,,1,16
Tutti-deployed,16,0.067,2195,4096,256,132,665.429,1741.495,8990720,true,gpu_nvme_kernel,,1,16
Tutti-deployed,16,0.067,2195,4096,256,133,660.534,1710.999,8990720,true,gpu_nvme_kernel,,1,16
Tutti-deployed,16,0.067,2195,4096,256,134,660.188,1760.322,8990720,true,gpu_nvme_kernel,,1,16
Tutti-deployed,16,0.067,2195,4096,256,135,677.336,1932.808,8990720,true,gpu_nvme_kernel,,1,16
Tutti-deployed,16,0.067,2195,4096,256,136,672.941,1773.663,8990720,true,gpu_nvme_kernel,,1,16
Tutti-deployed,16,0.067,2195,4096,256,137,664.549,1889.951,8990720,true,gpu_nvme_kernel,,1,16
Tutti-deployed,16,0.067,2195,4096,256,138,684.572,1771.862,8990720,true,gpu_nvme_kernel,,1,16
Tutti-deployed,16,0.067,2195,4096,256,139,660.881,1688.979,8990720,true,gpu_nvme_kernel,,1,16
Tutti-deployed,16,0.067,2195,4096,256,140,659.072,1702.237,8990720,true,gpu_nvme_kernel,,1,16
Tutti-deployed,16,0.067,2195,4096,256,141,675.091,1767.13,8990720,true,gpu_nvme_kernel,,1,16
Tutti-deployed,16,0.067,2195,4096,256,142,661.544,1818.705,8990720,true,gpu_nvme_kernel,,1,16
Tutti-deployed,16,0.067,2195,4096,256,143,659.503,1703.972,8990720,true,gpu_nvme_kernel,,1,16
Tutti-deployed,16,0.067,2195,4096,256,144,665.578,1831.339,8990720,true,gpu_nvme_kernel,,1,16
Tutti-deployed,16,0.067,2195,4096,256,145,669.063,1786.974,8990720,true,gpu_nvme_kernel,,1,16
Tutti-deployed,16,0.067,2195,4096,256,146,665.625,1810.882,8990720,true,gpu_nvme_kernel,,1,16
Tutti-deployed,16,0.067,2195,4096,256,147,665.878,1854.024,8990720,true,gpu_nvme_kernel,,1,16
Tutti-deployed,16,0.067,2195,4096,256,148,669.339,1728.414,8990720,true,gpu_nvme_kernel,,1,16
Tutti-deployed,16,0.067,2195,4096,256,149,676.397,1772.264,8990720,true,gpu_nvme_kernel,,1,16
Tutti-deployed,16,0.067,2195,4096,256,150,673.159,1754.667,8990720,true,gpu_nvme_kernel,,1,16
Tutti-deployed,16,0.067,2195,4096,256,151,664.086,1744.89,8990720,true,gpu_nvme_kernel,,1,16
Tutti-deployed,16,0.067,2195,4096,256,152,656.483,1805.713,8990720,true,gpu_nvme_kernel,,1,16
Tutti-deployed,16,0.067,2195,4096,256,153,677.11,1720.633,8990720,true,gpu_nvme_kernel,,1,16
Tutti-deployed,16,0.067,2195,4096,256,154,671.592,1785.924,8990720,true,gpu_nvme_kernel,,1,16
Tutti-deployed,16,0.067,2195,4096,256,155,659.772,1681.223,8990720,true,gpu_nvme_kernel,,1,16
Tutti-deployed,16,0.067,2195,4096,256,156,655.926,1831.93,8990720,true,gpu_nvme_kernel,,1,16
Tutti-deployed,16,0.067,2195,4096,256,157,664.678,1781.849,8990720,true,gpu_nvme_kernel,,1,16
Tutti-deployed,16,0.067,2195,4096,256,158,681.477,1754.27,8990720,true,gpu_nvme_kernel,,1,16
Tutti-deployed,16,0.067,2195,4096,256,159,668.74,1764.996,8990720,true,gpu_nvme_kernel,,1,16
Tutti-deployed,16,0.067,2195,4096,256,160,664.33,1874.68,8990720,true,gpu_nvme_kernel,,1,16
Tutti-deployed,16,0.067,2195,4096,256,161,676.664,1775.823,8990720,true,gpu_nvme_kernel,,1,16
Tutti-deployed,16,0.067,2195,4096,256,162,667.169,1683.746,8990720,true,gpu_nvme_kernel,,1,16
Tutti-deployed,16,0.067,2195,4096,256,163,660.859,1772.421,8990720,true,gpu_nvme_kernel,,1,16
Tutti-deployed,16,0.067,2195,4096,256,164,672.939,1797.197,8990720,true,gpu_nvme_kernel,,1,16
Tutti-deployed,16,0.067,2195,4096,256,165,660.842,1767.759,8990720,true,gpu_nvme_kernel,,1,16
Tutti-deployed,16,0.067,2195,4096,256,166,678.715,1769.383,8990720,true,gpu_nvme_kernel,,1,16
Tutti-deployed,16,0.067,2195,4096,256,167,663.056,1788.545,8990720,true,gpu_nvme_kernel,,1,16
Tutti-deployed,16,0.067,2195,4096,256,168,664.508,1765.188,8990720,true,gpu_nvme_kernel,,1,16
Tutti-deployed,16,0.067,2195,4096,256,169,666.919,1782.03,8990720,true,gpu_nvme_kernel,,1,16
Tutti-deployed,16,0.067,2195,4096,256,170,668.796,1739.96,8990720,true,gpu_nvme_kernel,,1,16
Tutti-deployed,16,0.067,2195,4096,256,171,680.701,1758.976,8990720,true,gpu_nvme_kernel,,1,16
Tutti-deployed,16,0.067,2195,4096,256,172,658.458,1727.899,8990720,true,gpu_nvme_kernel,,1,16
Tutti-deployed,16,0.067,2195,4096,256,173,663.93,1763.493,8990720,true,gpu_nvme_kernel,,1,16
Tutti-deployed,16,0.067,2195,4096,256,174,669.604,1769.322,8990720,true,gpu_nvme_kernel,,1,16
Tutti-deployed,16,0.067,2195,4096,256,175,669.261,1766.605,8990720,true,gpu_nvme_kernel,,1,16
Tutti-deployed,16,0.067,2195,4096,256,176,662.316,1796.425,8990720,true,gpu_nvme_kernel,,1,16
Tutti-deployed,16,0.067,2195,4096,256,177,671.671,1748.979,8990720,true,gpu_nvme_kernel,,1,16
Tutti-deployed,16,0.067,2195,4096,256,178,661.073,1735.8,8990720,true,gpu_nvme_kernel,,1,16
Tutti-deployed,16,0.067,2195,4096,256,179,671.69,1794.342,8990720,true,gpu_nvme_kernel,,1,16
Tutti-deployed,16,0.067,2195,4096,256,180,659.437,1779.518,8990720,true,gpu_nvme_kernel,,1,16
Tutti-deployed,16,0.067,2195,4096,256,181,656.64,1830.909,8990720,true,gpu_nvme_kernel,,1,16
Tutti-deployed,16,0.067,2195,4096,256,182,672.322,1766.717,8990720,true,gpu_nvme_kernel,,1,16
Tutti-deployed,16,0.067,2195,4096,256,183,662.122,1737.627,8990720,true,gpu_nvme_kernel,,1,16
Tutti-deployed,16,0.067,2195,4096,256,184,668.24,1787.093,8990720,true,gpu_nvme_kernel,,1,16
Tutti-deployed,16,0.067,2195,4096,256,185,666.388,1824.327,8990720,true,gpu_nvme_kernel,,1,16
Tutti-deployed,16,0.067,2195,4096,256,186,663.261,1748.108,8990720,true,gpu_nvme_kernel,,1,16
Tutti-deployed,16,0.067,2195,4096,256,187,661.079,1848.248,8990720,true,gpu_nvme_kernel,,1,16
Tutti-deployed,16,0.067,2195,4096,256,188,659.07,1689.371,8990720,true,gpu_nvme_kernel,,1,16
Tutti-deployed,16,0.067,2195,4096,256,189,663.317,1756.401,8990720,true,gpu_nvme_kernel,,1,16
Tutti-deployed,16,0.067,2195,4096,256,190,673.658,1764.482,8990720,true,gpu_nvme_kernel,,1,16
Tutti-deployed,16,0.067,2195,4096,256,191,670.285,1767.027,8990720,true,gpu_nvme_kernel,,1,16
Tutti-deployed,16,0.067,2195,4096,256,192,659.938,1720.695,8990720,true,gpu_nvme_kernel,,1,16
Tutti-deployed,16,0.067,2195,4096,256,193,673.732,1812.235,8990720,true,gpu_nvme_kernel,,1,16
Tutti-deployed,16,0.067,2195,4096,256,194,664.242,1658.732,8990720,true,gpu_nvme_kernel,,1,16
Tutti-deployed,16,0.067,2195,4096,256,195,663.573,1804.819,8990720,true,gpu_nvme_kernel,,1,16
Tutti-deployed,16,0.067,2195,4096,256,196,674.105,1797.285,8990720,true,gpu_nvme_kernel,,1,16
Tutti-deployed,16,0.067,2195,4096,256,197,680.9,1767.659,8990720,true,gpu_nvme_kernel,,1,16
Tutti-deployed,16,0.067,2195,4096,256,198,674.128,1724.705,8990720,true,gpu_nvme_kernel,,1,16
Tutti-deployed,16,0.067,2195,4096,256,199,660.383,1712.243,8990720,true,gpu_nvme_kernel,,1,16
Tutti-deployed,16,0.067,2195,4096,256,0,661.373,1756.571,8990720,true,gpu_nvme_kernel,,3,16
Tutti-deployed,16,0.134,4391,4096,256,0,1320.146,3322.904,17985536,true,gpu_nvme_kernel,,2,16
Tutti-deployed,16,0.134,4391,4096,256,0,1315.617,3516.385,17985536,true,gpu_nvme_kernel,,0,16
Tutti-deployed,16,0.134,4391,4096,256,1,1314.011,3450.116,17985536,true,gpu_nvme_kernel,,0,16
Tutti-deployed,16,0.134,4391,4096,256,2,1316.792,3394.404,17985536,true,gpu_nvme_kernel,,0,16
Tutti-deployed,16,0.134,4391,4096,256,3,1316.66,3318.455,17985536,true,gpu_nvme_kernel,,0,16
Tutti-deployed,16,0.134,4391,4096,256,4,1319.28,3386.037,17985536,true,gpu_nvme_kernel,,0,16
Tutti-deployed,16,0.134,4391,4096,256,5,1304.832,3376.305,17985536,true,gpu_nvme_kernel,,0,16
Tutti-deployed,16,0.134,4391,4096,256,6,1326.146,3460.184,17985536,true,gpu_nvme_kernel,,0,16
Tutti-deployed,16,0.134,4391,4096,256,7,1322,3359.493,17985536,true,gpu_nvme_kernel,,0,16
Tutti-deployed,16,0.134,4391,4096,256,8,1328.701,3378.271,17985536,true,gpu_nvme_kernel,,0,16
Tutti-deployed,16,0.134,4391,4096,256,9,1323.116,3414.017,17985536,true,gpu_nvme_kernel,,0,16
Tutti-deployed,16,0.134,4391,4096,256,0,1354.517,3430.654,17985536,true,gpu_nvme_kernel,,1,16
Tutti-deployed,16,0.134,4391,4096,256,1,1323.09,3416.377,17985536,true,gpu_nvme_kernel,,1,16
Tutti-deployed,16,0.134,4391,4096,256,2,1330.581,3445.707,17985536,true,gpu_nvme_kernel,,1,16
Tutti-deployed,16,0.134,4391,4096,256,3,1311.945,3470.711,17985536,true,gpu_nvme_kernel,,1,16
Tutti-deployed,16,0.134,4391,4096,256,4,1317.805,3293.5,17985536,true,gpu_nvme_kernel,,1,16
Tutti-deployed,16,0.134,4391,4096,256,5,1313.567,3423.229,17985536,true,gpu_nvme_kernel,,1,16
Tutti-deployed,16,0.134,4391,4096,256,6,1323.333,3410.997,17985536,true,gpu_nvme_kernel,,1,16
Tutti-deployed,16,0.134,4391,4096,256,7,1311.966,3344.139,17985536,true,gpu_nvme_kernel,,1,16
Tutti-deployed,16,0.134,4391,4096,256,8,1306.261,3384.476,17985536,true,gpu_nvme_kernel,,1,16
Tutti-deployed,16,0.134,4391,4096,256,9,1339.781,3446.3,17985536,true,gpu_nvme_kernel,,1,16
Tutti-deployed,16,0.134,4391,4096,256,10,1306.752,3560.143,17985536,true,gpu_nvme_kernel,,1,16
Tutti-deployed,16,0.134,4391,4096,256,11,1326.109,3379.137,17985536,true,gpu_nvme_kernel,,1,16
Tutti-deployed,16,0.134,4391,4096,256,12,1310.919,3358.785,17985536,true,gpu_nvme_kernel,,1,16
Tutti-deployed,16,0.134,4391,4096,256,13,1302.476,3475.588,17985536,true,gpu_nvme_kernel,,1,16
Tutti-deployed,16,0.134,4391,4096,256,14,1319.631,3394.942,17985536,true,gpu_nvme_kernel,,1,16
Tutti-deployed,16,0.134,4391,4096,256,15,1337.159,3472.05,17985536,true,gpu_nvme_kernel,,1,16
Tutti-deployed,16,0.134,4391,4096,256,16,1310.098,3477.498,17985536,true,gpu_nvme_kernel,,1,16
Tutti-deployed,16,0.134,4391,4096,256,17,1342.78,3531.364,17985536,true,gpu_nvme_kernel,,1,16
Tutti-deployed,16,0.134,4391,4096,256,18,1325.531,3511.026,17985536,true,gpu_nvme_kernel,,1,16
Tutti-deployed,16,0.134,4391,4096,256,19,1327.9,3466.437,17985536,true,gpu_nvme_kernel,,1,16
Tutti-deployed,16,0.134,4391,4096,256,20,1310.003,3400.804,17985536,true,gpu_nvme_kernel,,1,16
Tutti-deployed,16,0.134,4391,4096,256,21,1315.622,3385.998,17985536,true,gpu_nvme_kernel,,1,16
Tutti-deployed,16,0.134,4391,4096,256,22,1332.572,3441.401,17985536,true,gpu_nvme_kernel,,1,16
Tutti-deployed,16,0.134,4391,4096,256,23,1324.588,3324.178,17985536,true,gpu_nvme_kernel,,1,16
Tutti-deployed,16,0.134,4391,4096,256,24,1310.405,3472.629,17985536,true,gpu_nvme_kernel,,1,16
Tutti-deployed,16,0.134,4391,4096,256,25,1317.973,3472.655,17985536,true,gpu_nvme_kernel,,1,16
Tutti-deployed,16,0.134,4391,4096,256,26,1315.729,3524.693,17985536,true,gpu_nvme_kernel,,1,16
Tutti-deployed,16,0.134,4391,4096,256,27,1318.379,3359.695,17985536,true,gpu_nvme_kernel,,1,16
Tutti-deployed,16,0.134,4391,4096,256,28,1330.562,3454.47,17985536,true,gpu_nvme_kernel,,1,16
Tutti-deployed,16,0.134,4391,4096,256,29,1326.897,3385.679,17985536,true,gpu_nvme_kernel,,1,16
Tutti-deployed,16,0.134,4391,4096,256,30,1315.793,3398.501,17985536,true,gpu_nvme_kernel,,1,16
Tutti-deployed,16,0.134,4391,4096,256,31,1318.648,3457.785,17985536,true,gpu_nvme_kernel,,1,16
Tutti-deployed,16,0.134,4391,4096,256,32,1325.922,3382.624,17985536,true,gpu_nvme_kernel,,1,16
Tutti-deployed,16,0.134,4391,4096,256,33,1325.337,3525.91,17985536,true,gpu_nvme_kernel,,1,16
Tutti-deployed,16,0.134,4391,4096,256,34,1303.592,3456.133,17985536,true,gpu_nvme_kernel,,1,16
Tutti-deployed,16,0.134,4391,4096,256,35,1325.404,3386.753,17985536,true,gpu_nvme_kernel,,1,16
Tutti-deployed,16,0.134,4391,4096,256,36,1554.637,3463.376,17985536,true,gpu_nvme_kernel,,1,16
Tutti-deployed,16,0.134,4391,4096,256,37,1524.545,3557.12,17985536,true,gpu_nvme_kernel,,1,16
Tutti-deployed,16,0.134,4391,4096,256,38,1508.631,3375.841,17985536,true,gpu_nvme_kernel,,1,16
Tutti-deployed,16,0.134,4391,4096,256,39,1510.56,3502.484,17985536,true,gpu_nvme_kernel,,1,16
Tutti-deployed,16,0.134,4391,4096,256,40,1504.256,3338.26,17985536,true,gpu_nvme_kernel,,1,16
Tutti-deployed,16,0.134,4391,4096,256,41,1523.922,3377.57,17985536,true,gpu_nvme_kernel,,1,16
Tutti-deployed,16,0.134,4391,4096,256,42,1510.065,3422.367,17985536,true,gpu_nvme_kernel,,1,16
Tutti-deployed,16,0.134,4391,4096,256,43,1516.097,3478.184,17985536,true,gpu_nvme_kernel,,1,16
Tutti-deployed,16,0.134,4391,4096,256,44,1522.648,3410.764,17985536,true,gpu_nvme_kernel,,1,16
Tutti-deployed,16,0.134,4391,4096,256,45,1523.579,3403.174,17985536,true,gpu_nvme_kernel,,1,16
Tutti-deployed,16,0.134,4391,4096,256,46,1516.437,3609.914,17985536,true,gpu_nvme_kernel,,1,16
Tutti-deployed,16,0.134,4391,4096,256,47,1524.286,3446.91,17985536,true,gpu_nvme_kernel,,1,16
Tutti-deployed,16,0.134,4391,4096,256,48,1532.043,3453.237,17985536,true,gpu_nvme_kernel,,1,16
Tutti-deployed,16,0.134,4391,4096,256,49,1526.134,3440.182,17985536,true,gpu_nvme_kernel,,1,16
Tutti-deployed,16,0.134,4391,4096,256,50,1507.481,3479.084,17985536,true,gpu_nvme_kernel,,1,16
Tutti-deployed,16,0.134,4391,4096,256,51,1532.229,3464.861,17985536,true,gpu_nvme_kernel,,1,16
Tutti-deployed,16,0.134,4391,4096,256,52,1501.335,3502.213,17985536,true,gpu_nvme_kernel,,1,16
Tutti-deployed,16,0.134,4391,4096,256,53,1524.998,3329.465,17985536,true,gpu_nvme_kernel,,1,16
Tutti-deployed,16,0.134,4391,4096,256,54,1507.503,3484.173,17985536,true,gpu_nvme_kernel,,1,16
Tutti-deployed,16,0.134,4391,4096,256,55,1519.798,3423.947,17985536,true,gpu_nvme_kernel,,1,16
Tutti-deployed,16,0.134,4391,4096,256,56,1523.146,3457.159,17985536,true,gpu_nvme_kernel,,1,16
Tutti-deployed,16,0.134,4391,4096,256,57,1511.613,3374.66,17985536,true,gpu_nvme_kernel,,1,16
Tutti-deployed,16,0.134,4391,4096,256,58,1513.762,3509.829,17985536,true,gpu_nvme_kernel,,1,16
Tutti-deployed,16,0.134,4391,4096,256,59,1528.984,3488.144,17985536,true,gpu_nvme_kernel,,1,16
Tutti-deployed,16,0.134,4391,4096,256,60,1532.435,3392.866,17985536,true,gpu_nvme_kernel,,1,16
Tutti-deployed,16,0.134,4391,4096,256,61,1527.987,3522.914,17985536,true,gpu_nvme_kernel,,1,16
Tutti-deployed,16,0.134,4391,4096,256,62,1520.219,3384.594,17985536,true,gpu_nvme_kernel,,1,16
Tutti-deployed,16,0.134,4391,4096,256,63,1506.033,3615.287,17985536,true,gpu_nvme_kernel,,1,16
Tutti-deployed,16,0.134,4391,4096,256,64,1510.504,3516.518,17985536,true,gpu_nvme_kernel,,1,16
Tutti-deployed,16,0.134,4391,4096,256,65,1505.182,3408.676,17985536,true,gpu_nvme_kernel,,1,16
Tutti-deployed,16,0.134,4391,4096,256,66,1517.422,3468.943,17985536,true,gpu_nvme_kernel,,1,16
Tutti-deployed,16,0.134,4391,4096,256,67,1511.29,3505.292,17985536,true,gpu_nvme_kernel,,1,16
Tutti-deployed,16,0.134,4391,4096,256,68,1523.297,3460.929,17985536,true,gpu_nvme_kernel,,1,16
Tutti-deployed,16,0.134,4391,4096,256,69,1523.566,3574.63,17985536,true,gpu_nvme_kernel,,1,16
Tutti-deployed,16,0.134,4391,4096,256,70,1501.175,3553.162,17985536,true,gpu_nvme_kernel,,1,16
Tutti-deployed,16,0.134,4391,4096,256,71,1517.007,3442.953,17985536,true,gpu_nvme_kernel,,1,16
Tutti-deployed,16,0.134,4391,4096,256,72,1503.878,3465.274,17985536,true,gpu_nvme_kernel,,1,16
Tutti-deployed,16,0.134,4391,4096,256,73,1521.651,3472.107,17985536,true,gpu_nvme_kernel,,1,16
Tutti-deployed,16,0.134,4391,4096,256,74,1520.349,3507.179,17985536,true,gpu_nvme_kernel,,1,16
Tutti-deployed,16,0.134,4391,4096,256,75,1513.458,3583.283,17985536,true,gpu_nvme_kernel,,1,16
Tutti-deployed,16,0.134,4391,4096,256,76,1516.026,3350.276,17985536,true,gpu_nvme_kernel,,1,16
Tutti-deployed,16,0.134,4391,4096,256,77,1508.285,3481.168,17985536,true,gpu_nvme_kernel,,1,16
Tutti-deployed,16,0.134,4391,4096,256,78,1522.6,3431.027,17985536,true,gpu_nvme_kernel,,1,16
Tutti-deployed,16,0.134,4391,4096,256,79,1515.337,3421.081,17985536,true,gpu_nvme_kernel,,1,16
Tutti-deployed,16,0.134,4391,4096,256,80,1500.3,3438.65,17985536,true,gpu_nvme_kernel,,1,16
Tutti-deployed,16,0.134,4391,4096,256,81,1513.07,3459.328,17985536,true,gpu_nvme_kernel,,1,16
Tutti-deployed,16,0.134,4391,4096,256,82,1504.018,3422.559,17985536,true,gpu_nvme_kernel,,1,16
Tutti-deployed,16,0.134,4391,4096,256,83,1515.353,3407.389,17985536,true,gpu_nvme_kernel,,1,16
Tutti-deployed,16,0.134,4391,4096,256,84,1532.793,3417.291,17985536,true,gpu_nvme_kernel,,1,16
Tutti-deployed,16,0.134,4391,4096,256,85,1532.834,3457.212,17985536,true,gpu_nvme_kernel,,1,16
Tutti-deployed,16,0.134,4391,4096,256,86,1520.78,3462.725,17985536,true,gpu_nvme_kernel,,1,16
Tutti-deployed,16,0.134,4391,4096,256,87,1524.887,3509.967,17985536,true,gpu_nvme_kernel,,1,16
Tutti-deployed,16,0.134,4391,4096,256,88,1514.369,3404.807,17985536,true,gpu_nvme_kernel,,1,16
Tutti-deployed,16,0.134,4391,4096,256,89,1538.452,3477.62,17985536,true,gpu_nvme_kernel,,1,16
Tutti-deployed,16,0.134,4391,4096,256,90,1526.794,3455.069,17985536,true,gpu_nvme_kernel,,1,16
Tutti-deployed,16,0.134,4391,4096,256,91,1516.775,3446.211,17985536,true,gpu_nvme_kernel,,1,16
Tutti-deployed,16,0.134,4391,4096,256,92,1508.899,3496.39,17985536,true,gpu_nvme_kernel,,1,16
Tutti-deployed,16,0.134,4391,4096,256,93,1516.46,3422.183,17985536,true,gpu_nvme_kernel,,1,16
Tutti-deployed,16,0.134,4391,4096,256,94,1536.467,3406.543,17985536,true,gpu_nvme_kernel,,1,16
Tutti-deployed,16,0.134,4391,4096,256,95,1510.225,3436.572,17985536,true,gpu_nvme_kernel,,1,16
Tutti-deployed,16,0.134,4391,4096,256,96,1511.904,3434.966,17985536,true,gpu_nvme_kernel,,1,16
Tutti-deployed,16,0.134,4391,4096,256,97,1513.958,3395.845,17985536,true,gpu_nvme_kernel,,1,16
Tutti-deployed,16,0.134,4391,4096,256,98,1501.495,3332.582,17985536,true,gpu_nvme_kernel,,1,16
Tutti-deployed,16,0.134,4391,4096,256,99,1524.425,3406.41,17985536,true,gpu_nvme_kernel,,1,16
Tutti-deployed,16,0.134,4391,4096,256,100,1504.089,3532.377,17985536,true,gpu_nvme_kernel,,1,16
Tutti-deployed,16,0.134,4391,4096,256,101,1514.156,3519.528,17985536,true,gpu_nvme_kernel,,1,16
Tutti-deployed,16,0.134,4391,4096,256,102,1517.729,3525.767,17985536,true,gpu_nvme_kernel,,1,16
Tutti-deployed,16,0.134,4391,4096,256,103,1525.677,3354.497,17985536,true,gpu_nvme_kernel,,1,16
Tutti-deployed,16,0.134,4391,4096,256,104,1531.219,3390.024,17985536,true,gpu_nvme_kernel,,1,16
Tutti-deployed,16,0.134,4391,4096,256,105,1522.27,3353.534,17985536,true,gpu_nvme_kernel,,1,16
Tutti-deployed,16,0.134,4391,4096,256,106,1510.838,3374.746,17985536,true,gpu_nvme_kernel,,1,16
Tutti-deployed,16,0.134,4391,4096,256,107,1520.262,3469.116,17985536,true,gpu_nvme_kernel,,1,16
Tutti-deployed,16,0.134,4391,4096,256,108,1497.34,3433.462,17985536,true,gpu_nvme_kernel,,1,16
Tutti-deployed,16,0.134,4391,4096,256,109,1514.828,3499.359,17985536,true,gpu_nvme_kernel,,1,16
Tutti-deployed,16,0.134,4391,4096,256,110,1511.872,3454.022,17985536,true,gpu_nvme_kernel,,1,16
Tutti-deployed,16,0.134,4391,4096,256,111,1522.773,3346.709,17985536,true,gpu_nvme_kernel,,1,16
Tutti-deployed,16,0.134,4391,4096,256,112,1510.656,3475.855,17985536,true,gpu_nvme_kernel,,1,16
Tutti-deployed,16,0.134,4391,4096,256,113,1506.068,3455.355,17985536,true,gpu_nvme_kernel,,1,16
Tutti-deployed,16,0.134,4391,4096,256,114,1506.506,3448.984,17985536,true,gpu_nvme_kernel,,1,16
Tutti-deployed,16,0.134,4391,4096,256,115,1533.97,3413.612,17985536,true,gpu_nvme_kernel,,1,16
Tutti-deployed,16,0.134,4391,4096,256,116,1507.393,3504.95,17985536,true,gpu_nvme_kernel,,1,16
Tutti-deployed,16,0.134,4391,4096,256,117,1523.422,3426.196,17985536,true,gpu_nvme_kernel,,1,16
Tutti-deployed,16,0.134,4391,4096,256,118,1511.834,3462.598,17985536,true,gpu_nvme_kernel,,1,16
Tutti-deployed,16,0.134,4391,4096,256,119,1516.696,3496.017,17985536,true,gpu_nvme_kernel,,1,16
Tutti-deployed,16,0.134,4391,4096,256,120,1522.212,3423.117,17985536,true,gpu_nvme_kernel,,1,16
Tutti-deployed,16,0.134,4391,4096,256,121,1533.047,3467.015,17985536,true,gpu_nvme_kernel,,1,16
Tutti-deployed,16,0.134,4391,4096,256,122,1519.016,3509.407,17985536,true,gpu_nvme_kernel,,1,16
Tutti-deployed,16,0.134,4391,4096,256,123,1508.232,3505.477,17985536,true,gpu_nvme_kernel,,1,16
Tutti-deployed,16,0.134,4391,4096,256,124,1508.494,3470.291,17985536,true,gpu_nvme_kernel,,1,16
Tutti-deployed,16,0.134,4391,4096,256,125,1307.042,3464.384,17985536,true,gpu_nvme_kernel,,1,16
Tutti-deployed,16,0.134,4391,4096,256,126,1302.41,3379.798,17985536,true,gpu_nvme_kernel,,1,16
Tutti-deployed,16,0.134,4391,4096,256,127,1312.269,3407.147,17985536,true,gpu_nvme_kernel,,1,16
Tutti-deployed,16,0.134,4391,4096,256,128,1310.072,3565.391,17985536,true,gpu_nvme_kernel,,1,16
Tutti-deployed,16,0.134,4391,4096,256,129,1316.821,3310.912,17985536,true,gpu_nvme_kernel,,1,16
Tutti-deployed,16,0.134,4391,4096,256,130,1317.152,3390.347,17985536,true,gpu_nvme_kernel,,1,16
Tutti-deployed,16,0.134,4391,4096,256,131,1307.782,3410.603,17985536,true,gpu_nvme_kernel,,1,16
Tutti-deployed,16,0.134,4391,4096,256,132,1297.007,3471.748,17985536,true,gpu_nvme_kernel,,1,16
Tutti-deployed,16,0.134,4391,4096,256,133,1305.203,3362.991,17985536,true,gpu_nvme_kernel,,1,16
Tutti-deployed,16,0.134,4391,4096,256,134,1311.976,3570.761,17985536,true,gpu_nvme_kernel,,1,16
Tutti-deployed,16,0.134,4391,4096,256,135,1311.028,3346.453,17985536,true,gpu_nvme_kernel,,1,16
Tutti-deployed,16,0.134,4391,4096,256,136,1311.122,3382.915,17985536,true,gpu_nvme_kernel,,1,16
Tutti-deployed,16,0.134,4391,4096,256,137,1305.474,3426.237,17985536,true,gpu_nvme_kernel,,1,16
Tutti-deployed,16,0.134,4391,4096,256,138,1307.962,3405.991,17985536,true,gpu_nvme_kernel,,1,16
Tutti-deployed,16,0.134,4391,4096,256,139,1300.257,3528.348,17985536,true,gpu_nvme_kernel,,1,16
Tutti-deployed,16,0.134,4391,4096,256,140,1305.194,3418.669,17985536,true,gpu_nvme_kernel,,1,16
Tutti-deployed,16,0.134,4391,4096,256,141,1305.858,3358.582,17985536,true,gpu_nvme_kernel,,1,16
Tutti-deployed,16,0.134,4391,4096,256,142,1305.862,3325.276,17985536,true,gpu_nvme_kernel,,1,16
Tutti-deployed,16,0.134,4391,4096,256,143,1323.296,3526.141,17985536,true,gpu_nvme_kernel,,1,16
Tutti-deployed,16,0.134,4391,4096,256,144,1316.937,3357.614,17985536,true,gpu_nvme_kernel,,1,16
Tutti-deployed,16,0.134,4391,4096,256,145,1322.912,3381.778,17985536,true,gpu_nvme_kernel,,1,16
Tutti-deployed,16,0.134,4391,4096,256,146,1321.92,3359.389,17985536,true,gpu_nvme_kernel,,1,16
Tutti-deployed,16,0.134,4391,4096,256,147,1307.961,3493.034,17985536,true,gpu_nvme_kernel,,1,16
Tutti-deployed,16,0.134,4391,4096,256,148,1314.391,3406.585,17985536,true,gpu_nvme_kernel,,1,16
Tutti-deployed,16,0.134,4391,4096,256,149,1301.368,3405.942,17985536,true,gpu_nvme_kernel,,1,16
Tutti-deployed,16,0.134,4391,4096,256,150,1319.337,3313.478,17985536,true,gpu_nvme_kernel,,1,16
Tutti-deployed,16,0.134,4391,4096,256,151,1308.598,3466.223,17985536,true,gpu_nvme_kernel,,1,16
Tutti-deployed,16,0.134,4391,4096,256,152,1311.314,3386.672,17985536,true,gpu_nvme_kernel,,1,16
Tutti-deployed,16,0.134,4391,4096,256,153,1307.275,3462.579,17985536,true,gpu_nvme_kernel,,1,16
Tutti-deployed,16,0.134,4391,4096,256,154,1308.752,3435.968,17985536,true,gpu_nvme_kernel,,1,16
Tutti-deployed,16,0.134,4391,4096,256,155,1308.391,3446.19,17985536,true,gpu_nvme_kernel,,1,16
Tutti-deployed,16,0.134,4391,4096,256,156,1305.425,3344.182,17985536,true,gpu_nvme_kernel,,1,16
Tutti-deployed,16,0.134,4391,4096,256,157,1311.98,3378.183,17985536,true,gpu_nvme_kernel,,1,16
Tutti-deployed,16,0.134,4391,4096,256,158,1298.869,3401.457,17985536,true,gpu_nvme_kernel,,1,16
Tutti-deployed,16,0.134,4391,4096,256,159,1310.003,3387.104,17985536,true,gpu_nvme_kernel,,1,16
Tutti-deployed,16,0.134,4391,4096,256,160,1309.252,3409.649,17985536,true,gpu_nvme_kernel,,1,16
Tutti-deployed,16,0.134,4391,4096,256,161,1315.751,3362.873,17985536,true,gpu_nvme_kernel,,1,16
Tutti-deployed,16,0.134,4391,4096,256,162,1305.315,3455.16,17985536,true,gpu_nvme_kernel,,1,16
Tutti-deployed,16,0.134,4391,4096,256,163,1320.988,3498.903,17985536,true,gpu_nvme_kernel,,1,16
Tutti-deployed,16,0.134,4391,4096,256,164,1322.015,3374.599,17985536,true,gpu_nvme_kernel,,1,16
Tutti-deployed,16,0.134,4391,4096,256,165,1305.197,3445.265,17985536,true,gpu_nvme_kernel,,1,16
Tutti-deployed,16,0.134,4391,4096,256,166,1314.59,3551.395,17985536,true,gpu_nvme_kernel,,1,16
Tutti-deployed,16,0.134,4391,4096,256,167,1306.199,3524.975,17985536,true,gpu_nvme_kernel,,1,16
Tutti-deployed,16,0.134,4391,4096,256,168,1304.423,3472.571,17985536,true,gpu_nvme_kernel,,1,16
Tutti-deployed,16,0.134,4391,4096,256,169,1295.789,3305.61,17985536,true,gpu_nvme_kernel,,1,16
Tutti-deployed,16,0.134,4391,4096,256,170,1300.573,3498.059,17985536,true,gpu_nvme_kernel,,1,16
Tutti-deployed,16,0.134,4391,4096,256,171,1318.326,3485.249,17985536,true,gpu_nvme_kernel,,1,16
Tutti-deployed,16,0.134,4391,4096,256,172,1316.443,3498.012,17985536,true,gpu_nvme_kernel,,1,16
Tutti-deployed,16,0.134,4391,4096,256,173,1323.524,3465.688,17985536,true,gpu_nvme_kernel,,1,16
Tutti-deployed,16,0.134,4391,4096,256,174,1315.994,3449.919,17985536,true,gpu_nvme_kernel,,1,16
Tutti-deployed,16,0.134,4391,4096,256,175,1315.458,3354.509,17985536,true,gpu_nvme_kernel,,1,16
Tutti-deployed,16,0.134,4391,4096,256,176,1325.927,3553.497,17985536,true,gpu_nvme_kernel,,1,16
Tutti-deployed,16,0.134,4391,4096,256,177,1306.313,3475.152,17985536,true,gpu_nvme_kernel,,1,16
Tutti-deployed,16,0.134,4391,4096,256,178,1320.167,3325.381,17985536,true,gpu_nvme_kernel,,1,16
Tutti-deployed,16,0.134,4391,4096,256,179,1320.534,3449.664,17985536,true,gpu_nvme_kernel,,1,16
Tutti-deployed,16,0.134,4391,4096,256,180,1306.686,3400.613,17985536,true,gpu_nvme_kernel,,1,16
Tutti-deployed,16,0.134,4391,4096,256,181,1316.551,3321.362,17985536,true,gpu_nvme_kernel,,1,16
Tutti-deployed,16,0.134,4391,4096,256,182,1310.401,3397.877,17985536,true,gpu_nvme_kernel,,1,16
Tutti-deployed,16,0.134,4391,4096,256,183,1303.253,3391.124,17985536,true,gpu_nvme_kernel,,1,16
Tutti-deployed,16,0.134,4391,4096,256,184,1307.763,3363.235,17985536,true,gpu_nvme_kernel,,1,16
Tutti-deployed,16,0.134,4391,4096,256,185,1301.399,3413.909,17985536,true,gpu_nvme_kernel,,1,16
Tutti-deployed,16,0.134,4391,4096,256,186,1311.592,3468.61,17985536,true,gpu_nvme_kernel,,1,16
Tutti-deployed,16,0.134,4391,4096,256,187,1299.875,3449.53,17985536,true,gpu_nvme_kernel,,1,16
Tutti-deployed,16,0.134,4391,4096,256,188,1315.098,3463.098,17985536,true,gpu_nvme_kernel,,1,16
Tutti-deployed,16,0.134,4391,4096,256,189,1310.475,3446.57,17985536,true,gpu_nvme_kernel,,1,16
Tutti-deployed,16,0.134,4391,4096,256,190,1294.342,3426.539,17985536,true,gpu_nvme_kernel,,1,16
Tutti-deployed,16,0.134,4391,4096,256,191,1309.566,3415.701,17985536,true,gpu_nvme_kernel,,1,16
Tutti-deployed,16,0.134,4391,4096,256,192,1320.186,3415.278,17985536,true,gpu_nvme_kernel,,1,16
Tutti-deployed,16,0.134,4391,4096,256,193,1323.187,3345.374,17985536,true,gpu_nvme_kernel,,1,16
Tutti-deployed,16,0.134,4391,4096,256,194,1311.159,3460.483,17985536,true,gpu_nvme_kernel,,1,16
Tutti-deployed,16,0.134,4391,4096,256,195,1315.755,3378.055,17985536,true,gpu_nvme_kernel,,1,16
Tutti-deployed,16,0.134,4391,4096,256,196,1317.338,3388.736,17985536,true,gpu_nvme_kernel,,1,16
Tutti-deployed,16,0.134,4391,4096,256,197,1300.504,3350.804,17985536,true,gpu_nvme_kernel,,1,16
Tutti-deployed,16,0.134,4391,4096,256,198,1311.112,3582.965,17985536,true,gpu_nvme_kernel,,1,16
Tutti-deployed,16,0.134,4391,4096,256,199,1298.169,3363.879,17985536,true,gpu_nvme_kernel,,1,16
Tutti-deployed,16,0.134,4391,4096,256,0,1296.859,3464.6,17985536,true,gpu_nvme_kernel,,3,16
Tutti-deployed,16,0.3,9830,4096,256,0,2924.199,7644.764,40263680,true,gpu_nvme_kernel,,2,16
Tutti-deployed,16,0.3,9830,4096,256,0,2908.177,7497.089,40263680,true,gpu_nvme_kernel,,0,16
Tutti-deployed,16,0.3,9830,4096,256,1,2934.834,7683.819,40263680,true,gpu_nvme_kernel,,0,16
Tutti-deployed,16,0.3,9830,4096,256,2,2934.667,7466.678,40263680,true,gpu_nvme_kernel,,0,16
Tutti-deployed,16,0.3,9830,4096,256,3,2926.491,7421.347,40263680,true,gpu_nvme_kernel,,0,16
Tutti-deployed,16,0.3,9830,4096,256,4,2930.507,7666.109,40263680,true,gpu_nvme_kernel,,0,16
Tutti-deployed,16,0.3,9830,4096,256,5,2901.748,7436.345,40263680,true,gpu_nvme_kernel,,0,16
Tutti-deployed,16,0.3,9830,4096,256,6,2889.325,7484.467,40263680,true,gpu_nvme_kernel,,0,16
Tutti-deployed,16,0.3,9830,4096,256,7,2920.722,7492.974,40263680,true,gpu_nvme_kernel,,0,16
Tutti-deployed,16,0.3,9830,4096,256,8,2919.765,7640.335,40263680,true,gpu_nvme_kernel,,0,16
Tutti-deployed,16,0.3,9830,4096,256,9,2932.103,7606.99,40263680,true,gpu_nvme_kernel,,0,16
Tutti-deployed,16,0.3,9830,4096,256,0,2910.455,7352.228,40263680,true,gpu_nvme_kernel,,1,16
Tutti-deployed,16,0.3,9830,4096,256,1,2916.05,7357.483,40263680,true,gpu_nvme_kernel,,1,16
Tutti-deployed,16,0.3,9830,4096,256,2,2913.406,7439.462,40263680,true,gpu_nvme_kernel,,1,16
Tutti-deployed,16,0.3,9830,4096,256,3,2887.545,7584.92,40263680,true,gpu_nvme_kernel,,1,16
Tutti-deployed,16,0.3,9830,4096,256,4,2931.738,7687.966,40263680,true,gpu_nvme_kernel,,1,16
Tutti-deployed,16,0.3,9830,4096,256,5,2928.874,7477.689,40263680,true,gpu_nvme_kernel,,1,16
Tutti-deployed,16,0.3,9830,4096,256,6,2915.837,7482.946,40263680,true,gpu_nvme_kernel,,1,16
Tutti-deployed,16,0.3,9830,4096,256,7,2922.795,7635.825,40263680,true,gpu_nvme_kernel,,1,16
Tutti-deployed,16,0.3,9830,4096,256,8,2930.127,7527.421,40263680,true,gpu_nvme_kernel,,1,16
Tutti-deployed,16,0.3,9830,4096,256,9,2911.596,8477.258,40263680,true,gpu_nvme_kernel,,1,16
Tutti-deployed,16,0.3,9830,4096,256,10,2900.798,7812.716,40263680,true,gpu_nvme_kernel,,1,16
Tutti-deployed,16,0.3,9830,4096,256,11,2921.237,7520.888,40263680,true,gpu_nvme_kernel,,1,16
Tutti-deployed,16,0.3,9830,4096,256,12,2939.409,7512.158,40263680,true,gpu_nvme_kernel,,1,16
Tutti-deployed,16,0.3,9830,4096,256,13,2927.111,7456.77,40263680,true,gpu_nvme_kernel,,1,16
Tutti-deployed,16,0.3,9830,4096,256,14,2920.149,7694.041,40263680,true,gpu_nvme_kernel,,1,16
Tutti-deployed,16,0.3,9830,4096,256,15,2918.015,7579.807,40263680,true,gpu_nvme_kernel,,1,16
Tutti-deployed,16,0.3,9830,4096,256,16,2914.031,7350.46,40263680,true,gpu_nvme_kernel,,1,16
Tutti-deployed,16,0.3,9830,4096,256,17,2917.39,7395.565,40263680,true,gpu_nvme_kernel,,1,16
Tutti-deployed,16,0.3,9830,4096,256,18,2918.877,7601.859,40263680,true,gpu_nvme_kernel,,1,16
Tutti-deployed,16,0.3,9830,4096,256,19,2931.77,7413.474,40263680,true,gpu_nvme_kernel,,1,16
Tutti-deployed,16,0.3,9830,4096,256,20,2919.885,7437.668,40263680,true,gpu_nvme_kernel,,1,16
Tutti-deployed,16,0.3,9830,4096,256,21,2926.316,7331.848,40263680,true,gpu_nvme_kernel,,1,16
Tutti-deployed,16,0.3,9830,4096,256,22,2903.149,7692.705,40263680,true,gpu_nvme_kernel,,1,16
Tutti-deployed,16,0.3,9830,4096,256,23,2915.622,7491.46,40263680,true,gpu_nvme_kernel,,1,16
Tutti-deployed,16,0.3,9830,4096,256,24,2922.001,7798.306,40263680,true,gpu_nvme_kernel,,1,16
Tutti-deployed,16,0.3,9830,4096,256,25,2924.018,7400.496,40263680,true,gpu_nvme_kernel,,1,16
Tutti-deployed,16,0.3,9830,4096,256,26,2928.238,7456.133,40263680,true,gpu_nvme_kernel,,1,16
Tutti-deployed,16,0.3,9830,4096,256,27,2921.104,7446.879,40263680,true,gpu_nvme_kernel,,1,16
Tutti-deployed,16,0.3,9830,4096,256,28,2902.209,7715.479,40263680,true,gpu_nvme_kernel,,1,16
Tutti-deployed,16,0.3,9830,4096,256,29,2930.433,7715.356,40263680,true,gpu_nvme_kernel,,1,16
Tutti-deployed,16,0.3,9830,4096,256,30,2919.176,7438.333,40263680,true,gpu_nvme_kernel,,1,16
Tutti-deployed,16,0.3,9830,4096,256,31,2928.465,7464.077,40263680,true,gpu_nvme_kernel,,1,16
Tutti-deployed,16,0.3,9830,4096,256,32,2939.261,7523.614,40263680,true,gpu_nvme_kernel,,1,16
Tutti-deployed,16,0.3,9830,4096,256,33,2930.846,7616.226,40263680,true,gpu_nvme_kernel,,1,16
Tutti-deployed,16,0.3,9830,4096,256,34,2917.28,7514.981,40263680,true,gpu_nvme_kernel,,1,16
Tutti-deployed,16,0.3,9830,4096,256,35,2914.743,7394.377,40263680,true,gpu_nvme_kernel,,1,16
Tutti-deployed,16,0.3,9830,4096,256,36,2902.382,7488.661,40263680,true,gpu_nvme_kernel,,1,16
Tutti-deployed,16,0.3,9830,4096,256,37,2895.292,7439.629,40263680,true,gpu_nvme_kernel,,1,16
Tutti-deployed,16,0.3,9830,4096,256,38,2907.337,7491.068,40263680,true,gpu_nvme_kernel,,1,16
Tutti-deployed,16,0.3,9830,4096,256,39,2922.844,7563.236,40263680,true,gpu_nvme_kernel,,1,16
Tutti-deployed,16,0.3,9830,4096,256,40,2921.653,7517.262,40263680,true,gpu_nvme_kernel,,1,16
Tutti-deployed,16,0.3,9830,4096,256,41,2910.477,7605.685,40263680,true,gpu_nvme_kernel,,1,16
Tutti-deployed,16,0.3,9830,4096,256,42,2930.766,7631.181,40263680,true,gpu_nvme_kernel,,1,16
Tutti-deployed,16,0.3,9830,4096,256,43,2919.695,7480.902,40263680,true,gpu_nvme_kernel,,1,16
Tutti-deployed,16,0.3,9830,4096,256,44,2926.812,7498.595,40263680,true,gpu_nvme_kernel,,1,16
Tutti-deployed,16,0.3,9830,4096,256,45,2940.989,7519.858,40263680,true,gpu_nvme_kernel,,1,16
Tutti-deployed,16,0.3,9830,4096,256,46,2921.62,7469.563,40263680,true,gpu_nvme_kernel,,1,16
Tutti-deployed,16,0.3,9830,4096,256,47,2920.004,7553.478,40263680,true,gpu_nvme_kernel,,1,16
Tutti-deployed,16,0.3,9830,4096,256,48,2904.336,7425.097,40263680,true,gpu_nvme_kernel,,1,16
Tutti-deployed,16,0.3,9830,4096,256,49,2924.643,7686.529,40263680,true,gpu_nvme_kernel,,1,16
Tutti-deployed,16,0.3,9830,4096,256,50,2907.148,7597.109,40263680,true,gpu_nvme_kernel,,1,16
Tutti-deployed,16,0.3,9830,4096,256,51,2928.539,7494.229,40263680,true,gpu_nvme_kernel,,1,16
Tutti-deployed,16,0.3,9830,4096,256,52,2940.034,7576.985,40263680,true,gpu_nvme_kernel,,1,16
Tutti-deployed,16,0.3,9830,4096,256,53,2940.821,7703.425,40263680,true,gpu_nvme_kernel,,1,16
Tutti-deployed,16,0.3,9830,4096,256,54,2931.337,7468.248,40263680,true,gpu_nvme_kernel,,1,16
Tutti-deployed,16,0.3,9830,4096,256,55,2935.649,7598.214,40263680,true,gpu_nvme_kernel,,1,16
Tutti-deployed,16,0.3,9830,4096,256,56,2921.231,7522.908,40263680,true,gpu_nvme_kernel,,1,16
Tutti-deployed,16,0.3,9830,4096,256,57,2909.774,7724.443,40263680,true,gpu_nvme_kernel,,1,16
Tutti-deployed,16,0.3,9830,4096,256,58,2943.228,7561.474,40263680,true,gpu_nvme_kernel,,1,16
Tutti-deployed,16,0.3,9830,4096,256,59,2926.814,7400.61,40263680,true,gpu_nvme_kernel,,1,16
Tutti-deployed,16,0.3,9830,4096,256,60,2932.443,7322.803,40263680,true,gpu_nvme_kernel,,1,16
Tutti-deployed,16,0.3,9830,4096,256,61,2905.338,7550.488,40263680,true,gpu_nvme_kernel,,1,16
Tutti-deployed,16,0.3,9830,4096,256,62,2924.56,7407,40263680,true,gpu_nvme_kernel,,1,16
Tutti-deployed,16,0.3,9830,4096,256,63,2915.272,7491.987,40263680,true,gpu_nvme_kernel,,1,16
Tutti-deployed,16,0.3,9830,4096,256,64,2922.362,7489.177,40263680,true,gpu_nvme_kernel,,1,16
Tutti-deployed,16,0.3,9830,4096,256,65,2898.833,7508.644,40263680,true,gpu_nvme_kernel,,1,16
Tutti-deployed,16,0.3,9830,4096,256,66,2927.246,7396.278,40263680,true,gpu_nvme_kernel,,1,16
Tutti-deployed,16,0.3,9830,4096,256,67,2906.055,7550.785,40263680,true,gpu_nvme_kernel,,1,16
Tutti-deployed,16,0.3,9830,4096,256,68,2923.443,7557.828,40263680,true,gpu_nvme_kernel,,1,16
Tutti-deployed,16,0.3,9830,4096,256,69,2926.323,7619.61,40263680,true,gpu_nvme_kernel,,1,16
Tutti-deployed,16,0.3,9830,4096,256,70,2910.045,7507.391,40263680,true,gpu_nvme_kernel,,1,16
Tutti-deployed,16,0.3,9830,4096,256,71,2922.83,7649.728,40263680,true,gpu_nvme_kernel,,1,16
Tutti-deployed,16,0.3,9830,4096,256,72,2934.524,7658.999,40263680,true,gpu_nvme_kernel,,1,16
Tutti-deployed,16,0.3,9830,4096,256,73,2910.592,7583.024,40263680,true,gpu_nvme_kernel,,1,16
Tutti-deployed,16,0.3,9830,4096,256,74,2891.814,7460.017,40263680,true,gpu_nvme_kernel,,1,16
Tutti-deployed,16,0.3,9830,4096,256,75,2899.278,7515.948,40263680,true,gpu_nvme_kernel,,1,16
Tutti-deployed,16,0.3,9830,4096,256,76,2915.798,7567.041,40263680,true,gpu_nvme_kernel,,1,16
Tutti-deployed,16,0.3,9830,4096,256,77,2919.619,7537.789,40263680,true,gpu_nvme_kernel,,1,16
Tutti-deployed,16,0.3,9830,4096,256,78,2909.306,7571.409,40263680,true,gpu_nvme_kernel,,1,16
Tutti-deployed,16,0.3,9830,4096,256,79,2926.496,7472.033,40263680,true,gpu_nvme_kernel,,1,16
Tutti-deployed,16,0.3,9830,4096,256,80,2931.446,7714.102,40263680,true,gpu_nvme_kernel,,1,16
Tutti-deployed,16,0.3,9830,4096,256,81,2927.362,7482.078,40263680,true,gpu_nvme_kernel,,1,16
Tutti-deployed,16,0.3,9830,4096,256,82,2911.488,7511.271,40263680,true,gpu_nvme_kernel,,1,16
Tutti-deployed,16,0.3,9830,4096,256,83,2914.736,7493.686,40263680,true,gpu_nvme_kernel,,1,16
Tutti-deployed,16,0.3,9830,4096,256,84,2913.195,7656.494,40263680,true,gpu_nvme_kernel,,1,16
Tutti-deployed,16,0.3,9830,4096,256,85,2929.809,7466.818,40263680,true,gpu_nvme_kernel,,1,16
Tutti-deployed,16,0.3,9830,4096,256,86,2944.737,7401.818,40263680,true,gpu_nvme_kernel,,1,16
Tutti-deployed,16,0.3,9830,4096,256,87,2924.419,7681.769,40263680,true,gpu_nvme_kernel,,1,16
Tutti-deployed,16,0.3,9830,4096,256,88,2921.929,7557.989,40263680,true,gpu_nvme_kernel,,1,16
Tutti-deployed,16,0.3,9830,4096,256,89,2911.633,7401.979,40263680,true,gpu_nvme_kernel,,1,16
Tutti-deployed,16,0.3,9830,4096,256,90,2910.353,7544.324,40263680,true,gpu_nvme_kernel,,1,16
Tutti-deployed,16,0.3,9830,4096,256,91,2938.041,7618.472,40263680,true,gpu_nvme_kernel,,1,16
Tutti-deployed,16,0.3,9830,4096,256,92,2937.674,7467.345,40263680,true,gpu_nvme_kernel,,1,16
Tutti-deployed,16,0.3,9830,4096,256,93,2912.993,7318.128,40263680,true,gpu_nvme_kernel,,1,16
Tutti-deployed,16,0.3,9830,4096,256,94,2925.242,7436.246,40263680,true,gpu_nvme_kernel,,1,16
Tutti-deployed,16,0.3,9830,4096,256,95,2924.255,7571.194,40263680,true,gpu_nvme_kernel,,1,16
Tutti-deployed,16,0.3,9830,4096,256,96,2911.067,7565.701,40263680,true,gpu_nvme_kernel,,1,16
Tutti-deployed,16,0.3,9830,4096,256,97,2911.581,7603.881,40263680,true,gpu_nvme_kernel,,1,16
Tutti-deployed,16,0.3,9830,4096,256,98,2919.758,7458.012,40263680,true,gpu_nvme_kernel,,1,16
Tutti-deployed,16,0.3,9830,4096,256,99,2930.88,7564.968,40263680,true,gpu_nvme_kernel,,1,16
Tutti-deployed,16,0.3,9830,4096,256,100,2934.688,7535.528,40263680,true,gpu_nvme_kernel,,1,16
Tutti-deployed,16,0.3,9830,4096,256,101,2919.628,7448.399,40263680,true,gpu_nvme_kernel,,1,16
Tutti-deployed,16,0.3,9830,4096,256,102,2912.464,7564.03,40263680,true,gpu_nvme_kernel,,1,16
Tutti-deployed,16,0.3,9830,4096,256,103,2911.275,7475.194,40263680,true,gpu_nvme_kernel,,1,16
Tutti-deployed,16,0.3,9830,4096,256,104,2936.049,7612.224,40263680,true,gpu_nvme_kernel,,1,16
Tutti-deployed,16,0.3,9830,4096,256,105,2922,7524.392,40263680,true,gpu_nvme_kernel,,1,16
Tutti-deployed,16,0.3,9830,4096,256,106,2912.424,7632.547,40263680,true,gpu_nvme_kernel,,1,16
Tutti-deployed,16,0.3,9830,4096,256,107,2909.421,7496.842,40263680,true,gpu_nvme_kernel,,1,16
Tutti-deployed,16,0.3,9830,4096,256,108,2942.375,7552.013,40263680,true,gpu_nvme_kernel,,1,16
Tutti-deployed,16,0.3,9830,4096,256,109,2949.083,7650.917,40263680,true,gpu_nvme_kernel,,1,16
Tutti-deployed,16,0.3,9830,4096,256,110,2929.849,7548.713,40263680,true,gpu_nvme_kernel,,1,16
Tutti-deployed,16,0.3,9830,4096,256,111,2933.527,7419.984,40263680,true,gpu_nvme_kernel,,1,16
Tutti-deployed,16,0.3,9830,4096,256,112,2919.342,7536.963,40263680,true,gpu_nvme_kernel,,1,16
Tutti-deployed,16,0.3,9830,4096,256,113,2920.463,7730.124,40263680,true,gpu_nvme_kernel,,1,16
Tutti-deployed,16,0.3,9830,4096,256,114,2908.814,7548.719,40263680,true,gpu_nvme_kernel,,1,16
Tutti-deployed,16,0.3,9830,4096,256,115,2921.17,7521.924,40263680,true,gpu_nvme_kernel,,1,16
Tutti-deployed,16,0.3,9830,4096,256,116,2914.69,7443.493,40263680,true,gpu_nvme_kernel,,1,16
Tutti-deployed,16,0.3,9830,4096,256,117,2932.355,7621.604,40263680,true,gpu_nvme_kernel,,1,16
Tutti-deployed,16,0.3,9830,4096,256,118,2934.007,7542.029,40263680,true,gpu_nvme_kernel,,1,16
Tutti-deployed,16,0.3,9830,4096,256,119,2921.463,7539.348,40263680,true,gpu_nvme_kernel,,1,16
Tutti-deployed,16,0.3,9830,4096,256,120,2900.008,7479.878,40263680,true,gpu_nvme_kernel,,1,16
Tutti-deployed,16,0.3,9830,4096,256,121,2917.62,7698.119,40263680,true,gpu_nvme_kernel,,1,16
Tutti-deployed,16,0.3,9830,4096,256,122,2906.63,7526.555,40263680,true,gpu_nvme_kernel,,1,16
Tutti-deployed,16,0.3,9830,4096,256,123,2904.203,7469.093,40263680,true,gpu_nvme_kernel,,1,16
Tutti-deployed,16,0.3,9830,4096,256,124,2918.864,7513.033,40263680,true,gpu_nvme_kernel,,1,16
Tutti-deployed,16,0.3,9830,4096,256,125,2920.043,7494.464,40263680,true,gpu_nvme_kernel,,1,16
Tutti-deployed,16,0.3,9830,4096,256,126,2908.113,7746.308,40263680,true,gpu_nvme_kernel,,1,16
Tutti-deployed,16,0.3,9830,4096,256,127,2918.352,7419.619,40263680,true,gpu_nvme_kernel,,1,16
Tutti-deployed,16,0.3,9830,4096,256,128,2916.411,7492.784,40263680,true,gpu_nvme_kernel,,1,16
Tutti-deployed,16,0.3,9830,4096,256,129,2906.578,7419.656,40263680,true,gpu_nvme_kernel,,1,16
Tutti-deployed,16,0.3,9830,4096,256,130,2930.16,7645.702,40263680,true,gpu_nvme_kernel,,1,16
Tutti-deployed,16,0.3,9830,4096,256,131,2922.945,7589.995,40263680,true,gpu_nvme_kernel,,1,16
Tutti-deployed,16,0.3,9830,4096,256,132,2926.274,7414.163,40263680,true,gpu_nvme_kernel,,1,16
Tutti-deployed,16,0.3,9830,4096,256,133,2925.936,7483.338,40263680,true,gpu_nvme_kernel,,1,16
Tutti-deployed,16,0.3,9830,4096,256,134,2923.13,7488.998,40263680,true,gpu_nvme_kernel,,1,16
Tutti-deployed,16,0.3,9830,4096,256,135,2912.166,7692.899,40263680,true,gpu_nvme_kernel,,1,16
Tutti-deployed,16,0.3,9830,4096,256,136,2902.646,7393.29,40263680,true,gpu_nvme_kernel,,1,16
Tutti-deployed,16,0.3,9830,4096,256,137,2908.949,7575.074,40263680,true,gpu_nvme_kernel,,1,16
Tutti-deployed,16,0.3,9830,4096,256,138,2912.624,7659.902,40263680,true,gpu_nvme_kernel,,1,16
Tutti-deployed,16,0.3,9830,4096,256,139,2911.106,7306.143,40263680,true,gpu_nvme_kernel,,1,16
Tutti-deployed,16,0.3,9830,4096,256,140,2918.846,7671.418,40263680,true,gpu_nvme_kernel,,1,16
Tutti-deployed,16,0.3,9830,4096,256,141,2919.822,7388.086,40263680,true,gpu_nvme_kernel,,1,16
Tutti-deployed,16,0.3,9830,4096,256,142,2908.29,7530.2,40263680,true,gpu_nvme_kernel,,1,16
Tutti-deployed,16,0.3,9830,4096,256,143,2907.216,7523.968,40263680,true,gpu_nvme_kernel,,1,16
Tutti-deployed,16,0.3,9830,4096,256,144,2932.539,7494.711,40263680,true,gpu_nvme_kernel,,1,16
Tutti-deployed,16,0.3,9830,4096,256,145,2922.389,7436.95,40263680,true,gpu_nvme_kernel,,1,16
Tutti-deployed,16,0.3,9830,4096,256,146,2940.787,7578.484,40263680,true,gpu_nvme_kernel,,1,16
Tutti-deployed,16,0.3,9830,4096,256,147,2910.557,7688.453,40263680,true,gpu_nvme_kernel,,1,16
Tutti-deployed,16,0.3,9830,4096,256,148,2941.975,7596.177,40263680,true,gpu_nvme_kernel,,1,16
Tutti-deployed,16,0.3,9830,4096,256,149,2912.599,7588.365,40263680,true,gpu_nvme_kernel,,1,16
Tutti-deployed,16,0.3,9830,4096,256,150,2923.096,7554.779,40263680,true,gpu_nvme_kernel,,1,16
Tutti-deployed,16,0.3,9830,4096,256,151,2921.705,7514.695,40263680,true,gpu_nvme_kernel,,1,16
Tutti-deployed,16,0.3,9830,4096,256,152,2924.564,7759.048,40263680,true,gpu_nvme_kernel,,1,16
Tutti-deployed,16,0.3,9830,4096,256,153,2901.423,7492.442,40263680,true,gpu_nvme_kernel,,1,16
Tutti-deployed,16,0.3,9830,4096,256,154,2917.013,7577.502,40263680,true,gpu_nvme_kernel,,1,16
Tutti-deployed,16,0.3,9830,4096,256,155,2918.944,7573.502,40263680,true,gpu_nvme_kernel,,1,16
Tutti-deployed,16,0.3,9830,4096,256,156,2905.921,7667.034,40263680,true,gpu_nvme_kernel,,1,16
Tutti-deployed,16,0.3,9830,4096,256,157,2927.142,7569.096,40263680,true,gpu_nvme_kernel,,1,16
Tutti-deployed,16,0.3,9830,4096,256,158,3052.607,9995.018,40263680,true,gpu_nvme_kernel,,1,16
Tutti-deployed,16,0.3,9830,4096,256,159,2934.859,7482.447,40263680,true,gpu_nvme_kernel,,1,16
Tutti-deployed,16,0.3,9830,4096,256,160,2930.844,7359.745,40263680,true,gpu_nvme_kernel,,1,16
Tutti-deployed,16,0.3,9830,4096,256,161,2925.702,7517.541,40263680,true,gpu_nvme_kernel,,1,16
Tutti-deployed,16,0.3,9830,4096,256,162,2945.797,7533.469,40263680,true,gpu_nvme_kernel,,1,16
Tutti-deployed,16,0.3,9830,4096,256,163,2912.437,7647.021,40263680,true,gpu_nvme_kernel,,1,16
Tutti-deployed,16,0.3,9830,4096,256,164,2936.979,7408.995,40263680,true,gpu_nvme_kernel,,1,16
Tutti-deployed,16,0.3,9830,4096,256,165,2930.938,7554.39,40263680,true,gpu_nvme_kernel,,1,16
Tutti-deployed,16,0.3,9830,4096,256,166,2927.333,7562.176,40263680,true,gpu_nvme_kernel,,1,16
Tutti-deployed,16,0.3,9830,4096,256,167,2923.967,7522.09,40263680,true,gpu_nvme_kernel,,1,16
Tutti-deployed,16,0.3,9830,4096,256,168,2946.15,7592.712,40263680,true,gpu_nvme_kernel,,1,16
Tutti-deployed,16,0.3,9830,4096,256,169,2913.633,7509.298,40263680,true,gpu_nvme_kernel,,1,16
Tutti-deployed,16,0.3,9830,4096,256,170,2912.51,7535.033,40263680,true,gpu_nvme_kernel,,1,16
Tutti-deployed,16,0.3,9830,4096,256,171,2934.312,7516.223,40263680,true,gpu_nvme_kernel,,1,16
Tutti-deployed,16,0.3,9830,4096,256,172,2931.25,7490.936,40263680,true,gpu_nvme_kernel,,1,16
Tutti-deployed,16,0.3,9830,4096,256,173,2925.302,7387.283,40263680,true,gpu_nvme_kernel,,1,16
Tutti-deployed,16,0.3,9830,4096,256,174,2922.406,7473.392,40263680,true,gpu_nvme_kernel,,1,16
Tutti-deployed,16,0.3,9830,4096,256,175,2928.137,7503.857,40263680,true,gpu_nvme_kernel,,1,16
Tutti-deployed,16,0.3,9830,4096,256,176,2900.282,7376.876,40263680,true,gpu_nvme_kernel,,1,16
Tutti-deployed,16,0.3,9830,4096,256,177,2923.756,7530.306,40263680,true,gpu_nvme_kernel,,1,16
Tutti-deployed,16,0.3,9830,4096,256,178,2935.528,7484.135,40263680,true,gpu_nvme_kernel,,1,16
Tutti-deployed,16,0.3,9830,4096,256,179,2912.083,7578.064,40263680,true,gpu_nvme_kernel,,1,16
Tutti-deployed,16,0.3,9830,4096,256,180,2937.571,7692.038,40263680,true,gpu_nvme_kernel,,1,16
Tutti-deployed,16,0.3,9830,4096,256,181,2920.294,7523.974,40263680,true,gpu_nvme_kernel,,1,16
Tutti-deployed,16,0.3,9830,4096,256,182,2905.033,7391.435,40263680,true,gpu_nvme_kernel,,1,16
Tutti-deployed,16,0.3,9830,4096,256,183,2911.201,7741.161,40263680,true,gpu_nvme_kernel,,1,16
Tutti-deployed,16,0.3,9830,4096,256,184,2934.723,7535.827,40263680,true,gpu_nvme_kernel,,1,16
Tutti-deployed,16,0.3,9830,4096,256,185,2937.043,7578.129,40263680,true,gpu_nvme_kernel,,1,16
Tutti-deployed,16,0.3,9830,4096,256,186,2927.802,7583.779,40263680,true,gpu_nvme_kernel,,1,16
Tutti-deployed,16,0.3,9830,4096,256,187,2902.34,7580.103,40263680,true,gpu_nvme_kernel,,1,16
Tutti-deployed,16,0.3,9830,4096,256,188,2918.807,7568.439,40263680,true,gpu_nvme_kernel,,1,16
Tutti-deployed,16,0.3,9830,4096,256,189,2908.667,7419.227,40263680,true,gpu_nvme_kernel,,1,16
Tutti-deployed,16,0.3,9830,4096,256,190,2926.705,7691.705,40263680,true,gpu_nvme_kernel,,1,16
Tutti-deployed,16,0.3,9830,4096,256,191,2919.697,7545.183,40263680,true,gpu_nvme_kernel,,1,16
Tutti-deployed,16,0.3,9830,4096,256,192,2908.249,7501.426,40263680,true,gpu_nvme_kernel,,1,16
Tutti-deployed,16,0.3,9830,4096,256,193,2916.534,7503.007,40263680,true,gpu_nvme_kernel,,1,16
Tutti-deployed,16,0.3,9830,4096,256,194,2903.028,7391.635,40263680,true,gpu_nvme_kernel,,1,16
Tutti-deployed,16,0.3,9830,4096,256,195,2920.637,7546.578,40263680,true,gpu_nvme_kernel,,1,16
Tutti-deployed,16,0.3,9830,4096,256,196,2888.164,7583.082,40263680,true,gpu_nvme_kernel,,1,16
Tutti-deployed,16,0.3,9830,4096,256,197,2937.851,7526.965,40263680,true,gpu_nvme_kernel,,1,16
Tutti-deployed,16,0.3,9830,4096,256,198,2926.114,7525.162,40263680,true,gpu_nvme_kernel,,1,16
Tutti-deployed,16,0.3,9830,4096,256,199,2907.203,7345.78,40263680,true,gpu_nvme_kernel,,1,16
Tutti-deployed,16,0.3,9830,4096,256,0,2915.037,7608.165,40263680,true,gpu_nvme_kernel,,3,16
Tutti-deployed,64,0.067,8782,4096,256,0,2611.416,6641.095,35971072,true,gpu_nvme_kernel,,2,16
Tutti-deployed,64,0.067,8782,4096,256,0,2606.429,6745.615,35971072,true,gpu_nvme_kernel,,0,16
Tutti-deployed,64,0.067,8782,4096,256,1,2584.118,6886.016,35971072,true,gpu_nvme_kernel,,0,16
Tutti-deployed,64,0.067,8782,4096,256,2,2603.407,6865.062,35971072,true,gpu_nvme_kernel,,0,16
Tutti-deployed,64,0.067,8782,4096,256,3,2585.662,6736.151,35971072,true,gpu_nvme_kernel,,0,16
Tutti-deployed,64,0.067,8782,4096,256,4,2620.001,6683.018,35971072,true,gpu_nvme_kernel,,0,16
Tutti-deployed,64,0.067,8782,4096,256,5,2593.503,6665.02,35971072,true,gpu_nvme_kernel,,0,16
Tutti-deployed,64,0.067,8782,4096,256,6,2611.858,6637.426,35971072,true,gpu_nvme_kernel,,0,16
Tutti-deployed,64,0.067,8782,4096,256,7,2608.686,6648.779,35971072,true,gpu_nvme_kernel,,0,16
Tutti-deployed,64,0.067,8782,4096,256,8,2584.041,6725.693,35971072,true,gpu_nvme_kernel,,0,16
Tutti-deployed,64,0.067,8782,4096,256,9,2600.787,6763.132,35971072,true,gpu_nvme_kernel,,0,16
Tutti-deployed,64,0.067,8782,4096,256,0,2607.767,6754.963,35971072,true,gpu_nvme_kernel,,1,16
Tutti-deployed,64,0.067,8782,4096,256,1,2613.716,6763.491,35971072,true,gpu_nvme_kernel,,1,16
Tutti-deployed,64,0.067,8782,4096,256,2,2605.447,6692.152,35971072,true,gpu_nvme_kernel,,1,16
Tutti-deployed,64,0.067,8782,4096,256,3,2600.744,6832.29,35971072,true,gpu_nvme_kernel,,1,16
Tutti-deployed,64,0.067,8782,4096,256,4,2586.77,6909.376,35971072,true,gpu_nvme_kernel,,1,16
Tutti-deployed,64,0.067,8782,4096,256,5,2603.57,6752.792,35971072,true,gpu_nvme_kernel,,1,16
Tutti-deployed,64,0.067,8782,4096,256,6,2585.484,6875.485,35971072,true,gpu_nvme_kernel,,1,16
Tutti-deployed,64,0.067,8782,4096,256,7,2628.176,6752.924,35971072,true,gpu_nvme_kernel,,1,16
Tutti-deployed,64,0.067,8782,4096,256,8,2618.793,6762.985,35971072,true,gpu_nvme_kernel,,1,16
Tutti-deployed,64,0.067,8782,4096,256,9,2596.411,6701.655,35971072,true,gpu_nvme_kernel,,1,16
Tutti-deployed,64,0.067,8782,4096,256,10,2609.242,6753.555,35971072,true,gpu_nvme_kernel,,1,16
Tutti-deployed,64,0.067,8782,4096,256,11,2605.854,6642.147,35971072,true,gpu_nvme_kernel,,1,16
Tutti-deployed,64,0.067,8782,4096,256,12,2597.715,6806.685,35971072,true,gpu_nvme_kernel,,1,16
Tutti-deployed,64,0.067,8782,4096,256,13,2591.91,6708.284,35971072,true,gpu_nvme_kernel,,1,16
Tutti-deployed,64,0.067,8782,4096,256,14,2629.182,6740.567,35971072,true,gpu_nvme_kernel,,1,16
Tutti-deployed,64,0.067,8782,4096,256,15,2613.275,6768.177,35971072,true,gpu_nvme_kernel,,1,16
Tutti-deployed,64,0.067,8782,4096,256,16,2650.953,6716.844,35971072,true,gpu_nvme_kernel,,1,16
Tutti-deployed,64,0.067,8782,4096,256,17,2612.587,6750.269,35971072,true,gpu_nvme_kernel,,1,16
Tutti-deployed,64,0.067,8782,4096,256,18,2614.131,6699.295,35971072,true,gpu_nvme_kernel,,1,16
Tutti-deployed,64,0.067,8782,4096,256,19,2588.844,6734.43,35971072,true,gpu_nvme_kernel,,1,16
Tutti-deployed,64,0.067,8782,4096,256,20,2599.482,6643.17,35971072,true,gpu_nvme_kernel,,1,16
Tutti-deployed,64,0.067,8782,4096,256,21,2601.415,6824.781,35971072,true,gpu_nvme_kernel,,1,16
Tutti-deployed,64,0.067,8782,4096,256,22,2601.859,6789.237,35971072,true,gpu_nvme_kernel,,1,16
Tutti-deployed,64,0.067,8782,4096,256,23,2604.034,6736.265,35971072,true,gpu_nvme_kernel,,1,16
Tutti-deployed,64,0.067,8782,4096,256,24,2603.602,6697.152,35971072,true,gpu_nvme_kernel,,1,16
Tutti-deployed,64,0.067,8782,4096,256,25,2576.009,6813.676,35971072,true,gpu_nvme_kernel,,1,16
Tutti-deployed,64,0.067,8782,4096,256,26,2587.796,6764.156,35971072,true,gpu_nvme_kernel,,1,16
Tutti-deployed,64,0.067,8782,4096,256,27,2585.897,6636.885,35971072,true,gpu_nvme_kernel,,1,16
Tutti-deployed,64,0.067,8782,4096,256,28,2587.199,6641.65,35971072,true,gpu_nvme_kernel,,1,16
Tutti-deployed,64,0.067,8782,4096,256,29,2610.105,6865.664,35971072,true,gpu_nvme_kernel,,1,16
Tutti-deployed,64,0.067,8782,4096,256,30,2610.974,6759.404,35971072,true,gpu_nvme_kernel,,1,16
Tutti-deployed,64,0.067,8782,4096,256,31,2589.696,6800.554,35971072,true,gpu_nvme_kernel,,1,16
Tutti-deployed,64,0.067,8782,4096,256,32,2594.151,6817.185,35971072,true,gpu_nvme_kernel,,1,16
Tutti-deployed,64,0.067,8782,4096,256,33,2605.964,6557.042,35971072,true,gpu_nvme_kernel,,1,16
Tutti-deployed,64,0.067,8782,4096,256,34,2598.019,6747.947,35971072,true,gpu_nvme_kernel,,1,16
Tutti-deployed,64,0.067,8782,4096,256,35,2614.242,6784.991,35971072,true,gpu_nvme_kernel,,1,16
Tutti-deployed,64,0.067,8782,4096,256,36,2622.611,6829.726,35971072,true,gpu_nvme_kernel,,1,16
Tutti-deployed,64,0.067,8782,4096,256,37,2600.291,6657.404,35971072,true,gpu_nvme_kernel,,1,16
Tutti-deployed,64,0.067,8782,4096,256,38,2599.234,6866.514,35971072,true,gpu_nvme_kernel,,1,16
Tutti-deployed,64,0.067,8782,4096,256,39,2584.897,6638.43,35971072,true,gpu_nvme_kernel,,1,16
Tutti-deployed,64,0.067,8782,4096,256,40,2626.096,6724.784,35971072,true,gpu_nvme_kernel,,1,16
Tutti-deployed,64,0.067,8782,4096,256,41,2605.502,6631.996,35971072,true,gpu_nvme_kernel,,1,16
Tutti-deployed,64,0.067,8782,4096,256,42,2600.573,6745.667,35971072,true,gpu_nvme_kernel,,1,16
Tutti-deployed,64,0.067,8782,4096,256,43,2606.943,6691.86,35971072,true,gpu_nvme_kernel,,1,16
Tutti-deployed,64,0.067,8782,4096,256,44,2609.915,6800.708,35971072,true,gpu_nvme_kernel,,1,16
Tutti-deployed,64,0.067,8782,4096,256,45,2604.994,6798.152,35971072,true,gpu_nvme_kernel,,1,16
Tutti-deployed,64,0.067,8782,4096,256,46,2594.017,6737.414,35971072,true,gpu_nvme_kernel,,1,16
Tutti-deployed,64,0.067,8782,4096,256,47,2595.396,6556.559,35971072,true,gpu_nvme_kernel,,1,16
Tutti-deployed,64,0.067,8782,4096,256,48,2611.189,6709.243,35971072,true,gpu_nvme_kernel,,1,16
Tutti-deployed,64,0.067,8782,4096,256,49,2612.606,6819.135,35971072,true,gpu_nvme_kernel,,1,16
Tutti-deployed,64,0.067,8782,4096,256,50,2611.031,6703.551,35971072,true,gpu_nvme_kernel,,1,16
Tutti-deployed,64,0.067,8782,4096,256,51,2598.631,6741.262,35971072,true,gpu_nvme_kernel,,1,16
Tutti-deployed,64,0.067,8782,4096,256,52,2608.332,6703.036,35971072,true,gpu_nvme_kernel,,1,16
Tutti-deployed,64,0.067,8782,4096,256,53,2609.302,6774.391,35971072,true,gpu_nvme_kernel,,1,16
Tutti-deployed,64,0.067,8782,4096,256,54,2599.581,6687.828,35971072,true,gpu_nvme_kernel,,1,16
Tutti-deployed,64,0.067,8782,4096,256,55,2613.978,6783.201,35971072,true,gpu_nvme_kernel,,1,16
Tutti-deployed,64,0.067,8782,4096,256,56,2628.849,6663.196,35971072,true,gpu_nvme_kernel,,1,16
Tutti-deployed,64,0.067,8782,4096,256,57,2605.38,6733.681,35971072,true,gpu_nvme_kernel,,1,16
Tutti-deployed,64,0.067,8782,4096,256,58,2605.91,6655.632,35971072,true,gpu_nvme_kernel,,1,16
Tutti-deployed,64,0.067,8782,4096,256,59,2618.843,6678.304,35971072,true,gpu_nvme_kernel,,1,16
Tutti-deployed,64,0.067,8782,4096,256,60,2618.1,6680.3,35971072,true,gpu_nvme_kernel,,1,16
Tutti-deployed,64,0.067,8782,4096,256,61,2605.783,6662.68,35971072,true,gpu_nvme_kernel,,1,16
Tutti-deployed,64,0.067,8782,4096,256,62,2599.437,6647.887,35971072,true,gpu_nvme_kernel,,1,16
Tutti-deployed,64,0.067,8782,4096,256,63,2609.307,6603.64,35971072,true,gpu_nvme_kernel,,1,16
Tutti-deployed,64,0.067,8782,4096,256,64,2584.63,6581.929,35971072,true,gpu_nvme_kernel,,1,16
Tutti-deployed,64,0.067,8782,4096,256,65,2584.243,6617.087,35971072,true,gpu_nvme_kernel,,1,16
Tutti-deployed,64,0.067,8782,4096,256,66,2611.338,6929.775,35971072,true,gpu_nvme_kernel,,1,16
Tutti-deployed,64,0.067,8782,4096,256,67,2621.993,6764.833,35971072,true,gpu_nvme_kernel,,1,16
Tutti-deployed,64,0.067,8782,4096,256,68,2614.941,6605.02,35971072,true,gpu_nvme_kernel,,1,16
Tutti-deployed,64,0.067,8782,4096,256,69,2603.076,6775.427,35971072,true,gpu_nvme_kernel,,1,16
Tutti-deployed,64,0.067,8782,4096,256,70,2608.168,6707.422,35971072,true,gpu_nvme_kernel,,1,16
Tutti-deployed,64,0.067,8782,4096,256,71,2607.234,6796.139,35971072,true,gpu_nvme_kernel,,1,16
Tutti-deployed,64,0.067,8782,4096,256,72,2613.707,6918.022,35971072,true,gpu_nvme_kernel,,1,16
Tutti-deployed,64,0.067,8782,4096,256,73,2586.888,6654.752,35971072,true,gpu_nvme_kernel,,1,16
Tutti-deployed,64,0.067,8782,4096,256,74,2644.184,6611.416,35971072,true,gpu_nvme_kernel,,1,16
Tutti-deployed,64,0.067,8782,4096,256,75,2605.592,6710.392,35971072,true,gpu_nvme_kernel,,1,16
Tutti-deployed,64,0.067,8782,4096,256,76,2610.044,6810.949,35971072,true,gpu_nvme_kernel,,1,16
Tutti-deployed,64,0.067,8782,4096,256,77,2588.747,6758.506,35971072,true,gpu_nvme_kernel,,1,16
Tutti-deployed,64,0.067,8782,4096,256,78,2607.033,6741.742,35971072,true,gpu_nvme_kernel,,1,16
Tutti-deployed,64,0.067,8782,4096,256,79,2596.334,6570.581,35971072,true,gpu_nvme_kernel,,1,16
Tutti-deployed,64,0.067,8782,4096,256,80,2588.538,6856.053,35971072,true,gpu_nvme_kernel,,1,16
Tutti-deployed,64,0.067,8782,4096,256,81,2606.251,6778.571,35971072,true,gpu_nvme_kernel,,1,16
Tutti-deployed,64,0.067,8782,4096,256,82,2603.843,6759.229,35971072,true,gpu_nvme_kernel,,1,16
Tutti-deployed,64,0.067,8782,4096,256,83,2598.61,6974.835,35971072,true,gpu_nvme_kernel,,1,16
Tutti-deployed,64,0.067,8782,4096,256,84,2598.429,6838.045,35971072,true,gpu_nvme_kernel,,1,16
Tutti-deployed,64,0.067,8782,4096,256,85,2607.626,6622.92,35971072,true,gpu_nvme_kernel,,1,16
Tutti-deployed,64,0.067,8782,4096,256,86,2605.523,6619.507,35971072,true,gpu_nvme_kernel,,1,16
Tutti-deployed,64,0.067,8782,4096,256,87,2608.627,6709.215,35971072,true,gpu_nvme_kernel,,1,16
Tutti-deployed,64,0.067,8782,4096,256,88,2586.224,6714.219,35971072,true,gpu_nvme_kernel,,1,16
Tutti-deployed,64,0.067,8782,4096,256,89,2598.06,6703.359,35971072,true,gpu_nvme_kernel,,1,16
Tutti-deployed,64,0.067,8782,4096,256,90,2611.434,6713.666,35971072,true,gpu_nvme_kernel,,1,16
Tutti-deployed,64,0.067,8782,4096,256,91,2606.173,6875.772,35971072,true,gpu_nvme_kernel,,1,16
Tutti-deployed,64,0.067,8782,4096,256,92,2590.566,6735.377,35971072,true,gpu_nvme_kernel,,1,16
Tutti-deployed,64,0.067,8782,4096,256,93,2611.375,6708.113,35971072,true,gpu_nvme_kernel,,1,16
Tutti-deployed,64,0.067,8782,4096,256,94,2604.976,6697.578,35971072,true,gpu_nvme_kernel,,1,16
Tutti-deployed,64,0.067,8782,4096,256,95,2590.302,6753.691,35971072,true,gpu_nvme_kernel,,1,16
Tutti-deployed,64,0.067,8782,4096,256,96,2620.886,6729.187,35971072,true,gpu_nvme_kernel,,1,16
Tutti-deployed,64,0.067,8782,4096,256,97,2614.84,6760.703,35971072,true,gpu_nvme_kernel,,1,16
Tutti-deployed,64,0.067,8782,4096,256,98,2620.351,6627.439,35971072,true,gpu_nvme_kernel,,1,16
Tutti-deployed,64,0.067,8782,4096,256,99,2600.472,6748.911,35971072,true,gpu_nvme_kernel,,1,16
Tutti-deployed,64,0.067,8782,4096,256,100,2595.529,6696.689,35971072,true,gpu_nvme_kernel,,1,16
Tutti-deployed,64,0.067,8782,4096,256,101,2606.908,6646.79,35971072,true,gpu_nvme_kernel,,1,16
Tutti-deployed,64,0.067,8782,4096,256,102,2609.623,6666.105,35971072,true,gpu_nvme_kernel,,1,16
Tutti-deployed,64,0.067,8782,4096,256,103,2614.913,6828.796,35971072,true,gpu_nvme_kernel,,1,16
Tutti-deployed,64,0.067,8782,4096,256,104,3483.496,6824.246,35971072,true,gpu_nvme_kernel,,1,16
Tutti-deployed,64,0.067,8782,4096,256,105,3015.425,6684.157,35971072,true,gpu_nvme_kernel,,1,16
Tutti-deployed,64,0.067,8782,4096,256,106,3011.723,6758.387,35971072,true,gpu_nvme_kernel,,1,16
Tutti-deployed,64,0.067,8782,4096,256,107,3017.225,6833.887,35971072,true,gpu_nvme_kernel,,1,16
Tutti-deployed,64,0.067,8782,4096,256,108,2979.375,6747.502,35971072,true,gpu_nvme_kernel,,1,16
Tutti-deployed,64,0.067,8782,4096,256,109,3002.644,6894.741,35971072,true,gpu_nvme_kernel,,1,16
Tutti-deployed,64,0.067,8782,4096,256,110,2986.045,6798.787,35971072,true,gpu_nvme_kernel,,1,16
Tutti-deployed,64,0.067,8782,4096,256,111,3014.938,6705.854,35971072,true,gpu_nvme_kernel,,1,16
Tutti-deployed,64,0.067,8782,4096,256,112,3002.003,6823.391,35971072,true,gpu_nvme_kernel,,1,16
Tutti-deployed,64,0.067,8782,4096,256,113,2991.955,6668.033,35971072,true,gpu_nvme_kernel,,1,16
Tutti-deployed,64,0.067,8782,4096,256,114,2985.164,6928.338,35971072,true,gpu_nvme_kernel,,1,16
Tutti-deployed,64,0.067,8782,4096,256,115,2976.856,6901.18,35971072,true,gpu_nvme_kernel,,1,16
Tutti-deployed,64,0.067,8782,4096,256,116,2986.25,6891.421,35971072,true,gpu_nvme_kernel,,1,16
Tutti-deployed,64,0.067,8782,4096,256,117,2995.367,6677.419,35971072,true,gpu_nvme_kernel,,1,16
Tutti-deployed,64,0.067,8782,4096,256,118,3012.019,6892.597,35971072,true,gpu_nvme_kernel,,1,16
Tutti-deployed,64,0.067,8782,4096,256,119,3018.863,6735.855,35971072,true,gpu_nvme_kernel,,1,16
Tutti-deployed,64,0.067,8782,4096,256,120,2996.128,6849.99,35971072,true,gpu_nvme_kernel,,1,16
Tutti-deployed,64,0.067,8782,4096,256,121,3019.255,6706.889,35971072,true,gpu_nvme_kernel,,1,16
Tutti-deployed,64,0.067,8782,4096,256,122,2995.145,7056.14,35971072,true,gpu_nvme_kernel,,1,16
Tutti-deployed,64,0.067,8782,4096,256,123,3024.724,6745.135,35971072,true,gpu_nvme_kernel,,1,16
Tutti-deployed,64,0.067,8782,4096,256,124,3008.844,6843.176,35971072,true,gpu_nvme_kernel,,1,16
Tutti-deployed,64,0.067,8782,4096,256,125,3009.713,6795.739,35971072,true,gpu_nvme_kernel,,1,16
Tutti-deployed,64,0.067,8782,4096,256,126,3005.12,7597.018,35971072,true,gpu_nvme_kernel,,1,16
Tutti-deployed,64,0.067,8782,4096,256,127,3010.03,6685.944,35971072,true,gpu_nvme_kernel,,1,16
Tutti-deployed,64,0.067,8782,4096,256,128,2989.215,6711.622,35971072,true,gpu_nvme_kernel,,1,16
Tutti-deployed,64,0.067,8782,4096,256,129,2996.864,6731.159,35971072,true,gpu_nvme_kernel,,1,16
Tutti-deployed,64,0.067,8782,4096,256,130,3015.041,6731.943,35971072,true,gpu_nvme_kernel,,1,16
Tutti-deployed,64,0.067,8782,4096,256,131,3001.484,6835.3,35971072,true,gpu_nvme_kernel,,1,16
Tutti-deployed,64,0.067,8782,4096,256,132,2978.395,6757.373,35971072,true,gpu_nvme_kernel,,1,16
Tutti-deployed,64,0.067,8782,4096,256,133,3009.167,6764.26,35971072,true,gpu_nvme_kernel,,1,16
Tutti-deployed,64,0.067,8782,4096,256,134,3012.369,6772.496,35971072,true,gpu_nvme_kernel,,1,16
Tutti-deployed,64,0.067,8782,4096,256,135,3002.469,6832.563,35971072,true,gpu_nvme_kernel,,1,16
Tutti-deployed,64,0.067,8782,4096,256,136,2992.929,6728.373,35971072,true,gpu_nvme_kernel,,1,16
Tutti-deployed,64,0.067,8782,4096,256,137,3003.463,6800.366,35971072,true,gpu_nvme_kernel,,1,16
Tutti-deployed,64,0.067,8782,4096,256,138,2990.279,7062.398,35971072,true,gpu_nvme_kernel,,1,16
Tutti-deployed,64,0.067,8782,4096,256,139,3004.995,6937.368,35971072,true,gpu_nvme_kernel,,1,16
Tutti-deployed,64,0.067,8782,4096,256,140,3001.239,6814.666,35971072,true,gpu_nvme_kernel,,1,16
Tutti-deployed,64,0.067,8782,4096,256,141,3037.683,6840.605,35971072,true,gpu_nvme_kernel,,1,16
Tutti-deployed,64,0.067,8782,4096,256,142,2989.464,6670.763,35971072,true,gpu_nvme_kernel,,1,16
Tutti-deployed,64,0.067,8782,4096,256,143,3019.427,6582.023,35971072,true,gpu_nvme_kernel,,1,16
Tutti-deployed,64,0.067,8782,4096,256,144,3000.413,6643.973,35971072,true,gpu_nvme_kernel,,1,16
Tutti-deployed,64,0.067,8782,4096,256,145,3001.338,6886.053,35971072,true,gpu_nvme_kernel,,1,16
Tutti-deployed,64,0.067,8782,4096,256,146,3013.341,6856.375,35971072,true,gpu_nvme_kernel,,1,16
Tutti-deployed,64,0.067,8782,4096,256,147,2996.229,6866.887,35971072,true,gpu_nvme_kernel,,1,16
Tutti-deployed,64,0.067,8782,4096,256,148,2996.849,6609.734,35971072,true,gpu_nvme_kernel,,1,16
Tutti-deployed,64,0.067,8782,4096,256,149,3014.19,6725.197,35971072,true,gpu_nvme_kernel,,1,16
Tutti-deployed,64,0.067,8782,4096,256,150,2994.225,6743.744,35971072,true,gpu_nvme_kernel,,1,16
Tutti-deployed,64,0.067,8782,4096,256,151,3000.71,6711.164,35971072,true,gpu_nvme_kernel,,1,16
Tutti-deployed,64,0.067,8782,4096,256,152,3006.355,6971.933,35971072,true,gpu_nvme_kernel,,1,16
Tutti-deployed,64,0.067,8782,4096,256,153,3008.945,6782.117,35971072,true,gpu_nvme_kernel,,1,16
Tutti-deployed,64,0.067,8782,4096,256,154,3012.906,6868.373,35971072,true,gpu_nvme_kernel,,1,16
Tutti-deployed,64,0.067,8782,4096,256,155,3010.126,6800.431,35971072,true,gpu_nvme_kernel,,1,16
Tutti-deployed,64,0.067,8782,4096,256,156,3019.682,6729.899,35971072,true,gpu_nvme_kernel,,1,16
Tutti-deployed,64,0.067,8782,4096,256,157,3019.452,6702.883,35971072,true,gpu_nvme_kernel,,1,16
Tutti-deployed,64,0.067,8782,4096,256,158,3009.761,7020.568,35971072,true,gpu_nvme_kernel,,1,16
Tutti-deployed,64,0.067,8782,4096,256,159,3008.461,6692.376,35971072,true,gpu_nvme_kernel,,1,16
Tutti-deployed,64,0.067,8782,4096,256,160,2984.477,6941.501,35971072,true,gpu_nvme_kernel,,1,16
Tutti-deployed,64,0.067,8782,4096,256,161,2986.903,6889.68,35971072,true,gpu_nvme_kernel,,1,16
Tutti-deployed,64,0.067,8782,4096,256,162,2987.959,6916.667,35971072,true,gpu_nvme_kernel,,1,16
Tutti-deployed,64,0.067,8782,4096,256,163,3008.759,6724.534,35971072,true,gpu_nvme_kernel,,1,16
Tutti-deployed,64,0.067,8782,4096,256,164,3018.92,6774.346,35971072,true,gpu_nvme_kernel,,1,16
Tutti-deployed,64,0.067,8782,4096,256,165,2993.802,7017.897,35971072,true,gpu_nvme_kernel,,1,16
Tutti-deployed,64,0.067,8782,4096,256,166,3001.694,6831.391,35971072,true,gpu_nvme_kernel,,1,16
Tutti-deployed,64,0.067,8782,4096,256,167,3004.998,6828.94,35971072,true,gpu_nvme_kernel,,1,16
Tutti-deployed,64,0.067,8782,4096,256,168,2992.65,6684.133,35971072,true,gpu_nvme_kernel,,1,16
Tutti-deployed,64,0.067,8782,4096,256,169,3004.65,7068.764,35971072,true,gpu_nvme_kernel,,1,16
Tutti-deployed,64,0.067,8782,4096,256,170,2997.87,6944.936,35971072,true,gpu_nvme_kernel,,1,16
Tutti-deployed,64,0.067,8782,4096,256,171,3021.255,6799.279,35971072,true,gpu_nvme_kernel,,1,16
Tutti-deployed,64,0.067,8782,4096,256,172,2999.996,6832.083,35971072,true,gpu_nvme_kernel,,1,16
Tutti-deployed,64,0.067,8782,4096,256,173,2996.826,6656.855,35971072,true,gpu_nvme_kernel,,1,16
Tutti-deployed,64,0.067,8782,4096,256,174,3003.753,6791.377,35971072,true,gpu_nvme_kernel,,1,16
Tutti-deployed,64,0.067,8782,4096,256,175,2993.367,6801.719,35971072,true,gpu_nvme_kernel,,1,16
Tutti-deployed,64,0.067,8782,4096,256,176,3026.186,6794.023,35971072,true,gpu_nvme_kernel,,1,16
Tutti-deployed,64,0.067,8782,4096,256,177,3009.579,6811.805,35971072,true,gpu_nvme_kernel,,1,16
Tutti-deployed,64,0.067,8782,4096,256,178,3015.3,6701.776,35971072,true,gpu_nvme_kernel,,1,16
Tutti-deployed,64,0.067,8782,4096,256,179,3003.678,6721.093,35971072,true,gpu_nvme_kernel,,1,16
Tutti-deployed,64,0.067,8782,4096,256,180,2997.802,6817.639,35971072,true,gpu_nvme_kernel,,1,16
Tutti-deployed,64,0.067,8782,4096,256,181,3007.096,6860.589,35971072,true,gpu_nvme_kernel,,1,16
Tutti-deployed,64,0.067,8782,4096,256,182,2996.169,6759.01,35971072,true,gpu_nvme_kernel,,1,16
Tutti-deployed,64,0.067,8782,4096,256,183,2591.508,6853.701,35971072,true,gpu_nvme_kernel,,1,16
Tutti-deployed,64,0.067,8782,4096,256,184,2596.436,6878.894,35971072,true,gpu_nvme_kernel,,1,16
Tutti-deployed,64,0.067,8782,4096,256,185,2591.818,6736.274,35971072,true,gpu_nvme_kernel,,1,16
Tutti-deployed,64,0.067,8782,4096,256,186,2598.194,6874.902,35971072,true,gpu_nvme_kernel,,1,16
Tutti-deployed,64,0.067,8782,4096,256,187,2580.82,6529.244,35971072,true,gpu_nvme_kernel,,1,16
Tutti-deployed,64,0.067,8782,4096,256,188,2582.347,6777.164,35971072,true,gpu_nvme_kernel,,1,16
Tutti-deployed,64,0.067,8782,4096,256,189,2591.556,6770.869,35971072,true,gpu_nvme_kernel,,1,16
Tutti-deployed,64,0.067,8782,4096,256,190,2604.077,6842.342,35971072,true,gpu_nvme_kernel,,1,16
Tutti-deployed,64,0.067,8782,4096,256,191,2587.824,6681.31,35971072,true,gpu_nvme_kernel,,1,16
Tutti-deployed,64,0.067,8782,4096,256,192,2593.51,6649.18,35971072,true,gpu_nvme_kernel,,1,16
Tutti-deployed,64,0.067,8782,4096,256,193,2607.715,6766.731,35971072,true,gpu_nvme_kernel,,1,16
Tutti-deployed,64,0.067,8782,4096,256,194,2598.099,6739.302,35971072,true,gpu_nvme_kernel,,1,16
Tutti-deployed,64,0.067,8782,4096,256,195,2574.073,6849.358,35971072,true,gpu_nvme_kernel,,1,16
Tutti-deployed,64,0.067,8782,4096,256,196,2588.604,6796.995,35971072,true,gpu_nvme_kernel,,1,16
Tutti-deployed,64,0.067,8782,4096,256,197,2590.461,6806.998,35971072,true,gpu_nvme_kernel,,1,16
Tutti-deployed,64,0.067,8782,4096,256,198,2568.281,6799.756,35971072,true,gpu_nvme_kernel,,1,16
Tutti-deployed,64,0.067,8782,4096,256,199,2571.852,6863.359,35971072,true,gpu_nvme_kernel,,1,16
Tutti-deployed,64,0.067,8782,4096,256,0,2600.571,6737.215,35971072,true,gpu_nvme_kernel,,3,16
Tutti-deployed,64,0.134,17564,4096,256,0,5180.348,13367.922,71942144,true,gpu_nvme_kernel,,2,16
Tutti-deployed,64,0.134,17564,4096,256,0,5157.754,13656.035,71942144,true,gpu_nvme_kernel,,0,16
Tutti-deployed,64,0.134,17564,4096,256,1,5165.479,13426.124,71942144,true,gpu_nvme_kernel,,0,16
Tutti-deployed,64,0.134,17564,4096,256,2,5176.96,13274.897,71942144,true,gpu_nvme_kernel,,0,16
Tutti-deployed,64,0.134,17564,4096,256,3,5152.645,13394.965,71942144,true,gpu_nvme_kernel,,0,16
Tutti-deployed,64,0.134,17564,4096,256,4,5171.901,13391.353,71942144,true,gpu_nvme_kernel,,0,16
Tutti-deployed,64,0.134,17564,4096,256,5,5163.119,13347.21,71942144,true,gpu_nvme_kernel,,0,16
Tutti-deployed,64,0.134,17564,4096,256,6,5164.056,13602.568,71942144,true,gpu_nvme_kernel,,0,16
Tutti-deployed,64,0.134,17564,4096,256,7,5184.38,13465.923,71942144,true,gpu_nvme_kernel,,0,16
Tutti-deployed,64,0.134,17564,4096,256,8,5161.1,13268.869,71942144,true,gpu_nvme_kernel,,0,16
Tutti-deployed,64,0.134,17564,4096,256,9,5181.995,13438.11,71942144,true,gpu_nvme_kernel,,0,16
Tutti-deployed,64,0.134,17564,4096,256,0,5172.044,13481.322,71942144,true,gpu_nvme_kernel,,1,16
Tutti-deployed,64,0.134,17564,4096,256,1,5180.641,13502.911,71942144,true,gpu_nvme_kernel,,1,16
Tutti-deployed,64,0.134,17564,4096,256,2,5210.212,13314.529,71942144,true,gpu_nvme_kernel,,1,16
Tutti-deployed,64,0.134,17564,4096,256,3,5159.343,13441.717,71942144,true,gpu_nvme_kernel,,1,16
Tutti-deployed,64,0.134,17564,4096,256,4,5168.76,13301.209,71942144,true,gpu_nvme_kernel,,1,16
Tutti-deployed,64,0.134,17564,4096,256,5,5157.838,13529.822,71942144,true,gpu_nvme_kernel,,1,16
Tutti-deployed,64,0.134,17564,4096,256,6,5178.651,13562.251,71942144,true,gpu_nvme_kernel,,1,16
Tutti-deployed,64,0.134,17564,4096,256,7,5177.639,13422.986,71942144,true,gpu_nvme_kernel,,1,16
Tutti-deployed,64,0.134,17564,4096,256,8,5173.314,13261.414,71942144,true,gpu_nvme_kernel,,1,16
Tutti-deployed,64,0.134,17564,4096,256,9,5163.939,13636.693,71942144,true,gpu_nvme_kernel,,1,16
Tutti-deployed,64,0.134,17564,4096,256,10,5158.786,13524.347,71942144,true,gpu_nvme_kernel,,1,16
Tutti-deployed,64,0.134,17564,4096,256,11,5183.095,13364.375,71942144,true,gpu_nvme_kernel,,1,16
Tutti-deployed,64,0.134,17564,4096,256,12,5180.456,13521.131,71942144,true,gpu_nvme_kernel,,1,16
Tutti-deployed,64,0.134,17564,4096,256,13,5162.135,13357.598,71942144,true,gpu_nvme_kernel,,1,16
Tutti-deployed,64,0.134,17564,4096,256,14,5154.55,13593.132,71942144,true,gpu_nvme_kernel,,1,16
Tutti-deployed,64,0.134,17564,4096,256,15,5181.401,13406.852,71942144,true,gpu_nvme_kernel,,1,16
Tutti-deployed,64,0.134,17564,4096,256,16,5165.189,13411.398,71942144,true,gpu_nvme_kernel,,1,16
Tutti-deployed,64,0.134,17564,4096,256,17,5178.37,13562.295,71942144,true,gpu_nvme_kernel,,1,16
Tutti-deployed,64,0.134,17564,4096,256,18,5173.711,13217.45,71942144,true,gpu_nvme_kernel,,1,16
Tutti-deployed,64,0.134,17564,4096,256,19,5179.794,13214.28,71942144,true,gpu_nvme_kernel,,1,16
Tutti-deployed,64,0.134,17564,4096,256,20,5176.171,13325.201,71942144,true,gpu_nvme_kernel,,1,16
Tutti-deployed,64,0.134,17564,4096,256,21,5156.696,13605.727,71942144,true,gpu_nvme_kernel,,1,16
Tutti-deployed,64,0.134,17564,4096,256,22,5184.085,13395.505,71942144,true,gpu_nvme_kernel,,1,16
Tutti-deployed,64,0.134,17564,4096,256,23,5169.57,13502.98,71942144,true,gpu_nvme_kernel,,1,16
Tutti-deployed,64,0.134,17564,4096,256,24,5165.488,13365.913,71942144,true,gpu_nvme_kernel,,1,16
Tutti-deployed,64,0.134,17564,4096,256,25,5198.014,13500.159,71942144,true,gpu_nvme_kernel,,1,16
Tutti-deployed,64,0.134,17564,4096,256,26,5188.864,13298.763,71942144,true,gpu_nvme_kernel,,1,16
Tutti-deployed,64,0.134,17564,4096,256,27,5186.464,13496.627,71942144,true,gpu_nvme_kernel,,1,16
Tutti-deployed,64,0.134,17564,4096,256,28,5141.289,13443.479,71942144,true,gpu_nvme_kernel,,1,16
Tutti-deployed,64,0.134,17564,4096,256,29,5144.946,13378.648,71942144,true,gpu_nvme_kernel,,1,16
Tutti-deployed,64,0.134,17564,4096,256,30,5187.364,14356.64,71942144,true,gpu_nvme_kernel,,1,16
Tutti-deployed,64,0.134,17564,4096,256,31,5185.503,13490.115,71942144,true,gpu_nvme_kernel,,1,16
Tutti-deployed,64,0.134,17564,4096,256,32,5216.623,13326.144,71942144,true,gpu_nvme_kernel,,1,16
Tutti-deployed,64,0.134,17564,4096,256,33,5176.148,13416.401,71942144,true,gpu_nvme_kernel,,1,16
Tutti-deployed,64,0.134,17564,4096,256,34,5176.244,13469.003,71942144,true,gpu_nvme_kernel,,1,16
Tutti-deployed,64,0.134,17564,4096,256,35,5169.938,13296.125,71942144,true,gpu_nvme_kernel,,1,16
Tutti-deployed,64,0.134,17564,4096,256,36,5224.004,13384.526,71942144,true,gpu_nvme_kernel,,1,16
Tutti-deployed,64,0.134,17564,4096,256,37,5188.406,13296.475,71942144,true,gpu_nvme_kernel,,1,16
Tutti-deployed,64,0.134,17564,4096,256,38,5173.195,13414.663,71942144,true,gpu_nvme_kernel,,1,16
Tutti-deployed,64,0.134,17564,4096,256,39,5166.112,13370.925,71942144,true,gpu_nvme_kernel,,1,16
Tutti-deployed,64,0.134,17564,4096,256,40,5158.508,13285.711,71942144,true,gpu_nvme_kernel,,1,16
Tutti-deployed,64,0.134,17564,4096,256,41,5201.815,13221.391,71942144,true,gpu_nvme_kernel,,1,16
Tutti-deployed,64,0.134,17564,4096,256,42,5212.964,13426.532,71942144,true,gpu_nvme_kernel,,1,16
Tutti-deployed,64,0.134,17564,4096,256,43,5175.44,13284.611,71942144,true,gpu_nvme_kernel,,1,16
Tutti-deployed,64,0.134,17564,4096,256,44,5169.921,13591.56,71942144,true,gpu_nvme_kernel,,1,16
Tutti-deployed,64,0.134,17564,4096,256,45,5160.355,13216.553,71942144,true,gpu_nvme_kernel,,1,16
Tutti-deployed,64,0.134,17564,4096,256,46,5188.193,13657.668,71942144,true,gpu_nvme_kernel,,1,16
Tutti-deployed,64,0.134,17564,4096,256,47,5168.387,13394.432,71942144,true,gpu_nvme_kernel,,1,16
Tutti-deployed,64,0.134,17564,4096,256,48,5181.744,13483.46,71942144,true,gpu_nvme_kernel,,1,16
Tutti-deployed,64,0.134,17564,4096,256,49,5179.313,13450.934,71942144,true,gpu_nvme_kernel,,1,16
Tutti-deployed,64,0.134,17564,4096,256,50,5176.346,13670.776,71942144,true,gpu_nvme_kernel,,1,16
Tutti-deployed,64,0.134,17564,4096,256,51,5184.063,13510.16,71942144,true,gpu_nvme_kernel,,1,16
Tutti-deployed,64,0.134,17564,4096,256,52,5185.723,13332.955,71942144,true,gpu_nvme_kernel,,1,16
Tutti-deployed,64,0.134,17564,4096,256,53,5153.963,13415.385,71942144,true,gpu_nvme_kernel,,1,16
Tutti-deployed,64,0.134,17564,4096,256,54,5162.35,13506.118,71942144,true,gpu_nvme_kernel,,1,16
Tutti-deployed,64,0.134,17564,4096,256,55,5161.581,13284.487,71942144,true,gpu_nvme_kernel,,1,16
Tutti-deployed,64,0.134,17564,4096,256,56,5205.326,13414.197,71942144,true,gpu_nvme_kernel,,1,16
Tutti-deployed,64,0.134,17564,4096,256,57,5175.936,13241.645,71942144,true,gpu_nvme_kernel,,1,16
Tutti-deployed,64,0.134,17564,4096,256,58,5211.084,13425.562,71942144,true,gpu_nvme_kernel,,1,16
Tutti-deployed,64,0.134,17564,4096,256,59,5176.762,13685.3,71942144,true,gpu_nvme_kernel,,1,16
Tutti-deployed,64,0.134,17564,4096,256,60,5158.969,13391.429,71942144,true,gpu_nvme_kernel,,1,16
Tutti-deployed,64,0.134,17564,4096,256,61,5184.227,13329.778,71942144,true,gpu_nvme_kernel,,1,16
Tutti-deployed,64,0.134,17564,4096,256,62,5149.466,13398.069,71942144,true,gpu_nvme_kernel,,1,16
Tutti-deployed,64,0.134,17564,4096,256,63,5156.905,13642.465,71942144,true,gpu_nvme_kernel,,1,16
Tutti-deployed,64,0.134,17564,4096,256,64,5198.469,13441.182,71942144,true,gpu_nvme_kernel,,1,16
Tutti-deployed,64,0.134,17564,4096,256,65,5222.474,13471.712,71942144,true,gpu_nvme_kernel,,1,16
Tutti-deployed,64,0.134,17564,4096,256,66,5144.22,13271.742,71942144,true,gpu_nvme_kernel,,1,16
Tutti-deployed,64,0.134,17564,4096,256,67,5198.749,13457.041,71942144,true,gpu_nvme_kernel,,1,16
Tutti-deployed,64,0.134,17564,4096,256,68,5169.051,13533.796,71942144,true,gpu_nvme_kernel,,1,16
Tutti-deployed,64,0.134,17564,4096,256,69,5167.789,13438.069,71942144,true,gpu_nvme_kernel,,1,16
Tutti-deployed,64,0.134,17564,4096,256,70,5182.875,13370.025,71942144,true,gpu_nvme_kernel,,1,16
Tutti-deployed,64,0.134,17564,4096,256,71,5173.161,13484.96,71942144,true,gpu_nvme_kernel,,1,16
Tutti-deployed,64,0.134,17564,4096,256,72,5195.251,13393.662,71942144,true,gpu_nvme_kernel,,1,16
Tutti-deployed,64,0.134,17564,4096,256,73,5196.494,13370.727,71942144,true,gpu_nvme_kernel,,1,16
Tutti-deployed,64,0.134,17564,4096,256,74,5174.72,13525.592,71942144,true,gpu_nvme_kernel,,1,16
Tutti-deployed,64,0.134,17564,4096,256,75,5189.294,13396.677,71942144,true,gpu_nvme_kernel,,1,16
Tutti-deployed,64,0.134,17564,4096,256,76,5171.966,13258.15,71942144,true,gpu_nvme_kernel,,1,16
Tutti-deployed,64,0.134,17564,4096,256,77,5182.684,13348.459,71942144,true,gpu_nvme_kernel,,1,16
Tutti-deployed,64,0.134,17564,4096,256,78,5202.376,13266.331,71942144,true,gpu_nvme_kernel,,1,16
Tutti-deployed,64,0.134,17564,4096,256,79,5172.815,13274.596,71942144,true,gpu_nvme_kernel,,1,16
Tutti-deployed,64,0.134,17564,4096,256,80,5159.747,13370.34,71942144,true,gpu_nvme_kernel,,1,16
Tutti-deployed,64,0.134,17564,4096,256,81,5154.339,13471.179,71942144,true,gpu_nvme_kernel,,1,16
Tutti-deployed,64,0.134,17564,4096,256,82,5198.051,13273.987,71942144,true,gpu_nvme_kernel,,1,16
Tutti-deployed,64,0.134,17564,4096,256,83,5176.459,13383.74,71942144,true,gpu_nvme_kernel,,1,16
Tutti-deployed,64,0.134,17564,4096,256,84,5185.745,13626.789,71942144,true,gpu_nvme_kernel,,1,16
Tutti-deployed,64,0.134,17564,4096,256,85,5178.877,13560.517,71942144,true,gpu_nvme_kernel,,1,16
Tutti-deployed,64,0.134,17564,4096,256,86,5185.345,13201.326,71942144,true,gpu_nvme_kernel,,1,16
Tutti-deployed,64,0.134,17564,4096,256,87,5199.989,13491.875,71942144,true,gpu_nvme_kernel,,1,16
Tutti-deployed,64,0.134,17564,4096,256,88,5170.576,13596.329,71942144,true,gpu_nvme_kernel,,1,16
Tutti-deployed,64,0.134,17564,4096,256,89,5153.14,13374.505,71942144,true,gpu_nvme_kernel,,1,16
Tutti-deployed,64,0.134,17564,4096,256,90,5166.352,13212.563,71942144,true,gpu_nvme_kernel,,1,16
Tutti-deployed,64,0.134,17564,4096,256,91,5168.114,13419.858,71942144,true,gpu_nvme_kernel,,1,16
Tutti-deployed,64,0.134,17564,4096,256,92,5154.833,13411.272,71942144,true,gpu_nvme_kernel,,1,16
Tutti-deployed,64,0.134,17564,4096,256,93,5171.845,13380.034,71942144,true,gpu_nvme_kernel,,1,16
Tutti-deployed,64,0.134,17564,4096,256,94,5172.176,13325.72,71942144,true,gpu_nvme_kernel,,1,16
Tutti-deployed,64,0.134,17564,4096,256,95,5159.694,13593.051,71942144,true,gpu_nvme_kernel,,1,16
Tutti-deployed,64,0.134,17564,4096,256,96,5170.79,13404.847,71942144,true,gpu_nvme_kernel,,1,16
Tutti-deployed,64,0.134,17564,4096,256,97,5170.778,13603.11,71942144,true,gpu_nvme_kernel,,1,16
Tutti-deployed,64,0.134,17564,4096,256,98,5167.726,13451.075,71942144,true,gpu_nvme_kernel,,1,16
Tutti-deployed,64,0.134,17564,4096,256,99,5182.569,13245.148,71942144,true,gpu_nvme_kernel,,1,16
Tutti-deployed,64,0.134,17564,4096,256,100,5159.356,13463.584,71942144,true,gpu_nvme_kernel,,1,16
Tutti-deployed,64,0.134,17564,4096,256,101,5185.478,13485.104,71942144,true,gpu_nvme_kernel,,1,16
Tutti-deployed,64,0.134,17564,4096,256,102,5156.288,13395.631,71942144,true,gpu_nvme_kernel,,1,16
Tutti-deployed,64,0.134,17564,4096,256,103,5179.883,13290.593,71942144,true,gpu_nvme_kernel,,1,16
Tutti-deployed,64,0.134,17564,4096,256,104,5186.89,13382.484,71942144,true,gpu_nvme_kernel,,1,16
Tutti-deployed,64,0.134,17564,4096,256,105,5160.349,13462.395,71942144,true,gpu_nvme_kernel,,1,16
Tutti-deployed,64,0.134,17564,4096,256,106,5165.548,13558.419,71942144,true,gpu_nvme_kernel,,1,16
Tutti-deployed,64,0.134,17564,4096,256,107,5178.568,13691.372,71942144,true,gpu_nvme_kernel,,1,16
Tutti-deployed,64,0.134,17564,4096,256,108,5183.448,13466.745,71942144,true,gpu_nvme_kernel,,1,16
Tutti-deployed,64,0.134,17564,4096,256,109,5172.792,13426.114,71942144,true,gpu_nvme_kernel,,1,16
Tutti-deployed,64,0.134,17564,4096,256,110,5181.572,13377.298,71942144,true,gpu_nvme_kernel,,1,16
Tutti-deployed,64,0.134,17564,4096,256,111,5177.533,13380.09,71942144,true,gpu_nvme_kernel,,1,16
Tutti-deployed,64,0.134,17564,4096,256,112,5161.067,13555.736,71942144,true,gpu_nvme_kernel,,1,16
Tutti-deployed,64,0.134,17564,4096,256,113,5161.018,13475.021,71942144,true,gpu_nvme_kernel,,1,16
Tutti-deployed,64,0.134,17564,4096,256,114,5166.207,13588.744,71942144,true,gpu_nvme_kernel,,1,16
Tutti-deployed,64,0.134,17564,4096,256,115,5168.42,13395.526,71942144,true,gpu_nvme_kernel,,1,16
Tutti-deployed,64,0.134,17564,4096,256,116,5187.435,13365.31,71942144,true,gpu_nvme_kernel,,1,16
Tutti-deployed,64,0.134,17564,4096,256,117,5180.688,13493.301,71942144,true,gpu_nvme_kernel,,1,16
Tutti-deployed,64,0.134,17564,4096,256,118,5168.994,13606.711,71942144,true,gpu_nvme_kernel,,1,16
Tutti-deployed,64,0.134,17564,4096,256,119,5169.59,13538.978,71942144,true,gpu_nvme_kernel,,1,16
Tutti-deployed,64,0.134,17564,4096,256,120,5142.631,13524.442,71942144,true,gpu_nvme_kernel,,1,16
Tutti-deployed,64,0.134,17564,4096,256,121,5163.564,13488.822,71942144,true,gpu_nvme_kernel,,1,16
Tutti-deployed,64,0.134,17564,4096,256,122,5178.068,13182.899,71942144,true,gpu_nvme_kernel,,1,16
Tutti-deployed,64,0.134,17564,4096,256,123,5159.482,13300.31,71942144,true,gpu_nvme_kernel,,1,16
Tutti-deployed,64,0.134,17564,4096,256,124,5160.153,13451.891,71942144,true,gpu_nvme_kernel,,1,16
Tutti-deployed,64,0.134,17564,4096,256,125,5173.932,13584.969,71942144,true,gpu_nvme_kernel,,1,16
Tutti-deployed,64,0.134,17564,4096,256,126,5139.104,13252.884,71942144,true,gpu_nvme_kernel,,1,16
Tutti-deployed,64,0.134,17564,4096,256,127,5170.051,13373.219,71942144,true,gpu_nvme_kernel,,1,16
Tutti-deployed,64,0.134,17564,4096,256,128,5189.194,13355.079,71942144,true,gpu_nvme_kernel,,1,16
Tutti-deployed,64,0.134,17564,4096,256,129,5169.948,13661.311,71942144,true,gpu_nvme_kernel,,1,16
Tutti-deployed,64,0.134,17564,4096,256,130,5193.272,13706.965,71942144,true,gpu_nvme_kernel,,1,16
Tutti-deployed,64,0.134,17564,4096,256,131,5172.357,13412.262,71942144,true,gpu_nvme_kernel,,1,16
Tutti-deployed,64,0.134,17564,4096,256,132,5174.805,13492.384,71942144,true,gpu_nvme_kernel,,1,16
Tutti-deployed,64,0.134,17564,4096,256,133,5185.587,13420.167,71942144,true,gpu_nvme_kernel,,1,16
Tutti-deployed,64,0.134,17564,4096,256,134,5162.525,13511.019,71942144,true,gpu_nvme_kernel,,1,16
Tutti-deployed,64,0.134,17564,4096,256,135,5190.363,13396.45,71942144,true,gpu_nvme_kernel,,1,16
Tutti-deployed,64,0.134,17564,4096,256,136,5178.099,13428.917,71942144,true,gpu_nvme_kernel,,1,16
Tutti-deployed,64,0.134,17564,4096,256,137,5163.261,13520.724,71942144,true,gpu_nvme_kernel,,1,16
Tutti-deployed,64,0.134,17564,4096,256,138,5182.145,13420.238,71942144,true,gpu_nvme_kernel,,1,16
Tutti-deployed,64,0.134,17564,4096,256,139,5159.774,13519.293,71942144,true,gpu_nvme_kernel,,1,16
Tutti-deployed,64,0.134,17564,4096,256,140,5184.976,13486.015,71942144,true,gpu_nvme_kernel,,1,16
Tutti-deployed,64,0.134,17564,4096,256,141,5175.111,13197.576,71942144,true,gpu_nvme_kernel,,1,16
Tutti-deployed,64,0.134,17564,4096,256,142,5166.686,13460.139,71942144,true,gpu_nvme_kernel,,1,16
Tutti-deployed,64,0.134,17564,4096,256,143,5143.979,13380.397,71942144,true,gpu_nvme_kernel,,1,16
Tutti-deployed,64,0.134,17564,4096,256,144,5173.066,13331.023,71942144,true,gpu_nvme_kernel,,1,16
Tutti-deployed,64,0.134,17564,4096,256,145,5175.503,13362.141,71942144,true,gpu_nvme_kernel,,1,16
Tutti-deployed,64,0.134,17564,4096,256,146,5174.805,13572.599,71942144,true,gpu_nvme_kernel,,1,16
Tutti-deployed,64,0.134,17564,4096,256,147,5175.665,13378.092,71942144,true,gpu_nvme_kernel,,1,16
Tutti-deployed,64,0.134,17564,4096,256,148,5165.445,13271.469,71942144,true,gpu_nvme_kernel,,1,16
Tutti-deployed,64,0.134,17564,4096,256,149,5178.422,13467.66,71942144,true,gpu_nvme_kernel,,1,16
Tutti-deployed,64,0.134,17564,4096,256,150,5158.286,13372.639,71942144,true,gpu_nvme_kernel,,1,16
Tutti-deployed,64,0.134,17564,4096,256,151,5176.551,13280.533,71942144,true,gpu_nvme_kernel,,1,16
Tutti-deployed,64,0.134,17564,4096,256,152,5170.967,13443.381,71942144,true,gpu_nvme_kernel,,1,16
Tutti-deployed,64,0.134,17564,4096,256,153,5166.058,13570.126,71942144,true,gpu_nvme_kernel,,1,16
Tutti-deployed,64,0.134,17564,4096,256,154,5166.171,13692.251,71942144,true,gpu_nvme_kernel,,1,16
Tutti-deployed,64,0.134,17564,4096,256,155,5156.884,13283.381,71942144,true,gpu_nvme_kernel,,1,16
Tutti-deployed,64,0.134,17564,4096,256,156,5193.987,13311.299,71942144,true,gpu_nvme_kernel,,1,16
Tutti-deployed,64,0.134,17564,4096,256,157,5189.043,13344.487,71942144,true,gpu_nvme_kernel,,1,16
Tutti-deployed,64,0.134,17564,4096,256,158,5192.369,13474.191,71942144,true,gpu_nvme_kernel,,1,16
Tutti-deployed,64,0.134,17564,4096,256,159,5158.422,13588.723,71942144,true,gpu_nvme_kernel,,1,16
Tutti-deployed,64,0.134,17564,4096,256,160,5169.093,13274.646,71942144,true,gpu_nvme_kernel,,1,16
Tutti-deployed,64,0.134,17564,4096,256,161,5162.584,13277.699,71942144,true,gpu_nvme_kernel,,1,16
Tutti-deployed,64,0.134,17564,4096,256,162,5165.236,13256.81,71942144,true,gpu_nvme_kernel,,1,16
Tutti-deployed,64,0.134,17564,4096,256,163,5162.846,13253.463,71942144,true,gpu_nvme_kernel,,1,16
Tutti-deployed,64,0.134,17564,4096,256,164,5160.601,13369.161,71942144,true,gpu_nvme_kernel,,1,16
Tutti-deployed,64,0.134,17564,4096,256,165,5182.965,13673.824,71942144,true,gpu_nvme_kernel,,1,16
Tutti-deployed,64,0.134,17564,4096,256,166,5159.157,13642.806,71942144,true,gpu_nvme_kernel,,1,16
Tutti-deployed,64,0.134,17564,4096,256,167,5186.884,13419.36,71942144,true,gpu_nvme_kernel,,1,16
Tutti-deployed,64,0.134,17564,4096,256,168,5151.254,13382.149,71942144,true,gpu_nvme_kernel,,1,16
Tutti-deployed,64,0.134,17564,4096,256,169,5181.051,13333.415,71942144,true,gpu_nvme_kernel,,1,16
Tutti-deployed,64,0.134,17564,4096,256,170,5164.65,13524.877,71942144,true,gpu_nvme_kernel,,1,16
Tutti-deployed,64,0.134,17564,4096,256,171,5181.815,13391.828,71942144,true,gpu_nvme_kernel,,1,16
Tutti-deployed,64,0.134,17564,4096,256,172,5176.331,13392.697,71942144,true,gpu_nvme_kernel,,1,16
Tutti-deployed,64,0.134,17564,4096,256,173,5180.809,13254.152,71942144,true,gpu_nvme_kernel,,1,16
Tutti-deployed,64,0.134,17564,4096,256,174,5189.035,13484.053,71942144,true,gpu_nvme_kernel,,1,16
Tutti-deployed,64,0.134,17564,4096,256,175,5173.516,13363.174,71942144,true,gpu_nvme_kernel,,1,16
Tutti-deployed,64,0.134,17564,4096,256,176,5183.894,13345.01,71942144,true,gpu_nvme_kernel,,1,16
Tutti-deployed,64,0.134,17564,4096,256,177,5160.071,13430.826,71942144,true,gpu_nvme_kernel,,1,16
Tutti-deployed,64,0.134,17564,4096,256,178,5179.965,13273.424,71942144,true,gpu_nvme_kernel,,1,16
Tutti-deployed,64,0.134,17564,4096,256,179,5170.582,13212.19,71942144,true,gpu_nvme_kernel,,1,16
Tutti-deployed,64,0.134,17564,4096,256,180,5199.429,13381.058,71942144,true,gpu_nvme_kernel,,1,16
Tutti-deployed,64,0.134,17564,4096,256,181,5175.419,13419.721,71942144,true,gpu_nvme_kernel,,1,16
Tutti-deployed,64,0.134,17564,4096,256,182,5167.167,13642.452,71942144,true,gpu_nvme_kernel,,1,16
Tutti-deployed,64,0.134,17564,4096,256,183,5157.021,13473.219,71942144,true,gpu_nvme_kernel,,1,16
Tutti-deployed,64,0.134,17564,4096,256,184,5163.523,13264.112,71942144,true,gpu_nvme_kernel,,1,16
Tutti-deployed,64,0.134,17564,4096,256,185,5163.192,13404.48,71942144,true,gpu_nvme_kernel,,1,16
Tutti-deployed,64,0.134,17564,4096,256,186,5160.969,13640.79,71942144,true,gpu_nvme_kernel,,1,16
Tutti-deployed,64,0.134,17564,4096,256,187,5176.293,13681.536,71942144,true,gpu_nvme_kernel,,1,16
Tutti-deployed,64,0.134,17564,4096,256,188,5172.101,13311.174,71942144,true,gpu_nvme_kernel,,1,16
Tutti-deployed,64,0.134,17564,4096,256,189,5163.926,13422.727,71942144,true,gpu_nvme_kernel,,1,16
Tutti-deployed,64,0.134,17564,4096,256,190,5175.262,13368.141,71942144,true,gpu_nvme_kernel,,1,16
Tutti-deployed,64,0.134,17564,4096,256,191,5159.466,13685.696,71942144,true,gpu_nvme_kernel,,1,16
Tutti-deployed,64,0.134,17564,4096,256,192,5171.969,13467.935,71942144,true,gpu_nvme_kernel,,1,16
Tutti-deployed,64,0.134,17564,4096,256,193,5169.233,13271.972,71942144,true,gpu_nvme_kernel,,1,16
Tutti-deployed,64,0.134,17564,4096,256,194,5182.2,13222.255,71942144,true,gpu_nvme_kernel,,1,16
Tutti-deployed,64,0.134,17564,4096,256,195,5198.064,13375.955,71942144,true,gpu_nvme_kernel,,1,16
Tutti-deployed,64,0.134,17564,4096,256,196,5160.662,13354.233,71942144,true,gpu_nvme_kernel,,1,16
Tutti-deployed,64,0.134,17564,4096,256,197,5183.925,13200.857,71942144,true,gpu_nvme_kernel,,1,16
Tutti-deployed,64,0.134,17564,4096,256,198,5170.881,13365.795,71942144,true,gpu_nvme_kernel,,1,16
Tutti-deployed,64,0.134,17564,4096,256,199,5172.27,13321.641,71942144,true,gpu_nvme_kernel,,1,16
Tutti-deployed,64,0.134,17564,4096,256,0,5190.937,13431.14,71942144,true,gpu_nvme_kernel,,3,16
Tutti-deployed,64,0.3,39322,4096,256,0,11568.111,29905.253,161062912,true,gpu_nvme_kernel,,2,16
Tutti-deployed,64,0.3,39322,4096,256,0,11582.28,29837.019,161062912,true,gpu_nvme_kernel,,0,16
Tutti-deployed,64,0.3,39322,4096,256,1,11597.999,29873.114,161062912,true,gpu_nvme_kernel,,0,16
Tutti-deployed,64,0.3,39322,4096,256,2,11587.296,29585.864,161062912,true,gpu_nvme_kernel,,0,16
Tutti-deployed,64,0.3,39322,4096,256,3,11574.87,29739.157,161062912,true,gpu_nvme_kernel,,0,16
Tutti-deployed,64,0.3,39322,4096,256,4,11528.976,29850.977,161062912,true,gpu_nvme_kernel,,0,16
Tutti-deployed,64,0.3,39322,4096,256,5,11548.138,30270.032,161062912,true,gpu_nvme_kernel,,0,16
Tutti-deployed,64,0.3,39322,4096,256,6,11557.933,29863.021,161062912,true,gpu_nvme_kernel,,0,16
Tutti-deployed,64,0.3,39322,4096,256,7,11551.816,29796.211,161062912,true,gpu_nvme_kernel,,0,16
Tutti-deployed,64,0.3,39322,4096,256,8,11588.524,29829.944,161062912,true,gpu_nvme_kernel,,0,16
Tutti-deployed,64,0.3,39322,4096,256,9,11538.609,30338.749,161062912,true,gpu_nvme_kernel,,0,16
Tutti-deployed,64,0.3,39322,4096,256,0,11536.481,29334.546,161062912,true,gpu_nvme_kernel,,1,16
Tutti-deployed,64,0.3,39322,4096,256,1,11588.514,29947.228,161062912,true,gpu_nvme_kernel,,1,16
Tutti-deployed,64,0.3,39322,4096,256,2,11581.817,29752.886,161062912,true,gpu_nvme_kernel,,1,16
Tutti-deployed,64,0.3,39322,4096,256,3,11594.532,29612.113,161062912,true,gpu_nvme_kernel,,1,16
Tutti-deployed,64,0.3,39322,4096,256,4,11582.956,29697.28,161062912,true,gpu_nvme_kernel,,1,16
Tutti-deployed,64,0.3,39322,4096,256,5,11546.682,29750.984,161062912,true,gpu_nvme_kernel,,1,16
Tutti-deployed,64,0.3,39322,4096,256,6,11623.17,29889.296,161062912,true,gpu_nvme_kernel,,1,16
Tutti-deployed,64,0.3,39322,4096,256,7,11569.235,30027.74,161062912,true,gpu_nvme_kernel,,1,16
Tutti-deployed,64,0.3,39322,4096,256,8,11604.139,30036.329,161062912,true,gpu_nvme_kernel,,1,16
Tutti-deployed,64,0.3,39322,4096,256,9,11540.135,29849.41,161062912,true,gpu_nvme_kernel,,1,16
Tutti-deployed,64,0.3,39322,4096,256,10,11583.407,29641.54,161062912,true,gpu_nvme_kernel,,1,16
Tutti-deployed,64,0.3,39322,4096,256,11,11727.413,30006.106,161062912,true,gpu_nvme_kernel,,1,16
Tutti-deployed,64,0.3,39322,4096,256,12,11620.952,30056.387,161062912,true,gpu_nvme_kernel,,1,16
Tutti-deployed,64,0.3,39322,4096,256,13,11567.001,30178.341,161062912,true,gpu_nvme_kernel,,1,16
Tutti-deployed,64,0.3,39322,4096,256,14,11580.729,29569.598,161062912,true,gpu_nvme_kernel,,1,16
Tutti-deployed,64,0.3,39322,4096,256,15,11579.639,30130.849,161062912,true,gpu_nvme_kernel,,1,16
Tutti-deployed,64,0.3,39322,4096,256,16,11578.657,29979.09,161062912,true,gpu_nvme_kernel,,1,16
Tutti-deployed,64,0.3,39322,4096,256,17,11604.324,29661.764,161062912,true,gpu_nvme_kernel,,1,16
Tutti-deployed,64,0.3,39322,4096,256,18,11575.137,29832.941,161062912,true,gpu_nvme_kernel,,1,16
Tutti-deployed,64,0.3,39322,4096,256,19,11557.498,29514.685,161062912,true,gpu_nvme_kernel,,1,16
Tutti-deployed,64,0.3,39322,4096,256,20,11485.509,29999.308,161062912,true,gpu_nvme_kernel,,1,16
Tutti-deployed,64,0.3,39322,4096,256,21,11603.973,29630.583,161062912,true,gpu_nvme_kernel,,1,16
Tutti-deployed,64,0.3,39322,4096,256,22,11589.316,29533.547,161062912,true,gpu_nvme_kernel,,1,16
Tutti-deployed,64,0.3,39322,4096,256,23,11557.836,29557.872,161062912,true,gpu_nvme_kernel,,1,16
Tutti-deployed,64,0.3,39322,4096,256,24,11532.943,30059.102,161062912,true,gpu_nvme_kernel,,1,16
Tutti-deployed,64,0.3,39322,4096,256,25,11529.171,29918.56,161062912,true,gpu_nvme_kernel,,1,16
Tutti-deployed,64,0.3,39322,4096,256,26,11564.978,30484.044,161062912,true,gpu_nvme_kernel,,1,16
Tutti-deployed,64,0.3,39322,4096,256,27,11580.068,30217.807,161062912,true,gpu_nvme_kernel,,1,16
Tutti-deployed,64,0.3,39322,4096,256,28,11549.716,29915.442,161062912,true,gpu_nvme_kernel,,1,16
Tutti-deployed,64,0.3,39322,4096,256,29,11572.427,29914.877,161062912,true,gpu_nvme_kernel,,1,16
Tutti-deployed,64,0.3,39322,4096,256,30,11575.588,30017.851,161062912,true,gpu_nvme_kernel,,1,16
Tutti-deployed,64,0.3,39322,4096,256,31,11578.777,30182.424,161062912,true,gpu_nvme_kernel,,1,16
Tutti-deployed,64,0.3,39322,4096,256,32,11594.429,30262.897,161062912,true,gpu_nvme_kernel,,1,16
Tutti-deployed,64,0.3,39322,4096,256,33,11599.788,30142.34,161062912,true,gpu_nvme_kernel,,1,16
Tutti-deployed,64,0.3,39322,4096,256,34,11557.872,29967.09,161062912,true,gpu_nvme_kernel,,1,16
Tutti-deployed,64,0.3,39322,4096,256,35,11565.081,29747.394,161062912,true,gpu_nvme_kernel,,1,16
Tutti-deployed,64,0.3,39322,4096,256,36,11565.514,30345.717,161062912,true,gpu_nvme_kernel,,1,16
Tutti-deployed,64,0.3,39322,4096,256,37,11600.328,30031.306,161062912,true,gpu_nvme_kernel,,1,16
Tutti-deployed,64,0.3,39322,4096,256,38,11575.587,29709.395,161062912,true,gpu_nvme_kernel,,1,16
Tutti-deployed,64,0.3,39322,4096,256,39,11561.121,29638.903,161062912,true,gpu_nvme_kernel,,1,16
Tutti-deployed,64,0.3,39322,4096,256,40,11524.058,29973.354,161062912,true,gpu_nvme_kernel,,1,16
Tutti-deployed,64,0.3,39322,4096,256,41,11586.879,29665.677,161062912,true,gpu_nvme_kernel,,1,16
Tutti-deployed,64,0.3,39322,4096,256,42,11545.796,30090.329,161062912,true,gpu_nvme_kernel,,1,16
Tutti-deployed,64,0.3,39322,4096,256,43,11602.227,29722.713,161062912,true,gpu_nvme_kernel,,1,16
Tutti-deployed,64,0.3,39322,4096,256,44,11534.168,30275.857,161062912,true,gpu_nvme_kernel,,1,16
Tutti-deployed,64,0.3,39322,4096,256,45,11520.308,29796.916,161062912,true,gpu_nvme_kernel,,1,16
Tutti-deployed,64,0.3,39322,4096,256,46,11592.702,30206.093,161062912,true,gpu_nvme_kernel,,1,16
Tutti-deployed,64,0.3,39322,4096,256,47,11576.291,29658.039,161062912,true,gpu_nvme_kernel,,1,16
Tutti-deployed,64,0.3,39322,4096,256,48,11581.706,29633.125,161062912,true,gpu_nvme_kernel,,1,16
Tutti-deployed,64,0.3,39322,4096,256,49,11565.632,29776.477,161062912,true,gpu_nvme_kernel,,1,16
Tutti-deployed,64,0.3,39322,4096,256,50,11548.827,30018.296,161062912,true,gpu_nvme_kernel,,1,16
Tutti-deployed,64,0.3,39322,4096,256,51,11564.745,29775.519,161062912,true,gpu_nvme_kernel,,1,16
Tutti-deployed,64,0.3,39322,4096,256,52,11560.078,30055.723,161062912,true,gpu_nvme_kernel,,1,16
Tutti-deployed,64,0.3,39322,4096,256,53,11591.429,30150.916,161062912,true,gpu_nvme_kernel,,1,16
Tutti-deployed,64,0.3,39322,4096,256,54,11595.414,30315.375,161062912,true,gpu_nvme_kernel,,1,16
Tutti-deployed,64,0.3,39322,4096,256,55,11572.769,29579.832,161062912,true,gpu_nvme_kernel,,1,16
Tutti-deployed,64,0.3,39322,4096,256,56,11571.498,29981.657,161062912,true,gpu_nvme_kernel,,1,16
Tutti-deployed,64,0.3,39322,4096,256,57,11540.708,29793.649,161062912,true,gpu_nvme_kernel,,1,16
Tutti-deployed,64,0.3,39322,4096,256,58,11571.909,29634.423,161062912,true,gpu_nvme_kernel,,1,16
Tutti-deployed,64,0.3,39322,4096,256,59,13463.041,30132.34,161062912,true,gpu_nvme_kernel,,1,16
Tutti-deployed,64,0.3,39322,4096,256,60,13388.444,30439.624,161062912,true,gpu_nvme_kernel,,1,16
Tutti-deployed,64,0.3,39322,4096,256,61,13365.88,30239.033,161062912,true,gpu_nvme_kernel,,1,16
Tutti-deployed,64,0.3,39322,4096,256,62,13354.633,30389.39,161062912,true,gpu_nvme_kernel,,1,16
Tutti-deployed,64,0.3,39322,4096,256,63,13400.494,30195.71,161062912,true,gpu_nvme_kernel,,1,16
Tutti-deployed,64,0.3,39322,4096,256,64,13431.46,30088.288,161062912,true,gpu_nvme_kernel,,1,16
Tutti-deployed,64,0.3,39322,4096,256,65,13361.381,30104.988,161062912,true,gpu_nvme_kernel,,1,16
Tutti-deployed,64,0.3,39322,4096,256,66,13402.262,30304.938,161062912,true,gpu_nvme_kernel,,1,16
Tutti-deployed,64,0.3,39322,4096,256,67,13415.607,30046.164,161062912,true,gpu_nvme_kernel,,1,16
Tutti-deployed,64,0.3,39322,4096,256,68,13371.102,30291.606,161062912,true,gpu_nvme_kernel,,1,16
Tutti-deployed,64,0.3,39322,4096,256,69,13404.601,30148.659,161062912,true,gpu_nvme_kernel,,1,16
Tutti-deployed,64,0.3,39322,4096,256,70,13330.689,30075.203,161062912,true,gpu_nvme_kernel,,1,16
Tutti-deployed,64,0.3,39322,4096,256,71,13419.101,30253.61,161062912,true,gpu_nvme_kernel,,1,16
Tutti-deployed,64,0.3,39322,4096,256,72,13312.172,30447.317,161062912,true,gpu_nvme_kernel,,1,16
Tutti-deployed,64,0.3,39322,4096,256,73,13367.314,30266.726,161062912,true,gpu_nvme_kernel,,1,16
Tutti-deployed,64,0.3,39322,4096,256,74,13351.639,30020.939,161062912,true,gpu_nvme_kernel,,1,16
Tutti-deployed,64,0.3,39322,4096,256,75,13389.367,30475.644,161062912,true,gpu_nvme_kernel,,1,16
Tutti-deployed,64,0.3,39322,4096,256,76,13409.831,30283.679,161062912,true,gpu_nvme_kernel,,1,16
Tutti-deployed,64,0.3,39322,4096,256,77,13347.045,30093.804,161062912,true,gpu_nvme_kernel,,1,16
Tutti-deployed,64,0.3,39322,4096,256,78,13350.632,29846.879,161062912,true,gpu_nvme_kernel,,1,16
Tutti-deployed,64,0.3,39322,4096,256,79,13376.559,30433.305,161062912,true,gpu_nvme_kernel,,1,16
Tutti-deployed,64,0.3,39322,4096,256,80,13358.751,30073.499,161062912,true,gpu_nvme_kernel,,1,16
Tutti-deployed,64,0.3,39322,4096,256,81,13397.042,29852.355,161062912,true,gpu_nvme_kernel,,1,16
Tutti-deployed,64,0.3,39322,4096,256,82,13330.472,30022.845,161062912,true,gpu_nvme_kernel,,1,16
Tutti-deployed,64,0.3,39322,4096,256,83,13339.949,30503.589,161062912,true,gpu_nvme_kernel,,1,16
Tutti-deployed,64,0.3,39322,4096,256,84,13378.043,30141.083,161062912,true,gpu_nvme_kernel,,1,16
Tutti-deployed,64,0.3,39322,4096,256,85,13382.529,30245.414,161062912,true,gpu_nvme_kernel,,1,16
Tutti-deployed,64,0.3,39322,4096,256,86,13368.029,29752.922,161062912,true,gpu_nvme_kernel,,1,16
Tutti-deployed,64,0.3,39322,4096,256,87,13343.583,30279.038,161062912,true,gpu_nvme_kernel,,1,16
Tutti-deployed,64,0.3,39322,4096,256,88,13346.678,30398.812,161062912,true,gpu_nvme_kernel,,1,16
Tutti-deployed,64,0.3,39322,4096,256,89,13387.746,30219.058,161062912,true,gpu_nvme_kernel,,1,16
Tutti-deployed,64,0.3,39322,4096,256,90,13427.077,30087.203,161062912,true,gpu_nvme_kernel,,1,16
Tutti-deployed,64,0.3,39322,4096,256,91,13371.641,30310.686,161062912,true,gpu_nvme_kernel,,1,16
Tutti-deployed,64,0.3,39322,4096,256,92,13358.505,30312.443,161062912,true,gpu_nvme_kernel,,1,16
Tutti-deployed,64,0.3,39322,4096,256,93,13355.075,30136.805,161062912,true,gpu_nvme_kernel,,1,16
Tutti-deployed,64,0.3,39322,4096,256,94,11669.339,29788.468,161062912,true,gpu_nvme_kernel,,1,16
Tutti-deployed,64,0.3,39322,4096,256,95,11501.232,29994.714,161062912,true,gpu_nvme_kernel,,1,16
Tutti-deployed,64,0.3,39322,4096,256,96,11579.079,30028.588,161062912,true,gpu_nvme_kernel,,1,16
Tutti-deployed,64,0.3,39322,4096,256,97,11534.727,29543.538,161062912,true,gpu_nvme_kernel,,1,16
Tutti-deployed,64,0.3,39322,4096,256,98,11541.238,29788.859,161062912,true,gpu_nvme_kernel,,1,16
Tutti-deployed,64,0.3,39322,4096,256,99,11543.386,30162.414,161062912,true,gpu_nvme_kernel,,1,16
Tutti-deployed,64,0.3,39322,4096,256,100,11502.292,29714.902,161062912,true,gpu_nvme_kernel,,1,16
Tutti-deployed,64,0.3,39322,4096,256,101,11557.965,30076.978,161062912,true,gpu_nvme_kernel,,1,16
Tutti-deployed,64,0.3,39322,4096,256,102,11538.171,30223.219,161062912,true,gpu_nvme_kernel,,1,16
Tutti-deployed,64,0.3,39322,4096,256,103,11517.394,29536.973,161062912,true,gpu_nvme_kernel,,1,16
Tutti-deployed,64,0.3,39322,4096,256,104,11581.474,29734.355,161062912,true,gpu_nvme_kernel,,1,16
Tutti-deployed,64,0.3,39322,4096,256,105,11545.693,29891.807,161062912,true,gpu_nvme_kernel,,1,16
Tutti-deployed,64,0.3,39322,4096,256,106,11588.687,30247.759,161062912,true,gpu_nvme_kernel,,1,16
Tutti-deployed,64,0.3,39322,4096,256,107,11489.96,29953.339,161062912,true,gpu_nvme_kernel,,1,16
Tutti-deployed,64,0.3,39322,4096,256,108,11542.5,29869.585,161062912,true,gpu_nvme_kernel,,1,16
Tutti-deployed,64,0.3,39322,4096,256,109,11578.06,29915.887,161062912,true,gpu_nvme_kernel,,1,16
Tutti-deployed,64,0.3,39322,4096,256,110,11558.944,29750.014,161062912,true,gpu_nvme_kernel,,1,16
Tutti-deployed,64,0.3,39322,4096,256,111,11532.776,29733.033,161062912,true,gpu_nvme_kernel,,1,16
Tutti-deployed,64,0.3,39322,4096,256,112,11500.19,30766.239,161062912,true,gpu_nvme_kernel,,1,16
Tutti-deployed,64,0.3,39322,4096,256,113,11543.656,29920.142,161062912,true,gpu_nvme_kernel,,1,16
Tutti-deployed,64,0.3,39322,4096,256,114,11551.378,29766.065,161062912,true,gpu_nvme_kernel,,1,16
Tutti-deployed,64,0.3,39322,4096,256,115,11536.885,29726.533,161062912,true,gpu_nvme_kernel,,1,16
Tutti-deployed,64,0.3,39322,4096,256,116,11542.858,29933.1,161062912,true,gpu_nvme_kernel,,1,16
Tutti-deployed,64,0.3,39322,4096,256,117,11564.233,30038.45,161062912,true,gpu_nvme_kernel,,1,16
Tutti-deployed,64,0.3,39322,4096,256,118,11521.981,29769.533,161062912,true,gpu_nvme_kernel,,1,16
Tutti-deployed,64,0.3,39322,4096,256,119,11504.337,30047.837,161062912,true,gpu_nvme_kernel,,1,16
Tutti-deployed,64,0.3,39322,4096,256,120,11510.885,29803.26,161062912,true,gpu_nvme_kernel,,1,16
Tutti-deployed,64,0.3,39322,4096,256,121,11549.919,29957.69,161062912,true,gpu_nvme_kernel,,1,16
Tutti-deployed,64,0.3,39322,4096,256,122,11527.615,29530.82,161062912,true,gpu_nvme_kernel,,1,16
Tutti-deployed,64,0.3,39322,4096,256,123,11497.191,29898.03,161062912,true,gpu_nvme_kernel,,1,16
Tutti-deployed,64,0.3,39322,4096,256,124,11582.294,29932.116,161062912,true,gpu_nvme_kernel,,1,16
Tutti-deployed,64,0.3,39322,4096,256,125,11550.735,29992.183,161062912,true,gpu_nvme_kernel,,1,16
Tutti-deployed,64,0.3,39322,4096,256,126,11543.64,30029.138,161062912,true,gpu_nvme_kernel,,1,16
Tutti-deployed,64,0.3,39322,4096,256,127,11515.524,29745.39,161062912,true,gpu_nvme_kernel,,1,16
Tutti-deployed,64,0.3,39322,4096,256,128,11562.84,29737.566,161062912,true,gpu_nvme_kernel,,1,16
Tutti-deployed,64,0.3,39322,4096,256,129,11551.49,30177.521,161062912,true,gpu_nvme_kernel,,1,16
Tutti-deployed,64,0.3,39322,4096,256,130,11475.392,29846.403,161062912,true,gpu_nvme_kernel,,1,16
Tutti-deployed,64,0.3,39322,4096,256,131,11528.296,30280.532,161062912,true,gpu_nvme_kernel,,1,16
Tutti-deployed,64,0.3,39322,4096,256,132,11552.416,30189.031,161062912,true,gpu_nvme_kernel,,1,16
Tutti-deployed,64,0.3,39322,4096,256,133,11527.07,29909.394,161062912,true,gpu_nvme_kernel,,1,16
Tutti-deployed,64,0.3,39322,4096,256,134,11561.595,29624.438,161062912,true,gpu_nvme_kernel,,1,16
Tutti-deployed,64,0.3,39322,4096,256,135,11471.704,30030.192,161062912,true,gpu_nvme_kernel,,1,16
Tutti-deployed,64,0.3,39322,4096,256,136,11582.421,29747.013,161062912,true,gpu_nvme_kernel,,1,16
Tutti-deployed,64,0.3,39322,4096,256,137,11535.296,29672.104,161062912,true,gpu_nvme_kernel,,1,16
Tutti-deployed,64,0.3,39322,4096,256,138,11539.154,29805.881,161062912,true,gpu_nvme_kernel,,1,16
Tutti-deployed,64,0.3,39322,4096,256,139,11528.195,29692.418,161062912,true,gpu_nvme_kernel,,1,16
Tutti-deployed,64,0.3,39322,4096,256,140,11510.723,29999.592,161062912,true,gpu_nvme_kernel,,1,16
Tutti-deployed,64,0.3,39322,4096,256,141,11533.01,29674.928,161062912,true,gpu_nvme_kernel,,1,16
Tutti-deployed,64,0.3,39322,4096,256,142,11586.39,29806.151,161062912,true,gpu_nvme_kernel,,1,16
Tutti-deployed,64,0.3,39322,4096,256,143,11531.089,29716.633,161062912,true,gpu_nvme_kernel,,1,16
Tutti-deployed,64,0.3,39322,4096,256,144,11533.124,29661.221,161062912,true,gpu_nvme_kernel,,1,16
Tutti-deployed,64,0.3,39322,4096,256,145,11513.336,29799.553,161062912,true,gpu_nvme_kernel,,1,16
Tutti-deployed,64,0.3,39322,4096,256,146,11485.924,29499.407,161062912,true,gpu_nvme_kernel,,1,16
Tutti-deployed,64,0.3,39322,4096,256,147,11530.332,29918.767,161062912,true,gpu_nvme_kernel,,1,16
Tutti-deployed,64,0.3,39322,4096,256,148,11556.791,29905.126,161062912,true,gpu_nvme_kernel,,1,16
Tutti-deployed,64,0.3,39322,4096,256,149,11538.65,29757.064,161062912,true,gpu_nvme_kernel,,1,16
Tutti-deployed,64,0.3,39322,4096,256,150,11528.319,30192.148,161062912,true,gpu_nvme_kernel,,1,16
Tutti-deployed,64,0.3,39322,4096,256,151,11506.587,29759.04,161062912,true,gpu_nvme_kernel,,1,16
Tutti-deployed,64,0.3,39322,4096,256,152,11540.554,29924.447,161062912,true,gpu_nvme_kernel,,1,16
Tutti-deployed,64,0.3,39322,4096,256,153,11506.211,29766.908,161062912,true,gpu_nvme_kernel,,1,16
Tutti-deployed,64,0.3,39322,4096,256,154,11524.91,30135.474,161062912,true,gpu_nvme_kernel,,1,16
Tutti-deployed,64,0.3,39322,4096,256,155,11490.873,29731.176,161062912,true,gpu_nvme_kernel,,1,16
Tutti-deployed,64,0.3,39322,4096,256,156,11560.027,29949.671,161062912,true,gpu_nvme_kernel,,1,16
Tutti-deployed,64,0.3,39322,4096,256,157,11522.31,29914.785,161062912,true,gpu_nvme_kernel,,1,16
Tutti-deployed,64,0.3,39322,4096,256,158,11559.164,29865.274,161062912,true,gpu_nvme_kernel,,1,16
Tutti-deployed,64,0.3,39322,4096,256,159,11574.174,29865.703,161062912,true,gpu_nvme_kernel,,1,16
Tutti-deployed,64,0.3,39322,4096,256,160,11510.423,29788.536,161062912,true,gpu_nvme_kernel,,1,16
Tutti-deployed,64,0.3,39322,4096,256,161,11554.298,29700.632,161062912,true,gpu_nvme_kernel,,1,16
Tutti-deployed,64,0.3,39322,4096,256,162,11535.298,29526.977,161062912,true,gpu_nvme_kernel,,1,16
Tutti-deployed,64,0.3,39322,4096,256,163,11590.419,29718.398,161062912,true,gpu_nvme_kernel,,1,16
Tutti-deployed,64,0.3,39322,4096,256,164,11570.709,29721.023,161062912,true,gpu_nvme_kernel,,1,16
Tutti-deployed,64,0.3,39322,4096,256,165,11546.057,29949.851,161062912,true,gpu_nvme_kernel,,1,16
Tutti-deployed,64,0.3,39322,4096,256,166,11488.024,29597.125,161062912,true,gpu_nvme_kernel,,1,16
Tutti-deployed,64,0.3,39322,4096,256,167,11567.334,29719.462,161062912,true,gpu_nvme_kernel,,1,16
Tutti-deployed,64,0.3,39322,4096,256,168,11610.716,29938.72,161062912,true,gpu_nvme_kernel,,1,16
Tutti-deployed,64,0.3,39322,4096,256,169,11575.437,29566.349,161062912,true,gpu_nvme_kernel,,1,16
Tutti-deployed,64,0.3,39322,4096,256,170,11544.513,30092.865,161062912,true,gpu_nvme_kernel,,1,16
Tutti-deployed,64,0.3,39322,4096,256,171,11533.985,29715.832,161062912,true,gpu_nvme_kernel,,1,16
Tutti-deployed,64,0.3,39322,4096,256,172,11599.639,29990.493,161062912,true,gpu_nvme_kernel,,1,16
Tutti-deployed,64,0.3,39322,4096,256,173,11582.267,29782.659,161062912,true,gpu_nvme_kernel,,1,16
Tutti-deployed,64,0.3,39322,4096,256,174,11527.54,29677.532,161062912,true,gpu_nvme_kernel,,1,16
Tutti-deployed,64,0.3,39322,4096,256,175,11527.164,29723.204,161062912,true,gpu_nvme_kernel,,1,16
Tutti-deployed,64,0.3,39322,4096,256,176,11513.253,29939.82,161062912,true,gpu_nvme_kernel,,1,16
Tutti-deployed,64,0.3,39322,4096,256,177,11541.791,29776.463,161062912,true,gpu_nvme_kernel,,1,16
Tutti-deployed,64,0.3,39322,4096,256,178,11537.859,29353.267,161062912,true,gpu_nvme_kernel,,1,16
Tutti-deployed,64,0.3,39322,4096,256,179,11554.711,30085.603,161062912,true,gpu_nvme_kernel,,1,16
Tutti-deployed,64,0.3,39322,4096,256,180,11526.185,29733.145,161062912,true,gpu_nvme_kernel,,1,16
Tutti-deployed,64,0.3,39322,4096,256,181,11538.138,30024.703,161062912,true,gpu_nvme_kernel,,1,16
Tutti-deployed,64,0.3,39322,4096,256,182,11563.467,30004.594,161062912,true,gpu_nvme_kernel,,1,16
Tutti-deployed,64,0.3,39322,4096,256,183,11550.558,29672.654,161062912,true,gpu_nvme_kernel,,1,16
Tutti-deployed,64,0.3,39322,4096,256,184,11558.269,29949.667,161062912,true,gpu_nvme_kernel,,1,16
Tutti-deployed,64,0.3,39322,4096,256,185,11502.743,29805.481,161062912,true,gpu_nvme_kernel,,1,16
Tutti-deployed,64,0.3,39322,4096,256,186,11517.713,29915.385,161062912,true,gpu_nvme_kernel,,1,16
Tutti-deployed,64,0.3,39322,4096,256,187,11554.071,29967.284,161062912,true,gpu_nvme_kernel,,1,16
Tutti-deployed,64,0.3,39322,4096,256,188,11560.556,29707.135,161062912,true,gpu_nvme_kernel,,1,16
Tutti-deployed,64,0.3,39322,4096,256,189,11530.134,29828.281,161062912,true,gpu_nvme_kernel,,1,16
Tutti-deployed,64,0.3,39322,4096,256,190,11506.171,29797.682,161062912,true,gpu_nvme_kernel,,1,16
Tutti-deployed,64,0.3,39322,4096,256,191,11539.645,30035.843,161062912,true,gpu_nvme_kernel,,1,16
Tutti-deployed,64,0.3,39322,4096,256,192,11528.12,29792.374,161062912,true,gpu_nvme_kernel,,1,16
Tutti-deployed,64,0.3,39322,4096,256,193,11613.973,29842.53,161062912,true,gpu_nvme_kernel,,1,16
Tutti-deployed,64,0.3,39322,4096,256,194,11500.723,29990.528,161062912,true,gpu_nvme_kernel,,1,16
Tutti-deployed,64,0.3,39322,4096,256,195,11550.654,29767.004,161062912,true,gpu_nvme_kernel,,1,16
Tutti-deployed,64,0.3,39322,4096,256,196,11536.688,29819.981,161062912,true,gpu_nvme_kernel,,1,16
Tutti-deployed,64,0.3,39322,4096,256,197,11561.882,29462.809,161062912,true,gpu_nvme_kernel,,1,16
Tutti-deployed,64,0.3,39322,4096,256,198,11514.301,29873.912,161062912,true,gpu_nvme_kernel,,1,16
Tutti-deployed,64,0.3,39322,4096,256,199,11552.015,29769.176,161062912,true,gpu_nvme_kernel,,1,16
Tutti-deployed,64,0.3,39322,4096,256,0,11537.163,30120.345,161062912,true,gpu_nvme_kernel,,3,16
