backend,request_batch,miss_rate,n_reads,io_size,queue_depth,round,submit_us,completion_us,bytes_read,correct,direct_path,error,phase,submission_group
GDS,1,0.067,137,4096,256,0,3305.425,20652.778,561152,true,pending_log_review,,2,16
GDS,1,0.067,137,4096,256,0,1080.681,1192.885,561152,true,pending_log_review,,0,16
GDS,1,0.067,137,4096,256,1,861.989,2373.515,561152,true,pending_log_review,,0,16
GDS,1,0.067,137,4096,256,2,895.285,998.347,561152,true,pending_log_review,,0,16
GDS,1,0.067,137,4096,256,3,857.788,910.63,561152,true,pending_log_review,,0,16
GDS,1,0.067,137,4096,256,4,906.304,1005.295,561152,true,pending_log_review,,0,16
GDS,1,0.067,137,4096,256,5,780.546,883.328,561152,true,pending_log_review,,0,16
GDS,1,0.067,137,4096,256,6,802.705,919.446,561152,true,pending_log_review,,0,16
GDS,1,0.067,137,4096,256,7,783.06,886.188,561152,true,pending_log_review,,0,16
GDS,1,0.067,137,4096,256,8,784.535,909.875,561152,true,pending_log_review,,0,16
GDS,1,0.067,137,4096,256,9,822.14,945.722,561152,true,pending_log_review,,0,16
GDS,1,0.067,137,4096,256,0,746.012,878.93,561152,true,pending_log_review,,1,16
GDS,1,0.067,137,4096,256,1,757.053,867.793,561152,true,pending_log_review,,1,16
GDS,1,0.067,137,4096,256,2,723.354,827.855,561152,true,pending_log_review,,1,16
GDS,1,0.067,137,4096,256,3,754.107,888.103,561152,true,pending_log_review,,1,16
GDS,1,0.067,137,4096,256,4,752.184,3946.341,561152,true,pending_log_review,,1,16
GDS,1,0.067,137,4096,256,5,753.521,867.162,561152,true,pending_log_review,,1,16
GDS,1,0.067,137,4096,256,6,766.361,898.329,561152,true,pending_log_review,,1,16
GDS,1,0.067,137,4096,256,7,707.935,817.685,561152,true,pending_log_review,,1,16
GDS,1,0.067,137,4096,256,8,749.815,885.111,561152,true,pending_log_review,,1,16
GDS,1,0.067,137,4096,256,9,786.793,1849.763,561152,true,pending_log_review,,1,16
GDS,1,0.067,137,4096,256,10,750.709,859.804,561152,true,pending_log_review,,1,16
GDS,1,0.067,137,4096,256,11,740.479,836.925,561152,true,pending_log_review,,1,16
GDS,1,0.067,137,4096,256,12,1353.148,1469.117,561152,true,pending_log_review,,1,16
GDS,1,0.067,137,4096,256,13,682.032,789.492,561152,true,pending_log_review,,1,16
GDS,1,0.067,137,4096,256,14,612.49,734.515,561152,true,pending_log_review,,1,16
GDS,1,0.067,137,4096,256,15,755.383,862.513,561152,true,pending_log_review,,1,16
GDS,1,0.067,137,4096,256,16,638.515,755.177,561152,true,pending_log_review,,1,16
GDS,1,0.067,137,4096,256,17,630.542,744.403,561152,true,pending_log_review,,1,16
GDS,1,0.067,137,4096,256,18,682.227,789.244,561152,true,pending_log_review,,1,16
GDS,1,0.067,137,4096,256,19,642.535,779.322,561152,true,pending_log_review,,1,16
GDS,1,0.067,137,4096,256,20,572.386,731.555,561152,true,pending_log_review,,1,16
GDS,1,0.067,137,4096,256,21,730.038,822.725,561152,true,pending_log_review,,1,16
GDS,1,0.067,137,4096,256,22,739.104,845.653,561152,true,pending_log_review,,1,16
GDS,1,0.067,137,4096,256,23,570.661,717.601,561152,true,pending_log_review,,1,16
GDS,1,0.067,137,4096,256,24,667.375,783.959,561152,true,pending_log_review,,1,16
GDS,1,0.067,137,4096,256,25,571.086,720.528,561152,true,pending_log_review,,1,16
GDS,1,0.067,137,4096,256,26,619.188,728.51,561152,true,pending_log_review,,1,16
GDS,1,0.067,137,4096,256,27,582.913,705.044,561152,true,pending_log_review,,1,16
GDS,1,0.067,137,4096,256,28,674.576,785.892,561152,true,pending_log_review,,1,16
GDS,1,0.067,137,4096,256,29,582.235,708.21,561152,true,pending_log_review,,1,16
GDS,1,0.067,137,4096,256,30,669.587,778.559,561152,true,pending_log_review,,1,16
GDS,1,0.067,137,4096,256,31,655.743,777.116,561152,true,pending_log_review,,1,16
GDS,1,0.067,137,4096,256,32,646.428,747.712,561152,true,pending_log_review,,1,16
GDS,1,0.067,137,4096,256,33,608.522,718.54,561152,true,pending_log_review,,1,16
GDS,1,0.067,137,4096,256,34,672.092,797.461,561152,true,pending_log_review,,1,16
GDS,1,0.067,137,4096,256,35,658.886,736.914,561152,true,pending_log_review,,1,16
GDS,1,0.067,137,4096,256,36,674.616,786.369,561152,true,pending_log_review,,1,16
GDS,1,0.067,137,4096,256,37,668.686,799.245,561152,true,pending_log_review,,1,16
GDS,1,0.067,137,4096,256,38,633.239,739.126,561152,true,pending_log_review,,1,16
GDS,1,0.067,137,4096,256,39,669.473,821.972,561152,true,pending_log_review,,1,16
GDS,1,0.067,137,4096,256,40,654.615,785.933,561152,true,pending_log_review,,1,16
GDS,1,0.067,137,4096,256,41,597.823,735.057,561152,true,pending_log_review,,1,16
GDS,1,0.067,137,4096,256,42,615.048,713.511,561152,true,pending_log_review,,1,16
GDS,1,0.067,137,4096,256,43,646.331,756.437,561152,true,pending_log_review,,1,16
GDS,1,0.067,137,4096,256,44,677.803,787.529,561152,true,pending_log_review,,1,16
GDS,1,0.067,137,4096,256,45,657.427,784.776,561152,true,pending_log_review,,1,16
GDS,1,0.067,137,4096,256,46,561.731,711.414,561152,true,pending_log_review,,1,16
GDS,1,0.067,137,4096,256,47,640.412,754.797,561152,true,pending_log_review,,1,16
GDS,1,0.067,137,4096,256,48,651.182,766.712,561152,true,pending_log_review,,1,16
GDS,1,0.067,137,4096,256,49,605.656,754.75,561152,true,pending_log_review,,1,16
GDS,1,0.067,137,4096,256,50,637.868,742.283,561152,true,pending_log_review,,1,16
GDS,1,0.067,137,4096,256,51,630.984,762.226,561152,true,pending_log_review,,1,16
GDS,1,0.067,137,4096,256,52,597.264,744.586,561152,true,pending_log_review,,1,16
GDS,1,0.067,137,4096,256,53,634.646,774.405,561152,true,pending_log_review,,1,16
GDS,1,0.067,137,4096,256,54,673.3,813.012,561152,true,pending_log_review,,1,16
GDS,1,0.067,137,4096,256,55,608.923,723.538,561152,true,pending_log_review,,1,16
GDS,1,0.067,137,4096,256,56,672.958,779.089,561152,true,pending_log_review,,1,16
GDS,1,0.067,137,4096,256,57,682.979,793.838,561152,true,pending_log_review,,1,16
GDS,1,0.067,137,4096,256,58,571.039,735.369,561152,true,pending_log_review,,1,16
GDS,1,0.067,137,4096,256,59,576.125,679.129,561152,true,pending_log_review,,1,16
GDS,1,0.067,137,4096,256,60,524.701,657.204,561152,true,pending_log_review,,1,16
GDS,1,0.067,137,4096,256,61,613.316,773.973,561152,true,pending_log_review,,1,16
GDS,1,0.067,137,4096,256,62,545.665,756.736,561152,true,pending_log_review,,1,16
GDS,1,0.067,137,4096,256,63,693.342,837.951,561152,true,pending_log_review,,1,16
GDS,1,0.067,137,4096,256,64,614.301,717.604,561152,true,pending_log_review,,1,16
GDS,1,0.067,137,4096,256,65,609.276,755.19,561152,true,pending_log_review,,1,16
GDS,1,0.067,137,4096,256,66,658.406,813.719,561152,true,pending_log_review,,1,16
GDS,1,0.067,137,4096,256,67,811.952,2001.671,561152,true,pending_log_review,,1,16
GDS,1,0.067,137,4096,256,68,833.244,933.702,561152,true,pending_log_review,,1,16
GDS,1,0.067,137,4096,256,69,785.194,918.144,561152,true,pending_log_review,,1,16
GDS,1,0.067,137,4096,256,70,743.973,886.46,561152,true,pending_log_review,,1,16
GDS,1,0.067,137,4096,256,71,733.607,906.914,561152,true,pending_log_review,,1,16
GDS,1,0.067,137,4096,256,72,758.126,856.417,561152,true,pending_log_review,,1,16
GDS,1,0.067,137,4096,256,73,729.257,860.484,561152,true,pending_log_review,,1,16
GDS,1,0.067,137,4096,256,74,747.28,857.314,561152,true,pending_log_review,,1,16
GDS,1,0.067,137,4096,256,75,708.302,811.127,561152,true,pending_log_review,,1,16
GDS,1,0.067,137,4096,256,76,802.938,931.226,561152,true,pending_log_review,,1,16
GDS,1,0.067,137,4096,256,77,711.622,849.179,561152,true,pending_log_review,,1,16
GDS,1,0.067,137,4096,256,78,769.622,892.946,561152,true,pending_log_review,,1,16
GDS,1,0.067,137,4096,256,79,813.021,921.616,561152,true,pending_log_review,,1,16
GDS,1,0.067,137,4096,256,80,754.36,878.143,561152,true,pending_log_review,,1,16
GDS,1,0.067,137,4096,256,81,726.11,839.532,561152,true,pending_log_review,,1,16
GDS,1,0.067,137,4096,256,82,770.722,891.558,561152,true,pending_log_review,,1,16
GDS,1,0.067,137,4096,256,83,767.318,896.937,561152,true,pending_log_review,,1,16
GDS,1,0.067,137,4096,256,84,829.342,932.669,561152,true,pending_log_review,,1,16
GDS,1,0.067,137,4096,256,85,736.522,852.21,561152,true,pending_log_review,,1,16
GDS,1,0.067,137,4096,256,86,769.236,882.13,561152,true,pending_log_review,,1,16
GDS,1,0.067,137,4096,256,87,776.208,893.671,561152,true,pending_log_review,,1,16
GDS,1,0.067,137,4096,256,88,702.012,829.661,561152,true,pending_log_review,,1,16
GDS,1,0.067,137,4096,256,89,669.223,774.222,561152,true,pending_log_review,,1,16
GDS,1,0.067,137,4096,256,90,762.79,868.059,561152,true,pending_log_review,,1,16
GDS,1,0.067,137,4096,256,91,744.526,861.558,561152,true,pending_log_review,,1,16
GDS,1,0.067,137,4096,256,92,812.941,921.421,561152,true,pending_log_review,,1,16
GDS,1,0.067,137,4096,256,93,775.102,895.992,561152,true,pending_log_review,,1,16
GDS,1,0.067,137,4096,256,94,740.058,865.998,561152,true,pending_log_review,,1,16
GDS,1,0.067,137,4096,256,95,741.728,844.24,561152,true,pending_log_review,,1,16
GDS,1,0.067,137,4096,256,96,711.988,842.564,561152,true,pending_log_review,,1,16
GDS,1,0.067,137,4096,256,97,744.948,857.398,561152,true,pending_log_review,,1,16
GDS,1,0.067,137,4096,256,98,829.345,979.229,561152,true,pending_log_review,,1,16
GDS,1,0.067,137,4096,256,99,837.344,1024.5,561152,true,pending_log_review,,1,16
GDS,1,0.067,137,4096,256,100,799.654,914.418,561152,true,pending_log_review,,1,16
GDS,1,0.067,137,4096,256,101,834.825,945.574,561152,true,pending_log_review,,1,16
GDS,1,0.067,137,4096,256,102,719.263,837.152,561152,true,pending_log_review,,1,16
GDS,1,0.067,137,4096,256,103,741.188,812.018,561152,true,pending_log_review,,1,16
GDS,1,0.067,137,4096,256,104,772.298,881.039,561152,true,pending_log_review,,1,16
GDS,1,0.067,137,4096,256,105,760.224,877.932,561152,true,pending_log_review,,1,16
GDS,1,0.067,137,4096,256,106,785.957,922.369,561152,true,pending_log_review,,1,16
GDS,1,0.067,137,4096,256,107,801.229,941.489,561152,true,pending_log_review,,1,16
GDS,1,0.067,137,4096,256,108,840.951,973.888,561152,true,pending_log_review,,1,16
GDS,1,0.067,137,4096,256,109,749.575,876.417,561152,true,pending_log_review,,1,16
GDS,1,0.067,137,4096,256,110,744.885,869.969,561152,true,pending_log_review,,1,16
GDS,1,0.067,137,4096,256,111,784.941,897.004,561152,true,pending_log_review,,1,16
GDS,1,0.067,137,4096,256,112,720.444,825.299,561152,true,pending_log_review,,1,16
GDS,1,0.067,137,4096,256,113,732.423,861.269,561152,true,pending_log_review,,1,16
GDS,1,0.067,137,4096,256,114,710.386,826.487,561152,true,pending_log_review,,1,16
GDS,1,0.067,137,4096,256,115,768.19,860.516,561152,true,pending_log_review,,1,16
GDS,1,0.067,137,4096,256,116,714.234,824.058,561152,true,pending_log_review,,1,16
GDS,1,0.067,137,4096,256,117,736.553,854.378,561152,true,pending_log_review,,1,16
GDS,1,0.067,137,4096,256,118,724.635,2686.79,561152,true,pending_log_review,,1,16
GDS,1,0.067,137,4096,256,119,745.089,876.37,561152,true,pending_log_review,,1,16
GDS,1,0.067,137,4096,256,120,721.114,831.73,561152,true,pending_log_review,,1,16
GDS,1,0.067,137,4096,256,121,704.051,825.331,561152,true,pending_log_review,,1,16
GDS,1,0.067,137,4096,256,122,738.131,853.329,561152,true,pending_log_review,,1,16
GDS,1,0.067,137,4096,256,123,755.488,872.819,561152,true,pending_log_review,,1,16
GDS,1,0.067,137,4096,256,124,752.694,879.329,561152,true,pending_log_review,,1,16
GDS,1,0.067,137,4096,256,125,727.291,849.055,561152,true,pending_log_review,,1,16
GDS,1,0.067,137,4096,256,126,789.863,906.966,561152,true,pending_log_review,,1,16
GDS,1,0.067,137,4096,256,127,736.367,854.586,561152,true,pending_log_review,,1,16
GDS,1,0.067,137,4096,256,128,721.559,849.381,561152,true,pending_log_review,,1,16
GDS,1,0.067,137,4096,256,129,785.029,884.653,561152,true,pending_log_review,,1,16
GDS,1,0.067,137,4096,256,130,753.649,866.864,561152,true,pending_log_review,,1,16
GDS,1,0.067,137,4096,256,131,732.283,836.041,561152,true,pending_log_review,,1,16
GDS,1,0.067,137,4096,256,132,737.531,875.631,561152,true,pending_log_review,,1,16
GDS,1,0.067,137,4096,256,133,742.132,864.146,561152,true,pending_log_review,,1,16
GDS,1,0.067,137,4096,256,134,726.357,833.056,561152,true,pending_log_review,,1,16
GDS,1,0.067,137,4096,256,135,770.5,888.245,561152,true,pending_log_review,,1,16
GDS,1,0.067,137,4096,256,136,739.415,896.385,561152,true,pending_log_review,,1,16
GDS,1,0.067,137,4096,256,137,775.372,877.282,561152,true,pending_log_review,,1,16
GDS,1,0.067,137,4096,256,138,744.168,867.821,561152,true,pending_log_review,,1,16
GDS,1,0.067,137,4096,256,139,832.359,949.372,561152,true,pending_log_review,,1,16
GDS,1,0.067,137,4096,256,140,737.149,909.524,561152,true,pending_log_review,,1,16
GDS,1,0.067,137,4096,256,141,796.273,913.4,561152,true,pending_log_review,,1,16
GDS,1,0.067,137,4096,256,142,796.318,978.88,561152,true,pending_log_review,,1,16
GDS,1,0.067,137,4096,256,143,745.852,864.402,561152,true,pending_log_review,,1,16
GDS,1,0.067,137,4096,256,144,807.455,910.884,561152,true,pending_log_review,,1,16
GDS,1,0.067,137,4096,256,145,773.769,914.22,561152,true,pending_log_review,,1,16
GDS,1,0.067,137,4096,256,146,1248.699,1362.446,561152,true,pending_log_review,,1,16
GDS,1,0.067,137,4096,256,147,610.534,743.899,561152,true,pending_log_review,,1,16
GDS,1,0.067,137,4096,256,148,555.324,659.208,561152,true,pending_log_review,,1,16
GDS,1,0.067,137,4096,256,149,592.026,777.485,561152,true,pending_log_review,,1,16
GDS,1,0.067,137,4096,256,150,584.697,714.576,561152,true,pending_log_review,,1,16
GDS,1,0.067,137,4096,256,151,599.215,748.055,561152,true,pending_log_review,,1,16
GDS,1,0.067,137,4096,256,152,578.567,674.529,561152,true,pending_log_review,,1,16
GDS,1,0.067,137,4096,256,153,600.558,765.49,561152,true,pending_log_review,,1,16
GDS,1,0.067,137,4096,256,154,596.639,710.334,561152,true,pending_log_review,,1,16
GDS,1,0.067,137,4096,256,155,650.416,798.311,561152,true,pending_log_review,,1,16
GDS,1,0.067,137,4096,256,156,914.623,1049.595,561152,true,pending_log_review,,1,16
GDS,1,0.067,137,4096,256,157,699.718,821.813,561152,true,pending_log_review,,1,16
GDS,1,0.067,137,4096,256,158,664.75,787.4,561152,true,pending_log_review,,1,16
GDS,1,0.067,137,4096,256,159,979.622,1166.484,561152,true,pending_log_review,,1,16
GDS,1,0.067,137,4096,256,160,773.468,896.455,561152,true,pending_log_review,,1,16
GDS,1,0.067,137,4096,256,161,817.623,962.566,561152,true,pending_log_review,,1,16
GDS,1,0.067,137,4096,256,162,795.882,900.442,561152,true,pending_log_review,,1,16
GDS,1,0.067,137,4096,256,163,733.408,856.201,561152,true,pending_log_review,,1,16
GDS,1,0.067,137,4096,256,164,715.747,819.841,561152,true,pending_log_review,,1,16
GDS,1,0.067,137,4096,256,165,770.168,867.008,561152,true,pending_log_review,,1,16
GDS,1,0.067,137,4096,256,166,761.05,888.15,561152,true,pending_log_review,,1,16
GDS,1,0.067,137,4096,256,167,736.419,857.727,561152,true,pending_log_review,,1,16
GDS,1,0.067,137,4096,256,168,814.489,920.158,561152,true,pending_log_review,,1,16
GDS,1,0.067,137,4096,256,169,729.926,837.529,561152,true,pending_log_review,,1,16
GDS,1,0.067,137,4096,256,170,757.746,859.711,561152,true,pending_log_review,,1,16
GDS,1,0.067,137,4096,256,171,781.114,877.163,561152,true,pending_log_review,,1,16
GDS,1,0.067,137,4096,256,172,816.669,925.689,561152,true,pending_log_review,,1,16
GDS,1,0.067,137,4096,256,173,805.146,967.236,561152,true,pending_log_review,,1,16
GDS,1,0.067,137,4096,256,174,835.242,943.761,561152,true,pending_log_review,,1,16
GDS,1,0.067,137,4096,256,175,731.354,844.899,561152,true,pending_log_review,,1,16
GDS,1,0.067,137,4096,256,176,735.676,845.218,561152,true,pending_log_review,,1,16
GDS,1,0.067,137,4096,256,177,772.781,905.762,561152,true,pending_log_review,,1,16
GDS,1,0.067,137,4096,256,178,807.832,927.963,561152,true,pending_log_review,,1,16
GDS,1,0.067,137,4096,256,179,775.848,877.955,561152,true,pending_log_review,,1,16
GDS,1,0.067,137,4096,256,180,785.721,912.66,561152,true,pending_log_review,,1,16
GDS,1,0.067,137,4096,256,181,746.899,860.455,561152,true,pending_log_review,,1,16
GDS,1,0.067,137,4096,256,182,730.462,883.015,561152,true,pending_log_review,,1,16
GDS,1,0.067,137,4096,256,183,749.618,904.672,561152,true,pending_log_review,,1,16
GDS,1,0.067,137,4096,256,184,762.677,909.615,561152,true,pending_log_review,,1,16
GDS,1,0.067,137,4096,256,185,811.658,916.291,561152,true,pending_log_review,,1,16
GDS,1,0.067,137,4096,256,186,744.506,842.259,561152,true,pending_log_review,,1,16
GDS,1,0.067,137,4096,256,187,771.75,891.646,561152,true,pending_log_review,,1,16
GDS,1,0.067,137,4096,256,188,750.928,859.385,561152,true,pending_log_review,,1,16
GDS,1,0.067,137,4096,256,189,764.568,860.699,561152,true,pending_log_review,,1,16
GDS,1,0.067,137,4096,256,190,815.047,951.312,561152,true,pending_log_review,,1,16
GDS,1,0.067,137,4096,256,191,760.175,875.59,561152,true,pending_log_review,,1,16
GDS,1,0.067,137,4096,256,192,756.347,867.193,561152,true,pending_log_review,,1,16
GDS,1,0.067,137,4096,256,193,764.754,874.66,561152,true,pending_log_review,,1,16
GDS,1,0.067,137,4096,256,194,743.133,894.848,561152,true,pending_log_review,,1,16
GDS,1,0.067,137,4096,256,195,718.204,862.457,561152,true,pending_log_review,,1,16
GDS,1,0.067,137,4096,256,196,811.858,944.628,561152,true,pending_log_review,,1,16
GDS,1,0.067,137,4096,256,197,695.11,834.714,561152,true,pending_log_review,,1,16
GDS,1,0.067,137,4096,256,198,843.534,955.55,561152,true,pending_log_review,,1,16
GDS,1,0.067,137,4096,256,199,798.354,898.554,561152,true,pending_log_review,,1,16
GDS,1,0.067,137,4096,256,0,738.146,884.817,561152,true,pending_log_review,,3,16
GDS,1,0.134,274,4096,256,0,2175153.649,2192369.549,1122304,true,pending_log_review,,2,16
GDS,1,0.134,274,4096,256,0,2145.972,3731.435,1122304,true,pending_log_review,,0,16
GDS,1,0.134,274,4096,256,1,1367.206,4413.471,1122304,true,pending_log_review,,0,16
GDS,1,0.134,274,4096,256,2,1366.148,23739.868,1122304,true,pending_log_review,,0,16
GDS,1,0.134,274,4096,256,3,4776.55,6033.409,1122304,true,pending_log_review,,0,16
GDS,1,0.134,274,4096,256,4,1730.005,4990.856,1122304,true,pending_log_review,,0,16
GDS,1,0.134,274,4096,256,5,1441.941,3249.786,1122304,true,pending_log_review,,0,16
GDS,1,0.134,274,4096,256,6,1574.069,1933.05,1122304,true,pending_log_review,,0,16
GDS,1,0.134,274,4096,256,7,1427.913,28640.095,1122304,true,pending_log_review,,0,16
GDS,1,0.134,274,4096,256,8,1413.36,209500.103,1122304,true,pending_log_review,,0,16
GDS,1,0.134,274,4096,256,9,1590.723,1834.826,1122304,true,pending_log_review,,0,16
GDS,1,0.134,274,4096,256,0,1550.659,1847.506,1122304,true,pending_log_review,,1,16
GDS,1,0.134,274,4096,256,1,1447.701,1844.413,1122304,true,pending_log_review,,1,16
GDS,1,0.134,274,4096,256,2,1612.729,2090.23,1122304,true,pending_log_review,,1,16
GDS,1,0.134,274,4096,256,3,1411.232,1702.639,1122304,true,pending_log_review,,1,16
GDS,1,0.134,274,4096,256,4,1805.208,2701.84,1122304,true,pending_log_review,,1,16
GDS,1,0.134,274,4096,256,5,1464.819,1720.705,1122304,true,pending_log_review,,1,16
GDS,1,0.134,274,4096,256,6,1343.035,1672.534,1122304,true,pending_log_review,,1,16
GDS,1,0.134,274,4096,256,7,1380.319,1626.914,1122304,true,pending_log_review,,1,16
GDS,1,0.134,274,4096,256,8,2409.389,5775.427,1122304,true,pending_log_review,,1,16
GDS,1,0.134,274,4096,256,9,1279.57,3586.475,1122304,true,pending_log_review,,1,16
GDS,1,0.134,274,4096,256,10,1231.714,1521.215,1122304,true,pending_log_review,,1,16
GDS,1,0.134,274,4096,256,11,1133.976,1511.715,1122304,true,pending_log_review,,1,16
GDS,1,0.134,274,4096,256,12,1199.653,1457.076,1122304,true,pending_log_review,,1,16
GDS,1,0.134,274,4096,256,13,1176.391,1539.386,1122304,true,pending_log_review,,1,16
GDS,1,0.134,274,4096,256,14,1202.233,1493.546,1122304,true,pending_log_review,,1,16
GDS,1,0.134,274,4096,256,15,1147.451,1528.171,1122304,true,pending_log_review,,1,16
GDS,1,0.134,274,4096,256,16,1070.048,1476.934,1122304,true,pending_log_review,,1,16
GDS,1,0.134,274,4096,256,17,1171.861,1424.216,1122304,true,pending_log_review,,1,16
GDS,1,0.134,274,4096,256,18,1163.223,1459.755,1122304,true,pending_log_review,,1,16
GDS,1,0.134,274,4096,256,19,1101.37,1546.49,1122304,true,pending_log_review,,1,16
GDS,1,0.134,274,4096,256,20,1122.856,1483.379,1122304,true,pending_log_review,,1,16
GDS,1,0.134,274,4096,256,21,1304.308,1511.405,1122304,true,pending_log_review,,1,16
GDS,1,0.134,274,4096,256,22,1164.095,1439.139,1122304,true,pending_log_review,,1,16
GDS,1,0.134,274,4096,256,23,1084.659,1386.966,1122304,true,pending_log_review,,1,16
GDS,1,0.134,274,4096,256,24,1099.603,1309.271,1122304,true,pending_log_review,,1,16
GDS,1,0.134,274,4096,256,25,1119.783,1494.842,1122304,true,pending_log_review,,1,16
GDS,1,0.134,274,4096,256,26,1133.272,1452.63,1122304,true,pending_log_review,,1,16
GDS,1,0.134,274,4096,256,27,1133.371,1423.944,1122304,true,pending_log_review,,1,16
GDS,1,0.134,274,4096,256,28,1220.782,1505.101,1122304,true,pending_log_review,,1,16
GDS,1,0.134,274,4096,256,29,1105.523,1431.203,1122304,true,pending_log_review,,1,16
GDS,1,0.134,274,4096,256,30,1140.917,1618.413,1122304,true,pending_log_review,,1,16
GDS,1,0.134,274,4096,256,31,1172.384,1496.674,1122304,true,pending_log_review,,1,16
GDS,1,0.134,274,4096,256,32,1180.285,1538.622,1122304,true,pending_log_review,,1,16
GDS,1,0.134,274,4096,256,33,1168.46,1447.703,1122304,true,pending_log_review,,1,16
GDS,1,0.134,274,4096,256,34,1164.137,1525.876,1122304,true,pending_log_review,,1,16
GDS,1,0.134,274,4096,256,35,1138.69,1508.366,1122304,true,pending_log_review,,1,16
GDS,1,0.134,274,4096,256,36,1116.475,1502.182,1122304,true,pending_log_review,,1,16
GDS,1,0.134,274,4096,256,37,1136.111,1422.011,1122304,true,pending_log_review,,1,16
GDS,1,0.134,274,4096,256,38,1163.392,1393.996,1122304,true,pending_log_review,,1,16
GDS,1,0.134,274,4096,256,39,1157.664,1446.547,1122304,true,pending_log_review,,1,16
GDS,1,0.134,274,4096,256,40,1144.328,1439.753,1122304,true,pending_log_review,,1,16
GDS,1,0.134,274,4096,256,41,1258.563,1605.235,1122304,true,pending_log_review,,1,16
GDS,1,0.134,274,4096,256,42,1179.256,1416.408,1122304,true,pending_log_review,,1,16
GDS,1,0.134,274,4096,256,43,1157.389,1452.801,1122304,true,pending_log_review,,1,16
GDS,1,0.134,274,4096,256,44,1242.172,1439.571,1122304,true,pending_log_review,,1,16
GDS,1,0.134,274,4096,256,45,1178.432,1396.06,1122304,true,pending_log_review,,1,16
GDS,1,0.134,274,4096,256,46,1093.019,1287.287,1122304,true,pending_log_review,,1,16
GDS,1,0.134,274,4096,256,47,1201.28,1493.925,1122304,true,pending_log_review,,1,16
GDS,1,0.134,274,4096,256,48,1153.067,1346.522,1122304,true,pending_log_review,,1,16
GDS,1,0.134,274,4096,256,49,1169.163,1408.719,1122304,true,pending_log_review,,1,16
GDS,1,0.134,274,4096,256,50,1246.441,1430.362,1122304,true,pending_log_review,,1,16
GDS,1,0.134,274,4096,256,51,1208.144,1480.677,1122304,true,pending_log_review,,1,16
GDS,1,0.134,274,4096,256,52,1290.571,1639.167,1122304,true,pending_log_review,,1,16
GDS,1,0.134,274,4096,256,53,1266.719,1625.765,1122304,true,pending_log_review,,1,16
GDS,1,0.134,274,4096,256,54,1220.122,1508.872,1122304,true,pending_log_review,,1,16
GDS,1,0.134,274,4096,256,55,1201.203,1465.441,1122304,true,pending_log_review,,1,16
GDS,1,0.134,274,4096,256,56,1139.211,1502.209,1122304,true,pending_log_review,,1,16
GDS,1,0.134,274,4096,256,57,1057.27,1446.253,1122304,true,pending_log_review,,1,16
GDS,1,0.134,274,4096,256,58,1170.035,1447.727,1122304,true,pending_log_review,,1,16
GDS,1,0.134,274,4096,256,59,1203.512,1498.95,1122304,true,pending_log_review,,1,16
GDS,1,0.134,274,4096,256,60,1147.642,1441.586,1122304,true,pending_log_review,,1,16
GDS,1,0.134,274,4096,256,61,1264.765,1523.555,1122304,true,pending_log_review,,1,16
GDS,1,0.134,274,4096,256,62,1117.751,1410.466,1122304,true,pending_log_review,,1,16
GDS,1,0.134,274,4096,256,63,1249.717,1532.441,1122304,true,pending_log_review,,1,16
GDS,1,0.134,274,4096,256,64,1275.123,1527.988,1122304,true,pending_log_review,,1,16
GDS,1,0.134,274,4096,256,65,1261.084,1486.383,1122304,true,pending_log_review,,1,16
GDS,1,0.134,274,4096,256,66,1169.188,1464.299,1122304,true,pending_log_review,,1,16
GDS,1,0.134,274,4096,256,67,1227.426,1450.503,1122304,true,pending_log_review,,1,16
GDS,1,0.134,274,4096,256,68,1142.247,1497.681,1122304,true,pending_log_review,,1,16
GDS,1,0.134,274,4096,256,69,1220.068,1604.779,1122304,true,pending_log_review,,1,16
GDS,1,0.134,274,4096,256,70,1147.556,1418.861,1122304,true,pending_log_review,,1,16
GDS,1,0.134,274,4096,256,71,1051.743,1462.739,1122304,true,pending_log_review,,1,16
GDS,1,0.134,274,4096,256,72,1259.934,1608.964,1122304,true,pending_log_review,,1,16
GDS,1,0.134,274,4096,256,73,1250.234,1595.978,1122304,true,pending_log_review,,1,16
GDS,1,0.134,274,4096,256,74,1212.906,1491.916,1122304,true,pending_log_review,,1,16
GDS,1,0.134,274,4096,256,75,1180.655,1482.998,1122304,true,pending_log_review,,1,16
GDS,1,0.134,274,4096,256,76,1258.346,1528.705,1122304,true,pending_log_review,,1,16
GDS,1,0.134,274,4096,256,77,1096.211,1411.404,1122304,true,pending_log_review,,1,16
GDS,1,0.134,274,4096,256,78,1142.968,1514.005,1122304,true,pending_log_review,,1,16
GDS,1,0.134,274,4096,256,79,1235.995,1600.869,1122304,true,pending_log_review,,1,16
GDS,1,0.134,274,4096,256,80,1163.209,1505.099,1122304,true,pending_log_review,,1,16
GDS,1,0.134,274,4096,256,81,1130.446,1435.218,1122304,true,pending_log_review,,1,16
GDS,1,0.134,274,4096,256,82,1245.868,1571.575,1122304,true,pending_log_review,,1,16
GDS,1,0.134,274,4096,256,83,1137.68,1445.28,1122304,true,pending_log_review,,1,16
GDS,1,0.134,274,4096,256,84,1199.734,1559.717,1122304,true,pending_log_review,,1,16
GDS,1,0.134,274,4096,256,85,1178.022,1485.795,1122304,true,pending_log_review,,1,16
GDS,1,0.134,274,4096,256,86,1201.785,1570.318,1122304,true,pending_log_review,,1,16
GDS,1,0.134,274,4096,256,87,1265.157,1546.519,1122304,true,pending_log_review,,1,16
GDS,1,0.134,274,4096,256,88,1153.016,1534.856,1122304,true,pending_log_review,,1,16
GDS,1,0.134,274,4096,256,89,1025.614,1354.578,1122304,true,pending_log_review,,1,16
GDS,1,0.134,274,4096,256,90,1122.684,1540.331,1122304,true,pending_log_review,,1,16
GDS,1,0.134,274,4096,256,91,1167.51,1500.638,1122304,true,pending_log_review,,1,16
GDS,1,0.134,274,4096,256,92,1132.552,1453.896,1122304,true,pending_log_review,,1,16
GDS,1,0.134,274,4096,256,93,1043.245,1463.587,1122304,true,pending_log_review,,1,16
GDS,1,0.134,274,4096,256,94,1167.573,1558.992,1122304,true,pending_log_review,,1,16
GDS,1,0.134,274,4096,256,95,1244.154,1533.37,1122304,true,pending_log_review,,1,16
GDS,1,0.134,274,4096,256,96,1184.845,1441.355,1122304,true,pending_log_review,,1,16
GDS,1,0.134,274,4096,256,97,1251.652,1529.47,1122304,true,pending_log_review,,1,16
GDS,1,0.134,274,4096,256,98,1124.402,1457.461,1122304,true,pending_log_review,,1,16
GDS,1,0.134,274,4096,256,99,1140.056,1528.67,1122304,true,pending_log_review,,1,16
GDS,1,0.134,274,4096,256,100,1174.63,1522.121,1122304,true,pending_log_review,,1,16
GDS,1,0.134,274,4096,256,101,1213.501,1474.811,1122304,true,pending_log_review,,1,16
GDS,1,0.134,274,4096,256,102,1104.167,1469.965,1122304,true,pending_log_review,,1,16
GDS,1,0.134,274,4096,256,103,1220.722,1511.31,1122304,true,pending_log_review,,1,16
GDS,1,0.134,274,4096,256,104,1232.675,1505.955,1122304,true,pending_log_review,,1,16
GDS,1,0.134,274,4096,256,105,1152.719,1453.523,1122304,true,pending_log_review,,1,16
GDS,1,0.134,274,4096,256,106,1083.615,1458.653,1122304,true,pending_log_review,,1,16
GDS,1,0.134,274,4096,256,107,1125.509,1544.51,1122304,true,pending_log_review,,1,16
GDS,1,0.134,274,4096,256,108,1148.292,1447.061,1122304,true,pending_log_review,,1,16
GDS,1,0.134,274,4096,256,109,1135.586,1478.093,1122304,true,pending_log_review,,1,16
GDS,1,0.134,274,4096,256,110,1158.497,1431.567,1122304,true,pending_log_review,,1,16
GDS,1,0.134,274,4096,256,111,1222.968,1496.522,1122304,true,pending_log_review,,1,16
GDS,1,0.134,274,4096,256,112,1135.766,1600.112,1122304,true,pending_log_review,,1,16
GDS,1,0.134,274,4096,256,113,1276.564,1548.519,1122304,true,pending_log_review,,1,16
GDS,1,0.134,274,4096,256,114,1148.197,1493.043,1122304,true,pending_log_review,,1,16
GDS,1,0.134,274,4096,256,115,1112.838,1456.564,1122304,true,pending_log_review,,1,16
GDS,1,0.134,274,4096,256,116,1145.305,1510.516,1122304,true,pending_log_review,,1,16
GDS,1,0.134,274,4096,256,117,1185.248,1490.604,1122304,true,pending_log_review,,1,16
GDS,1,0.134,274,4096,256,118,1188.999,1503.857,1122304,true,pending_log_review,,1,16
GDS,1,0.134,274,4096,256,119,1150.162,1439.555,1122304,true,pending_log_review,,1,16
GDS,1,0.134,274,4096,256,120,2687.122,2902.934,1122304,true,pending_log_review,,1,16
GDS,1,0.134,274,4096,256,121,1437.997,1727.908,1122304,true,pending_log_review,,1,16
GDS,1,0.134,274,4096,256,122,1471.722,1692.935,1122304,true,pending_log_review,,1,16
GDS,1,0.134,274,4096,256,123,1578.77,1776.292,1122304,true,pending_log_review,,1,16
GDS,1,0.134,274,4096,256,124,1436.676,1652.132,1122304,true,pending_log_review,,1,16
GDS,1,0.134,274,4096,256,125,1469.391,1696.036,1122304,true,pending_log_review,,1,16
GDS,1,0.134,274,4096,256,126,1349.801,1585.704,1122304,true,pending_log_review,,1,16
GDS,1,0.134,274,4096,256,127,1322.037,1574.146,1122304,true,pending_log_review,,1,16
GDS,1,0.134,274,4096,256,128,1462.273,1790.073,1122304,true,pending_log_review,,1,16
GDS,1,0.134,274,4096,256,129,1379.029,1716.413,1122304,true,pending_log_review,,1,16
GDS,1,0.134,274,4096,256,130,1377.411,1654.4,1122304,true,pending_log_review,,1,16
GDS,1,0.134,274,4096,256,131,1516.852,1764.982,1122304,true,pending_log_review,,1,16
GDS,1,0.134,274,4096,256,132,1416.436,1767.54,1122304,true,pending_log_review,,1,16
GDS,1,0.134,274,4096,256,133,1397.213,1618.4,1122304,true,pending_log_review,,1,16
GDS,1,0.134,274,4096,256,134,1362.587,1673.499,1122304,true,pending_log_review,,1,16
GDS,1,0.134,274,4096,256,135,1491.882,1732.501,1122304,true,pending_log_review,,1,16
GDS,1,0.134,274,4096,256,136,1496.635,1843.071,1122304,true,pending_log_review,,1,16
GDS,1,0.134,274,4096,256,137,1353.888,1601.556,1122304,true,pending_log_review,,1,16
GDS,1,0.134,274,4096,256,138,1411.427,1639.113,1122304,true,pending_log_review,,1,16
GDS,1,0.134,274,4096,256,139,1368.234,1597.393,1122304,true,pending_log_review,,1,16
GDS,1,0.134,274,4096,256,140,1537.866,966608.91,1122304,true,pending_log_review,,1,16
GDS,1,0.134,274,4096,256,141,1449.163,1836.193,1122304,true,pending_log_review,,1,16
GDS,1,0.134,274,4096,256,142,1393.662,1636.09,1122304,true,pending_log_review,,1,16
GDS,1,0.134,274,4096,256,143,1487.936,1667.503,1122304,true,pending_log_review,,1,16
GDS,1,0.134,274,4096,256,144,1363.293,1629.96,1122304,true,pending_log_review,,1,16
GDS,1,0.134,274,4096,256,145,1354.922,1525.245,1122304,true,pending_log_review,,1,16
GDS,1,0.134,274,4096,256,146,1422.37,1637.137,1122304,true,pending_log_review,,1,16
GDS,1,0.134,274,4096,256,147,1406.719,1735.166,1122304,true,pending_log_review,,1,16
GDS,1,0.134,274,4096,256,148,1503.665,1683.318,1122304,true,pending_log_review,,1,16
GDS,1,0.134,274,4096,256,149,1873.518,2109.513,1122304,true,pending_log_review,,1,16
GDS,1,0.134,274,4096,256,150,1250.888,1650.45,1122304,true,pending_log_review,,1,16
GDS,1,0.134,274,4096,256,151,1258.943,1606.697,1122304,true,pending_log_review,,1,16
GDS,1,0.134,274,4096,256,152,1268.811,1510.674,1122304,true,pending_log_review,,1,16
GDS,1,0.134,274,4096,256,153,1152.036,1468.171,1122304,true,pending_log_review,,1,16
GDS,1,0.134,274,4096,256,154,1075.547,1401.919,1122304,true,pending_log_review,,1,16
GDS,1,0.134,274,4096,256,155,1071.418,1299.529,1122304,true,pending_log_review,,1,16
GDS,1,0.134,274,4096,256,156,1201.926,1492.484,1122304,true,pending_log_review,,1,16
GDS,1,0.134,274,4096,256,157,1141.54,1557.637,1122304,true,pending_log_review,,1,16
GDS,1,0.134,274,4096,256,158,1190.979,1519.144,1122304,true,pending_log_review,,1,16
GDS,1,0.134,274,4096,256,159,1209.628,1534.644,1122304,true,pending_log_review,,1,16
GDS,1,0.134,274,4096,256,160,1133.171,1384.863,1122304,true,pending_log_review,,1,16
GDS,1,0.134,274,4096,256,161,1218.271,1459.682,1122304,true,pending_log_review,,1,16
GDS,1,0.134,274,4096,256,162,1059.715,1505.291,1122304,true,pending_log_review,,1,16
GDS,1,0.134,274,4096,256,163,1266.546,1702.93,1122304,true,pending_log_review,,1,16
GDS,1,0.134,274,4096,256,164,1161.131,1445.786,1122304,true,pending_log_review,,1,16
GDS,1,0.134,274,4096,256,165,1083.146,1405.565,1122304,true,pending_log_review,,1,16
GDS,1,0.134,274,4096,256,166,1217.272,1476.133,1122304,true,pending_log_review,,1,16
GDS,1,0.134,274,4096,256,167,1202.785,1568.452,1122304,true,pending_log_review,,1,16
GDS,1,0.134,274,4096,256,168,1301.505,1672.445,1122304,true,pending_log_review,,1,16
GDS,1,0.134,274,4096,256,169,1191.821,1410.385,1122304,true,pending_log_review,,1,16
GDS,1,0.134,274,4096,256,170,1163.703,1512.98,1122304,true,pending_log_review,,1,16
GDS,1,0.134,274,4096,256,171,1200.327,1547.98,1122304,true,pending_log_review,,1,16
GDS,1,0.134,274,4096,256,172,1214.555,1408.608,1122304,true,pending_log_review,,1,16
GDS,1,0.134,274,4096,256,173,1148.901,1384.396,1122304,true,pending_log_review,,1,16
GDS,1,0.134,274,4096,256,174,1205.053,1568.693,1122304,true,pending_log_review,,1,16
GDS,1,0.134,274,4096,256,175,1084.64,1442.196,1122304,true,pending_log_review,,1,16
GDS,1,0.134,274,4096,256,176,1110.695,1437.187,1122304,true,pending_log_review,,1,16
GDS,1,0.134,274,4096,256,177,1171.819,1573.584,1122304,true,pending_log_review,,1,16
GDS,1,0.134,274,4096,256,178,1097.149,1473.267,1122304,true,pending_log_review,,1,16
GDS,1,0.134,274,4096,256,179,1218.015,1474.442,1122304,true,pending_log_review,,1,16
GDS,1,0.134,274,4096,256,180,1255.014,1519.975,1122304,true,pending_log_review,,1,16
GDS,1,0.134,274,4096,256,181,1225.969,1577.567,1122304,true,pending_log_review,,1,16
GDS,1,0.134,274,4096,256,182,1200.079,1570.719,1122304,true,pending_log_review,,1,16
GDS,1,0.134,274,4096,256,183,1161.876,1539.828,1122304,true,pending_log_review,,1,16
GDS,1,0.134,274,4096,256,184,1118.929,1524.326,1122304,true,pending_log_review,,1,16
GDS,1,0.134,274,4096,256,185,1192.039,1529.681,1122304,true,pending_log_review,,1,16
GDS,1,0.134,274,4096,256,186,1180.159,1447.21,1122304,true,pending_log_review,,1,16
GDS,1,0.134,274,4096,256,187,1229.26,1575.745,1122304,true,pending_log_review,,1,16
GDS,1,0.134,274,4096,256,188,1175.237,1418.431,1122304,true,pending_log_review,,1,16
GDS,1,0.134,274,4096,256,189,1186.617,1464.711,1122304,true,pending_log_review,,1,16
GDS,1,0.134,274,4096,256,190,1116.483,1447.407,1122304,true,pending_log_review,,1,16
GDS,1,0.134,274,4096,256,191,1120.129,1484.312,1122304,true,pending_log_review,,1,16
GDS,1,0.134,274,4096,256,192,1175.713,1423.371,1122304,true,pending_log_review,,1,16
GDS,1,0.134,274,4096,256,193,1210.456,1446.587,1122304,true,pending_log_review,,1,16
GDS,1,0.134,274,4096,256,194,1211.58,1548.948,1122304,true,pending_log_review,,1,16
GDS,1,0.134,274,4096,256,195,1156.204,1450.19,1122304,true,pending_log_review,,1,16
GDS,1,0.134,274,4096,256,196,1313.207,1648.744,1122304,true,pending_log_review,,1,16
GDS,1,0.134,274,4096,256,197,1087.803,1508.687,1122304,true,pending_log_review,,1,16
GDS,1,0.134,274,4096,256,198,1081.867,1425.85,1122304,true,pending_log_review,,1,16
GDS,1,0.134,274,4096,256,199,1191.122,1512.33,1122304,true,pending_log_review,,1,16
GDS,1,0.134,274,4096,256,0,1202.463,1414.534,1122304,true,pending_log_review,,3,16
GDS,1,0.3,614,4096,256,0,2266.54,3797.832,2514944,true,pending_log_review,,2,16
GDS,1,0.3,614,4096,256,0,2328.806,8700.424,2514944,true,pending_log_review,,0,16
GDS,1,0.3,614,4096,256,1,2591.344,4412.095,2514944,true,pending_log_review,,0,16
GDS,1,0.3,614,4096,256,2,2508.392,3236.304,2514944,true,pending_log_review,,0,16
GDS,1,0.3,614,4096,256,3,2241.202,4043.128,2514944,true,pending_log_review,,0,16
GDS,1,0.3,614,4096,256,4,2553.975,4980.964,2514944,true,pending_log_review,,0,16
GDS,1,0.3,614,4096,256,5,2500.015,2977.649,2514944,true,pending_log_review,,0,16
GDS,1,0.3,614,4096,256,6,7358.1,8816.315,2514944,true,pending_log_review,,0,16
GDS,1,0.3,614,4096,256,7,2829.935,3254.581,2514944,true,pending_log_review,,0,16
GDS,1,0.3,614,4096,256,8,2901.362,3839.827,2514944,true,pending_log_review,,0,16
GDS,1,0.3,614,4096,256,9,2838.031,3213.648,2514944,true,pending_log_review,,0,16
GDS,1,0.3,614,4096,256,0,4046.786,6120.043,2514944,true,pending_log_review,,1,16
GDS,1,0.3,614,4096,256,1,2896.85,3464.654,2514944,true,pending_log_review,,1,16
GDS,1,0.3,614,4096,256,2,2929.26,3358.943,2514944,true,pending_log_review,,1,16
GDS,1,0.3,614,4096,256,3,2918.965,3385.857,2514944,true,pending_log_review,,1,16
GDS,1,0.3,614,4096,256,4,2815.089,3226.927,2514944,true,pending_log_review,,1,16
GDS,1,0.3,614,4096,256,5,2873.349,3309.545,2514944,true,pending_log_review,,1,16
GDS,1,0.3,614,4096,256,6,2822.058,3515.922,2514944,true,pending_log_review,,1,16
GDS,1,0.3,614,4096,256,7,2826.798,3359.109,2514944,true,pending_log_review,,1,16
GDS,1,0.3,614,4096,256,8,2891.515,3361.089,2514944,true,pending_log_review,,1,16
GDS,1,0.3,614,4096,256,9,3117.301,3561.335,2514944,true,pending_log_review,,1,16
GDS,1,0.3,614,4096,256,10,2952.654,3378.875,2514944,true,pending_log_review,,1,16
GDS,1,0.3,614,4096,256,11,2958.446,3353.506,2514944,true,pending_log_review,,1,16
GDS,1,0.3,614,4096,256,12,2930.593,3343.327,2514944,true,pending_log_review,,1,16
GDS,1,0.3,614,4096,256,13,2884.001,3383.348,2514944,true,pending_log_review,,1,16
GDS,1,0.3,614,4096,256,14,2845.478,3376.809,2514944,true,pending_log_review,,1,16
GDS,1,0.3,614,4096,256,15,2975.447,3414.325,2514944,true,pending_log_review,,1,16
GDS,1,0.3,614,4096,256,16,2865.552,3377.14,2514944,true,pending_log_review,,1,16
GDS,1,0.3,614,4096,256,17,2853.038,3239.231,2514944,true,pending_log_review,,1,16
GDS,1,0.3,614,4096,256,18,2913.934,3413.764,2514944,true,pending_log_review,,1,16
GDS,1,0.3,614,4096,256,19,2974.492,3448.402,2514944,true,pending_log_review,,1,16
GDS,1,0.3,614,4096,256,20,2927.183,3297.16,2514944,true,pending_log_review,,1,16
GDS,1,0.3,614,4096,256,21,3043.482,3531.406,2514944,true,pending_log_review,,1,16
GDS,1,0.3,614,4096,256,22,2623.901,3248.971,2514944,true,pending_log_review,,1,16
GDS,1,0.3,614,4096,256,23,2459.833,3206.766,2514944,true,pending_log_review,,1,16
GDS,1,0.3,614,4096,256,24,2339.843,3131.084,2514944,true,pending_log_review,,1,16
GDS,1,0.3,614,4096,256,25,2359.651,3069.626,2514944,true,pending_log_review,,1,16
GDS,1,0.3,614,4096,256,26,2377.566,2969.359,2514944,true,pending_log_review,,1,16
GDS,1,0.3,614,4096,256,27,2399.834,3113.009,2514944,true,pending_log_review,,1,16
GDS,1,0.3,614,4096,256,28,2389.454,2855.697,2514944,true,pending_log_review,,1,16
GDS,1,0.3,614,4096,256,29,2376.562,3108.695,2514944,true,pending_log_review,,1,16
GDS,1,0.3,614,4096,256,30,2432.308,3066.851,2514944,true,pending_log_review,,1,16
GDS,1,0.3,614,4096,256,31,2544.77,3212.537,2514944,true,pending_log_review,,1,16
GDS,1,0.3,614,4096,256,32,2367.663,3201.632,2514944,true,pending_log_review,,1,16
GDS,1,0.3,614,4096,256,33,2482.776,2850.21,2514944,true,pending_log_review,,1,16
GDS,1,0.3,614,4096,256,34,2342.415,3064.394,2514944,true,pending_log_review,,1,16
GDS,1,0.3,614,4096,256,35,2442.265,3019.439,2514944,true,pending_log_review,,1,16
GDS,1,0.3,614,4096,256,36,2515.617,3280.456,2514944,true,pending_log_review,,1,16
GDS,1,0.3,614,4096,256,37,2383.304,3170.738,2514944,true,pending_log_review,,1,16
GDS,1,0.3,614,4096,256,38,2520.62,3087.19,2514944,true,pending_log_review,,1,16
GDS,1,0.3,614,4096,256,39,2448.137,3110.679,2514944,true,pending_log_review,,1,16
GDS,1,0.3,614,4096,256,40,2307.319,2876.862,2514944,true,pending_log_review,,1,16
GDS,1,0.3,614,4096,256,41,2347.75,3076.1,2514944,true,pending_log_review,,1,16
GDS,1,0.3,614,4096,256,42,2333.303,3253.3,2514944,true,pending_log_review,,1,16
GDS,1,0.3,614,4096,256,43,2413.544,3066.904,2514944,true,pending_log_review,,1,16
GDS,1,0.3,614,4096,256,44,2344.863,3323.076,2514944,true,pending_log_review,,1,16
GDS,1,0.3,614,4096,256,45,2499.632,2891.28,2514944,true,pending_log_review,,1,16
GDS,1,0.3,614,4096,256,46,2474.02,3261.312,2514944,true,pending_log_review,,1,16
GDS,1,0.3,614,4096,256,47,2342.421,2928.318,2514944,true,pending_log_review,,1,16
GDS,1,0.3,614,4096,256,48,2293.55,2912.063,2514944,true,pending_log_review,,1,16
GDS,1,0.3,614,4096,256,49,2411.889,3308.532,2514944,true,pending_log_review,,1,16
GDS,1,0.3,614,4096,256,50,2404.145,3168.247,2514944,true,pending_log_review,,1,16
GDS,1,0.3,614,4096,256,51,2353.476,3211.378,2514944,true,pending_log_review,,1,16
GDS,1,0.3,614,4096,256,52,2337.943,3269.401,2514944,true,pending_log_review,,1,16
GDS,1,0.3,614,4096,256,53,2499.011,3156.026,2514944,true,pending_log_review,,1,16
GDS,1,0.3,614,4096,256,54,2534.282,3093.178,2514944,true,pending_log_review,,1,16
GDS,1,0.3,614,4096,256,55,2374.148,2918.323,2514944,true,pending_log_review,,1,16
GDS,1,0.3,614,4096,256,56,2473.358,3149.657,2514944,true,pending_log_review,,1,16
GDS,1,0.3,614,4096,256,57,2380.968,3022.111,2514944,true,pending_log_review,,1,16
GDS,1,0.3,614,4096,256,58,2416.224,3184.934,2514944,true,pending_log_review,,1,16
GDS,1,0.3,614,4096,256,59,2373.559,2880.059,2514944,true,pending_log_review,,1,16
GDS,1,0.3,614,4096,256,60,2448.834,3224.129,2514944,true,pending_log_review,,1,16
GDS,1,0.3,614,4096,256,61,3759.872,4428.736,2514944,true,pending_log_review,,1,16
GDS,1,0.3,614,4096,256,62,2990.682,3494.464,2514944,true,pending_log_review,,1,16
GDS,1,0.3,614,4096,256,63,2881.287,3285.251,2514944,true,pending_log_review,,1,16
GDS,1,0.3,614,4096,256,64,2889.263,3385.677,2514944,true,pending_log_review,,1,16
GDS,1,0.3,614,4096,256,65,2900.28,3357.167,2514944,true,pending_log_review,,1,16
GDS,1,0.3,614,4096,256,66,2957.416,3379.784,2514944,true,pending_log_review,,1,16
GDS,1,0.3,614,4096,256,67,2890.333,3307.726,2514944,true,pending_log_review,,1,16
GDS,1,0.3,614,4096,256,68,2971.353,3433.36,2514944,true,pending_log_review,,1,16
GDS,1,0.3,614,4096,256,69,6245.704,7095.978,2514944,true,pending_log_review,,1,16
GDS,1,0.3,614,4096,256,70,2414.403,3245.345,2514944,true,pending_log_review,,1,16
GDS,1,0.3,614,4096,256,71,2508.41,3092.123,2514944,true,pending_log_review,,1,16
GDS,1,0.3,614,4096,256,72,2386.037,3223.064,2514944,true,pending_log_review,,1,16
GDS,1,0.3,614,4096,256,73,2271.849,2861.034,2514944,true,pending_log_review,,1,16
GDS,1,0.3,614,4096,256,74,2321.274,3072.772,2514944,true,pending_log_review,,1,16
GDS,1,0.3,614,4096,256,75,2402.878,3111.088,2514944,true,pending_log_review,,1,16
GDS,1,0.3,614,4096,256,76,2425.503,3241.815,2514944,true,pending_log_review,,1,16
GDS,1,0.3,614,4096,256,77,2320.924,3152.253,2514944,true,pending_log_review,,1,16
GDS,1,0.3,614,4096,256,78,2453.094,3197.759,2514944,true,pending_log_review,,1,16
GDS,1,0.3,614,4096,256,79,2365.986,3051.443,2514944,true,pending_log_review,,1,16
GDS,1,0.3,614,4096,256,80,2358.651,3093.211,2514944,true,pending_log_review,,1,16
GDS,1,0.3,614,4096,256,81,2365.598,3270.445,2514944,true,pending_log_review,,1,16
GDS,1,0.3,614,4096,256,82,2409.066,3012.673,2514944,true,pending_log_review,,1,16
GDS,1,0.3,614,4096,256,83,2386.816,3157.212,2514944,true,pending_log_review,,1,16
GDS,1,0.3,614,4096,256,84,2323.815,3091.392,2514944,true,pending_log_review,,1,16
GDS,1,0.3,614,4096,256,85,2545.774,3091.609,2514944,true,pending_log_review,,1,16
GDS,1,0.3,614,4096,256,86,2365.553,3130.4,2514944,true,pending_log_review,,1,16
GDS,1,0.3,614,4096,256,87,2441.665,2905.26,2514944,true,pending_log_review,,1,16
GDS,1,0.3,614,4096,256,88,2568.934,3081.046,2514944,true,pending_log_review,,1,16
GDS,1,0.3,614,4096,256,89,2408.985,3121.856,2514944,true,pending_log_review,,1,16
GDS,1,0.3,614,4096,256,90,2428.204,3114.176,2514944,true,pending_log_review,,1,16
GDS,1,0.3,614,4096,256,91,2344.109,3219.62,2514944,true,pending_log_review,,1,16
GDS,1,0.3,614,4096,256,92,2304.283,3052.821,2514944,true,pending_log_review,,1,16
GDS,1,0.3,614,4096,256,93,2295.6,3293.359,2514944,true,pending_log_review,,1,16
GDS,1,0.3,614,4096,256,94,2389.131,3142.463,2514944,true,pending_log_review,,1,16
GDS,1,0.3,614,4096,256,95,2447.217,3102.44,2514944,true,pending_log_review,,1,16
GDS,1,0.3,614,4096,256,96,2348.944,3175.911,2514944,true,pending_log_review,,1,16
GDS,1,0.3,614,4096,256,97,2827.755,3407.401,2514944,true,pending_log_review,,1,16
GDS,1,0.3,614,4096,256,98,3063.812,3508.366,2514944,true,pending_log_review,,1,16
GDS,1,0.3,614,4096,256,99,2940.328,3389.377,2514944,true,pending_log_review,,1,16
GDS,1,0.3,614,4096,256,100,2923.491,3444.535,2514944,true,pending_log_review,,1,16
GDS,1,0.3,614,4096,256,101,2868.358,3288.516,2514944,true,pending_log_review,,1,16
GDS,1,0.3,614,4096,256,102,3023.755,3462.557,2514944,true,pending_log_review,,1,16
GDS,1,0.3,614,4096,256,103,2801.849,3170.948,2514944,true,pending_log_review,,1,16
GDS,1,0.3,614,4096,256,104,6054.641,6815.336,2514944,true,pending_log_review,,1,16
GDS,1,0.3,614,4096,256,105,2314.703,3134.86,2514944,true,pending_log_review,,1,16
GDS,1,0.3,614,4096,256,106,2465.421,3087.637,2514944,true,pending_log_review,,1,16
GDS,1,0.3,614,4096,256,107,2449.706,3071.379,2514944,true,pending_log_review,,1,16
GDS,1,0.3,614,4096,256,108,2466.094,2965.265,2514944,true,pending_log_review,,1,16
GDS,1,0.3,614,4096,256,109,2494.656,3260.222,2514944,true,pending_log_review,,1,16
GDS,1,0.3,614,4096,256,110,2371.049,2863.591,2514944,true,pending_log_review,,1,16
GDS,1,0.3,614,4096,256,111,2441.763,3036.777,2514944,true,pending_log_review,,1,16
GDS,1,0.3,614,4096,256,112,2446.852,3022.612,2514944,true,pending_log_review,,1,16
GDS,1,0.3,614,4096,256,113,2418.747,3230.947,2514944,true,pending_log_review,,1,16
GDS,1,0.3,614,4096,256,114,2598.408,3123.186,2514944,true,pending_log_review,,1,16
GDS,1,0.3,614,4096,256,115,2343.281,2966.279,2514944,true,pending_log_review,,1,16
GDS,1,0.3,614,4096,256,116,2292.05,3120.989,2514944,true,pending_log_review,,1,16
GDS,1,0.3,614,4096,256,117,2325.384,3215.746,2514944,true,pending_log_review,,1,16
GDS,1,0.3,614,4096,256,118,2408.952,2956.272,2514944,true,pending_log_review,,1,16
GDS,1,0.3,614,4096,256,119,2444.948,3188.374,2514944,true,pending_log_review,,1,16
GDS,1,0.3,614,4096,256,120,2323.283,3094.224,2514944,true,pending_log_review,,1,16
GDS,1,0.3,614,4096,256,121,2401.624,2950.06,2514944,true,pending_log_review,,1,16
GDS,1,0.3,614,4096,256,122,2353.491,3095.18,2514944,true,pending_log_review,,1,16
GDS,1,0.3,614,4096,256,123,2270.857,3062.63,2514944,true,pending_log_review,,1,16
GDS,1,0.3,614,4096,256,124,2365.641,3274.84,2514944,true,pending_log_review,,1,16
GDS,1,0.3,614,4096,256,125,2477.601,2962.569,2514944,true,pending_log_review,,1,16
GDS,1,0.3,614,4096,256,126,2397.357,3069.145,2514944,true,pending_log_review,,1,16
GDS,1,0.3,614,4096,256,127,2265.711,2797.932,2514944,true,pending_log_review,,1,16
GDS,1,0.3,614,4096,256,128,2412.088,3200.678,2514944,true,pending_log_review,,1,16
GDS,1,0.3,614,4096,256,129,2448.943,2939.442,2514944,true,pending_log_review,,1,16
GDS,1,0.3,614,4096,256,130,2399.071,3041.284,2514944,true,pending_log_review,,1,16
GDS,1,0.3,614,4096,256,131,2455.059,2978.195,2514944,true,pending_log_review,,1,16
GDS,1,0.3,614,4096,256,132,2303.66,3224.663,2514944,true,pending_log_review,,1,16
GDS,1,0.3,614,4096,256,133,2387.964,3025.37,2514944,true,pending_log_review,,1,16
GDS,1,0.3,614,4096,256,134,2448.451,3135.95,2514944,true,pending_log_review,,1,16
GDS,1,0.3,614,4096,256,135,2419.54,3080.54,2514944,true,pending_log_review,,1,16
GDS,1,0.3,614,4096,256,136,2274.31,3038.736,2514944,true,pending_log_review,,1,16
GDS,1,0.3,614,4096,256,137,2385.735,3120.729,2514944,true,pending_log_review,,1,16
GDS,1,0.3,614,4096,256,138,2442.793,3148.585,2514944,true,pending_log_review,,1,16
GDS,1,0.3,614,4096,256,139,2369.207,3038.643,2514944,true,pending_log_review,,1,16
GDS,1,0.3,614,4096,256,140,2384.582,2917.919,2514944,true,pending_log_review,,1,16
GDS,1,0.3,614,4096,256,141,2461.277,3204.551,2514944,true,pending_log_review,,1,16
GDS,1,0.3,614,4096,256,142,2433.533,2958.023,2514944,true,pending_log_review,,1,16
GDS,1,0.3,614,4096,256,143,2371.398,3076.292,2514944,true,pending_log_review,,1,16
GDS,1,0.3,614,4096,256,144,2552.846,3127.16,2514944,true,pending_log_review,,1,16
GDS,1,0.3,614,4096,256,145,2345.907,3019.008,2514944,true,pending_log_review,,1,16
GDS,1,0.3,614,4096,256,146,2373.649,3256.541,2514944,true,pending_log_review,,1,16
GDS,1,0.3,614,4096,256,147,2297.378,3325.125,2514944,true,pending_log_review,,1,16
GDS,1,0.3,614,4096,256,148,2446.041,2954.633,2514944,true,pending_log_review,,1,16
GDS,1,0.3,614,4096,256,149,2304.721,3172.277,2514944,true,pending_log_review,,1,16
GDS,1,0.3,614,4096,256,150,2469.821,3107.255,2514944,true,pending_log_review,,1,16
GDS,1,0.3,614,4096,256,151,2359.55,2940.539,2514944,true,pending_log_review,,1,16
GDS,1,0.3,614,4096,256,152,2391.777,3132.76,2514944,true,pending_log_review,,1,16
GDS,1,0.3,614,4096,256,153,2334.01,2767.941,2514944,true,pending_log_review,,1,16
GDS,1,0.3,614,4096,256,154,2426.133,3298.375,2514944,true,pending_log_review,,1,16
GDS,1,0.3,614,4096,256,155,2374.723,2937.177,2514944,true,pending_log_review,,1,16
GDS,1,0.3,614,4096,256,156,3293.42,3908.431,2514944,true,pending_log_review,,1,16
GDS,1,0.3,614,4096,256,157,2926.53,3404.383,2514944,true,pending_log_review,,1,16
GDS,1,0.3,614,4096,256,158,3042.809,3466.056,2514944,true,pending_log_review,,1,16
GDS,1,0.3,614,4096,256,159,2881.855,3345.352,2514944,true,pending_log_review,,1,16
GDS,1,0.3,614,4096,256,160,2823.998,3507.044,2514944,true,pending_log_review,,1,16
GDS,1,0.3,614,4096,256,161,2843.357,3273.112,2514944,true,pending_log_review,,1,16
GDS,1,0.3,614,4096,256,162,2882.999,3330.269,2514944,true,pending_log_review,,1,16
GDS,1,0.3,614,4096,256,163,2933.638,3370.176,2514944,true,pending_log_review,,1,16
GDS,1,0.3,614,4096,256,164,2856.917,3299.935,2514944,true,pending_log_review,,1,16
GDS,1,0.3,614,4096,256,165,2980.679,3581.687,2514944,true,pending_log_review,,1,16
GDS,1,0.3,614,4096,256,166,2824.088,3277.769,2514944,true,pending_log_review,,1,16
GDS,1,0.3,614,4096,256,167,4824.869,5818.61,2514944,true,pending_log_review,,1,16
GDS,1,0.3,614,4096,256,168,2360.378,2959.773,2514944,true,pending_log_review,,1,16
GDS,1,0.3,614,4096,256,169,2383.793,3234.668,2514944,true,pending_log_review,,1,16
GDS,1,0.3,614,4096,256,170,2402.043,2803.185,2514944,true,pending_log_review,,1,16
GDS,1,0.3,614,4096,256,171,2291.198,3081.296,2514944,true,pending_log_review,,1,16
GDS,1,0.3,614,4096,256,172,2428.743,2916.64,2514944,true,pending_log_review,,1,16
GDS,1,0.3,614,4096,256,173,2450.942,3069.944,2514944,true,pending_log_review,,1,16
GDS,1,0.3,614,4096,256,174,2299.971,3228.939,2514944,true,pending_log_review,,1,16
GDS,1,0.3,614,4096,256,175,2526.107,3186.7,2514944,true,pending_log_review,,1,16
GDS,1,0.3,614,4096,256,176,2402.372,2943.824,2514944,true,pending_log_review,,1,16
GDS,1,0.3,614,4096,256,177,2376.559,2806.503,2514944,true,pending_log_review,,1,16
GDS,1,0.3,614,4096,256,178,2454.409,3207.222,2514944,true,pending_log_review,,1,16
GDS,1,0.3,614,4096,256,179,2388.932,2979.018,2514944,true,pending_log_review,,1,16
GDS,1,0.3,614,4096,256,180,2351.001,3074.499,2514944,true,pending_log_review,,1,16
GDS,1,0.3,614,4096,256,181,2398.085,2954.468,2514944,true,pending_log_review,,1,16
GDS,1,0.3,614,4096,256,182,2563.076,3204.639,2514944,true,pending_log_review,,1,16
GDS,1,0.3,614,4096,256,183,2468.051,2889.852,2514944,true,pending_log_review,,1,16
GDS,1,0.3,614,4096,256,184,2321.269,3108.235,2514944,true,pending_log_review,,1,16
GDS,1,0.3,614,4096,256,185,2425.731,3005.702,2514944,true,pending_log_review,,1,16
GDS,1,0.3,614,4096,256,186,2337.15,3141.635,2514944,true,pending_log_review,,1,16
GDS,1,0.3,614,4096,256,187,2409.034,2839.627,2514944,true,pending_log_review,,1,16
GDS,1,0.3,614,4096,256,188,2469.44,2957.054,2514944,true,pending_log_review,,1,16
GDS,1,0.3,614,4096,256,189,2387.877,3112.592,2514944,true,pending_log_review,,1,16
GDS,1,0.3,614,4096,256,190,2509.803,3108.086,2514944,true,pending_log_review,,1,16
GDS,1,0.3,614,4096,256,191,2430.198,3191.612,2514944,true,pending_log_review,,1,16
GDS,1,0.3,614,4096,256,192,2421.06,3144.405,2514944,true,pending_log_review,,1,16
GDS,1,0.3,614,4096,256,193,2260.189,3001.983,2514944,true,pending_log_review,,1,16
GDS,1,0.3,614,4096,256,194,2375.641,3124.629,2514944,true,pending_log_review,,1,16
GDS,1,0.3,614,4096,256,195,2715.87,3138.447,2514944,true,pending_log_review,,1,16
GDS,1,0.3,614,4096,256,196,2464.869,3071.792,2514944,true,pending_log_review,,1,16
GDS,1,0.3,614,4096,256,197,2362.082,3011.335,2514944,true,pending_log_review,,1,16
GDS,1,0.3,614,4096,256,198,2623.262,3122.444,2514944,true,pending_log_review,,1,16
GDS,1,0.3,614,4096,256,199,2311.063,3015.832,2514944,true,pending_log_review,,1,16
GDS,1,0.3,614,4096,256,0,2453.48,3239.289,2514944,true,pending_log_review,,3,16
GDS,4,0.067,549,4096,256,0,2140.061,2680.745,2248704,true,pending_log_review,,2,16
GDS,4,0.067,549,4096,256,0,2056.172,2790.71,2248704,true,pending_log_review,,0,16
GDS,4,0.067,549,4096,256,1,2159.545,2662.657,2248704,true,pending_log_review,,0,16
GDS,4,0.067,549,4096,256,2,2130.323,2723.733,2248704,true,pending_log_review,,0,16
GDS,4,0.067,549,4096,256,3,2229.218,2826.836,2248704,true,pending_log_review,,0,16
GDS,4,0.067,549,4096,256,4,2109.519,2762.606,2248704,true,pending_log_review,,0,16
GDS,4,0.067,549,4096,256,5,2832.894,3213.502,2248704,true,pending_log_review,,0,16
GDS,4,0.067,549,4096,256,6,2578.145,2984.023,2248704,true,pending_log_review,,0,16
GDS,4,0.067,549,4096,256,7,2743.145,3106.553,2248704,true,pending_log_review,,0,16
GDS,4,0.067,549,4096,256,8,2661.571,3032.08,2248704,true,pending_log_review,,0,16
GDS,4,0.067,549,4096,256,9,5071.452,5804.406,2248704,true,pending_log_review,,0,16
GDS,4,0.067,549,4096,256,0,2644.853,3051.663,2248704,true,pending_log_review,,1,16
GDS,4,0.067,549,4096,256,1,2801.681,3175.044,2248704,true,pending_log_review,,1,16
GDS,4,0.067,549,4096,256,2,2584.077,2946.497,2248704,true,pending_log_review,,1,16
GDS,4,0.067,549,4096,256,3,2708.954,3077.619,2248704,true,pending_log_review,,1,16
GDS,4,0.067,549,4096,256,4,2563.075,3157.252,2248704,true,pending_log_review,,1,16
GDS,4,0.067,549,4096,256,5,2615.84,3020.558,2248704,true,pending_log_review,,1,16
GDS,4,0.067,549,4096,256,6,2526.229,2902.997,2248704,true,pending_log_review,,1,16
GDS,4,0.067,549,4096,256,7,2752.547,3090.697,2248704,true,pending_log_review,,1,16
GDS,4,0.067,549,4096,256,8,2597.69,3028.7,2248704,true,pending_log_review,,1,16
GDS,4,0.067,549,4096,256,9,2836.597,3214.149,2248704,true,pending_log_review,,1,16
GDS,4,0.067,549,4096,256,10,2760.662,3169.133,2248704,true,pending_log_review,,1,16
GDS,4,0.067,549,4096,256,11,2706.393,3237.502,2248704,true,pending_log_review,,1,16
GDS,4,0.067,549,4096,256,12,2651.437,3071.738,2248704,true,pending_log_review,,1,16
GDS,4,0.067,549,4096,256,13,2706.42,3109.839,2248704,true,pending_log_review,,1,16
GDS,4,0.067,549,4096,256,14,2656.026,3005.689,2248704,true,pending_log_review,,1,16
GDS,4,0.067,549,4096,256,15,2554.987,2920.036,2248704,true,pending_log_review,,1,16
GDS,4,0.067,549,4096,256,16,2711.253,3126.029,2248704,true,pending_log_review,,1,16
GDS,4,0.067,549,4096,256,17,2734.906,3074.59,2248704,true,pending_log_review,,1,16
GDS,4,0.067,549,4096,256,18,2897.265,3312.87,2248704,true,pending_log_review,,1,16
GDS,4,0.067,549,4096,256,19,2652.589,3011.912,2248704,true,pending_log_review,,1,16
GDS,4,0.067,549,4096,256,20,2603.962,3121.023,2248704,true,pending_log_review,,1,16
GDS,4,0.067,549,4096,256,21,2596.982,3060.514,2248704,true,pending_log_review,,1,16
GDS,4,0.067,549,4096,256,22,2578.624,2955.074,2248704,true,pending_log_review,,1,16
GDS,4,0.067,549,4096,256,23,2667.58,3110.062,2248704,true,pending_log_review,,1,16
GDS,4,0.067,549,4096,256,24,2585.593,3062.518,2248704,true,pending_log_review,,1,16
GDS,4,0.067,549,4096,256,25,2624.023,2965.93,2248704,true,pending_log_review,,1,16
GDS,4,0.067,549,4096,256,26,2564.362,3031.423,2248704,true,pending_log_review,,1,16
GDS,4,0.067,549,4096,256,27,2598.367,3205.732,2248704,true,pending_log_review,,1,16
GDS,4,0.067,549,4096,256,28,2714.839,3084.597,2248704,true,pending_log_review,,1,16
GDS,4,0.067,549,4096,256,29,2732.261,3125.74,2248704,true,pending_log_review,,1,16
GDS,4,0.067,549,4096,256,30,2548.064,2975.66,2248704,true,pending_log_review,,1,16
GDS,4,0.067,549,4096,256,31,2778.069,3226.618,2248704,true,pending_log_review,,1,16
GDS,4,0.067,549,4096,256,32,2583.644,2940.3,2248704,true,pending_log_review,,1,16
GDS,4,0.067,549,4096,256,33,2595.547,2981.912,2248704,true,pending_log_review,,1,16
GDS,4,0.067,549,4096,256,34,2570.402,2990.723,2248704,true,pending_log_review,,1,16
GDS,4,0.067,549,4096,256,35,2534.958,3031.709,2248704,true,pending_log_review,,1,16
GDS,4,0.067,549,4096,256,36,2648.047,3021.953,2248704,true,pending_log_review,,1,16
GDS,4,0.067,549,4096,256,37,2756.645,3178.261,2248704,true,pending_log_review,,1,16
GDS,4,0.067,549,4096,256,38,2668.41,3093.582,2248704,true,pending_log_review,,1,16
GDS,4,0.067,549,4096,256,39,2493.175,2933.519,2248704,true,pending_log_review,,1,16
GDS,4,0.067,549,4096,256,40,2459.733,2998.731,2248704,true,pending_log_review,,1,16
GDS,4,0.067,549,4096,256,41,2618.681,3135.933,2248704,true,pending_log_review,,1,16
GDS,4,0.067,549,4096,256,42,2551.891,2905.757,2248704,true,pending_log_review,,1,16
GDS,4,0.067,549,4096,256,43,2512.871,2924.188,2248704,true,pending_log_review,,1,16
GDS,4,0.067,549,4096,256,44,2603.041,3020.608,2248704,true,pending_log_review,,1,16
GDS,4,0.067,549,4096,256,45,2761.328,3147.439,2248704,true,pending_log_review,,1,16
GDS,4,0.067,549,4096,256,46,2621.695,3078.923,2248704,true,pending_log_review,,1,16
GDS,4,0.067,549,4096,256,47,2534.345,2874.326,2248704,true,pending_log_review,,1,16
GDS,4,0.067,549,4096,256,48,2616.324,2952.694,2248704,true,pending_log_review,,1,16
GDS,4,0.067,549,4096,256,49,2723.233,3086.773,2248704,true,pending_log_review,,1,16
GDS,4,0.067,549,4096,256,50,2567.141,2931.415,2248704,true,pending_log_review,,1,16
GDS,4,0.067,549,4096,256,51,2534.87,2869.026,2248704,true,pending_log_review,,1,16
GDS,4,0.067,549,4096,256,52,2685.333,3044.141,2248704,true,pending_log_review,,1,16
GDS,4,0.067,549,4096,256,53,4450.957,5278.733,2248704,true,pending_log_review,,1,16
GDS,4,0.067,549,4096,256,54,2204.723,2883.794,2248704,true,pending_log_review,,1,16
GDS,4,0.067,549,4096,256,55,2184.933,2727.857,2248704,true,pending_log_review,,1,16
GDS,4,0.067,549,4096,256,56,2104.75,2882.896,2248704,true,pending_log_review,,1,16
GDS,4,0.067,549,4096,256,57,2166.582,2804.811,2248704,true,pending_log_review,,1,16
GDS,4,0.067,549,4096,256,58,2092.702,2822.981,2248704,true,pending_log_review,,1,16
GDS,4,0.067,549,4096,256,59,2229.992,2816.886,2248704,true,pending_log_review,,1,16
GDS,4,0.067,549,4096,256,60,2272.601,2765.841,2248704,true,pending_log_review,,1,16
GDS,4,0.067,549,4096,256,61,5309.438,5969.129,2248704,true,pending_log_review,,1,16
GDS,4,0.067,549,4096,256,62,2686.084,3031.46,2248704,true,pending_log_review,,1,16
GDS,4,0.067,549,4096,256,63,2665.946,3034.366,2248704,true,pending_log_review,,1,16
GDS,4,0.067,549,4096,256,64,2773.492,3136.511,2248704,true,pending_log_review,,1,16
GDS,4,0.067,549,4096,256,65,2801.527,3199.033,2248704,true,pending_log_review,,1,16
GDS,4,0.067,549,4096,256,66,2620.441,3007.093,2248704,true,pending_log_review,,1,16
GDS,4,0.067,549,4096,256,67,2807.199,3253.119,2248704,true,pending_log_review,,1,16
GDS,4,0.067,549,4096,256,68,2556.721,2944.424,2248704,true,pending_log_review,,1,16
GDS,4,0.067,549,4096,256,69,2556.971,3022.786,2248704,true,pending_log_review,,1,16
GDS,4,0.067,549,4096,256,70,2643.161,3179.102,2248704,true,pending_log_review,,1,16
GDS,4,0.067,549,4096,256,71,2597.079,3102.805,2248704,true,pending_log_review,,1,16
GDS,4,0.067,549,4096,256,72,2612.698,3038.814,2248704,true,pending_log_review,,1,16
GDS,4,0.067,549,4096,256,73,2914.372,3347.505,2248704,true,pending_log_review,,1,16
GDS,4,0.067,549,4096,256,74,2295.504,2920.867,2248704,true,pending_log_review,,1,16
GDS,4,0.067,549,4096,256,75,2285.787,2711.348,2248704,true,pending_log_review,,1,16
GDS,4,0.067,549,4096,256,76,2094.144,2745.838,2248704,true,pending_log_review,,1,16
GDS,4,0.067,549,4096,256,77,2234.533,2782.913,2248704,true,pending_log_review,,1,16
GDS,4,0.067,549,4096,256,78,2127.804,2797.281,2248704,true,pending_log_review,,1,16
GDS,4,0.067,549,4096,256,79,2066.847,2588.087,2248704,true,pending_log_review,,1,16
GDS,4,0.067,549,4096,256,80,2200.136,2578.832,2248704,true,pending_log_review,,1,16
GDS,4,0.067,549,4096,256,81,2127.366,2744.123,2248704,true,pending_log_review,,1,16
GDS,4,0.067,549,4096,256,82,2317.584,2821.452,2248704,true,pending_log_review,,1,16
GDS,4,0.067,549,4096,256,83,2136.649,2619.388,2248704,true,pending_log_review,,1,16
GDS,4,0.067,549,4096,256,84,2277.138,2798.77,2248704,true,pending_log_review,,1,16
GDS,4,0.067,549,4096,256,85,2083.614,2939.014,2248704,true,pending_log_review,,1,16
GDS,4,0.067,549,4096,256,86,2118.091,2682.969,2248704,true,pending_log_review,,1,16
GDS,4,0.067,549,4096,256,87,2215.966,2616.896,2248704,true,pending_log_review,,1,16
GDS,4,0.067,549,4096,256,88,2160.236,2698.186,2248704,true,pending_log_review,,1,16
GDS,4,0.067,549,4096,256,89,2133.869,2844.43,2248704,true,pending_log_review,,1,16
GDS,4,0.067,549,4096,256,90,2198.299,2692.048,2248704,true,pending_log_review,,1,16
GDS,4,0.067,549,4096,256,91,2144.177,2544.981,2248704,true,pending_log_review,,1,16
GDS,4,0.067,549,4096,256,92,2224.482,2764.531,2248704,true,pending_log_review,,1,16
GDS,4,0.067,549,4096,256,93,2139.901,2481.97,2248704,true,pending_log_review,,1,16
GDS,4,0.067,549,4096,256,94,2210.478,2749.785,2248704,true,pending_log_review,,1,16
GDS,4,0.067,549,4096,256,95,2187.648,2830.883,2248704,true,pending_log_review,,1,16
GDS,4,0.067,549,4096,256,96,2130.511,2619.143,2248704,true,pending_log_review,,1,16
GDS,4,0.067,549,4096,256,97,2118.254,2806.629,2248704,true,pending_log_review,,1,16
GDS,4,0.067,549,4096,256,98,2199.824,2833.229,2248704,true,pending_log_review,,1,16
GDS,4,0.067,549,4096,256,99,2186.909,2626.296,2248704,true,pending_log_review,,1,16
GDS,4,0.067,549,4096,256,100,2223.718,2868.582,2248704,true,pending_log_review,,1,16
GDS,4,0.067,549,4096,256,101,2124.097,2808.484,2248704,true,pending_log_review,,1,16
GDS,4,0.067,549,4096,256,102,2070.099,2625.709,2248704,true,pending_log_review,,1,16
GDS,4,0.067,549,4096,256,103,2137.017,2806.722,2248704,true,pending_log_review,,1,16
GDS,4,0.067,549,4096,256,104,2064.736,2791.862,2248704,true,pending_log_review,,1,16
GDS,4,0.067,549,4096,256,105,2170.905,2602.474,2248704,true,pending_log_review,,1,16
GDS,4,0.067,549,4096,256,106,2130.93,2743.473,2248704,true,pending_log_review,,1,16
GDS,4,0.067,549,4096,256,107,2214.82,2905.819,2248704,true,pending_log_review,,1,16
GDS,4,0.067,549,4096,256,108,2075.174,2927.764,2248704,true,pending_log_review,,1,16
GDS,4,0.067,549,4096,256,109,2193.417,2667.086,2248704,true,pending_log_review,,1,16
GDS,4,0.067,549,4096,256,110,2089.919,2729.188,2248704,true,pending_log_review,,1,16
GDS,4,0.067,549,4096,256,111,2201.972,2887.578,2248704,true,pending_log_review,,1,16
GDS,4,0.067,549,4096,256,112,2199.802,2700.03,2248704,true,pending_log_review,,1,16
GDS,4,0.067,549,4096,256,113,2062.985,2903.563,2248704,true,pending_log_review,,1,16
GDS,4,0.067,549,4096,256,114,2310.885,3194.557,2248704,true,pending_log_review,,1,16
GDS,4,0.067,549,4096,256,115,2239.288,2865.902,2248704,true,pending_log_review,,1,16
GDS,4,0.067,549,4096,256,116,2148.012,2664.376,2248704,true,pending_log_review,,1,16
GDS,4,0.067,549,4096,256,117,2357.317,2910.23,2248704,true,pending_log_review,,1,16
GDS,4,0.067,549,4096,256,118,2168.718,2606.113,2248704,true,pending_log_review,,1,16
GDS,4,0.067,549,4096,256,119,2149.229,2786.739,2248704,true,pending_log_review,,1,16
GDS,4,0.067,549,4096,256,120,2157.206,2787.628,2248704,true,pending_log_review,,1,16
GDS,4,0.067,549,4096,256,121,2151.852,2819.441,2248704,true,pending_log_review,,1,16
GDS,4,0.067,549,4096,256,122,2083.452,2542.293,2248704,true,pending_log_review,,1,16
GDS,4,0.067,549,4096,256,123,2113.745,2663.48,2248704,true,pending_log_review,,1,16
GDS,4,0.067,549,4096,256,124,2175.798,2533.474,2248704,true,pending_log_review,,1,16
GDS,4,0.067,549,4096,256,125,2246.738,2789.681,2248704,true,pending_log_review,,1,16
GDS,4,0.067,549,4096,256,126,2146.312,2788.319,2248704,true,pending_log_review,,1,16
GDS,4,0.067,549,4096,256,127,2135.656,2545.038,2248704,true,pending_log_review,,1,16
GDS,4,0.067,549,4096,256,128,2184.912,2700.644,2248704,true,pending_log_review,,1,16
GDS,4,0.067,549,4096,256,129,2248.72,2915.82,2248704,true,pending_log_review,,1,16
GDS,4,0.067,549,4096,256,130,2172.393,2608.577,2248704,true,pending_log_review,,1,16
GDS,4,0.067,549,4096,256,131,2197.22,2710.623,2248704,true,pending_log_review,,1,16
GDS,4,0.067,549,4096,256,132,2173.3,2819.141,2248704,true,pending_log_review,,1,16
GDS,4,0.067,549,4096,256,133,2164.485,2782.99,2248704,true,pending_log_review,,1,16
GDS,4,0.067,549,4096,256,134,2167.86,2509.377,2248704,true,pending_log_review,,1,16
GDS,4,0.067,549,4096,256,135,2101.45,2760.456,2248704,true,pending_log_review,,1,16
GDS,4,0.067,549,4096,256,136,2171.182,2592.03,2248704,true,pending_log_review,,1,16
GDS,4,0.067,549,4096,256,137,2223.182,2677.578,2248704,true,pending_log_review,,1,16
GDS,4,0.067,549,4096,256,138,2154.685,2804.387,2248704,true,pending_log_review,,1,16
GDS,4,0.067,549,4096,256,139,2151.116,2824.228,2248704,true,pending_log_review,,1,16
GDS,4,0.067,549,4096,256,140,2126.877,2579.976,2248704,true,pending_log_review,,1,16
GDS,4,0.067,549,4096,256,141,2176.065,2867.492,2248704,true,pending_log_review,,1,16
GDS,4,0.067,549,4096,256,142,2180.539,2824.256,2248704,true,pending_log_review,,1,16
GDS,4,0.067,549,4096,256,143,2146.301,2591.911,2248704,true,pending_log_review,,1,16
GDS,4,0.067,549,4096,256,144,2278.785,2915.752,2248704,true,pending_log_review,,1,16
GDS,4,0.067,549,4096,256,145,2128.114,2738.448,2248704,true,pending_log_review,,1,16
GDS,4,0.067,549,4096,256,146,2090.339,2470.726,2248704,true,pending_log_review,,1,16
GDS,4,0.067,549,4096,256,147,2344.94,2657.61,2248704,true,pending_log_review,,1,16
GDS,4,0.067,549,4096,256,148,2090.378,2431.985,2248704,true,pending_log_review,,1,16
GDS,4,0.067,549,4096,256,149,2292.411,2621.478,2248704,true,pending_log_review,,1,16
GDS,4,0.067,549,4096,256,150,2202.355,2504.201,2248704,true,pending_log_review,,1,16
GDS,4,0.067,549,4096,256,151,2224.809,2591.769,2248704,true,pending_log_review,,1,16
GDS,4,0.067,549,4096,256,152,2152.851,2533.026,2248704,true,pending_log_review,,1,16
GDS,4,0.067,549,4096,256,153,2252.457,2954.038,2248704,true,pending_log_review,,1,16
GDS,4,0.067,549,4096,256,154,2193.707,2792.457,2248704,true,pending_log_review,,1,16
GDS,4,0.067,549,4096,256,155,2228.784,2682.421,2248704,true,pending_log_review,,1,16
GDS,4,0.067,549,4096,256,156,2179.034,2807.992,2248704,true,pending_log_review,,1,16
GDS,4,0.067,549,4096,256,157,2224.784,2713.279,2248704,true,pending_log_review,,1,16
GDS,4,0.067,549,4096,256,158,2231.03,2700.855,2248704,true,pending_log_review,,1,16
GDS,4,0.067,549,4096,256,159,2182.525,2784.182,2248704,true,pending_log_review,,1,16
GDS,4,0.067,549,4096,256,160,2158.518,2723.407,2248704,true,pending_log_review,,1,16
GDS,4,0.067,549,4096,256,161,2243.751,2656.716,2248704,true,pending_log_review,,1,16
GDS,4,0.067,549,4096,256,162,2251.437,2880.046,2248704,true,pending_log_review,,1,16
GDS,4,0.067,549,4096,256,163,2169.665,2599.079,2248704,true,pending_log_review,,1,16
GDS,4,0.067,549,4096,256,164,2217.541,2869.751,2248704,true,pending_log_review,,1,16
GDS,4,0.067,549,4096,256,165,2102.696,2884.75,2248704,true,pending_log_review,,1,16
GDS,4,0.067,549,4096,256,166,2199.981,2579.985,2248704,true,pending_log_review,,1,16
GDS,4,0.067,549,4096,256,167,2141.077,2934.246,2248704,true,pending_log_review,,1,16
GDS,4,0.067,549,4096,256,168,2176.66,2866.107,2248704,true,pending_log_review,,1,16
GDS,4,0.067,549,4096,256,169,2333.717,2835.414,2248704,true,pending_log_review,,1,16
GDS,4,0.067,549,4096,256,170,2098.338,2651.385,2248704,true,pending_log_review,,1,16
GDS,4,0.067,549,4096,256,171,2149.671,2706.606,2248704,true,pending_log_review,,1,16
GDS,4,0.067,549,4096,256,172,2287.092,2880.472,2248704,true,pending_log_review,,1,16
GDS,4,0.067,549,4096,256,173,2181.353,2874.787,2248704,true,pending_log_review,,1,16
GDS,4,0.067,549,4096,256,174,2182.401,2536.617,2248704,true,pending_log_review,,1,16
GDS,4,0.067,549,4096,256,175,2147.418,2731.116,2248704,true,pending_log_review,,1,16
GDS,4,0.067,549,4096,256,176,2246.191,2672.358,2248704,true,pending_log_review,,1,16
GDS,4,0.067,549,4096,256,177,2156.69,2801.388,2248704,true,pending_log_review,,1,16
GDS,4,0.067,549,4096,256,178,2160.922,2551.487,2248704,true,pending_log_review,,1,16
GDS,4,0.067,549,4096,256,179,2147.55,2663.988,2248704,true,pending_log_review,,1,16
GDS,4,0.067,549,4096,256,180,2031.461,2648.131,2248704,true,pending_log_review,,1,16
GDS,4,0.067,549,4096,256,181,2108.428,2748.311,2248704,true,pending_log_review,,1,16
GDS,4,0.067,549,4096,256,182,2208.31,2741.582,2248704,true,pending_log_review,,1,16
GDS,4,0.067,549,4096,256,183,2276.578,2635.909,2248704,true,pending_log_review,,1,16
GDS,4,0.067,549,4096,256,184,2135.99,2783.971,2248704,true,pending_log_review,,1,16
GDS,4,0.067,549,4096,256,185,2092.718,2677.213,2248704,true,pending_log_review,,1,16
GDS,4,0.067,549,4096,256,186,2136.027,2880.918,2248704,true,pending_log_review,,1,16
GDS,4,0.067,549,4096,256,187,2132.094,2697.322,2248704,true,pending_log_review,,1,16
GDS,4,0.067,549,4096,256,188,2064.501,2702.817,2248704,true,pending_log_review,,1,16
GDS,4,0.067,549,4096,256,189,2168.136,2853.661,2248704,true,pending_log_review,,1,16
GDS,4,0.067,549,4096,256,190,2288.221,2755.39,2248704,true,pending_log_review,,1,16
GDS,4,0.067,549,4096,256,191,2233.549,2845.289,2248704,true,pending_log_review,,1,16
GDS,4,0.067,549,4096,256,192,2182.121,2650.418,2248704,true,pending_log_review,,1,16
GDS,4,0.067,549,4096,256,193,2142.444,2656.464,2248704,true,pending_log_review,,1,16
GDS,4,0.067,549,4096,256,194,2209.726,2843.273,2248704,true,pending_log_review,,1,16
GDS,4,0.067,549,4096,256,195,2178.317,2661.488,2248704,true,pending_log_review,,1,16
GDS,4,0.067,549,4096,256,196,2166.98,2929.215,2248704,true,pending_log_review,,1,16
GDS,4,0.067,549,4096,256,197,2195.648,2664.481,2248704,true,pending_log_review,,1,16
GDS,4,0.067,549,4096,256,198,2270.65,2883.797,2248704,true,pending_log_review,,1,16
GDS,4,0.067,549,4096,256,199,2097.693,2669.648,2248704,true,pending_log_review,,1,16
GDS,4,0.067,549,4096,256,0,2029.964,2612.814,2248704,true,pending_log_review,,3,16
GDS,4,0.134,1098,4096,256,0,4244.042,5325.073,4497408,true,pending_log_review,,2,16
GDS,4,0.134,1098,4096,256,0,4175.823,5539.169,4497408,true,pending_log_review,,0,16
GDS,4,0.134,1098,4096,256,1,4009.08,5200.913,4497408,true,pending_log_review,,0,16
GDS,4,0.134,1098,4096,256,2,4476.022,5226.467,4497408,true,pending_log_review,,0,16
GDS,4,0.134,1098,4096,256,3,4271.843,5230.615,4497408,true,pending_log_review,,0,16
GDS,4,0.134,1098,4096,256,4,4128.187,5228.717,4497408,true,pending_log_review,,0,16
GDS,4,0.134,1098,4096,256,5,4166.05,5324.34,4497408,true,pending_log_review,,0,16
GDS,4,0.134,1098,4096,256,6,4284.94,5507.662,4497408,true,pending_log_review,,0,16
GDS,4,0.134,1098,4096,256,7,4156.149,5563.681,4497408,true,pending_log_review,,0,16
GDS,4,0.134,1098,4096,256,8,4278.589,5708.886,4497408,true,pending_log_review,,0,16
GDS,4,0.134,1098,4096,256,9,4182.864,5317.532,4497408,true,pending_log_review,,0,16
GDS,4,0.134,1098,4096,256,0,4099.526,5198.253,4497408,true,pending_log_review,,1,16
GDS,4,0.134,1098,4096,256,1,4289.628,5248.458,4497408,true,pending_log_review,,1,16
GDS,4,0.134,1098,4096,256,2,4341.352,5487.198,4497408,true,pending_log_review,,1,16
GDS,4,0.134,1098,4096,256,3,4149.036,5027.402,4497408,true,pending_log_review,,1,16
GDS,4,0.134,1098,4096,256,4,4081.092,5302.062,4497408,true,pending_log_review,,1,16
GDS,4,0.134,1098,4096,256,5,4210.943,4976.968,4497408,true,pending_log_review,,1,16
GDS,4,0.134,1098,4096,256,6,4230.465,5207.838,4497408,true,pending_log_review,,1,16
GDS,4,0.134,1098,4096,256,7,4212.147,5030.527,4497408,true,pending_log_review,,1,16
GDS,4,0.134,1098,4096,256,8,4270.12,5325.722,4497408,true,pending_log_review,,1,16
GDS,4,0.134,1098,4096,256,9,4197.001,5466.807,4497408,true,pending_log_review,,1,16
GDS,4,0.134,1098,4096,256,10,4158.55,5537.379,4497408,true,pending_log_review,,1,16
GDS,4,0.134,1098,4096,256,11,4279.885,5465.331,4497408,true,pending_log_review,,1,16
GDS,4,0.134,1098,4096,256,12,4111.579,5544.262,4497408,true,pending_log_review,,1,16
GDS,4,0.134,1098,4096,256,13,4222.323,5145.637,4497408,true,pending_log_review,,1,16
GDS,4,0.134,1098,4096,256,14,4123.941,5275.196,4497408,true,pending_log_review,,1,16
GDS,4,0.134,1098,4096,256,15,4195.264,5516.961,4497408,true,pending_log_review,,1,16
GDS,4,0.134,1098,4096,256,16,4153.425,5144.587,4497408,true,pending_log_review,,1,16
GDS,4,0.134,1098,4096,256,17,4157.803,5452.028,4497408,true,pending_log_review,,1,16
GDS,4,0.134,1098,4096,256,18,4200.626,5272.587,4497408,true,pending_log_review,,1,16
GDS,4,0.134,1098,4096,256,19,4085.863,5310.299,4497408,true,pending_log_review,,1,16
GDS,4,0.134,1098,4096,256,20,4140.164,5485.463,4497408,true,pending_log_review,,1,16
GDS,4,0.134,1098,4096,256,21,4090.242,5277.859,4497408,true,pending_log_review,,1,16
GDS,4,0.134,1098,4096,256,22,4243.537,5284.039,4497408,true,pending_log_review,,1,16
GDS,4,0.134,1098,4096,256,23,4144.639,5557.963,4497408,true,pending_log_review,,1,16
GDS,4,0.134,1098,4096,256,24,4094.737,5122.964,4497408,true,pending_log_review,,1,16
GDS,4,0.134,1098,4096,256,25,4398.662,5181.961,4497408,true,pending_log_review,,1,16
GDS,4,0.134,1098,4096,256,26,4203.842,5127.993,4497408,true,pending_log_review,,1,16
GDS,4,0.134,1098,4096,256,27,4227.215,5351.172,4497408,true,pending_log_review,,1,16
GDS,4,0.134,1098,4096,256,28,4183.253,5448.053,4497408,true,pending_log_review,,1,16
GDS,4,0.134,1098,4096,256,29,4096.095,5028.47,4497408,true,pending_log_review,,1,16
GDS,4,0.134,1098,4096,256,30,4141.609,5275.289,4497408,true,pending_log_review,,1,16
GDS,4,0.134,1098,4096,256,31,4390.071,5512.554,4497408,true,pending_log_review,,1,16
GDS,4,0.134,1098,4096,256,32,4149.226,5586.734,4497408,true,pending_log_review,,1,16
GDS,4,0.134,1098,4096,256,33,4110.44,5472.005,4497408,true,pending_log_review,,1,16
GDS,4,0.134,1098,4096,256,34,4093.906,5205.742,4497408,true,pending_log_review,,1,16
GDS,4,0.134,1098,4096,256,35,4162.364,5336.796,4497408,true,pending_log_review,,1,16
GDS,4,0.134,1098,4096,256,36,4375.81,5746.438,4497408,true,pending_log_review,,1,16
GDS,4,0.134,1098,4096,256,37,4136.351,5350.775,4497408,true,pending_log_review,,1,16
GDS,4,0.134,1098,4096,256,38,4241.554,5718.236,4497408,true,pending_log_review,,1,16
GDS,4,0.134,1098,4096,256,39,4212.967,5452.51,4497408,true,pending_log_review,,1,16
GDS,4,0.134,1098,4096,256,40,4182.265,5190.993,4497408,true,pending_log_review,,1,16
GDS,4,0.134,1098,4096,256,41,4114.09,5512.512,4497408,true,pending_log_review,,1,16
GDS,4,0.134,1098,4096,256,42,4020.075,5226.368,4497408,true,pending_log_review,,1,16
GDS,4,0.134,1098,4096,256,43,4228.635,5489.954,4497408,true,pending_log_review,,1,16
GDS,4,0.134,1098,4096,256,44,4181.06,5784.777,4497408,true,pending_log_review,,1,16
GDS,4,0.134,1098,4096,256,45,4153.898,5454.463,4497408,true,pending_log_review,,1,16
GDS,4,0.134,1098,4096,256,46,4061.052,5500.28,4497408,true,pending_log_review,,1,16
GDS,4,0.134,1098,4096,256,47,4260.905,5553.259,4497408,true,pending_log_review,,1,16
GDS,4,0.134,1098,4096,256,48,4286.566,5592.933,4497408,true,pending_log_review,,1,16
GDS,4,0.134,1098,4096,256,49,4150.4,5497.484,4497408,true,pending_log_review,,1,16
GDS,4,0.134,1098,4096,256,50,4045.918,5479.309,4497408,true,pending_log_review,,1,16
GDS,4,0.134,1098,4096,256,51,4004.434,5115.854,4497408,true,pending_log_review,,1,16
GDS,4,0.134,1098,4096,256,52,4171.463,5449.42,4497408,true,pending_log_review,,1,16
GDS,4,0.134,1098,4096,256,53,4175.253,5092.119,4497408,true,pending_log_review,,1,16
GDS,4,0.134,1098,4096,256,54,4098.336,4846.612,4497408,true,pending_log_review,,1,16
GDS,4,0.134,1098,4096,256,55,4191.417,5144.641,4497408,true,pending_log_review,,1,16
GDS,4,0.134,1098,4096,256,56,4200.629,5178.29,4497408,true,pending_log_review,,1,16
GDS,4,0.134,1098,4096,256,57,4159.538,5309.972,4497408,true,pending_log_review,,1,16
GDS,4,0.134,1098,4096,256,58,4296.659,5425.017,4497408,true,pending_log_review,,1,16
GDS,4,0.134,1098,4096,256,59,4196.645,5541.781,4497408,true,pending_log_review,,1,16
GDS,4,0.134,1098,4096,256,60,4188.283,5611.77,4497408,true,pending_log_review,,1,16
GDS,4,0.134,1098,4096,256,61,4211.268,5602.348,4497408,true,pending_log_review,,1,16
GDS,4,0.134,1098,4096,256,62,4126.245,5523.827,4497408,true,pending_log_review,,1,16
GDS,4,0.134,1098,4096,256,63,4376.075,5444.17,4497408,true,pending_log_review,,1,16
GDS,4,0.134,1098,4096,256,64,4033.74,5513.291,4497408,true,pending_log_review,,1,16
GDS,4,0.134,1098,4096,256,65,4118.058,5415.306,4497408,true,pending_log_review,,1,16
GDS,4,0.134,1098,4096,256,66,4198.017,5714.109,4497408,true,pending_log_review,,1,16
GDS,4,0.134,1098,4096,256,67,4349.5,5321.857,4497408,true,pending_log_review,,1,16
GDS,4,0.134,1098,4096,256,68,4266.375,5575.538,4497408,true,pending_log_review,,1,16
GDS,4,0.134,1098,4096,256,69,4244.578,5658.741,4497408,true,pending_log_review,,1,16
GDS,4,0.134,1098,4096,256,70,4206.935,5597.578,4497408,true,pending_log_review,,1,16
GDS,4,0.134,1098,4096,256,71,4139.253,5548.853,4497408,true,pending_log_review,,1,16
GDS,4,0.134,1098,4096,256,72,4177.235,5342.778,4497408,true,pending_log_review,,1,16
GDS,4,0.134,1098,4096,256,73,4291.256,5383.744,4497408,true,pending_log_review,,1,16
GDS,4,0.134,1098,4096,256,74,4160.595,5478.127,4497408,true,pending_log_review,,1,16
GDS,4,0.134,1098,4096,256,75,4203.189,5609.702,4497408,true,pending_log_review,,1,16
GDS,4,0.134,1098,4096,256,76,4303.248,5732.617,4497408,true,pending_log_review,,1,16
GDS,4,0.134,1098,4096,256,77,4309.292,5529.006,4497408,true,pending_log_review,,1,16
GDS,4,0.134,1098,4096,256,78,4251.913,5510.434,4497408,true,pending_log_review,,1,16
GDS,4,0.134,1098,4096,256,79,4136.709,5516.362,4497408,true,pending_log_review,,1,16
GDS,4,0.134,1098,4096,256,80,4286.653,5520.641,4497408,true,pending_log_review,,1,16
GDS,4,0.134,1098,4096,256,81,4093.141,5285.233,4497408,true,pending_log_review,,1,16
GDS,4,0.134,1098,4096,256,82,4254.743,5645.203,4497408,true,pending_log_review,,1,16
GDS,4,0.134,1098,4096,256,83,4217.933,5566.598,4497408,true,pending_log_review,,1,16
GDS,4,0.134,1098,4096,256,84,4183.712,5418.304,4497408,true,pending_log_review,,1,16
GDS,4,0.134,1098,4096,256,85,4118.031,5153.029,4497408,true,pending_log_review,,1,16
GDS,4,0.134,1098,4096,256,86,4253.039,5438.806,4497408,true,pending_log_review,,1,16
GDS,4,0.134,1098,4096,256,87,4316.105,5557.024,4497408,true,pending_log_review,,1,16
GDS,4,0.134,1098,4096,256,88,4211.157,5494.127,4497408,true,pending_log_review,,1,16
GDS,4,0.134,1098,4096,256,89,4189.975,5201.828,4497408,true,pending_log_review,,1,16
GDS,4,0.134,1098,4096,256,90,4232.36,5513.252,4497408,true,pending_log_review,,1,16
GDS,4,0.134,1098,4096,256,91,4166.023,5265.001,4497408,true,pending_log_review,,1,16
GDS,4,0.134,1098,4096,256,92,4252.513,5669.105,4497408,true,pending_log_review,,1,16
GDS,4,0.134,1098,4096,256,93,4309.905,5455.901,4497408,true,pending_log_review,,1,16
GDS,4,0.134,1098,4096,256,94,4115.064,5438.75,4497408,true,pending_log_review,,1,16
GDS,4,0.134,1098,4096,256,95,4273.507,5155.7,4497408,true,pending_log_review,,1,16
GDS,4,0.134,1098,4096,256,96,4098.795,5208.327,4497408,true,pending_log_review,,1,16
GDS,4,0.134,1098,4096,256,97,4142.214,5069.395,4497408,true,pending_log_review,,1,16
GDS,4,0.134,1098,4096,256,98,4163.457,5189.296,4497408,true,pending_log_review,,1,16
GDS,4,0.134,1098,4096,256,99,4168.351,5446.04,4497408,true,pending_log_review,,1,16
GDS,4,0.134,1098,4096,256,100,4283.984,5218.896,4497408,true,pending_log_review,,1,16
GDS,4,0.134,1098,4096,256,101,4145.456,5478.149,4497408,true,pending_log_review,,1,16
GDS,4,0.134,1098,4096,256,102,4237.794,5642.056,4497408,true,pending_log_review,,1,16
GDS,4,0.134,1098,4096,256,103,5537.807,6419.405,4497408,true,pending_log_review,,1,16
GDS,4,0.134,1098,4096,256,104,4888.861,5844.262,4497408,true,pending_log_review,,1,16
GDS,4,0.134,1098,4096,256,105,4917.121,5707.79,4497408,true,pending_log_review,,1,16
GDS,4,0.134,1098,4096,256,106,4954.741,5732.566,4497408,true,pending_log_review,,1,16
GDS,4,0.134,1098,4096,256,107,4989.896,5819.277,4497408,true,pending_log_review,,1,16
GDS,4,0.134,1098,4096,256,108,10450.729,11855.741,4497408,true,pending_log_review,,1,16
GDS,4,0.134,1098,4096,256,109,4242.395,5387.649,4497408,true,pending_log_review,,1,16
GDS,4,0.134,1098,4096,256,110,3904.041,5290.866,4497408,true,pending_log_review,,1,16
GDS,4,0.134,1098,4096,256,111,4198.109,5289.515,4497408,true,pending_log_review,,1,16
GDS,4,0.134,1098,4096,256,112,4287.151,5560.695,4497408,true,pending_log_review,,1,16
GDS,4,0.134,1098,4096,256,113,4243.888,5421.965,4497408,true,pending_log_review,,1,16
GDS,4,0.134,1098,4096,256,114,4160.266,5175.285,4497408,true,pending_log_review,,1,16
GDS,4,0.134,1098,4096,256,115,4086.021,5457.822,4497408,true,pending_log_review,,1,16
GDS,4,0.134,1098,4096,256,116,4106.029,5342.235,4497408,true,pending_log_review,,1,16
GDS,4,0.134,1098,4096,256,117,4137.466,5499.569,4497408,true,pending_log_review,,1,16
GDS,4,0.134,1098,4096,256,118,4159.162,5433.365,4497408,true,pending_log_review,,1,16
GDS,4,0.134,1098,4096,256,119,4126.469,5092.207,4497408,true,pending_log_review,,1,16
GDS,4,0.134,1098,4096,256,120,4073.995,5461.725,4497408,true,pending_log_review,,1,16
GDS,4,0.134,1098,4096,256,121,4235.094,5589.019,4497408,true,pending_log_review,,1,16
GDS,4,0.134,1098,4096,256,122,4279.037,5657.384,4497408,true,pending_log_review,,1,16
GDS,4,0.134,1098,4096,256,123,4179.865,5693.958,4497408,true,pending_log_review,,1,16
GDS,4,0.134,1098,4096,256,124,4085.893,5338.651,4497408,true,pending_log_review,,1,16
GDS,4,0.134,1098,4096,256,125,4214.681,5719.863,4497408,true,pending_log_review,,1,16
GDS,4,0.134,1098,4096,256,126,4151.824,5381.561,4497408,true,pending_log_review,,1,16
GDS,4,0.134,1098,4096,256,127,4188.382,5462.159,4497408,true,pending_log_review,,1,16
GDS,4,0.134,1098,4096,256,128,4174.216,5232.043,4497408,true,pending_log_review,,1,16
GDS,4,0.134,1098,4096,256,129,4661.465,5679.068,4497408,true,pending_log_review,,1,16
GDS,4,0.134,1098,4096,256,130,5160.518,6011.767,4497408,true,pending_log_review,,1,16
GDS,4,0.134,1098,4096,256,131,4774.141,5767.433,4497408,true,pending_log_review,,1,16
GDS,4,0.134,1098,4096,256,132,5546.083,6319.144,4497408,true,pending_log_review,,1,16
GDS,4,0.134,1098,4096,256,133,5019.839,5812.549,4497408,true,pending_log_review,,1,16
GDS,4,0.134,1098,4096,256,134,4842.586,5617.879,4497408,true,pending_log_review,,1,16
GDS,4,0.134,1098,4096,256,135,4909.893,6039.245,4497408,true,pending_log_review,,1,16
GDS,4,0.134,1098,4096,256,136,4886.709,5863.045,4497408,true,pending_log_review,,1,16
GDS,4,0.134,1098,4096,256,137,4938.42,5795.039,4497408,true,pending_log_review,,1,16
GDS,4,0.134,1098,4096,256,138,5080.75,6001.33,4497408,true,pending_log_review,,1,16
GDS,4,0.134,1098,4096,256,139,5370.625,6221.713,4497408,true,pending_log_review,,1,16
GDS,4,0.134,1098,4096,256,140,4813.935,5582.009,4497408,true,pending_log_review,,1,16
GDS,4,0.134,1098,4096,256,141,5368.294,6300.819,4497408,true,pending_log_review,,1,16
GDS,4,0.134,1098,4096,256,142,4374.458,5106.915,4497408,true,pending_log_review,,1,16
GDS,4,0.134,1098,4096,256,143,11149.888,12329.585,4497408,true,pending_log_review,,1,16
GDS,4,0.134,1098,4096,256,144,5444.913,6336.095,4497408,true,pending_log_review,,1,16
GDS,4,0.134,1098,4096,256,145,5452.459,6343.097,4497408,true,pending_log_review,,1,16
GDS,4,0.134,1098,4096,256,146,4844.102,5815.309,4497408,true,pending_log_review,,1,16
GDS,4,0.134,1098,4096,256,147,5011.145,5953.306,4497408,true,pending_log_review,,1,16
GDS,4,0.134,1098,4096,256,148,4779.875,5998.251,4497408,true,pending_log_review,,1,16
GDS,4,0.134,1098,4096,256,149,4934.416,5757.123,4497408,true,pending_log_review,,1,16
GDS,4,0.134,1098,4096,256,150,5150.464,5987.986,4497408,true,pending_log_review,,1,16
GDS,4,0.134,1098,4096,256,151,4852.014,5630.471,4497408,true,pending_log_review,,1,16
GDS,4,0.134,1098,4096,256,152,5446.729,6407.126,4497408,true,pending_log_review,,1,16
GDS,4,0.134,1098,4096,256,153,4986.366,5790.817,4497408,true,pending_log_review,,1,16
GDS,4,0.134,1098,4096,256,154,5122.079,5941.988,4497408,true,pending_log_review,,1,16
GDS,4,0.134,1098,4096,256,155,5185.774,6095.831,4497408,true,pending_log_review,,1,16
GDS,4,0.134,1098,4096,256,156,5186.887,6094.063,4497408,true,pending_log_review,,1,16
GDS,4,0.134,1098,4096,256,157,6461.693,7473.293,4497408,true,pending_log_review,,1,16
GDS,4,0.134,1098,4096,256,158,9697.962,10844.523,4497408,true,pending_log_review,,1,16
GDS,4,0.134,1098,4096,256,159,4260.055,5605.161,4497408,true,pending_log_review,,1,16
GDS,4,0.134,1098,4096,256,160,4177.495,5293.433,4497408,true,pending_log_review,,1,16
GDS,4,0.134,1098,4096,256,161,4113.454,5484.842,4497408,true,pending_log_review,,1,16
GDS,4,0.134,1098,4096,256,162,4018.217,5179.814,4497408,true,pending_log_review,,1,16
GDS,4,0.134,1098,4096,256,163,4179.615,5378.377,4497408,true,pending_log_review,,1,16
GDS,4,0.134,1098,4096,256,164,4127.89,5497.442,4497408,true,pending_log_review,,1,16
GDS,4,0.134,1098,4096,256,165,4256.977,5480.852,4497408,true,pending_log_review,,1,16
GDS,4,0.134,1098,4096,256,166,4207.463,5287.004,4497408,true,pending_log_review,,1,16
GDS,4,0.134,1098,4096,256,167,4105.256,4856.069,4497408,true,pending_log_review,,1,16
GDS,4,0.134,1098,4096,256,168,4154.604,5106.348,4497408,true,pending_log_review,,1,16
GDS,4,0.134,1098,4096,256,169,4123.209,5135.231,4497408,true,pending_log_review,,1,16
GDS,4,0.134,1098,4096,256,170,10614.199,12048.239,4497408,true,pending_log_review,,1,16
GDS,4,0.134,1098,4096,256,171,4476.257,5165.866,4497408,true,pending_log_review,,1,16
GDS,4,0.134,1098,4096,256,172,4062.169,4910.369,4497408,true,pending_log_review,,1,16
GDS,4,0.134,1098,4096,256,173,4105.667,5150.84,4497408,true,pending_log_review,,1,16
GDS,4,0.134,1098,4096,256,174,4052.595,4846.21,4497408,true,pending_log_review,,1,16
GDS,4,0.134,1098,4096,256,175,4036.326,4850.593,4497408,true,pending_log_review,,1,16
GDS,4,0.134,1098,4096,256,176,4092.715,5179.466,4497408,true,pending_log_review,,1,16
GDS,4,0.134,1098,4096,256,177,7138.011,8493.9,4497408,true,pending_log_review,,1,16
GDS,4,0.134,1098,4096,256,178,5133.201,5956.877,4497408,true,pending_log_review,,1,16
GDS,4,0.134,1098,4096,256,179,5299.574,6161.296,4497408,true,pending_log_review,,1,16
GDS,4,0.134,1098,4096,256,180,5009.38,5826.497,4497408,true,pending_log_review,,1,16
GDS,4,0.134,1098,4096,256,181,5249.36,6037.695,4497408,true,pending_log_review,,1,16
GDS,4,0.134,1098,4096,256,182,5094.738,5878.647,4497408,true,pending_log_review,,1,16
GDS,4,0.134,1098,4096,256,183,5321.005,6080.388,4497408,true,pending_log_review,,1,16
GDS,4,0.134,1098,4096,256,184,5127.528,6002.005,4497408,true,pending_log_review,,1,16
GDS,4,0.134,1098,4096,256,185,5035.407,5818.054,4497408,true,pending_log_review,,1,16
GDS,4,0.134,1098,4096,256,186,5217.456,6131.266,4497408,true,pending_log_review,,1,16
GDS,4,0.134,1098,4096,256,187,5112.487,5948.766,4497408,true,pending_log_review,,1,16
GDS,4,0.134,1098,4096,256,188,5029.648,5851.934,4497408,true,pending_log_review,,1,16
GDS,4,0.134,1098,4096,256,189,5106.813,5882.225,4497408,true,pending_log_review,,1,16
GDS,4,0.134,1098,4096,256,190,5220.969,6107.837,4497408,true,pending_log_review,,1,16
GDS,4,0.134,1098,4096,256,191,5340.212,6224.589,4497408,true,pending_log_review,,1,16
GDS,4,0.134,1098,4096,256,192,5140.653,5958.509,4497408,true,pending_log_review,,1,16
GDS,4,0.134,1098,4096,256,193,4883.907,5790.568,4497408,true,pending_log_review,,1,16
GDS,4,0.134,1098,4096,256,194,5304.93,6108.513,4497408,true,pending_log_review,,1,16
GDS,4,0.134,1098,4096,256,195,5140.506,6008.086,4497408,true,pending_log_review,,1,16
GDS,4,0.134,1098,4096,256,196,5210.522,6074.458,4497408,true,pending_log_review,,1,16
GDS,4,0.134,1098,4096,256,197,5262.559,6118.748,4497408,true,pending_log_review,,1,16
GDS,4,0.134,1098,4096,256,198,4977.187,5830.545,4497408,true,pending_log_review,,1,16
GDS,4,0.134,1098,4096,256,199,4903.912,5770.128,4497408,true,pending_log_review,,1,16
GDS,4,0.134,1098,4096,256,0,5218.536,6094.997,4497408,true,pending_log_review,,3,16
GDS,4,0.3,2458,4096,256,0,10912.537,12801.491,10067968,true,pending_log_review,,2,16
GDS,4,0.3,2458,4096,256,0,11408.384,13447.983,10067968,true,pending_log_review,,0,16
GDS,4,0.3,2458,4096,256,1,11319.41,13338.495,10067968,true,pending_log_review,,0,16
GDS,4,0.3,2458,4096,256,2,16462.162,18668.12,10067968,true,pending_log_review,,0,16
GDS,4,0.3,2458,4096,256,3,9091.939,11129.084,10067968,true,pending_log_review,,0,16
GDS,4,0.3,2458,4096,256,4,9302.841,11168.432,10067968,true,pending_log_review,,0,16
GDS,4,0.3,2458,4096,256,5,9264.179,10900.156,10067968,true,pending_log_review,,0,16
GDS,4,0.3,2458,4096,256,6,8888.087,10719.09,10067968,true,pending_log_review,,0,16
GDS,4,0.3,2458,4096,256,7,9021.432,11163.932,10067968,true,pending_log_review,,0,16
GDS,4,0.3,2458,4096,256,8,9300.968,10963.421,10067968,true,pending_log_review,,0,16
GDS,4,0.3,2458,4096,256,9,9249.688,11604.386,10067968,true,pending_log_review,,0,16
GDS,4,0.3,2458,4096,256,0,8875.166,10813.854,10067968,true,pending_log_review,,1,16
GDS,4,0.3,2458,4096,256,1,9198.458,11302.63,10067968,true,pending_log_review,,1,16
GDS,4,0.3,2458,4096,256,2,9652.405,11530.296,10067968,true,pending_log_review,,1,16
GDS,4,0.3,2458,4096,256,3,9249.721,11284.1,10067968,true,pending_log_review,,1,16
GDS,4,0.3,2458,4096,256,4,9002.582,10600.05,10067968,true,pending_log_review,,1,16
GDS,4,0.3,2458,4096,256,5,9079.829,11306.755,10067968,true,pending_log_review,,1,16
GDS,4,0.3,2458,4096,256,6,9283.268,11508.693,10067968,true,pending_log_review,,1,16
GDS,4,0.3,2458,4096,256,7,8926.73,10765.036,10067968,true,pending_log_review,,1,16
GDS,4,0.3,2458,4096,256,8,9079.677,11337.617,10067968,true,pending_log_review,,1,16
GDS,4,0.3,2458,4096,256,9,9331.847,10991.634,10067968,true,pending_log_review,,1,16
GDS,4,0.3,2458,4096,256,10,9144.989,11200.985,10067968,true,pending_log_review,,1,16
GDS,4,0.3,2458,4096,256,11,9332.298,11688.745,10067968,true,pending_log_review,,1,16
GDS,4,0.3,2458,4096,256,12,9023.573,11154.264,10067968,true,pending_log_review,,1,16
GDS,4,0.3,2458,4096,256,13,9489.739,11148.748,10067968,true,pending_log_review,,1,16
GDS,4,0.3,2458,4096,256,14,8957.659,11021.421,10067968,true,pending_log_review,,1,16
GDS,4,0.3,2458,4096,256,15,9139.392,11040.256,10067968,true,pending_log_review,,1,16
GDS,4,0.3,2458,4096,256,16,9105.357,11342.998,10067968,true,pending_log_review,,1,16
GDS,4,0.3,2458,4096,256,17,9045.644,11040.647,10067968,true,pending_log_review,,1,16
GDS,4,0.3,2458,4096,256,18,9141.416,11025.324,10067968,true,pending_log_review,,1,16
GDS,4,0.3,2458,4096,256,19,16333.896,18853.574,10067968,true,pending_log_review,,1,16
GDS,4,0.3,2458,4096,256,20,10853.094,12634.399,10067968,true,pending_log_review,,1,16
GDS,4,0.3,2458,4096,256,21,11631.792,13735.298,10067968,true,pending_log_review,,1,16
GDS,4,0.3,2458,4096,256,22,11098.049,13041.089,10067968,true,pending_log_review,,1,16
GDS,4,0.3,2458,4096,256,23,11364.333,13294.569,10067968,true,pending_log_review,,1,16
GDS,4,0.3,2458,4096,256,24,11180.921,13182.436,10067968,true,pending_log_review,,1,16
GDS,4,0.3,2458,4096,256,25,11513.453,13593.929,10067968,true,pending_log_review,,1,16
GDS,4,0.3,2458,4096,256,26,11774.555,13770.563,10067968,true,pending_log_review,,1,16
GDS,4,0.3,2458,4096,256,27,14342.871,16739.396,10067968,true,pending_log_review,,1,16
GDS,4,0.3,2458,4096,256,28,9883.2,11617.495,10067968,true,pending_log_review,,1,16
GDS,4,0.3,2458,4096,256,29,9416.805,11506.868,10067968,true,pending_log_review,,1,16
GDS,4,0.3,2458,4096,256,30,9299.667,11073.283,10067968,true,pending_log_review,,1,16
GDS,4,0.3,2458,4096,256,31,9143.127,11216.025,10067968,true,pending_log_review,,1,16
GDS,4,0.3,2458,4096,256,32,9137.031,11233.718,10067968,true,pending_log_review,,1,16
GDS,4,0.3,2458,4096,256,33,9356.233,11221.123,10067968,true,pending_log_review,,1,16
GDS,4,0.3,2458,4096,256,34,9016.002,10874.196,10067968,true,pending_log_review,,1,16
GDS,4,0.3,2458,4096,256,35,9042.136,10809.351,10067968,true,pending_log_review,,1,16
GDS,4,0.3,2458,4096,256,36,9302.68,11333.912,10067968,true,pending_log_review,,1,16
GDS,4,0.3,2458,4096,256,37,16509.807,19044.97,10067968,true,pending_log_review,,1,16
GDS,4,0.3,2458,4096,256,38,11468.942,13491.789,10067968,true,pending_log_review,,1,16
GDS,4,0.3,2458,4096,256,39,11519.132,13459.706,10067968,true,pending_log_review,,1,16
GDS,4,0.3,2458,4096,256,40,10987.907,12933.343,10067968,true,pending_log_review,,1,16
GDS,4,0.3,2458,4096,256,41,11698.866,13747.087,10067968,true,pending_log_review,,1,16
GDS,4,0.3,2458,4096,256,42,10543.51,12370.507,10067968,true,pending_log_review,,1,16
GDS,4,0.3,2458,4096,256,43,11578.934,13665.301,10067968,true,pending_log_review,,1,16
GDS,4,0.3,2458,4096,256,44,11105.651,13002.772,10067968,true,pending_log_review,,1,16
GDS,4,0.3,2458,4096,256,45,11731.673,13783.6,10067968,true,pending_log_review,,1,16
GDS,4,0.3,2458,4096,256,46,10698.396,12570.515,10067968,true,pending_log_review,,1,16
GDS,4,0.3,2458,4096,256,47,10631.522,12542.807,10067968,true,pending_log_review,,1,16
GDS,4,0.3,2458,4096,256,48,11985.505,14001.142,10067968,true,pending_log_review,,1,16
GDS,4,0.3,2458,4096,256,49,11460.992,13464.338,10067968,true,pending_log_review,,1,16
GDS,4,0.3,2458,4096,256,50,16378.572,18660.322,10067968,true,pending_log_review,,1,16
GDS,4,0.3,2458,4096,256,51,8927.774,10700.213,10067968,true,pending_log_review,,1,16
GDS,4,0.3,2458,4096,256,52,9226.245,11197.61,10067968,true,pending_log_review,,1,16
GDS,4,0.3,2458,4096,256,53,9195.761,11348.234,10067968,true,pending_log_review,,1,16
GDS,4,0.3,2458,4096,256,54,8980.148,11107.667,10067968,true,pending_log_review,,1,16
GDS,4,0.3,2458,4096,256,55,9188.055,11163.104,10067968,true,pending_log_review,,1,16
GDS,4,0.3,2458,4096,256,56,9282.748,11438.279,10067968,true,pending_log_review,,1,16
GDS,4,0.3,2458,4096,256,57,16556.968,18878.391,10067968,true,pending_log_review,,1,16
GDS,4,0.3,2458,4096,256,58,11456.97,13417.15,10067968,true,pending_log_review,,1,16
GDS,4,0.3,2458,4096,256,59,11196.079,13122.42,10067968,true,pending_log_review,,1,16
GDS,4,0.3,2458,4096,256,60,10847.09,12753.794,10067968,true,pending_log_review,,1,16
GDS,4,0.3,2458,4096,256,61,10694.952,12621.593,10067968,true,pending_log_review,,1,16
GDS,4,0.3,2458,4096,256,62,11363.913,13288.206,10067968,true,pending_log_review,,1,16
GDS,4,0.3,2458,4096,256,63,11461.985,13505.567,10067968,true,pending_log_review,,1,16
GDS,4,0.3,2458,4096,256,64,11064.659,12861.831,10067968,true,pending_log_review,,1,16
GDS,4,0.3,2458,4096,256,65,14341.295,16678.5,10067968,true,pending_log_review,,1,16
GDS,4,0.3,2458,4096,256,66,9050.537,10902.453,10067968,true,pending_log_review,,1,16
GDS,4,0.3,2458,4096,256,67,9209.358,11447.96,10067968,true,pending_log_review,,1,16
GDS,4,0.3,2458,4096,256,68,9272.502,11145.784,10067968,true,pending_log_review,,1,16
GDS,4,0.3,2458,4096,256,69,8979.614,11115.554,10067968,true,pending_log_review,,1,16
GDS,4,0.3,2458,4096,256,70,9020.079,10669.949,10067968,true,pending_log_review,,1,16
GDS,4,0.3,2458,4096,256,71,9161.478,10857.311,10067968,true,pending_log_review,,1,16
GDS,4,0.3,2458,4096,256,72,10039.506,11850.558,10067968,true,pending_log_review,,1,16
GDS,4,0.3,2458,4096,256,73,8987.141,10633.449,10067968,true,pending_log_review,,1,16
GDS,4,0.3,2458,4096,256,74,9303.193,11026.293,10067968,true,pending_log_review,,1,16
GDS,4,0.3,2458,4096,256,75,9362.058,11724.112,10067968,true,pending_log_review,,1,16
GDS,4,0.3,2458,4096,256,76,9139.502,11086.826,10067968,true,pending_log_review,,1,16
GDS,4,0.3,2458,4096,256,77,9262.374,11300.658,10067968,true,pending_log_review,,1,16
GDS,4,0.3,2458,4096,256,78,9017.358,11153.721,10067968,true,pending_log_review,,1,16
GDS,4,0.3,2458,4096,256,79,16834.104,19699.942,10067968,true,pending_log_review,,1,16
GDS,4,0.3,2458,4096,256,80,10972.603,12850.682,10067968,true,pending_log_review,,1,16
GDS,4,0.3,2458,4096,256,81,16412.78,18590.318,10067968,true,pending_log_review,,1,16
GDS,4,0.3,2458,4096,256,82,9319.687,11544.02,10067968,true,pending_log_review,,1,16
GDS,4,0.3,2458,4096,256,83,9263.304,11014.41,10067968,true,pending_log_review,,1,16
GDS,4,0.3,2458,4096,256,84,9228.955,11390.329,10067968,true,pending_log_review,,1,16
GDS,4,0.3,2458,4096,256,85,9370.929,11129.024,10067968,true,pending_log_review,,1,16
GDS,4,0.3,2458,4096,256,86,9057.097,11110.511,10067968,true,pending_log_review,,1,16
GDS,4,0.3,2458,4096,256,87,9082.115,10916.728,10067968,true,pending_log_review,,1,16
GDS,4,0.3,2458,4096,256,88,16046.876,18473.37,10067968,true,pending_log_review,,1,16
GDS,4,0.3,2458,4096,256,89,11505.952,13660.935,10067968,true,pending_log_review,,1,16
GDS,4,0.3,2458,4096,256,90,11596.099,13514.294,10067968,true,pending_log_review,,1,16
GDS,4,0.3,2458,4096,256,91,11227.568,13114.47,10067968,true,pending_log_review,,1,16
GDS,4,0.3,2458,4096,256,92,11411.662,13360.198,10067968,true,pending_log_review,,1,16
GDS,4,0.3,2458,4096,256,93,14911.45,17259.566,10067968,true,pending_log_review,,1,16
GDS,4,0.3,2458,4096,256,94,9790.351,11491.828,10067968,true,pending_log_review,,1,16
GDS,4,0.3,2458,4096,256,95,13105.426,15322.838,10067968,true,pending_log_review,,1,16
GDS,4,0.3,2458,4096,256,96,10893.835,12728.443,10067968,true,pending_log_review,,1,16
GDS,4,0.3,2458,4096,256,97,10669.336,12496.931,10067968,true,pending_log_review,,1,16
GDS,4,0.3,2458,4096,256,98,16600.113,19064.474,10067968,true,pending_log_review,,1,16
GDS,4,0.3,2458,4096,256,99,9038.21,11160.81,10067968,true,pending_log_review,,1,16
GDS,4,0.3,2458,4096,256,100,9311.046,10916.595,10067968,true,pending_log_review,,1,16
GDS,4,0.3,2458,4096,256,101,9354.869,11029.998,10067968,true,pending_log_review,,1,16
GDS,4,0.3,2458,4096,256,102,9383.48,11032.211,10067968,true,pending_log_review,,1,16
GDS,4,0.3,2458,4096,256,103,9498.425,11724.646,10067968,true,pending_log_review,,1,16
GDS,4,0.3,2458,4096,256,104,9025.418,10661.348,10067968,true,pending_log_review,,1,16
GDS,4,0.3,2458,4096,256,105,17122.742,19552.895,10067968,true,pending_log_review,,1,16
GDS,4,0.3,2458,4096,256,106,11428.562,13392.818,10067968,true,pending_log_review,,1,16
GDS,4,0.3,2458,4096,256,107,11262.091,13284.237,10067968,true,pending_log_review,,1,16
GDS,4,0.3,2458,4096,256,108,11619.313,13753.975,10067968,true,pending_log_review,,1,16
GDS,4,0.3,2458,4096,256,109,10723.852,12632.635,10067968,true,pending_log_review,,1,16
GDS,4,0.3,2458,4096,256,110,11802.906,13865.478,10067968,true,pending_log_review,,1,16
GDS,4,0.3,2458,4096,256,111,10921.632,12711.467,10067968,true,pending_log_review,,1,16
GDS,4,0.3,2458,4096,256,112,16706.452,19263.573,10067968,true,pending_log_review,,1,16
GDS,4,0.3,2458,4096,256,113,9173.12,11238.031,10067968,true,pending_log_review,,1,16
GDS,4,0.3,2458,4096,256,114,9147.183,11049.928,10067968,true,pending_log_review,,1,16
GDS,4,0.3,2458,4096,256,115,9269.152,10973.418,10067968,true,pending_log_review,,1,16
GDS,4,0.3,2458,4096,256,116,9075.452,11035.109,10067968,true,pending_log_review,,1,16
GDS,4,0.3,2458,4096,256,117,9113.761,11483.781,10067968,true,pending_log_review,,1,16
GDS,4,0.3,2458,4096,256,118,9146.38,10925.359,10067968,true,pending_log_review,,1,16
GDS,4,0.3,2458,4096,256,119,9240.827,11408.97,10067968,true,pending_log_review,,1,16
GDS,4,0.3,2458,4096,256,120,8833.811,11125.979,10067968,true,pending_log_review,,1,16
GDS,4,0.3,2458,4096,256,121,8856.565,10872.904,10067968,true,pending_log_review,,1,16
GDS,4,0.3,2458,4096,256,122,9261.698,11446.863,10067968,true,pending_log_review,,1,16
GDS,4,0.3,2458,4096,256,123,9193.575,11253.997,10067968,true,pending_log_review,,1,16
GDS,4,0.3,2458,4096,256,124,9282.65,11269.351,10067968,true,pending_log_review,,1,16
GDS,4,0.3,2458,4096,256,125,9135.484,11202.413,10067968,true,pending_log_review,,1,16
GDS,4,0.3,2458,4096,256,126,8822.085,10543.734,10067968,true,pending_log_review,,1,16
GDS,4,0.3,2458,4096,256,127,9086.538,10961.846,10067968,true,pending_log_review,,1,16
GDS,4,0.3,2458,4096,256,128,9215.211,11006.048,10067968,true,pending_log_review,,1,16
GDS,4,0.3,2458,4096,256,129,9256.17,11402.545,10067968,true,pending_log_review,,1,16
GDS,4,0.3,2458,4096,256,130,9346.375,11577.461,10067968,true,pending_log_review,,1,16
GDS,4,0.3,2458,4096,256,131,8945.395,10620.373,10067968,true,pending_log_review,,1,16
GDS,4,0.3,2458,4096,256,132,9201.256,11245.486,10067968,true,pending_log_review,,1,16
GDS,4,0.3,2458,4096,256,133,9054.032,11008.733,10067968,true,pending_log_review,,1,16
GDS,4,0.3,2458,4096,256,134,9358.366,11419.197,10067968,true,pending_log_review,,1,16
GDS,4,0.3,2458,4096,256,135,9032.549,11058.856,10067968,true,pending_log_review,,1,16
GDS,4,0.3,2458,4096,256,136,9373.842,11155.591,10067968,true,pending_log_review,,1,16
GDS,4,0.3,2458,4096,256,137,9020.569,11415.653,10067968,true,pending_log_review,,1,16
GDS,4,0.3,2458,4096,256,138,9300.506,10940.475,10067968,true,pending_log_review,,1,16
GDS,4,0.3,2458,4096,256,139,9732.439,11485.784,10067968,true,pending_log_review,,1,16
GDS,4,0.3,2458,4096,256,140,11803.014,13851.888,10067968,true,pending_log_review,,1,16
GDS,4,0.3,2458,4096,256,141,11575.937,13667.966,10067968,true,pending_log_review,,1,16
GDS,4,0.3,2458,4096,256,142,11673.97,13702.377,10067968,true,pending_log_review,,1,16
GDS,4,0.3,2458,4096,256,143,11542.841,13554.908,10067968,true,pending_log_review,,1,16
GDS,4,0.3,2458,4096,256,144,11655.605,13704.47,10067968,true,pending_log_review,,1,16
GDS,4,0.3,2458,4096,256,145,11436.021,13560.479,10067968,true,pending_log_review,,1,16
GDS,4,0.3,2458,4096,256,146,11537.971,13477.024,10067968,true,pending_log_review,,1,16
GDS,4,0.3,2458,4096,256,147,11393.385,13427.873,10067968,true,pending_log_review,,1,16
GDS,4,0.3,2458,4096,256,148,11587.88,13554.911,10067968,true,pending_log_review,,1,16
GDS,4,0.3,2458,4096,256,149,10881.862,12704.685,10067968,true,pending_log_review,,1,16
GDS,4,0.3,2458,4096,256,150,11615.055,13644.515,10067968,true,pending_log_review,,1,16
GDS,4,0.3,2458,4096,256,151,14672.905,17051.438,10067968,true,pending_log_review,,1,16
GDS,4,0.3,2458,4096,256,152,9449.367,11641.852,10067968,true,pending_log_review,,1,16
GDS,4,0.3,2458,4096,256,153,9051.024,11352.559,10067968,true,pending_log_review,,1,16
GDS,4,0.3,2458,4096,256,154,9206.911,11278.947,10067968,true,pending_log_review,,1,16
GDS,4,0.3,2458,4096,256,155,9186.555,10906.455,10067968,true,pending_log_review,,1,16
GDS,4,0.3,2458,4096,256,156,9149.153,10901.604,10067968,true,pending_log_review,,1,16
GDS,4,0.3,2458,4096,256,157,8918.379,10775.487,10067968,true,pending_log_review,,1,16
GDS,4,0.3,2458,4096,256,158,9384.175,11491.14,10067968,true,pending_log_review,,1,16
GDS,4,0.3,2458,4096,256,159,10111.27,11948.969,10067968,true,pending_log_review,,1,16
GDS,4,0.3,2458,4096,256,160,9038.295,11050.209,10067968,true,pending_log_review,,1,16
GDS,4,0.3,2458,4096,256,161,9205.044,10790.286,10067968,true,pending_log_review,,1,16
GDS,4,0.3,2458,4096,256,162,9554.8,11664.428,10067968,true,pending_log_review,,1,16
GDS,4,0.3,2458,4096,256,163,9186.071,11374.415,10067968,true,pending_log_review,,1,16
GDS,4,0.3,2458,4096,256,164,10119.931,11861.222,10067968,true,pending_log_review,,1,16
GDS,4,0.3,2458,4096,256,165,9040.449,11135.444,10067968,true,pending_log_review,,1,16
GDS,4,0.3,2458,4096,256,166,9154.793,11505.5,10067968,true,pending_log_review,,1,16
GDS,4,0.3,2458,4096,256,167,9261.599,11005.816,10067968,true,pending_log_review,,1,16
GDS,4,0.3,2458,4096,256,168,9193.302,11261.513,10067968,true,pending_log_review,,1,16
GDS,4,0.3,2458,4096,256,169,9015.099,11330.585,10067968,true,pending_log_review,,1,16
GDS,4,0.3,2458,4096,256,170,21787.401,24558.431,10067968,true,pending_log_review,,1,16
GDS,4,0.3,2458,4096,256,171,9054.644,11313.369,10067968,true,pending_log_review,,1,16
GDS,4,0.3,2458,4096,256,172,9317.455,11449.668,10067968,true,pending_log_review,,1,16
GDS,4,0.3,2458,4096,256,173,9067.811,10768.22,10067968,true,pending_log_review,,1,16
GDS,4,0.3,2458,4096,256,174,9493.38,11792.544,10067968,true,pending_log_review,,1,16
GDS,4,0.3,2458,4096,256,175,8940.028,10951.591,10067968,true,pending_log_review,,1,16
GDS,4,0.3,2458,4096,256,176,9439.879,11173.613,10067968,true,pending_log_review,,1,16
GDS,4,0.3,2458,4096,256,177,9360.601,11419.387,10067968,true,pending_log_review,,1,16
GDS,4,0.3,2458,4096,256,178,8987.678,10796.071,10067968,true,pending_log_review,,1,16
GDS,4,0.3,2458,4096,256,179,9148.722,10864.311,10067968,true,pending_log_review,,1,16
GDS,4,0.3,2458,4096,256,180,9492.642,11210.249,10067968,true,pending_log_review,,1,16
GDS,4,0.3,2458,4096,256,181,9141.705,11529.715,10067968,true,pending_log_review,,1,16
GDS,4,0.3,2458,4096,256,182,17026.997,19568.491,10067968,true,pending_log_review,,1,16
GDS,4,0.3,2458,4096,256,183,11799.149,13847.589,10067968,true,pending_log_review,,1,16
GDS,4,0.3,2458,4096,256,184,17240.047,19610.287,10067968,true,pending_log_review,,1,16
GDS,4,0.3,2458,4096,256,185,9254.87,11127.557,10067968,true,pending_log_review,,1,16
GDS,4,0.3,2458,4096,256,186,9509.588,11109.545,10067968,true,pending_log_review,,1,16
GDS,4,0.3,2458,4096,256,187,10052.357,11722.371,10067968,true,pending_log_review,,1,16
GDS,4,0.3,2458,4096,256,188,9017.243,10887.496,10067968,true,pending_log_review,,1,16
GDS,4,0.3,2458,4096,256,189,10083.963,11764.891,10067968,true,pending_log_review,,1,16
GDS,4,0.3,2458,4096,256,190,9000.789,10992.095,10067968,true,pending_log_review,,1,16
GDS,4,0.3,2458,4096,256,191,9489.414,11448.179,10067968,true,pending_log_review,,1,16
GDS,4,0.3,2458,4096,256,192,11820.955,13943.501,10067968,true,pending_log_review,,1,16
GDS,4,0.3,2458,4096,256,193,10983.42,12807.129,10067968,true,pending_log_review,,1,16
GDS,4,0.3,2458,4096,256,194,11763.306,13827.65,10067968,true,pending_log_review,,1,16
GDS,4,0.3,2458,4096,256,195,11213.542,13176.804,10067968,true,pending_log_review,,1,16
GDS,4,0.3,2458,4096,256,196,11722.462,13887.957,10067968,true,pending_log_review,,1,16
GDS,4,0.3,2458,4096,256,197,11083.791,13236.731,10067968,true,pending_log_review,,1,16
GDS,4,0.3,2458,4096,256,198,10416.097,12298.195,10067968,true,pending_log_review,,1,16
GDS,4,0.3,2458,4096,256,199,11403.581,13385.925,10067968,true,pending_log_review,,1,16
GDS,4,0.3,2458,4096,256,0,10718.911,12511.731,10067968,true,pending_log_review,,3,16
GDS,16,0.067,2195,4096,256,0,10566.913,12423.026,8990720,true,pending_log_review,,2,16
GDS,16,0.067,2195,4096,256,0,10053.392,11699.986,8990720,true,pending_log_review,,0,16
GDS,16,0.067,2195,4096,256,1,10029.524,11875.985,8990720,true,pending_log_review,,0,16
GDS,16,0.067,2195,4096,256,2,10167.156,11919.404,8990720,true,pending_log_review,,0,16
GDS,16,0.067,2195,4096,256,3,10342.294,12080.003,8990720,true,pending_log_review,,0,16
GDS,16,0.067,2195,4096,256,4,9876.835,11599.937,8990720,true,pending_log_review,,0,16
GDS,16,0.067,2195,4096,256,5,13624.891,15965.062,8990720,true,pending_log_review,,0,16
GDS,16,0.067,2195,4096,256,6,8073.329,9633.213,8990720,true,pending_log_review,,0,16
GDS,16,0.067,2195,4096,256,7,8178.355,10105.335,8990720,true,pending_log_review,,0,16
GDS,16,0.067,2195,4096,256,8,7997.493,9884.264,8990720,true,pending_log_review,,0,16
GDS,16,0.067,2195,4096,256,9,10731.008,12705.179,8990720,true,pending_log_review,,0,16
GDS,16,0.067,2195,4096,256,0,9923.917,11627.807,8990720,true,pending_log_review,,1,16
GDS,16,0.067,2195,4096,256,1,10483.203,12276.028,8990720,true,pending_log_review,,1,16
GDS,16,0.067,2195,4096,256,2,13420.661,15468.128,8990720,true,pending_log_review,,1,16
GDS,16,0.067,2195,4096,256,3,7963.532,9385.878,8990720,true,pending_log_review,,1,16
GDS,16,0.067,2195,4096,256,4,8215.491,9797.856,8990720,true,pending_log_review,,1,16
GDS,16,0.067,2195,4096,256,5,8332.794,10378.677,8990720,true,pending_log_review,,1,16
GDS,16,0.067,2195,4096,256,6,7823.762,9517.713,8990720,true,pending_log_review,,1,16
GDS,16,0.067,2195,4096,256,7,8450.054,9989.903,8990720,true,pending_log_review,,1,16
GDS,16,0.067,2195,4096,256,8,7930.789,9509.021,8990720,true,pending_log_review,,1,16
GDS,16,0.067,2195,4096,256,9,8324.499,10108.245,8990720,true,pending_log_review,,1,16
GDS,16,0.067,2195,4096,256,10,8276.239,10311.179,8990720,true,pending_log_review,,1,16
GDS,16,0.067,2195,4096,256,11,15297.323,17480.374,8990720,true,pending_log_review,,1,16
GDS,16,0.067,2195,4096,256,12,9459.542,11146.948,8990720,true,pending_log_review,,1,16
GDS,16,0.067,2195,4096,256,13,10412.73,12271.077,8990720,true,pending_log_review,,1,16
GDS,16,0.067,2195,4096,256,14,9963.807,11614.839,8990720,true,pending_log_review,,1,16
GDS,16,0.067,2195,4096,256,15,10279.912,12098.303,8990720,true,pending_log_review,,1,16
GDS,16,0.067,2195,4096,256,16,13712.721,15618.982,8990720,true,pending_log_review,,1,16
GDS,16,0.067,2195,4096,256,17,8554.547,10496.724,8990720,true,pending_log_review,,1,16
GDS,16,0.067,2195,4096,256,18,8339.476,10577.288,8990720,true,pending_log_review,,1,16
GDS,16,0.067,2195,4096,256,19,8154.417,9966.198,8990720,true,pending_log_review,,1,16
GDS,16,0.067,2195,4096,256,20,8236.454,10299.531,8990720,true,pending_log_review,,1,16
GDS,16,0.067,2195,4096,256,21,8348.987,10030.876,8990720,true,pending_log_review,,1,16
GDS,16,0.067,2195,4096,256,22,8100.861,10160.234,8990720,true,pending_log_review,,1,16
GDS,16,0.067,2195,4096,256,23,15858.748,18065.52,8990720,true,pending_log_review,,1,16
GDS,16,0.067,2195,4096,256,24,10382.307,12142.723,8990720,true,pending_log_review,,1,16
GDS,16,0.067,2195,4096,256,25,9946.948,11585.574,8990720,true,pending_log_review,,1,16
GDS,16,0.067,2195,4096,256,26,9837.106,11678.731,8990720,true,pending_log_review,,1,16
GDS,16,0.067,2195,4096,256,27,9682.982,11310.073,8990720,true,pending_log_review,,1,16
GDS,16,0.067,2195,4096,256,28,12898.951,14740.896,8990720,true,pending_log_review,,1,16
GDS,16,0.067,2195,4096,256,29,12677.926,15011.346,8990720,true,pending_log_review,,1,16
GDS,16,0.067,2195,4096,256,30,9729.057,11391.658,8990720,true,pending_log_review,,1,16
GDS,16,0.067,2195,4096,256,31,10566.049,12452.221,8990720,true,pending_log_review,,1,16
GDS,16,0.067,2195,4096,256,32,11780.756,13930.086,8990720,true,pending_log_review,,1,16
GDS,16,0.067,2195,4096,256,33,15449.817,17644.667,8990720,true,pending_log_review,,1,16
GDS,16,0.067,2195,4096,256,34,11344.319,13288.532,8990720,true,pending_log_review,,1,16
GDS,16,0.067,2195,4096,256,35,8522.987,10232.191,8990720,true,pending_log_review,,1,16
GDS,16,0.067,2195,4096,256,36,8166.168,9578.756,8990720,true,pending_log_review,,1,16
GDS,16,0.067,2195,4096,256,37,8038.435,9820.271,8990720,true,pending_log_review,,1,16
GDS,16,0.067,2195,4096,256,38,8137.219,10300.752,8990720,true,pending_log_review,,1,16
GDS,16,0.067,2195,4096,256,39,8692.333,10274.877,8990720,true,pending_log_review,,1,16
GDS,16,0.067,2195,4096,256,40,8276.639,10051.899,8990720,true,pending_log_review,,1,16
GDS,16,0.067,2195,4096,256,41,8311.728,10277.666,8990720,true,pending_log_review,,1,16
GDS,16,0.067,2195,4096,256,42,9221.682,11005.071,8990720,true,pending_log_review,,1,16
GDS,16,0.067,2195,4096,256,43,11855.914,13819.915,8990720,true,pending_log_review,,1,16
GDS,16,0.067,2195,4096,256,44,8073.059,9503.678,8990720,true,pending_log_review,,1,16
GDS,16,0.067,2195,4096,256,45,8205.233,10297.094,8990720,true,pending_log_review,,1,16
GDS,16,0.067,2195,4096,256,46,8420.896,9939.922,8990720,true,pending_log_review,,1,16
GDS,16,0.067,2195,4096,256,47,8267.012,10363.203,8990720,true,pending_log_review,,1,16
GDS,16,0.067,2195,4096,256,48,8177.772,9807.752,8990720,true,pending_log_review,,1,16
GDS,16,0.067,2195,4096,256,49,8324.274,10398.485,8990720,true,pending_log_review,,1,16
GDS,16,0.067,2195,4096,256,50,8076.623,9708.286,8990720,true,pending_log_review,,1,16
GDS,16,0.067,2195,4096,256,51,7925.328,9631.234,8990720,true,pending_log_review,,1,16
GDS,16,0.067,2195,4096,256,52,8318.888,10398.077,8990720,true,pending_log_review,,1,16
GDS,16,0.067,2195,4096,256,53,8249.988,10015.322,8990720,true,pending_log_review,,1,16
GDS,16,0.067,2195,4096,256,54,8016.431,10174.137,8990720,true,pending_log_review,,1,16
GDS,16,0.067,2195,4096,256,55,8234.269,10248.98,8990720,true,pending_log_review,,1,16
GDS,16,0.067,2195,4096,256,56,8559.112,10149.544,8990720,true,pending_log_review,,1,16
GDS,16,0.067,2195,4096,256,57,8039.618,9710.336,8990720,true,pending_log_review,,1,16
GDS,16,0.067,2195,4096,256,58,8404.144,10249.804,8990720,true,pending_log_review,,1,16
GDS,16,0.067,2195,4096,256,59,8111.113,10160.329,8990720,true,pending_log_review,,1,16
GDS,16,0.067,2195,4096,256,60,8232.064,10263.047,8990720,true,pending_log_review,,1,16
GDS,16,0.067,2195,4096,256,61,8249.986,10029.519,8990720,true,pending_log_review,,1,16
GDS,16,0.067,2195,4096,256,62,8119.91,10074.086,8990720,true,pending_log_review,,1,16
GDS,16,0.067,2195,4096,256,63,8330.499,10353.357,8990720,true,pending_log_review,,1,16
GDS,16,0.067,2195,4096,256,64,8069.083,9803.519,8990720,true,pending_log_review,,1,16
GDS,16,0.067,2195,4096,256,65,8455.588,10689.901,8990720,true,pending_log_review,,1,16
GDS,16,0.067,2195,4096,256,66,14381.36,16508.48,8990720,true,pending_log_review,,1,16
GDS,16,0.067,2195,4096,256,67,10257.288,12168.25,8990720,true,pending_log_review,,1,16
GDS,16,0.067,2195,4096,256,68,10276.172,12140.123,8990720,true,pending_log_review,,1,16
GDS,16,0.067,2195,4096,256,69,10619.087,12608.073,8990720,true,pending_log_review,,1,16
GDS,16,0.067,2195,4096,256,70,10286.807,12125.389,8990720,true,pending_log_review,,1,16
GDS,16,0.067,2195,4096,256,71,8395.002,10065.462,8990720,true,pending_log_review,,1,16
GDS,16,0.067,2195,4096,256,72,7995.452,9397.762,8990720,true,pending_log_review,,1,16
GDS,16,0.067,2195,4096,256,73,8358.187,10530.609,8990720,true,pending_log_review,,1,16
GDS,16,0.067,2195,4096,256,74,8057.768,9584.123,8990720,true,pending_log_review,,1,16
GDS,16,0.067,2195,4096,256,75,8330.438,10380.399,8990720,true,pending_log_review,,1,16
GDS,16,0.067,2195,4096,256,76,8170.322,10097.241,8990720,true,pending_log_review,,1,16
GDS,16,0.067,2195,4096,256,77,8056.646,9514.324,8990720,true,pending_log_review,,1,16
GDS,16,0.067,2195,4096,256,78,8195.386,10247.341,8990720,true,pending_log_review,,1,16
GDS,16,0.067,2195,4096,256,79,8071.326,9940.571,8990720,true,pending_log_review,,1,16
GDS,16,0.067,2195,4096,256,80,8058.123,9718.171,8990720,true,pending_log_review,,1,16
GDS,16,0.067,2195,4096,256,81,8548.521,10388.246,8990720,true,pending_log_review,,1,16
GDS,16,0.067,2195,4096,256,82,8923.596,10482.959,8990720,true,pending_log_review,,1,16
GDS,16,0.067,2195,4096,256,83,8165.406,10345.846,8990720,true,pending_log_review,,1,16
GDS,16,0.067,2195,4096,256,84,8078.694,9991.097,8990720,true,pending_log_review,,1,16
GDS,16,0.067,2195,4096,256,85,8080.355,9618.118,8990720,true,pending_log_review,,1,16
GDS,16,0.067,2195,4096,256,86,8130.503,10197.236,8990720,true,pending_log_review,,1,16
GDS,16,0.067,2195,4096,256,87,8189.097,9696.237,8990720,true,pending_log_review,,1,16
GDS,16,0.067,2195,4096,256,88,8320.505,10386.457,8990720,true,pending_log_review,,1,16
GDS,16,0.067,2195,4096,256,89,8279.519,10273.735,8990720,true,pending_log_review,,1,16
GDS,16,0.067,2195,4096,256,90,8115.102,10188.603,8990720,true,pending_log_review,,1,16
GDS,16,0.067,2195,4096,256,91,8063.557,9904.172,8990720,true,pending_log_review,,1,16
GDS,16,0.067,2195,4096,256,92,8125.04,10103.758,8990720,true,pending_log_review,,1,16
GDS,16,0.067,2195,4096,256,93,8376.271,10572.072,8990720,true,pending_log_review,,1,16
GDS,16,0.067,2195,4096,256,94,8421.342,9968.549,8990720,true,pending_log_review,,1,16
GDS,16,0.067,2195,4096,256,95,8405.874,10645.508,8990720,true,pending_log_review,,1,16
GDS,16,0.067,2195,4096,256,96,8290.897,10092.567,8990720,true,pending_log_review,,1,16
GDS,16,0.067,2195,4096,256,97,8163.989,9936.449,8990720,true,pending_log_review,,1,16
GDS,16,0.067,2195,4096,256,98,8200.72,10512.554,8990720,true,pending_log_review,,1,16
GDS,16,0.067,2195,4096,256,99,8095.935,9805.882,8990720,true,pending_log_review,,1,16
GDS,16,0.067,2195,4096,256,100,8137.599,9999.248,8990720,true,pending_log_review,,1,16
GDS,16,0.067,2195,4096,256,101,8347.279,10219.763,8990720,true,pending_log_review,,1,16
GDS,16,0.067,2195,4096,256,102,8065.628,9800.873,8990720,true,pending_log_review,,1,16
GDS,16,0.067,2195,4096,256,103,8284.202,10130.197,8990720,true,pending_log_review,,1,16
GDS,16,0.067,2195,4096,256,104,8273.514,9947.322,8990720,true,pending_log_review,,1,16
GDS,16,0.067,2195,4096,256,105,8249.347,9847.192,8990720,true,pending_log_review,,1,16
GDS,16,0.067,2195,4096,256,106,8070.07,10154.114,8990720,true,pending_log_review,,1,16
GDS,16,0.067,2195,4096,256,107,8091.021,10157.029,8990720,true,pending_log_review,,1,16
GDS,16,0.067,2195,4096,256,108,8298.78,10182.891,8990720,true,pending_log_review,,1,16
GDS,16,0.067,2195,4096,256,109,8594.431,10099.89,8990720,true,pending_log_review,,1,16
GDS,16,0.067,2195,4096,256,110,8068.753,9639.795,8990720,true,pending_log_review,,1,16
GDS,16,0.067,2195,4096,256,111,8239.075,10353.981,8990720,true,pending_log_review,,1,16
GDS,16,0.067,2195,4096,256,112,8116.611,10080.009,8990720,true,pending_log_review,,1,16
GDS,16,0.067,2195,4096,256,113,8012.007,9761.542,8990720,true,pending_log_review,,1,16
GDS,16,0.067,2195,4096,256,114,8055.352,10075.254,8990720,true,pending_log_review,,1,16
GDS,16,0.067,2195,4096,256,115,8172.128,9956.475,8990720,true,pending_log_review,,1,16
GDS,16,0.067,2195,4096,256,116,8593.412,10597.845,8990720,true,pending_log_review,,1,16
GDS,16,0.067,2195,4096,256,117,10691.801,12501.803,8990720,true,pending_log_review,,1,16
GDS,16,0.067,2195,4096,256,118,10347.886,12212.068,8990720,true,pending_log_review,,1,16
GDS,16,0.067,2195,4096,256,119,14636.89,17082.299,8990720,true,pending_log_review,,1,16
GDS,16,0.067,2195,4096,256,120,8265.788,9885.269,8990720,true,pending_log_review,,1,16
GDS,16,0.067,2195,4096,256,121,7967.113,10116.308,8990720,true,pending_log_review,,1,16
GDS,16,0.067,2195,4096,256,122,8837.164,10482.035,8990720,true,pending_log_review,,1,16
GDS,16,0.067,2195,4096,256,123,11392.332,13497.064,8990720,true,pending_log_review,,1,16
GDS,16,0.067,2195,4096,256,124,15489.105,17778.765,8990720,true,pending_log_review,,1,16
GDS,16,0.067,2195,4096,256,125,8105.894,9731.23,8990720,true,pending_log_review,,1,16
GDS,16,0.067,2195,4096,256,126,8078.704,9862.223,8990720,true,pending_log_review,,1,16
GDS,16,0.067,2195,4096,256,127,8045.485,9780.21,8990720,true,pending_log_review,,1,16
GDS,16,0.067,2195,4096,256,128,9024.976,10638.966,8990720,true,pending_log_review,,1,16
GDS,16,0.067,2195,4096,256,129,9588.426,11216.866,8990720,true,pending_log_review,,1,16
GDS,16,0.067,2195,4096,256,130,8597.642,10080.639,8990720,true,pending_log_review,,1,16
GDS,16,0.067,2195,4096,256,131,7920.362,10012.324,8990720,true,pending_log_review,,1,16
GDS,16,0.067,2195,4096,256,132,8270.597,10163.789,8990720,true,pending_log_review,,1,16
GDS,16,0.067,2195,4096,256,133,8163.245,9972.855,8990720,true,pending_log_review,,1,16
GDS,16,0.067,2195,4096,256,134,8274.864,10398.045,8990720,true,pending_log_review,,1,16
GDS,16,0.067,2195,4096,256,135,15362.425,17438.64,8990720,true,pending_log_review,,1,16
GDS,16,0.067,2195,4096,256,136,9730.685,11516.157,8990720,true,pending_log_review,,1,16
GDS,16,0.067,2195,4096,256,137,10036.755,11772.746,8990720,true,pending_log_review,,1,16
GDS,16,0.067,2195,4096,256,138,10057.114,11693.42,8990720,true,pending_log_review,,1,16
GDS,16,0.067,2195,4096,256,139,10013.593,11827.602,8990720,true,pending_log_review,,1,16
GDS,16,0.067,2195,4096,256,140,10332.822,12307.066,8990720,true,pending_log_review,,1,16
GDS,16,0.067,2195,4096,256,141,21230.377,23672.879,8990720,true,pending_log_review,,1,16
GDS,16,0.067,2195,4096,256,142,10039.504,11737.771,8990720,true,pending_log_review,,1,16
GDS,16,0.067,2195,4096,256,143,9801.166,11567.183,8990720,true,pending_log_review,,1,16
GDS,16,0.067,2195,4096,256,144,9689.314,11430.029,8990720,true,pending_log_review,,1,16
GDS,16,0.067,2195,4096,256,145,10375.696,12154.291,8990720,true,pending_log_review,,1,16
GDS,16,0.067,2195,4096,256,146,10160.096,11941.253,8990720,true,pending_log_review,,1,16
GDS,16,0.067,2195,4096,256,147,15193.648,17622.208,8990720,true,pending_log_review,,1,16
GDS,16,0.067,2195,4096,256,148,8227.938,9835.045,8990720,true,pending_log_review,,1,16
GDS,16,0.067,2195,4096,256,149,8518.428,10570.456,8990720,true,pending_log_review,,1,16
GDS,16,0.067,2195,4096,256,150,8102.025,10104.394,8990720,true,pending_log_review,,1,16
GDS,16,0.067,2195,4096,256,151,8068.089,9584.255,8990720,true,pending_log_review,,1,16
GDS,16,0.067,2195,4096,256,152,8335.352,10425.989,8990720,true,pending_log_review,,1,16
GDS,16,0.067,2195,4096,256,153,8191.523,9962.533,8990720,true,pending_log_review,,1,16
GDS,16,0.067,2195,4096,256,154,8659.525,10236.083,8990720,true,pending_log_review,,1,16
GDS,16,0.067,2195,4096,256,155,8098.993,9668.213,8990720,true,pending_log_review,,1,16
GDS,16,0.067,2195,4096,256,156,8256.609,10107.635,8990720,true,pending_log_review,,1,16
GDS,16,0.067,2195,4096,256,157,10340.557,12224.587,8990720,true,pending_log_review,,1,16
GDS,16,0.067,2195,4096,256,158,9540.198,11210.981,8990720,true,pending_log_review,,1,16
GDS,16,0.067,2195,4096,256,159,12449.587,14286.795,8990720,true,pending_log_review,,1,16
GDS,16,0.067,2195,4096,256,160,8278.552,10222.556,8990720,true,pending_log_review,,1,16
GDS,16,0.067,2195,4096,256,161,8181.847,9569.53,8990720,true,pending_log_review,,1,16
GDS,16,0.067,2195,4096,256,162,8034.714,9570.741,8990720,true,pending_log_review,,1,16
GDS,16,0.067,2195,4096,256,163,8331.301,10360.12,8990720,true,pending_log_review,,1,16
GDS,16,0.067,2195,4096,256,164,8168.191,10091.298,8990720,true,pending_log_review,,1,16
GDS,16,0.067,2195,4096,256,165,8218.319,9929.791,8990720,true,pending_log_review,,1,16
GDS,16,0.067,2195,4096,256,166,8384.131,10325.306,8990720,true,pending_log_review,,1,16
GDS,16,0.067,2195,4096,256,167,10262.123,12132.827,8990720,true,pending_log_review,,1,16
GDS,16,0.067,2195,4096,256,168,10681.805,12505.784,8990720,true,pending_log_review,,1,16
GDS,16,0.067,2195,4096,256,169,9880.143,11618.397,8990720,true,pending_log_review,,1,16
GDS,16,0.067,2195,4096,256,170,10370.426,12055.557,8990720,true,pending_log_review,,1,16
GDS,16,0.067,2195,4096,256,171,10246.336,12168.314,8990720,true,pending_log_review,,1,16
GDS,16,0.067,2195,4096,256,172,19210.093,21574.848,8990720,true,pending_log_review,,1,16
GDS,16,0.067,2195,4096,256,173,10647.296,12511.148,8990720,true,pending_log_review,,1,16
GDS,16,0.067,2195,4096,256,174,10593.042,12576.305,8990720,true,pending_log_review,,1,16
GDS,16,0.067,2195,4096,256,175,10523.643,12396.436,8990720,true,pending_log_review,,1,16
GDS,16,0.067,2195,4096,256,176,10240.577,11945.42,8990720,true,pending_log_review,,1,16
GDS,16,0.067,2195,4096,256,177,10034.713,11807.858,8990720,true,pending_log_review,,1,16
GDS,16,0.067,2195,4096,256,178,10418.086,12195.855,8990720,true,pending_log_review,,1,16
GDS,16,0.067,2195,4096,256,179,10285.096,12180.408,8990720,true,pending_log_review,,1,16
GDS,16,0.067,2195,4096,256,180,10422.027,12296.929,8990720,true,pending_log_review,,1,16
GDS,16,0.067,2195,4096,256,181,10116.9,11811.35,8990720,true,pending_log_review,,1,16
GDS,16,0.067,2195,4096,256,182,10678.056,12487.816,8990720,true,pending_log_review,,1,16
GDS,16,0.067,2195,4096,256,183,10394.414,12245.778,8990720,true,pending_log_review,,1,16
GDS,16,0.067,2195,4096,256,184,9692.316,12017.082,8990720,true,pending_log_review,,1,16
GDS,16,0.067,2195,4096,256,185,10527.87,12321.942,8990720,true,pending_log_review,,1,16
GDS,16,0.067,2195,4096,256,186,10183.041,11946.859,8990720,true,pending_log_review,,1,16
GDS,16,0.067,2195,4096,256,187,9432.917,11222.998,8990720,true,pending_log_review,,1,16
GDS,16,0.067,2195,4096,256,188,10319.022,12289.339,8990720,true,pending_log_review,,1,16
GDS,16,0.067,2195,4096,256,189,10154.662,11912.195,8990720,true,pending_log_review,,1,16
GDS,16,0.067,2195,4096,256,190,10565.556,12480.408,8990720,true,pending_log_review,,1,16
GDS,16,0.067,2195,4096,256,191,9670.142,11326.536,8990720,true,pending_log_review,,1,16
GDS,16,0.067,2195,4096,256,192,9965.653,11709.118,8990720,true,pending_log_review,,1,16
GDS,16,0.067,2195,4096,256,193,10468.697,12296.358,8990720,true,pending_log_review,,1,16
GDS,16,0.067,2195,4096,256,194,9537.09,11125.254,8990720,true,pending_log_review,,1,16
GDS,16,0.067,2195,4096,256,195,10309.948,12070.217,8990720,true,pending_log_review,,1,16
GDS,16,0.067,2195,4096,256,196,9637.433,11295.329,8990720,true,pending_log_review,,1,16
GDS,16,0.067,2195,4096,256,197,9640.681,11365.096,8990720,true,pending_log_review,,1,16
GDS,16,0.067,2195,4096,256,198,10416.271,12305.506,8990720,true,pending_log_review,,1,16
GDS,16,0.067,2195,4096,256,199,10473.367,12281.345,8990720,true,pending_log_review,,1,16
GDS,16,0.067,2195,4096,256,0,10497.565,12282.319,8990720,true,pending_log_review,,3,16
GDS,16,0.134,4391,4096,256,0,20181.505,23926.466,17985536,true,pending_log_review,,2,16
GDS,16,0.134,4391,4096,256,0,19508.372,23067.35,17985536,true,pending_log_review,,0,16
GDS,16,0.134,4391,4096,256,1,19729.323,23397.605,17985536,true,pending_log_review,,0,16
GDS,16,0.134,4391,4096,256,2,19368.451,23006.304,17985536,true,pending_log_review,,0,16
GDS,16,0.134,4391,4096,256,3,19596.851,23070.081,17985536,true,pending_log_review,,0,16
GDS,16,0.134,4391,4096,256,4,26247.949,30191.62,17985536,true,pending_log_review,,0,16
GDS,16,0.134,4391,4096,256,5,25522.418,29694.765,17985536,true,pending_log_review,,0,16
GDS,16,0.134,4391,4096,256,6,24134.46,28138.691,17985536,true,pending_log_review,,0,16
GDS,16,0.134,4391,4096,256,7,20111.349,23673.39,17985536,true,pending_log_review,,0,16
GDS,16,0.134,4391,4096,256,8,25756.247,30091.302,17985536,true,pending_log_review,,0,16
GDS,16,0.134,4391,4096,256,9,20030.709,23775.304,17985536,true,pending_log_review,,0,16
GDS,16,0.134,4391,4096,256,0,23575.701,27915.081,17985536,true,pending_log_review,,1,16
GDS,16,0.134,4391,4096,256,1,20441.278,24208.868,17985536,true,pending_log_review,,1,16
GDS,16,0.134,4391,4096,256,2,25287.617,29101.143,17985536,true,pending_log_review,,1,16
GDS,16,0.134,4391,4096,256,3,20317.204,24249.404,17985536,true,pending_log_review,,1,16
GDS,16,0.134,4391,4096,256,4,26179.565,30121.717,17985536,true,pending_log_review,,1,16
GDS,16,0.134,4391,4096,256,5,19932.658,23675.511,17985536,true,pending_log_review,,1,16
GDS,16,0.134,4391,4096,256,6,20257.789,24094.999,17985536,true,pending_log_review,,1,16
GDS,16,0.134,4391,4096,256,7,20303.719,24049.139,17985536,true,pending_log_review,,1,16
GDS,16,0.134,4391,4096,256,8,24865.847,28634.793,17985536,true,pending_log_review,,1,16
GDS,16,0.134,4391,4096,256,9,25398.156,29340.039,17985536,true,pending_log_review,,1,16
GDS,16,0.134,4391,4096,256,10,20331.255,24098.433,17985536,true,pending_log_review,,1,16
GDS,16,0.134,4391,4096,256,11,19865.478,23563.716,17985536,true,pending_log_review,,1,16
GDS,16,0.134,4391,4096,256,12,19839.675,23503.753,17985536,true,pending_log_review,,1,16
GDS,16,0.134,4391,4096,256,13,19542.829,23175.228,17985536,true,pending_log_review,,1,16
GDS,16,0.134,4391,4096,256,14,26882.681,30908.72,17985536,true,pending_log_review,,1,16
GDS,16,0.134,4391,4096,256,15,20228.424,23765.152,17985536,true,pending_log_review,,1,16
GDS,16,0.134,4391,4096,256,16,20365.085,24143.332,17985536,true,pending_log_review,,1,16
GDS,16,0.134,4391,4096,256,17,19688.539,23554.258,17985536,true,pending_log_review,,1,16
GDS,16,0.134,4391,4096,256,18,20227.637,24031.068,17985536,true,pending_log_review,,1,16
GDS,16,0.134,4391,4096,256,19,19947.578,23646.917,17985536,true,pending_log_review,,1,16
GDS,16,0.134,4391,4096,256,20,20029.274,23982.23,17985536,true,pending_log_review,,1,16
GDS,16,0.134,4391,4096,256,21,20455.54,24269.351,17985536,true,pending_log_review,,1,16
GDS,16,0.134,4391,4096,256,22,20338.566,24059.078,17985536,true,pending_log_review,,1,16
GDS,16,0.134,4391,4096,256,23,19535.227,23180.006,17985536,true,pending_log_review,,1,16
GDS,16,0.134,4391,4096,256,24,25093.331,29456.355,17985536,true,pending_log_review,,1,16
GDS,16,0.134,4391,4096,256,25,19529.452,22946.485,17985536,true,pending_log_review,,1,16
GDS,16,0.134,4391,4096,256,26,20104.813,23868.354,17985536,true,pending_log_review,,1,16
GDS,16,0.134,4391,4096,256,27,26453.499,30375.754,17985536,true,pending_log_review,,1,16
GDS,16,0.134,4391,4096,256,28,20267.984,24085.286,17985536,true,pending_log_review,,1,16
GDS,16,0.134,4391,4096,256,29,19644.869,23283.293,17985536,true,pending_log_review,,1,16
GDS,16,0.134,4391,4096,256,30,19405.921,23137.588,17985536,true,pending_log_review,,1,16
GDS,16,0.134,4391,4096,256,31,19858.361,23360.162,17985536,true,pending_log_review,,1,16
GDS,16,0.134,4391,4096,256,32,25559.913,29659.312,17985536,true,pending_log_review,,1,16
GDS,16,0.134,4391,4096,256,33,25854.229,29660.674,17985536,true,pending_log_review,,1,16
GDS,16,0.134,4391,4096,256,34,20333.104,24045.819,17985536,true,pending_log_review,,1,16
GDS,16,0.134,4391,4096,256,35,24913.241,29381.946,17985536,true,pending_log_review,,1,16
GDS,16,0.134,4391,4096,256,36,19817.099,23590.687,17985536,true,pending_log_review,,1,16
GDS,16,0.134,4391,4096,256,37,20370.681,24216.621,17985536,true,pending_log_review,,1,16
GDS,16,0.134,4391,4096,256,38,20100.939,23768.374,17985536,true,pending_log_review,,1,16
GDS,16,0.134,4391,4096,256,39,20438.948,24325.546,17985536,true,pending_log_review,,1,16
GDS,16,0.134,4391,4096,256,40,21758.596,25991.416,17985536,true,pending_log_review,,1,16
GDS,16,0.134,4391,4096,256,41,20241.55,24052.317,17985536,true,pending_log_review,,1,16
GDS,16,0.134,4391,4096,256,42,24244.651,28911.093,17985536,true,pending_log_review,,1,16
GDS,16,0.134,4391,4096,256,43,20168.747,23806.264,17985536,true,pending_log_review,,1,16
GDS,16,0.134,4391,4096,256,44,19975.514,23658.397,17985536,true,pending_log_review,,1,16
GDS,16,0.134,4391,4096,256,45,26071.928,30308.745,17985536,true,pending_log_review,,1,16
GDS,16,0.134,4391,4096,256,46,19754.195,23381.447,17985536,true,pending_log_review,,1,16
GDS,16,0.134,4391,4096,256,47,19382.246,22865.841,17985536,true,pending_log_review,,1,16
GDS,16,0.134,4391,4096,256,48,19776.694,23583.957,17985536,true,pending_log_review,,1,16
GDS,16,0.134,4391,4096,256,49,26081.666,29888.344,17985536,true,pending_log_review,,1,16
GDS,16,0.134,4391,4096,256,50,20155.798,23888.449,17985536,true,pending_log_review,,1,16
GDS,16,0.134,4391,4096,256,51,19952.464,23580.657,17985536,true,pending_log_review,,1,16
GDS,16,0.134,4391,4096,256,52,26053.909,29801.128,17985536,true,pending_log_review,,1,16
GDS,16,0.134,4391,4096,256,53,25466.574,29477.984,17985536,true,pending_log_review,,1,16
GDS,16,0.134,4391,4096,256,54,19975.35,23690.131,17985536,true,pending_log_review,,1,16
GDS,16,0.134,4391,4096,256,55,20539.329,24271.539,17985536,true,pending_log_review,,1,16
GDS,16,0.134,4391,4096,256,56,20703.313,24442.706,17985536,true,pending_log_review,,1,16
GDS,16,0.134,4391,4096,256,57,19710.962,23327.671,17985536,true,pending_log_review,,1,16
GDS,16,0.134,4391,4096,256,58,20576.558,24408.024,17985536,true,pending_log_review,,1,16
GDS,16,0.134,4391,4096,256,59,19705.661,23281.437,17985536,true,pending_log_review,,1,16
GDS,16,0.134,4391,4096,256,60,19861.367,23483.055,17985536,true,pending_log_review,,1,16
GDS,16,0.134,4391,4096,256,61,20282.982,24031.069,17985536,true,pending_log_review,,1,16
GDS,16,0.134,4391,4096,256,62,20486.342,24180.176,17985536,true,pending_log_review,,1,16
GDS,16,0.134,4391,4096,256,63,26098.828,29925.769,17985536,true,pending_log_review,,1,16
GDS,16,0.134,4391,4096,256,64,19785.453,23355.908,17985536,true,pending_log_review,,1,16
GDS,16,0.134,4391,4096,256,65,24784.911,28957.317,17985536,true,pending_log_review,,1,16
GDS,16,0.134,4391,4096,256,66,19872.853,23554.832,17985536,true,pending_log_review,,1,16
GDS,16,0.134,4391,4096,256,67,25621.826,29544.027,17985536,true,pending_log_review,,1,16
GDS,16,0.134,4391,4096,256,68,19993.519,23691.427,17985536,true,pending_log_review,,1,16
GDS,16,0.134,4391,4096,256,69,25411.732,29657.443,17985536,true,pending_log_review,,1,16
GDS,16,0.134,4391,4096,256,70,20126.727,23831.6,17985536,true,pending_log_review,,1,16
GDS,16,0.134,4391,4096,256,71,25900.176,30191.489,17985536,true,pending_log_review,,1,16
GDS,16,0.134,4391,4096,256,72,20609.482,24425.221,17985536,true,pending_log_review,,1,16
GDS,16,0.134,4391,4096,256,73,20029.427,23769.901,17985536,true,pending_log_review,,1,16
GDS,16,0.134,4391,4096,256,74,20213.908,23940.272,17985536,true,pending_log_review,,1,16
GDS,16,0.134,4391,4096,256,75,20444.892,24229.946,17985536,true,pending_log_review,,1,16
GDS,16,0.134,4391,4096,256,76,19888.599,23512.869,17985536,true,pending_log_review,,1,16
GDS,16,0.134,4391,4096,256,77,19513.066,23071.895,17985536,true,pending_log_review,,1,16
GDS,16,0.134,4391,4096,256,78,20388.377,24060.703,17985536,true,pending_log_review,,1,16
GDS,16,0.134,4391,4096,256,79,20630.208,24522.342,17985536,true,pending_log_review,,1,16
GDS,16,0.134,4391,4096,256,80,20084.442,23725.849,17985536,true,pending_log_review,,1,16
GDS,16,0.134,4391,4096,256,81,19500.536,23035.591,17985536,true,pending_log_review,,1,16
GDS,16,0.134,4391,4096,256,82,25864.452,29848.351,17985536,true,pending_log_review,,1,16
GDS,16,0.134,4391,4096,256,83,20221.213,24007.913,17985536,true,pending_log_review,,1,16
GDS,16,0.134,4391,4096,256,84,19772.047,23494.018,17985536,true,pending_log_review,,1,16
GDS,16,0.134,4391,4096,256,85,19897.319,23685.259,17985536,true,pending_log_review,,1,16
GDS,16,0.134,4391,4096,256,86,20601.855,24312.199,17985536,true,pending_log_review,,1,16
GDS,16,0.134,4391,4096,256,87,25056.329,29153.26,17985536,true,pending_log_review,,1,16
GDS,16,0.134,4391,4096,256,88,20463.787,24167.151,17985536,true,pending_log_review,,1,16
GDS,16,0.134,4391,4096,256,89,20130.831,23825.362,17985536,true,pending_log_review,,1,16
GDS,16,0.134,4391,4096,256,90,25510.88,29479.629,17985536,true,pending_log_review,,1,16
GDS,16,0.134,4391,4096,256,91,20486.44,24317.961,17985536,true,pending_log_review,,1,16
GDS,16,0.134,4391,4096,256,92,19680.471,23271.757,17985536,true,pending_log_review,,1,16
GDS,16,0.134,4391,4096,256,93,20330.233,24188.455,17985536,true,pending_log_review,,1,16
GDS,16,0.134,4391,4096,256,94,20050.822,23898.69,17985536,true,pending_log_review,,1,16
GDS,16,0.134,4391,4096,256,95,25949.281,30048.016,17985536,true,pending_log_review,,1,16
GDS,16,0.134,4391,4096,256,96,20264.21,24005.049,17985536,true,pending_log_review,,1,16
GDS,16,0.134,4391,4096,256,97,20032.168,23678.689,17985536,true,pending_log_review,,1,16
GDS,16,0.134,4391,4096,256,98,19263.836,22897.853,17985536,true,pending_log_review,,1,16
GDS,16,0.134,4391,4096,256,99,25867.442,30045.468,17985536,true,pending_log_review,,1,16
GDS,16,0.134,4391,4096,256,100,20083.041,23770.904,17985536,true,pending_log_review,,1,16
GDS,16,0.134,4391,4096,256,101,25292.188,29656.904,17985536,true,pending_log_review,,1,16
GDS,16,0.134,4391,4096,256,102,19997.632,23688.126,17985536,true,pending_log_review,,1,16
GDS,16,0.134,4391,4096,256,103,20290.712,23947.532,17985536,true,pending_log_review,,1,16
GDS,16,0.134,4391,4096,256,104,20334.163,23920.835,17985536,true,pending_log_review,,1,16
GDS,16,0.134,4391,4096,256,105,20266.485,23907.547,17985536,true,pending_log_review,,1,16
GDS,16,0.134,4391,4096,256,106,25918.833,29767.451,17985536,true,pending_log_review,,1,16
GDS,16,0.134,4391,4096,256,107,20043.272,23948.178,17985536,true,pending_log_review,,1,16
GDS,16,0.134,4391,4096,256,108,20098.642,24099.929,17985536,true,pending_log_review,,1,16
GDS,16,0.134,4391,4096,256,109,20306.845,24116.627,17985536,true,pending_log_review,,1,16
GDS,16,0.134,4391,4096,256,110,20256.432,23956.679,17985536,true,pending_log_review,,1,16
GDS,16,0.134,4391,4096,256,111,20701.35,24399.049,17985536,true,pending_log_review,,1,16
GDS,16,0.134,4391,4096,256,112,25444.53,29686.629,17985536,true,pending_log_review,,1,16
GDS,16,0.134,4391,4096,256,113,20356.747,24039.644,17985536,true,pending_log_review,,1,16
GDS,16,0.134,4391,4096,256,114,26012.141,30199.482,17985536,true,pending_log_review,,1,16
GDS,16,0.134,4391,4096,256,115,20047.749,23560.717,17985536,true,pending_log_review,,1,16
GDS,16,0.134,4391,4096,256,116,19926.064,23539.096,17985536,true,pending_log_review,,1,16
GDS,16,0.134,4391,4096,256,117,20582.168,24290.211,17985536,true,pending_log_review,,1,16
GDS,16,0.134,4391,4096,256,118,20306.275,24165.925,17985536,true,pending_log_review,,1,16
GDS,16,0.134,4391,4096,256,119,20435.683,24131.135,17985536,true,pending_log_review,,1,16
GDS,16,0.134,4391,4096,256,120,25467.631,29484.396,17985536,true,pending_log_review,,1,16
GDS,16,0.134,4391,4096,256,121,20270.414,24032.23,17985536,true,pending_log_review,,1,16
GDS,16,0.134,4391,4096,256,122,20009.315,23750.99,17985536,true,pending_log_review,,1,16
GDS,16,0.134,4391,4096,256,123,20019.537,23698.659,17985536,true,pending_log_review,,1,16
GDS,16,0.134,4391,4096,256,124,20285.853,23987.643,17985536,true,pending_log_review,,1,16
GDS,16,0.134,4391,4096,256,125,20209.604,24035.012,17985536,true,pending_log_review,,1,16
GDS,16,0.134,4391,4096,256,126,20244.411,23889.032,17985536,true,pending_log_review,,1,16
GDS,16,0.134,4391,4096,256,127,19346.262,22938.342,17985536,true,pending_log_review,,1,16
GDS,16,0.134,4391,4096,256,128,19676.826,23224.441,17985536,true,pending_log_review,,1,16
GDS,16,0.134,4391,4096,256,129,19861.695,23444.071,17985536,true,pending_log_review,,1,16
GDS,16,0.134,4391,4096,256,130,24633.125,29281.862,17985536,true,pending_log_review,,1,16
GDS,16,0.134,4391,4096,256,131,19818.899,23503.871,17985536,true,pending_log_review,,1,16
GDS,16,0.134,4391,4096,256,132,25987.338,30043.2,17985536,true,pending_log_review,,1,16
GDS,16,0.134,4391,4096,256,133,20591.37,24377.899,17985536,true,pending_log_review,,1,16
GDS,16,0.134,4391,4096,256,134,20593.803,24436.433,17985536,true,pending_log_review,,1,16
GDS,16,0.134,4391,4096,256,135,20161.144,23860.548,17985536,true,pending_log_review,,1,16
GDS,16,0.134,4391,4096,256,136,20331.84,24032.886,17985536,true,pending_log_review,,1,16
GDS,16,0.134,4391,4096,256,137,20055.788,23701.463,17985536,true,pending_log_review,,1,16
GDS,16,0.134,4391,4096,256,138,20106.708,23883.104,17985536,true,pending_log_review,,1,16
GDS,16,0.134,4391,4096,256,139,20280.654,24112.542,17985536,true,pending_log_review,,1,16
GDS,16,0.134,4391,4096,256,140,26567.301,30548.327,17985536,true,pending_log_review,,1,16
GDS,16,0.134,4391,4096,256,141,19920.77,23587.372,17985536,true,pending_log_review,,1,16
GDS,16,0.134,4391,4096,256,142,19877.349,23546.248,17985536,true,pending_log_review,,1,16
GDS,16,0.134,4391,4096,256,143,20424.891,24232.732,17985536,true,pending_log_review,,1,16
GDS,16,0.134,4391,4096,256,144,20580.947,24490.326,17985536,true,pending_log_review,,1,16
GDS,16,0.134,4391,4096,256,145,20095.321,23830.497,17985536,true,pending_log_review,,1,16
GDS,16,0.134,4391,4096,256,146,26196.755,30217.766,17985536,true,pending_log_review,,1,16
GDS,16,0.134,4391,4096,256,147,19668.113,23092.953,17985536,true,pending_log_review,,1,16
GDS,16,0.134,4391,4096,256,148,20050.705,23613.612,17985536,true,pending_log_review,,1,16
GDS,16,0.134,4391,4096,256,149,19813.081,23581.629,17985536,true,pending_log_review,,1,16
GDS,16,0.134,4391,4096,256,150,20345.219,24073.12,17985536,true,pending_log_review,,1,16
GDS,16,0.134,4391,4096,256,151,20098.616,24179.438,17985536,true,pending_log_review,,1,16
GDS,16,0.134,4391,4096,256,152,19738.323,23209.197,17985536,true,pending_log_review,,1,16
GDS,16,0.134,4391,4096,256,153,26090.251,30368.62,17985536,true,pending_log_review,,1,16
GDS,16,0.134,4391,4096,256,154,20109.142,23936.849,17985536,true,pending_log_review,,1,16
GDS,16,0.134,4391,4096,256,155,19524.725,22974.227,17985536,true,pending_log_review,,1,16
GDS,16,0.134,4391,4096,256,156,19807.525,23573.901,17985536,true,pending_log_review,,1,16
GDS,16,0.134,4391,4096,256,157,24842.666,29059.122,17985536,true,pending_log_review,,1,16
GDS,16,0.134,4391,4096,256,158,20297.967,23899.274,17985536,true,pending_log_review,,1,16
GDS,16,0.134,4391,4096,256,159,20727.483,24434.215,17985536,true,pending_log_review,,1,16
GDS,16,0.134,4391,4096,256,160,19851.278,23577.02,17985536,true,pending_log_review,,1,16
GDS,16,0.134,4391,4096,256,161,19403.336,22952.692,17985536,true,pending_log_review,,1,16
GDS,16,0.134,4391,4096,256,162,25770.191,29686.692,17985536,true,pending_log_review,,1,16
GDS,16,0.134,4391,4096,256,163,20103.873,23685.8,17985536,true,pending_log_review,,1,16
GDS,16,0.134,4391,4096,256,164,20495.085,24384.363,17985536,true,pending_log_review,,1,16
GDS,16,0.134,4391,4096,256,165,19937.311,23499.736,17985536,true,pending_log_review,,1,16
GDS,16,0.134,4391,4096,256,166,25960.729,30347.363,17985536,true,pending_log_review,,1,16
GDS,16,0.134,4391,4096,256,167,20235.732,23817.642,17985536,true,pending_log_review,,1,16
GDS,16,0.134,4391,4096,256,168,26555.189,30674.651,17985536,true,pending_log_review,,1,16
GDS,16,0.134,4391,4096,256,169,20300.881,24045.088,17985536,true,pending_log_review,,1,16
GDS,16,0.134,4391,4096,256,170,31561.494,36151.532,17985536,true,pending_log_review,,1,16
GDS,16,0.134,4391,4096,256,171,20450.671,24120.431,17985536,true,pending_log_review,,1,16
GDS,16,0.134,4391,4096,256,172,20153.896,23840.3,17985536,true,pending_log_review,,1,16
GDS,16,0.134,4391,4096,256,173,19883.823,23502.453,17985536,true,pending_log_review,,1,16
GDS,16,0.134,4391,4096,256,174,19389.121,22877.742,17985536,true,pending_log_review,,1,16
GDS,16,0.134,4391,4096,256,175,25349.225,29097.56,17985536,true,pending_log_review,,1,16
GDS,16,0.134,4391,4096,256,176,19959.078,23809.277,17985536,true,pending_log_review,,1,16
GDS,16,0.134,4391,4096,256,177,25341.132,29722.39,17985536,true,pending_log_review,,1,16
GDS,16,0.134,4391,4096,256,178,20034.177,23715.16,17985536,true,pending_log_review,,1,16
GDS,16,0.134,4391,4096,256,179,25803.336,29998.406,17985536,true,pending_log_review,,1,16
GDS,16,0.134,4391,4096,256,180,19855.696,23584.453,17985536,true,pending_log_review,,1,16
GDS,16,0.134,4391,4096,256,181,20317.839,24070.859,17985536,true,pending_log_review,,1,16
GDS,16,0.134,4391,4096,256,182,20007.726,23597.467,17985536,true,pending_log_review,,1,16
GDS,16,0.134,4391,4096,256,183,20244.359,23980.77,17985536,true,pending_log_review,,1,16
GDS,16,0.134,4391,4096,256,184,20124.132,23864.886,17985536,true,pending_log_review,,1,16
GDS,16,0.134,4391,4096,256,185,20297.049,23980.58,17985536,true,pending_log_review,,1,16
GDS,16,0.134,4391,4096,256,186,19760.298,23354.563,17985536,true,pending_log_review,,1,16
GDS,16,0.134,4391,4096,256,187,19687.201,23242.754,17985536,true,pending_log_review,,1,16
GDS,16,0.134,4391,4096,256,188,20050.206,23549.367,17985536,true,pending_log_review,,1,16
GDS,16,0.134,4391,4096,256,189,25732.603,30035.927,17985536,true,pending_log_review,,1,16
GDS,16,0.134,4391,4096,256,190,19923.756,23588.622,17985536,true,pending_log_review,,1,16
GDS,16,0.134,4391,4096,256,191,20383.851,24218.093,17985536,true,pending_log_review,,1,16
GDS,16,0.134,4391,4096,256,192,20095.488,23827.394,17985536,true,pending_log_review,,1,16
GDS,16,0.134,4391,4096,256,193,19651.952,23234.492,17985536,true,pending_log_review,,1,16
GDS,16,0.134,4391,4096,256,194,19491.656,23010.632,17985536,true,pending_log_review,,1,16
GDS,16,0.134,4391,4096,256,195,20582.217,24435.953,17985536,true,pending_log_review,,1,16
GDS,16,0.134,4391,4096,256,196,19263.807,22762.687,17985536,true,pending_log_review,,1,16
GDS,16,0.134,4391,4096,256,197,19862.265,23363.001,17985536,true,pending_log_review,,1,16
GDS,16,0.134,4391,4096,256,198,20129.665,23850.739,17985536,true,pending_log_review,,1,16
GDS,16,0.134,4391,4096,256,199,25879.448,29723.368,17985536,true,pending_log_review,,1,16
GDS,16,0.134,4391,4096,256,0,21104.964,25029.356,17985536,true,pending_log_review,,3,16
GDS,16,0.3,9830,4096,256,0,44640.288,53370.254,40263680,true,pending_log_review,,2,16
GDS,16,0.3,9830,4096,256,0,55596.039,64958.877,40263680,true,pending_log_review,,0,16
GDS,16,0.3,9830,4096,256,1,44878.535,53565.813,40263680,true,pending_log_review,,0,16
GDS,16,0.3,9830,4096,256,2,55410.84,64404.975,40263680,true,pending_log_review,,0,16
GDS,16,0.3,9830,4096,256,3,44977.317,53554.628,40263680,true,pending_log_review,,0,16
GDS,16,0.3,9830,4096,256,4,44147.221,52577.232,40263680,true,pending_log_review,,0,16
GDS,16,0.3,9830,4096,256,5,44133.806,52346.76,40263680,true,pending_log_review,,0,16
GDS,16,0.3,9830,4096,256,6,44195.946,52951.579,40263680,true,pending_log_review,,0,16
GDS,16,0.3,9830,4096,256,7,44901.554,53347.734,40263680,true,pending_log_review,,0,16
GDS,16,0.3,9830,4096,256,8,49926.833,59048.502,40263680,true,pending_log_review,,0,16
GDS,16,0.3,9830,4096,256,9,45029.99,53707.594,40263680,true,pending_log_review,,0,16
GDS,16,0.3,9830,4096,256,0,45264.918,53776.112,40263680,true,pending_log_review,,1,16
GDS,16,0.3,9830,4096,256,1,49853.859,58552.37,40263680,true,pending_log_review,,1,16
GDS,16,0.3,9830,4096,256,2,50731.771,59378.879,40263680,true,pending_log_review,,1,16
GDS,16,0.3,9830,4096,256,3,51245.564,60041.082,40263680,true,pending_log_review,,1,16
GDS,16,0.3,9830,4096,256,4,45139.913,53553.704,40263680,true,pending_log_review,,1,16
GDS,16,0.3,9830,4096,256,5,44695.872,53250.331,40263680,true,pending_log_review,,1,16
GDS,16,0.3,9830,4096,256,6,44923.506,53366.843,40263680,true,pending_log_review,,1,16
GDS,16,0.3,9830,4096,256,7,44167.606,52552.932,40263680,true,pending_log_review,,1,16
GDS,16,0.3,9830,4096,256,8,54807.966,64441.467,40263680,true,pending_log_review,,1,16
GDS,16,0.3,9830,4096,256,9,44769.584,53221.298,40263680,true,pending_log_review,,1,16
GDS,16,0.3,9830,4096,256,10,44789.688,52977.278,40263680,true,pending_log_review,,1,16
GDS,16,0.3,9830,4096,256,11,50262.07,59204.758,40263680,true,pending_log_review,,1,16
GDS,16,0.3,9830,4096,256,12,51219.384,60022.294,40263680,true,pending_log_review,,1,16
GDS,16,0.3,9830,4096,256,13,54390.309,64151.053,40263680,true,pending_log_review,,1,16
GDS,16,0.3,9830,4096,256,14,57042.043,66420.727,40263680,true,pending_log_review,,1,16
GDS,16,0.3,9830,4096,256,15,45371.562,54058.396,40263680,true,pending_log_review,,1,16
GDS,16,0.3,9830,4096,256,16,44758.659,53036.541,40263680,true,pending_log_review,,1,16
GDS,16,0.3,9830,4096,256,17,44524.338,53064.431,40263680,true,pending_log_review,,1,16
GDS,16,0.3,9830,4096,256,18,50036.212,59131.533,40263680,true,pending_log_review,,1,16
GDS,16,0.3,9830,4096,256,19,45500.845,54063.856,40263680,true,pending_log_review,,1,16
GDS,16,0.3,9830,4096,256,20,44787.392,53017.206,40263680,true,pending_log_review,,1,16
GDS,16,0.3,9830,4096,256,21,44541.083,52910.439,40263680,true,pending_log_review,,1,16
GDS,16,0.3,9830,4096,256,22,44787.662,53275.783,40263680,true,pending_log_review,,1,16
GDS,16,0.3,9830,4096,256,23,50742.863,59640.301,40263680,true,pending_log_review,,1,16
GDS,16,0.3,9830,4096,256,24,50250.459,59117.99,40263680,true,pending_log_review,,1,16
GDS,16,0.3,9830,4096,256,25,50978.074,59716.432,40263680,true,pending_log_review,,1,16
GDS,16,0.3,9830,4096,256,26,50556.61,59402.687,40263680,true,pending_log_review,,1,16
GDS,16,0.3,9830,4096,256,27,49908.213,58622.089,40263680,true,pending_log_review,,1,16
GDS,16,0.3,9830,4096,256,28,50636.417,59521.355,40263680,true,pending_log_review,,1,16
GDS,16,0.3,9830,4096,256,29,43965.444,52200.388,40263680,true,pending_log_review,,1,16
GDS,16,0.3,9830,4096,256,30,49967.81,58948.303,40263680,true,pending_log_review,,1,16
GDS,16,0.3,9830,4096,256,31,50480.589,59643.338,40263680,true,pending_log_review,,1,16
GDS,16,0.3,9830,4096,256,32,55586.395,64958.179,40263680,true,pending_log_review,,1,16
GDS,16,0.3,9830,4096,256,33,49280.891,57870.523,40263680,true,pending_log_review,,1,16
GDS,16,0.3,9830,4096,256,34,44706.127,53320.815,40263680,true,pending_log_review,,1,16
GDS,16,0.3,9830,4096,256,35,45265.593,53536.745,40263680,true,pending_log_review,,1,16
GDS,16,0.3,9830,4096,256,36,45106.546,53557.54,40263680,true,pending_log_review,,1,16
GDS,16,0.3,9830,4096,256,37,45196.093,53575.804,40263680,true,pending_log_review,,1,16
GDS,16,0.3,9830,4096,256,38,50493.285,59357.888,40263680,true,pending_log_review,,1,16
GDS,16,0.3,9830,4096,256,39,44286.036,52437.804,40263680,true,pending_log_review,,1,16
GDS,16,0.3,9830,4096,256,40,50091.443,59062.739,40263680,true,pending_log_review,,1,16
GDS,16,0.3,9830,4096,256,41,44471.294,53136.716,40263680,true,pending_log_review,,1,16
GDS,16,0.3,9830,4096,256,42,50376.515,59474.305,40263680,true,pending_log_review,,1,16
GDS,16,0.3,9830,4096,256,43,44301.5,52634.341,40263680,true,pending_log_review,,1,16
GDS,16,0.3,9830,4096,256,44,44827.281,53275.602,40263680,true,pending_log_review,,1,16
GDS,16,0.3,9830,4096,256,45,50787.234,59538.218,40263680,true,pending_log_review,,1,16
GDS,16,0.3,9830,4096,256,46,44588.914,53056.92,40263680,true,pending_log_review,,1,16
GDS,16,0.3,9830,4096,256,47,44814.73,53499.901,40263680,true,pending_log_review,,1,16
GDS,16,0.3,9830,4096,256,48,44185.312,52677.061,40263680,true,pending_log_review,,1,16
GDS,16,0.3,9830,4096,256,49,55774.599,65234.894,40263680,true,pending_log_review,,1,16
GDS,16,0.3,9830,4096,256,50,54571.317,64040.579,40263680,true,pending_log_review,,1,16
GDS,16,0.3,9830,4096,256,51,56648.931,66004.339,40263680,true,pending_log_review,,1,16
GDS,16,0.3,9830,4096,256,52,44886.295,53323.203,40263680,true,pending_log_review,,1,16
GDS,16,0.3,9830,4096,256,53,44862.896,53245.894,40263680,true,pending_log_review,,1,16
GDS,16,0.3,9830,4096,256,54,45457.532,54125.959,40263680,true,pending_log_review,,1,16
GDS,16,0.3,9830,4096,256,55,50051.043,59402.533,40263680,true,pending_log_review,,1,16
GDS,16,0.3,9830,4096,256,56,44445.245,52871.548,40263680,true,pending_log_review,,1,16
GDS,16,0.3,9830,4096,256,57,49854.762,58637.13,40263680,true,pending_log_review,,1,16
GDS,16,0.3,9830,4096,256,58,44306.475,52636.762,40263680,true,pending_log_review,,1,16
GDS,16,0.3,9830,4096,256,59,50126.638,58873.541,40263680,true,pending_log_review,,1,16
GDS,16,0.3,9830,4096,256,60,50272.594,59065.081,40263680,true,pending_log_review,,1,16
GDS,16,0.3,9830,4096,256,61,44689.385,53147.071,40263680,true,pending_log_review,,1,16
GDS,16,0.3,9830,4096,256,62,60332.567,69986.067,40263680,true,pending_log_review,,1,16
GDS,16,0.3,9830,4096,256,63,50292.517,59127.798,40263680,true,pending_log_review,,1,16
GDS,16,0.3,9830,4096,256,64,44746.709,52954.481,40263680,true,pending_log_review,,1,16
GDS,16,0.3,9830,4096,256,65,44511.119,52970.645,40263680,true,pending_log_review,,1,16
GDS,16,0.3,9830,4096,256,66,45235.33,53721.053,40263680,true,pending_log_review,,1,16
GDS,16,0.3,9830,4096,256,67,55881.972,65295.215,40263680,true,pending_log_review,,1,16
GDS,16,0.3,9830,4096,256,68,44646.426,53143.879,40263680,true,pending_log_review,,1,16
GDS,16,0.3,9830,4096,256,69,43971.995,52346.916,40263680,true,pending_log_review,,1,16
GDS,16,0.3,9830,4096,256,70,49010.6,57716.966,40263680,true,pending_log_review,,1,16
GDS,16,0.3,9830,4096,256,71,50404.261,59298.647,40263680,true,pending_log_review,,1,16
GDS,16,0.3,9830,4096,256,72,44969.575,53485.178,40263680,true,pending_log_review,,1,16
GDS,16,0.3,9830,4096,256,73,44594.186,53005.113,40263680,true,pending_log_review,,1,16
GDS,16,0.3,9830,4096,256,74,49633.643,58434.029,40263680,true,pending_log_review,,1,16
GDS,16,0.3,9830,4096,256,75,44178.291,52703.284,40263680,true,pending_log_review,,1,16
GDS,16,0.3,9830,4096,256,76,49371.511,58431.486,40263680,true,pending_log_review,,1,16
GDS,16,0.3,9830,4096,256,77,44750.797,53190.285,40263680,true,pending_log_review,,1,16
GDS,16,0.3,9830,4096,256,78,50653.523,59599.659,40263680,true,pending_log_review,,1,16
GDS,16,0.3,9830,4096,256,79,45302.501,53510.042,40263680,true,pending_log_review,,1,16
GDS,16,0.3,9830,4096,256,80,44997.222,54025.208,40263680,true,pending_log_review,,1,16
GDS,16,0.3,9830,4096,256,81,44785.115,53278.354,40263680,true,pending_log_review,,1,16
GDS,16,0.3,9830,4096,256,82,55830.435,64968.409,40263680,true,pending_log_review,,1,16
GDS,16,0.3,9830,4096,256,83,50397.32,59195.74,40263680,true,pending_log_review,,1,16
GDS,16,0.3,9830,4096,256,84,45120.465,53889.665,40263680,true,pending_log_review,,1,16
GDS,16,0.3,9830,4096,256,85,44093.105,52697.599,40263680,true,pending_log_review,,1,16
GDS,16,0.3,9830,4096,256,86,45017.766,53837.525,40263680,true,pending_log_review,,1,16
GDS,16,0.3,9830,4096,256,87,44852.113,53145.402,40263680,true,pending_log_review,,1,16
GDS,16,0.3,9830,4096,256,88,50904.718,59592.254,40263680,true,pending_log_review,,1,16
GDS,16,0.3,9830,4096,256,89,50743.49,59441.153,40263680,true,pending_log_review,,1,16
GDS,16,0.3,9830,4096,256,90,44912.51,53346.622,40263680,true,pending_log_review,,1,16
GDS,16,0.3,9830,4096,256,91,50566.202,59499.058,40263680,true,pending_log_review,,1,16
GDS,16,0.3,9830,4096,256,92,50754.27,59317.349,40263680,true,pending_log_review,,1,16
GDS,16,0.3,9830,4096,256,93,55916.94,64962.4,40263680,true,pending_log_review,,1,16
GDS,16,0.3,9830,4096,256,94,50460.715,59228.202,40263680,true,pending_log_review,,1,16
GDS,16,0.3,9830,4096,256,95,44646.463,53335.668,40263680,true,pending_log_review,,1,16
GDS,16,0.3,9830,4096,256,96,44801.33,53132.291,40263680,true,pending_log_review,,1,16
GDS,16,0.3,9830,4096,256,97,50229.857,59563.266,40263680,true,pending_log_review,,1,16
GDS,16,0.3,9830,4096,256,98,45244.312,53851.065,40263680,true,pending_log_review,,1,16
GDS,16,0.3,9830,4096,256,99,45117.84,53656.429,40263680,true,pending_log_review,,1,16
GDS,16,0.3,9830,4096,256,100,45232.107,53625.05,40263680,true,pending_log_review,,1,16
GDS,16,0.3,9830,4096,256,101,44905.124,53426.817,40263680,true,pending_log_review,,1,16
GDS,16,0.3,9830,4096,256,102,50880.937,59852.446,40263680,true,pending_log_review,,1,16
GDS,16,0.3,9830,4096,256,103,44694.062,53120.808,40263680,true,pending_log_review,,1,16
GDS,16,0.3,9830,4096,256,104,44448.627,52680.32,40263680,true,pending_log_review,,1,16
GDS,16,0.3,9830,4096,256,105,44986.794,53762.371,40263680,true,pending_log_review,,1,16
GDS,16,0.3,9830,4096,256,106,50923.23,59890.772,40263680,true,pending_log_review,,1,16
GDS,16,0.3,9830,4096,256,107,50573.577,59372.865,40263680,true,pending_log_review,,1,16
GDS,16,0.3,9830,4096,256,108,44510.824,52937.303,40263680,true,pending_log_review,,1,16
GDS,16,0.3,9830,4096,256,109,44177.241,52589.593,40263680,true,pending_log_review,,1,16
GDS,16,0.3,9830,4096,256,110,44873.917,53430.707,40263680,true,pending_log_review,,1,16
GDS,16,0.3,9830,4096,256,111,44341.502,53006.397,40263680,true,pending_log_review,,1,16
GDS,16,0.3,9830,4096,256,112,44750.872,53287.969,40263680,true,pending_log_review,,1,16
GDS,16,0.3,9830,4096,256,113,55984.469,65544.804,40263680,true,pending_log_review,,1,16
GDS,16,0.3,9830,4096,256,114,44808.787,53374.754,40263680,true,pending_log_review,,1,16
GDS,16,0.3,9830,4096,256,115,50583.452,59270.915,40263680,true,pending_log_review,,1,16
GDS,16,0.3,9830,4096,256,116,45181.358,53799.996,40263680,true,pending_log_review,,1,16
GDS,16,0.3,9830,4096,256,117,45229.448,53618.482,40263680,true,pending_log_review,,1,16
GDS,16,0.3,9830,4096,256,118,49424.629,58520.827,40263680,true,pending_log_review,,1,16
GDS,16,0.3,9830,4096,256,119,45321.103,53843.774,40263680,true,pending_log_review,,1,16
GDS,16,0.3,9830,4096,256,120,45014.439,53784.424,40263680,true,pending_log_review,,1,16
GDS,16,0.3,9830,4096,256,121,44587.919,53018.78,40263680,true,pending_log_review,,1,16
GDS,16,0.3,9830,4096,256,122,45005.563,53612.652,40263680,true,pending_log_review,,1,16
GDS,16,0.3,9830,4096,256,123,44343.052,52929.083,40263680,true,pending_log_review,,1,16
GDS,16,0.3,9830,4096,256,124,50669.133,59464.397,40263680,true,pending_log_review,,1,16
GDS,16,0.3,9830,4096,256,125,51028.002,59873.725,40263680,true,pending_log_review,,1,16
GDS,16,0.3,9830,4096,256,126,50995.901,59826.706,40263680,true,pending_log_review,,1,16
GDS,16,0.3,9830,4096,256,127,44109.844,52487.592,40263680,true,pending_log_review,,1,16
GDS,16,0.3,9830,4096,256,128,50434.579,59317.968,40263680,true,pending_log_review,,1,16
GDS,16,0.3,9830,4096,256,129,50966.778,59722.358,40263680,true,pending_log_review,,1,16
GDS,16,0.3,9830,4096,256,130,50286.612,59106.214,40263680,true,pending_log_review,,1,16
GDS,16,0.3,9830,4096,256,131,50968.458,59932.086,40263680,true,pending_log_review,,1,16
GDS,16,0.3,9830,4096,256,132,49800.644,58843.011,40263680,true,pending_log_review,,1,16
GDS,16,0.3,9830,4096,256,133,44808.926,53380.972,40263680,true,pending_log_review,,1,16
GDS,16,0.3,9830,4096,256,134,43794.6,51985.827,40263680,true,pending_log_review,,1,16
GDS,16,0.3,9830,4096,256,135,51028.31,59830.656,40263680,true,pending_log_review,,1,16
GDS,16,0.3,9830,4096,256,136,45334.127,53800.401,40263680,true,pending_log_review,,1,16
GDS,16,0.3,9830,4096,256,137,50177.963,58913.85,40263680,true,pending_log_review,,1,16
GDS,16,0.3,9830,4096,256,138,45118.485,53901.343,40263680,true,pending_log_review,,1,16
GDS,16,0.3,9830,4096,256,139,44958.212,53455.779,40263680,true,pending_log_review,,1,16
GDS,16,0.3,9830,4096,256,140,45118.595,53737.301,40263680,true,pending_log_review,,1,16
GDS,16,0.3,9830,4096,256,141,53379.424,62975.005,40263680,true,pending_log_review,,1,16
GDS,16,0.3,9830,4096,256,142,45500.688,54230.099,40263680,true,pending_log_review,,1,16
GDS,16,0.3,9830,4096,256,143,45552.835,53980.299,40263680,true,pending_log_review,,1,16
GDS,16,0.3,9830,4096,256,144,44332.454,52497.93,40263680,true,pending_log_review,,1,16
GDS,16,0.3,9830,4096,256,145,45032.715,53490.609,40263680,true,pending_log_review,,1,16
GDS,16,0.3,9830,4096,256,146,44385.762,52811.718,40263680,true,pending_log_review,,1,16
GDS,16,0.3,9830,4096,256,147,44709.206,53072.566,40263680,true,pending_log_review,,1,16
GDS,16,0.3,9830,4096,256,148,44631.689,53369.081,40263680,true,pending_log_review,,1,16
GDS,16,0.3,9830,4096,256,149,51247.36,60898.708,40263680,true,pending_log_review,,1,16
GDS,16,0.3,9830,4096,256,150,45905.407,54710.742,40263680,true,pending_log_review,,1,16
GDS,16,0.3,9830,4096,256,151,44966.973,53517.108,40263680,true,pending_log_review,,1,16
GDS,16,0.3,9830,4096,256,152,49614.355,58598.406,40263680,true,pending_log_review,,1,16
GDS,16,0.3,9830,4096,256,153,44317.789,52772.906,40263680,true,pending_log_review,,1,16
GDS,16,0.3,9830,4096,256,154,44665.534,53257.811,40263680,true,pending_log_review,,1,16
GDS,16,0.3,9830,4096,256,155,55070.569,64331.585,40263680,true,pending_log_review,,1,16
GDS,16,0.3,9830,4096,256,156,44684.333,53285.311,40263680,true,pending_log_review,,1,16
GDS,16,0.3,9830,4096,256,157,50718.381,59571.575,40263680,true,pending_log_review,,1,16
GDS,16,0.3,9830,4096,256,158,50553.297,59744.875,40263680,true,pending_log_review,,1,16
GDS,16,0.3,9830,4096,256,159,49722.116,58656.689,40263680,true,pending_log_review,,1,16
GDS,16,0.3,9830,4096,256,160,50924.199,60012.627,40263680,true,pending_log_review,,1,16
GDS,16,0.3,9830,4096,256,161,44562.19,53015.862,40263680,true,pending_log_review,,1,16
GDS,16,0.3,9830,4096,256,162,51767.233,60958.621,40263680,true,pending_log_review,,1,16
GDS,16,0.3,9830,4096,256,163,50617.363,59700.762,40263680,true,pending_log_review,,1,16
GDS,16,0.3,9830,4096,256,164,44864.982,53640.646,40263680,true,pending_log_review,,1,16
GDS,16,0.3,9830,4096,256,165,44846.669,53338.857,40263680,true,pending_log_review,,1,16
GDS,16,0.3,9830,4096,256,166,45316.475,54156.433,40263680,true,pending_log_review,,1,16
GDS,16,0.3,9830,4096,256,167,50376.032,59008.025,40263680,true,pending_log_review,,1,16
GDS,16,0.3,9830,4096,256,168,44903.747,53643.4,40263680,true,pending_log_review,,1,16
GDS,16,0.3,9830,4096,256,169,44421.51,53369.009,40263680,true,pending_log_review,,1,16
GDS,16,0.3,9830,4096,256,170,44939.423,53485.714,40263680,true,pending_log_review,,1,16
GDS,16,0.3,9830,4096,256,171,44948.007,53592.167,40263680,true,pending_log_review,,1,16
GDS,16,0.3,9830,4096,256,172,44451.226,53140.512,40263680,true,pending_log_review,,1,16
GDS,16,0.3,9830,4096,256,173,45271.803,53986.308,40263680,true,pending_log_review,,1,16
GDS,16,0.3,9830,4096,256,174,44424.05,53218.416,40263680,true,pending_log_review,,1,16
GDS,16,0.3,9830,4096,256,175,44804.433,53301.298,40263680,true,pending_log_review,,1,16
GDS,16,0.3,9830,4096,256,176,49288.302,58598.599,40263680,true,pending_log_review,,1,16
GDS,16,0.3,9830,4096,256,177,55746.687,65151.938,40263680,true,pending_log_review,,1,16
GDS,16,0.3,9830,4096,256,178,44980.99,53633.36,40263680,true,pending_log_review,,1,16
GDS,16,0.3,9830,4096,256,179,50518.201,59694.75,40263680,true,pending_log_review,,1,16
GDS,16,0.3,9830,4096,256,180,45246.662,54089.43,40263680,true,pending_log_review,,1,16
GDS,16,0.3,9830,4096,256,181,45344.775,54114.01,40263680,true,pending_log_review,,1,16
GDS,16,0.3,9830,4096,256,182,50336.829,59191.62,40263680,true,pending_log_review,,1,16
GDS,16,0.3,9830,4096,256,183,45083.767,53963.109,40263680,true,pending_log_review,,1,16
GDS,16,0.3,9830,4096,256,184,44960.135,53403.526,40263680,true,pending_log_review,,1,16
GDS,16,0.3,9830,4096,256,185,50851.137,59545.604,40263680,true,pending_log_review,,1,16
GDS,16,0.3,9830,4096,256,186,50369.435,59532.932,40263680,true,pending_log_review,,1,16
GDS,16,0.3,9830,4096,256,187,44802.347,53390.555,40263680,true,pending_log_review,,1,16
GDS,16,0.3,9830,4096,256,188,50985.752,60257.722,40263680,true,pending_log_review,,1,16
GDS,16,0.3,9830,4096,256,189,45037.314,53746.328,40263680,true,pending_log_review,,1,16
GDS,16,0.3,9830,4096,256,190,49959.445,59254.546,40263680,true,pending_log_review,,1,16
GDS,16,0.3,9830,4096,256,191,44794.772,53564.989,40263680,true,pending_log_review,,1,16
GDS,16,0.3,9830,4096,256,192,55300.349,65270.199,40263680,true,pending_log_review,,1,16
GDS,16,0.3,9830,4096,256,193,44752.489,53579.953,40263680,true,pending_log_review,,1,16
GDS,16,0.3,9830,4096,256,194,45017.187,53669.769,40263680,true,pending_log_review,,1,16
GDS,16,0.3,9830,4096,256,195,56209.448,65654.3,40263680,true,pending_log_review,,1,16
GDS,16,0.3,9830,4096,256,196,44911.927,53587.448,40263680,true,pending_log_review,,1,16
GDS,16,0.3,9830,4096,256,197,49786.793,58991.609,40263680,true,pending_log_review,,1,16
GDS,16,0.3,9830,4096,256,198,44371.593,53032.679,40263680,true,pending_log_review,,1,16
GDS,16,0.3,9830,4096,256,199,55729.865,65159.729,40263680,true,pending_log_review,,1,16
GDS,16,0.3,9830,4096,256,0,50108.854,59742.425,40263680,true,pending_log_review,,3,16
GDS,64,0.067,8782,4096,256,0,39941.473,47594.375,35971072,true,pending_log_review,,2,16
GDS,64,0.067,8782,4096,256,0,40321.352,47861.89,35971072,true,pending_log_review,,0,16
GDS,64,0.067,8782,4096,256,1,45015.005,53224.693,35971072,true,pending_log_review,,0,16
GDS,64,0.067,8782,4096,256,2,45744.766,54180.12,35971072,true,pending_log_review,,0,16
GDS,64,0.067,8782,4096,256,3,40232.64,48217.219,35971072,true,pending_log_review,,0,16
GDS,64,0.067,8782,4096,256,4,39744.879,47384.407,35971072,true,pending_log_review,,0,16
GDS,64,0.067,8782,4096,256,5,40012.073,48024.076,35971072,true,pending_log_review,,0,16
GDS,64,0.067,8782,4096,256,6,45142.442,53068.102,35971072,true,pending_log_review,,0,16
GDS,64,0.067,8782,4096,256,7,45486.444,53805.102,35971072,true,pending_log_review,,0,16
GDS,64,0.067,8782,4096,256,8,40006.621,47618.782,35971072,true,pending_log_review,,0,16
GDS,64,0.067,8782,4096,256,9,40312.35,48030.493,35971072,true,pending_log_review,,0,16
GDS,64,0.067,8782,4096,256,0,40310.216,48147.073,35971072,true,pending_log_review,,1,16
GDS,64,0.067,8782,4096,256,1,40327.002,47882.384,35971072,true,pending_log_review,,1,16
GDS,64,0.067,8782,4096,256,2,40588.367,48313.07,35971072,true,pending_log_review,,1,16
GDS,64,0.067,8782,4096,256,3,45543.731,53977.714,35971072,true,pending_log_review,,1,16
GDS,64,0.067,8782,4096,256,4,39644.865,47096.292,35971072,true,pending_log_review,,1,16
GDS,64,0.067,8782,4096,256,5,46575.771,55000.05,35971072,true,pending_log_review,,1,16
GDS,64,0.067,8782,4096,256,6,39444.321,47021.166,35971072,true,pending_log_review,,1,16
GDS,64,0.067,8782,4096,256,7,39873.511,47736.381,35971072,true,pending_log_review,,1,16
GDS,64,0.067,8782,4096,256,8,45888.49,54074.817,35971072,true,pending_log_review,,1,16
GDS,64,0.067,8782,4096,256,9,39703.084,47330.254,35971072,true,pending_log_review,,1,16
GDS,64,0.067,8782,4096,256,10,39872.975,47974.894,35971072,true,pending_log_review,,1,16
GDS,64,0.067,8782,4096,256,11,45902.937,54012.215,35971072,true,pending_log_review,,1,16
GDS,64,0.067,8782,4096,256,12,47223.352,55743.725,35971072,true,pending_log_review,,1,16
GDS,64,0.067,8782,4096,256,13,46082.978,54084.651,35971072,true,pending_log_review,,1,16
GDS,64,0.067,8782,4096,256,14,39498.45,47101.516,35971072,true,pending_log_review,,1,16
GDS,64,0.067,8782,4096,256,15,44909.429,53005.29,35971072,true,pending_log_review,,1,16
GDS,64,0.067,8782,4096,256,16,45997.57,54197.424,35971072,true,pending_log_review,,1,16
GDS,64,0.067,8782,4096,256,17,46201.907,54280.524,35971072,true,pending_log_review,,1,16
GDS,64,0.067,8782,4096,256,18,45956.36,54411.921,35971072,true,pending_log_review,,1,16
GDS,64,0.067,8782,4096,256,19,39809.315,47873.344,35971072,true,pending_log_review,,1,16
GDS,64,0.067,8782,4096,256,20,45661.561,54159.533,35971072,true,pending_log_review,,1,16
GDS,64,0.067,8782,4096,256,21,45784.688,53877.459,35971072,true,pending_log_review,,1,16
GDS,64,0.067,8782,4096,256,22,40572.988,48452.123,35971072,true,pending_log_review,,1,16
GDS,64,0.067,8782,4096,256,23,45597.566,53551.579,35971072,true,pending_log_review,,1,16
GDS,64,0.067,8782,4096,256,24,39899.093,47564.501,35971072,true,pending_log_review,,1,16
GDS,64,0.067,8782,4096,256,25,40236.255,48110.12,35971072,true,pending_log_review,,1,16
GDS,64,0.067,8782,4096,256,26,44421.51,52446.605,35971072,true,pending_log_review,,1,16
GDS,64,0.067,8782,4096,256,27,45455.69,53629.298,35971072,true,pending_log_review,,1,16
GDS,64,0.067,8782,4096,256,28,45749.797,53666.819,35971072,true,pending_log_review,,1,16
GDS,64,0.067,8782,4096,256,29,40204.828,47865.67,35971072,true,pending_log_review,,1,16
GDS,64,0.067,8782,4096,256,30,45467.946,53519.422,35971072,true,pending_log_review,,1,16
GDS,64,0.067,8782,4096,256,31,39738.671,47502.288,35971072,true,pending_log_review,,1,16
GDS,64,0.067,8782,4096,256,32,39880.547,47655.016,35971072,true,pending_log_review,,1,16
GDS,64,0.067,8782,4096,256,33,40288.728,47879.669,35971072,true,pending_log_review,,1,16
GDS,64,0.067,8782,4096,256,34,40067.48,47692.853,35971072,true,pending_log_review,,1,16
GDS,64,0.067,8782,4096,256,35,46032.915,54134.544,35971072,true,pending_log_review,,1,16
GDS,64,0.067,8782,4096,256,36,40549.672,48500.51,35971072,true,pending_log_review,,1,16
GDS,64,0.067,8782,4096,256,37,40283.135,48108.32,35971072,true,pending_log_review,,1,16
GDS,64,0.067,8782,4096,256,38,46313.343,54534.976,35971072,true,pending_log_review,,1,16
GDS,64,0.067,8782,4096,256,39,39544.528,47194.692,35971072,true,pending_log_review,,1,16
GDS,64,0.067,8782,4096,256,40,40805.321,48720.788,35971072,true,pending_log_review,,1,16
GDS,64,0.067,8782,4096,256,41,40019.69,47645.633,35971072,true,pending_log_review,,1,16
GDS,64,0.067,8782,4096,256,42,40630.708,48550.904,35971072,true,pending_log_review,,1,16
GDS,64,0.067,8782,4096,256,43,46454.773,54573.485,35971072,true,pending_log_review,,1,16
GDS,64,0.067,8782,4096,256,44,40060.751,47676.448,35971072,true,pending_log_review,,1,16
GDS,64,0.067,8782,4096,256,45,40383.547,48214.517,35971072,true,pending_log_review,,1,16
GDS,64,0.067,8782,4096,256,46,39945.386,47517.887,35971072,true,pending_log_review,,1,16
GDS,64,0.067,8782,4096,256,47,39659.065,47259.079,35971072,true,pending_log_review,,1,16
GDS,64,0.067,8782,4096,256,48,45442.863,54094.361,35971072,true,pending_log_review,,1,16
GDS,64,0.067,8782,4096,256,49,40142.247,48069.193,35971072,true,pending_log_review,,1,16
GDS,64,0.067,8782,4096,256,50,46527.316,54529.439,35971072,true,pending_log_review,,1,16
GDS,64,0.067,8782,4096,256,51,39396.592,46728.812,35971072,true,pending_log_review,,1,16
GDS,64,0.067,8782,4096,256,52,45594.609,54004.798,35971072,true,pending_log_review,,1,16
GDS,64,0.067,8782,4096,256,53,45869.994,54005.185,35971072,true,pending_log_review,,1,16
GDS,64,0.067,8782,4096,256,54,46545.476,54506.406,35971072,true,pending_log_review,,1,16
GDS,64,0.067,8782,4096,256,55,45981.774,53828.394,35971072,true,pending_log_review,,1,16
GDS,64,0.067,8782,4096,256,56,39975.479,47759.075,35971072,true,pending_log_review,,1,16
GDS,64,0.067,8782,4096,256,57,39685.643,47080.674,35971072,true,pending_log_review,,1,16
GDS,64,0.067,8782,4096,256,58,50363.227,59090.289,35971072,true,pending_log_review,,1,16
GDS,64,0.067,8782,4096,256,59,46029.58,53840.101,35971072,true,pending_log_review,,1,16
GDS,64,0.067,8782,4096,256,60,50495.136,59045.967,35971072,true,pending_log_review,,1,16
GDS,64,0.067,8782,4096,256,61,45347.082,53093.52,35971072,true,pending_log_review,,1,16
GDS,64,0.067,8782,4096,256,62,39924.853,47741.733,35971072,true,pending_log_review,,1,16
GDS,64,0.067,8782,4096,256,63,39852.001,47644.638,35971072,true,pending_log_review,,1,16
GDS,64,0.067,8782,4096,256,64,45399.66,54082.318,35971072,true,pending_log_review,,1,16
GDS,64,0.067,8782,4096,256,65,40277.368,48410.398,35971072,true,pending_log_review,,1,16
GDS,64,0.067,8782,4096,256,66,50812.106,59351.343,35971072,true,pending_log_review,,1,16
GDS,64,0.067,8782,4096,256,67,45805.946,54063.457,35971072,true,pending_log_review,,1,16
GDS,64,0.067,8782,4096,256,68,45853.231,53744.977,35971072,true,pending_log_review,,1,16
GDS,64,0.067,8782,4096,256,69,40353.006,48082.046,35971072,true,pending_log_review,,1,16
GDS,64,0.067,8782,4096,256,70,43940.699,52206.202,35971072,true,pending_log_review,,1,16
GDS,64,0.067,8782,4096,256,71,46259.986,54091.958,35971072,true,pending_log_review,,1,16
GDS,64,0.067,8782,4096,256,72,39862.675,47413.265,35971072,true,pending_log_review,,1,16
GDS,64,0.067,8782,4096,256,73,39933.809,47541.344,35971072,true,pending_log_review,,1,16
GDS,64,0.067,8782,4096,256,74,40572.565,48125.139,35971072,true,pending_log_review,,1,16
GDS,64,0.067,8782,4096,256,75,39784.784,47285.82,35971072,true,pending_log_review,,1,16
GDS,64,0.067,8782,4096,256,76,39779.85,47488.354,35971072,true,pending_log_review,,1,16
GDS,64,0.067,8782,4096,256,77,39629.341,47428.878,35971072,true,pending_log_review,,1,16
GDS,64,0.067,8782,4096,256,78,50313.34,59702.011,35971072,true,pending_log_review,,1,16
GDS,64,0.067,8782,4096,256,79,40007.395,47877.341,35971072,true,pending_log_review,,1,16
GDS,64,0.067,8782,4096,256,80,51078.987,59591.468,35971072,true,pending_log_review,,1,16
GDS,64,0.067,8782,4096,256,81,45789.084,53739.073,35971072,true,pending_log_review,,1,16
GDS,64,0.067,8782,4096,256,82,40462.691,48187.675,35971072,true,pending_log_review,,1,16
GDS,64,0.067,8782,4096,256,83,39856.495,47331.106,35971072,true,pending_log_review,,1,16
GDS,64,0.067,8782,4096,256,84,46287.546,54020.273,35971072,true,pending_log_review,,1,16
GDS,64,0.067,8782,4096,256,85,46752.815,54639.245,35971072,true,pending_log_review,,1,16
GDS,64,0.067,8782,4096,256,86,45625.99,53639.887,35971072,true,pending_log_review,,1,16
GDS,64,0.067,8782,4096,256,87,45963.537,54198.297,35971072,true,pending_log_review,,1,16
GDS,64,0.067,8782,4096,256,88,60381.86,70166.797,35971072,true,pending_log_review,,1,16
GDS,64,0.067,8782,4096,256,89,39553.616,47107.896,35971072,true,pending_log_review,,1,16
GDS,64,0.067,8782,4096,256,90,46910.694,55182.407,35971072,true,pending_log_review,,1,16
GDS,64,0.067,8782,4096,256,91,46153.392,54443.319,35971072,true,pending_log_review,,1,16
GDS,64,0.067,8782,4096,256,92,39991.271,47963.729,35971072,true,pending_log_review,,1,16
GDS,64,0.067,8782,4096,256,93,45923.879,53943.334,35971072,true,pending_log_review,,1,16
GDS,64,0.067,8782,4096,256,94,39869.725,47525.381,35971072,true,pending_log_review,,1,16
GDS,64,0.067,8782,4096,256,95,45323.628,53451.414,35971072,true,pending_log_review,,1,16
GDS,64,0.067,8782,4096,256,96,40522.807,48349.63,35971072,true,pending_log_review,,1,16
GDS,64,0.067,8782,4096,256,97,39468.002,47023.712,35971072,true,pending_log_review,,1,16
GDS,64,0.067,8782,4096,256,98,45668.625,53784.298,35971072,true,pending_log_review,,1,16
GDS,64,0.067,8782,4096,256,99,45975.941,53912.204,35971072,true,pending_log_review,,1,16
GDS,64,0.067,8782,4096,256,100,40824.149,48558.296,35971072,true,pending_log_review,,1,16
GDS,64,0.067,8782,4096,256,101,40072.303,48093.926,35971072,true,pending_log_review,,1,16
GDS,64,0.067,8782,4096,256,102,45827.433,54041.149,35971072,true,pending_log_review,,1,16
GDS,64,0.067,8782,4096,256,103,45890.47,53776.191,35971072,true,pending_log_review,,1,16
GDS,64,0.067,8782,4096,256,104,45657.622,53824.121,35971072,true,pending_log_review,,1,16
GDS,64,0.067,8782,4096,256,105,39948.338,47826.184,35971072,true,pending_log_review,,1,16
GDS,64,0.067,8782,4096,256,106,40102.692,47919.922,35971072,true,pending_log_review,,1,16
GDS,64,0.067,8782,4096,256,107,45549.627,53403.277,35971072,true,pending_log_review,,1,16
GDS,64,0.067,8782,4096,256,108,45905.21,54110.595,35971072,true,pending_log_review,,1,16
GDS,64,0.067,8782,4096,256,109,45667.704,53515.3,35971072,true,pending_log_review,,1,16
GDS,64,0.067,8782,4096,256,110,40455.702,48301.539,35971072,true,pending_log_review,,1,16
GDS,64,0.067,8782,4096,256,111,39377.122,46992.119,35971072,true,pending_log_review,,1,16
GDS,64,0.067,8782,4096,256,112,45497.428,53783.147,35971072,true,pending_log_review,,1,16
GDS,64,0.067,8782,4096,256,113,45619.066,53829.35,35971072,true,pending_log_review,,1,16
GDS,64,0.067,8782,4096,256,114,45667.573,53784.45,35971072,true,pending_log_review,,1,16
GDS,64,0.067,8782,4096,256,115,51864.425,60521.402,35971072,true,pending_log_review,,1,16
GDS,64,0.067,8782,4096,256,116,41016.414,49194.608,35971072,true,pending_log_review,,1,16
GDS,64,0.067,8782,4096,256,117,48330.436,58802.856,35971072,true,pending_log_review,,1,16
GDS,64,0.067,8782,4096,256,118,53693.425,66074.467,35971072,true,pending_log_review,,1,16
GDS,64,0.067,8782,4096,256,119,53793.712,68573.227,35971072,true,pending_log_review,,1,16
GDS,64,0.067,8782,4096,256,120,56524.804,71854.051,35971072,true,pending_log_review,,1,16
GDS,64,0.067,8782,4096,256,121,55864.913,71077.455,35971072,true,pending_log_review,,1,16
GDS,64,0.067,8782,4096,256,122,65704.995,81571.052,35971072,true,pending_log_review,,1,16
GDS,64,0.067,8782,4096,256,123,63448.868,79041.664,35971072,true,pending_log_review,,1,16
GDS,64,0.067,8782,4096,256,124,59678.275,74714.026,35971072,true,pending_log_review,,1,16
GDS,64,0.067,8782,4096,256,125,60510.217,75600.056,35971072,true,pending_log_review,,1,16
GDS,64,0.067,8782,4096,256,126,73001.742,88938.367,35971072,true,pending_log_review,,1,16
GDS,64,0.067,8782,4096,256,127,56445.905,71988.565,35971072,true,pending_log_review,,1,16
GDS,64,0.067,8782,4096,256,128,66484.085,83511.312,35971072,true,pending_log_review,,1,16
GDS,64,0.067,8782,4096,256,129,61169.597,76634.147,35971072,true,pending_log_review,,1,16
GDS,64,0.067,8782,4096,256,130,66298.403,82050.378,35971072,true,pending_log_review,,1,16
GDS,64,0.067,8782,4096,256,131,75827.322,91829.877,35971072,true,pending_log_review,,1,16
GDS,64,0.067,8782,4096,256,132,56708.062,72641.879,35971072,true,pending_log_review,,1,16
GDS,64,0.067,8782,4096,256,133,56330.93,72189.217,35971072,true,pending_log_review,,1,16
GDS,64,0.067,8782,4096,256,134,62345.552,78309.351,35971072,true,pending_log_review,,1,16
GDS,64,0.067,8782,4096,256,135,68004.842,83432.528,35971072,true,pending_log_review,,1,16
GDS,64,0.067,8782,4096,256,136,54982.471,70719.289,35971072,true,pending_log_review,,1,16
GDS,64,0.067,8782,4096,256,137,56818.497,72781.667,35971072,true,pending_log_review,,1,16
GDS,64,0.067,8782,4096,256,138,57481.828,73523.033,35971072,true,pending_log_review,,1,16
GDS,64,0.067,8782,4096,256,139,59621.259,74782.354,35971072,true,pending_log_review,,1,16
GDS,64,0.067,8782,4096,256,140,62120.068,78368.427,35971072,true,pending_log_review,,1,16
GDS,64,0.067,8782,4096,256,141,65369.105,80652.47,35971072,true,pending_log_review,,1,16
GDS,64,0.067,8782,4096,256,142,62062.241,77765.46,35971072,true,pending_log_review,,1,16
GDS,64,0.067,8782,4096,256,143,61363.026,77239.153,35971072,true,pending_log_review,,1,16
GDS,64,0.067,8782,4096,256,144,56653.297,72697.349,35971072,true,pending_log_review,,1,16
GDS,64,0.067,8782,4096,256,145,59879.65,75639.698,35971072,true,pending_log_review,,1,16
GDS,64,0.067,8782,4096,256,146,55452.132,70873.03,35971072,true,pending_log_review,,1,16
GDS,64,0.067,8782,4096,256,147,53867.777,69473.132,35971072,true,pending_log_review,,1,16
GDS,64,0.067,8782,4096,256,148,63002.782,79731.267,35971072,true,pending_log_review,,1,16
GDS,64,0.067,8782,4096,256,149,56890.427,72495.076,35971072,true,pending_log_review,,1,16
GDS,64,0.067,8782,4096,256,150,56300.013,71432.15,35971072,true,pending_log_review,,1,16
GDS,64,0.067,8782,4096,256,151,58964.004,75689.341,35971072,true,pending_log_review,,1,16
GDS,64,0.067,8782,4096,256,152,67676.574,83121.118,35971072,true,pending_log_review,,1,16
GDS,64,0.067,8782,4096,256,153,64518.569,80528.054,35971072,true,pending_log_review,,1,16
GDS,64,0.067,8782,4096,256,154,54491.302,70130.822,35971072,true,pending_log_review,,1,16
GDS,64,0.067,8782,4096,256,155,53836.902,69339.081,35971072,true,pending_log_review,,1,16
GDS,64,0.067,8782,4096,256,156,66199.484,83277.15,35971072,true,pending_log_review,,1,16
GDS,64,0.067,8782,4096,256,157,59474.323,75195.985,35971072,true,pending_log_review,,1,16
GDS,64,0.067,8782,4096,256,158,56206.879,72148.497,35971072,true,pending_log_review,,1,16
GDS,64,0.067,8782,4096,256,159,54763.224,71176.838,35971072,true,pending_log_review,,1,16
GDS,64,0.067,8782,4096,256,160,60500.883,75992.756,35971072,true,pending_log_review,,1,16
GDS,64,0.067,8782,4096,256,161,55900.908,71414.004,35971072,true,pending_log_review,,1,16
GDS,64,0.067,8782,4096,256,162,61854.865,77803.557,35971072,true,pending_log_review,,1,16
GDS,64,0.067,8782,4096,256,163,55889.418,71730.692,35971072,true,pending_log_review,,1,16
GDS,64,0.067,8782,4096,256,164,56976.107,72528.045,35971072,true,pending_log_review,,1,16
GDS,64,0.067,8782,4096,256,165,56272.582,71668.685,35971072,true,pending_log_review,,1,16
GDS,64,0.067,8782,4096,256,166,68735.626,85135.918,35971072,true,pending_log_review,,1,16
GDS,64,0.067,8782,4096,256,167,55443.597,71220.184,35971072,true,pending_log_review,,1,16
GDS,64,0.067,8782,4096,256,168,61991.005,78080.064,35971072,true,pending_log_review,,1,16
GDS,64,0.067,8782,4096,256,169,68287.288,83737.828,35971072,true,pending_log_review,,1,16
GDS,64,0.067,8782,4096,256,170,74349.877,90090.534,35971072,true,pending_log_review,,1,16
GDS,64,0.067,8782,4096,256,171,58902.984,75985.172,35971072,true,pending_log_review,,1,16
GDS,64,0.067,8782,4096,256,172,54438.007,70333.22,35971072,true,pending_log_review,,1,16
GDS,64,0.067,8782,4096,256,173,64778.77,80049.527,35971072,true,pending_log_review,,1,16
GDS,64,0.067,8782,4096,256,174,55262.119,71837.302,35971072,true,pending_log_review,,1,16
GDS,64,0.067,8782,4096,256,175,56315.353,72102.529,35971072,true,pending_log_review,,1,16
GDS,64,0.067,8782,4096,256,176,64915.58,81917.129,35971072,true,pending_log_review,,1,16
GDS,64,0.067,8782,4096,256,177,61806.855,77280.96,35971072,true,pending_log_review,,1,16
GDS,64,0.067,8782,4096,256,178,54863.806,70687.742,35971072,true,pending_log_review,,1,16
GDS,64,0.067,8782,4096,256,179,67950.351,83978.436,35971072,true,pending_log_review,,1,16
GDS,64,0.067,8782,4096,256,180,62577.16,78227.762,35971072,true,pending_log_review,,1,16
GDS,64,0.067,8782,4096,256,181,59521.16,75747.626,35971072,true,pending_log_review,,1,16
GDS,64,0.067,8782,4096,256,182,60904.622,78139.424,35971072,true,pending_log_review,,1,16
GDS,64,0.067,8782,4096,256,183,55236.109,71338.812,35971072,true,pending_log_review,,1,16
GDS,64,0.067,8782,4096,256,184,60818.796,77423.385,35971072,true,pending_log_review,,1,16
GDS,64,0.067,8782,4096,256,185,66549.222,82489.384,35971072,true,pending_log_review,,1,16
GDS,64,0.067,8782,4096,256,186,58650.196,75240.145,35971072,true,pending_log_review,,1,16
GDS,64,0.067,8782,4096,256,187,64920.081,81396.259,35971072,true,pending_log_review,,1,16
GDS,64,0.067,8782,4096,256,188,54903.524,70342.231,35971072,true,pending_log_review,,1,16
GDS,64,0.067,8782,4096,256,189,55283.81,71317.899,35971072,true,pending_log_review,,1,16
GDS,64,0.067,8782,4096,256,190,60928.232,76661.995,35971072,true,pending_log_review,,1,16
GDS,64,0.067,8782,4096,256,191,54271.477,70237.553,35971072,true,pending_log_review,,1,16
GDS,64,0.067,8782,4096,256,192,54905.02,70886.234,35971072,true,pending_log_review,,1,16
GDS,64,0.067,8782,4096,256,193,55522.971,71984.264,35971072,true,pending_log_review,,1,16
GDS,64,0.067,8782,4096,256,194,55106.824,71096.944,35971072,true,pending_log_review,,1,16
GDS,64,0.067,8782,4096,256,195,55555.832,70890.687,35971072,true,pending_log_review,,1,16
GDS,64,0.067,8782,4096,256,196,69322.211,86448.485,35971072,true,pending_log_review,,1,16
GDS,64,0.067,8782,4096,256,197,60258.39,76207.502,35971072,true,pending_log_review,,1,16
GDS,64,0.067,8782,4096,256,198,60421.586,76927.469,35971072,true,pending_log_review,,1,16
GDS,64,0.067,8782,4096,256,199,55185.969,70752.445,35971072,true,pending_log_review,,1,16
GDS,64,0.067,8782,4096,256,0,66209.706,82044.669,35971072,true,pending_log_review,,3,16
GDS,64,0.134,17564,4096,256,0,128393.699,162549.332,71942144,true,pending_log_review,,2,16
GDS,64,0.134,17564,4096,256,0,112943.447,146305.318,71942144,true,pending_log_review,,0,16
GDS,64,0.134,17564,4096,256,1,132714.413,166804.603,71942144,true,pending_log_review,,0,16
GDS,64,0.134,17564,4096,256,2,128358.53,162535.186,71942144,true,pending_log_review,,0,16
GDS,64,0.134,17564,4096,256,3,125146.47,159065.888,71942144,true,pending_log_review,,0,16
GDS,64,0.134,17564,4096,256,4,123777.33,157161.589,71942144,true,pending_log_review,,0,16
GDS,64,0.134,17564,4096,256,5,118412.273,151688.303,71942144,true,pending_log_review,,0,16
GDS,64,0.134,17564,4096,256,6,125039.215,158428.224,71942144,true,pending_log_review,,0,16
GDS,64,0.134,17564,4096,256,7,129510.683,163176.155,71942144,true,pending_log_review,,0,16
GDS,64,0.134,17564,4096,256,8,125288.752,158499.034,71942144,true,pending_log_review,,0,16
GDS,64,0.134,17564,4096,256,9,130678.895,164762.963,71942144,true,pending_log_review,,0,16
GDS,64,0.134,17564,4096,256,0,121157.257,154807.223,71942144,true,pending_log_review,,1,16
GDS,64,0.134,17564,4096,256,1,117616.403,150879.036,71942144,true,pending_log_review,,1,16
GDS,64,0.134,17564,4096,256,2,123829.912,156989.228,71942144,true,pending_log_review,,1,16
GDS,64,0.134,17564,4096,256,3,118165.932,151603.538,71942144,true,pending_log_review,,1,16
GDS,64,0.134,17564,4096,256,4,130115.085,163509.478,71942144,true,pending_log_review,,1,16
GDS,64,0.134,17564,4096,256,5,113753.118,146705.098,71942144,true,pending_log_review,,1,16
GDS,64,0.134,17564,4096,256,6,119179.76,151465.516,71942144,true,pending_log_review,,1,16
GDS,64,0.134,17564,4096,256,7,128032.002,160425.133,71942144,true,pending_log_review,,1,16
GDS,64,0.134,17564,4096,256,8,125391.023,159211.877,71942144,true,pending_log_review,,1,16
GDS,64,0.134,17564,4096,256,9,117456.654,151280.951,71942144,true,pending_log_review,,1,16
GDS,64,0.134,17564,4096,256,10,123836.213,156762.359,71942144,true,pending_log_review,,1,16
GDS,64,0.134,17564,4096,256,11,119052.798,151421.22,71942144,true,pending_log_review,,1,16
GDS,64,0.134,17564,4096,256,12,120216.075,152773.629,71942144,true,pending_log_review,,1,16
GDS,64,0.134,17564,4096,256,13,155038.573,188233.436,71942144,true,pending_log_review,,1,16
GDS,64,0.134,17564,4096,256,14,122994.076,155297.651,71942144,true,pending_log_review,,1,16
GDS,64,0.134,17564,4096,256,15,121004.291,154378.45,71942144,true,pending_log_review,,1,16
GDS,64,0.134,17564,4096,256,16,123141.723,157082.522,71942144,true,pending_log_review,,1,16
GDS,64,0.134,17564,4096,256,17,113420.869,146189.135,71942144,true,pending_log_review,,1,16
GDS,64,0.134,17564,4096,256,18,122804.123,155038.781,71942144,true,pending_log_review,,1,16
GDS,64,0.134,17564,4096,256,19,130300.587,163321.395,71942144,true,pending_log_review,,1,16
GDS,64,0.134,17564,4096,256,20,123495.059,157443.973,71942144,true,pending_log_review,,1,16
GDS,64,0.134,17564,4096,256,21,113187.887,146364.702,71942144,true,pending_log_review,,1,16
GDS,64,0.134,17564,4096,256,22,119982.004,154209.653,71942144,true,pending_log_review,,1,16
GDS,64,0.134,17564,4096,256,23,118133.484,151474.479,71942144,true,pending_log_review,,1,16
GDS,64,0.134,17564,4096,256,24,120232.454,153216.998,71942144,true,pending_log_review,,1,16
GDS,64,0.134,17564,4096,256,25,115548.267,148611.675,71942144,true,pending_log_review,,1,16
GDS,64,0.134,17564,4096,256,26,118259.396,151371.259,71942144,true,pending_log_review,,1,16
GDS,64,0.134,17564,4096,256,27,134887.92,168394.652,71942144,true,pending_log_review,,1,16
GDS,64,0.134,17564,4096,256,28,126533.177,158107.967,71942144,true,pending_log_review,,1,16
GDS,64,0.134,17564,4096,256,29,132057.987,165646.03,71942144,true,pending_log_review,,1,16
GDS,64,0.134,17564,4096,256,30,120024.007,150710.969,71942144,true,pending_log_review,,1,16
GDS,64,0.134,17564,4096,256,31,130964.304,163484.84,71942144,true,pending_log_review,,1,16
GDS,64,0.134,17564,4096,256,32,131579.487,164258.98,71942144,true,pending_log_review,,1,16
GDS,64,0.134,17564,4096,256,33,114608.775,147706.732,71942144,true,pending_log_review,,1,16
GDS,64,0.134,17564,4096,256,34,127185.662,158725.377,71942144,true,pending_log_review,,1,16
GDS,64,0.134,17564,4096,256,35,128029.791,160814.013,71942144,true,pending_log_review,,1,16
GDS,64,0.134,17564,4096,256,36,113690.089,146383.744,71942144,true,pending_log_review,,1,16
GDS,64,0.134,17564,4096,256,37,120005.134,152229.011,71942144,true,pending_log_review,,1,16
GDS,64,0.134,17564,4096,256,38,114753.803,147319.017,71942144,true,pending_log_review,,1,16
GDS,64,0.134,17564,4096,256,39,112861.302,145990.508,71942144,true,pending_log_review,,1,16
GDS,64,0.134,17564,4096,256,40,120980.14,153988.149,71942144,true,pending_log_review,,1,16
GDS,64,0.134,17564,4096,256,41,135094.968,167446.352,71942144,true,pending_log_review,,1,16
GDS,64,0.134,17564,4096,256,42,128809.053,161940.192,71942144,true,pending_log_review,,1,16
GDS,64,0.134,17564,4096,256,43,122797.028,156896.737,71942144,true,pending_log_review,,1,16
GDS,64,0.134,17564,4096,256,44,111628.579,144660.974,71942144,true,pending_log_review,,1,16
GDS,64,0.134,17564,4096,256,45,115451.719,148647.333,71942144,true,pending_log_review,,1,16
GDS,64,0.134,17564,4096,256,46,118391.684,150991.687,71942144,true,pending_log_review,,1,16
GDS,64,0.134,17564,4096,256,47,113563.563,147073.18,71942144,true,pending_log_review,,1,16
GDS,64,0.134,17564,4096,256,48,125829.549,158505.644,71942144,true,pending_log_review,,1,16
GDS,64,0.134,17564,4096,256,49,121368.945,154178.248,71942144,true,pending_log_review,,1,16
GDS,64,0.134,17564,4096,256,50,124976.98,157955.53,71942144,true,pending_log_review,,1,16
GDS,64,0.134,17564,4096,256,51,125582.108,158618.241,71942144,true,pending_log_review,,1,16
GDS,64,0.134,17564,4096,256,52,128378.315,161262.238,71942144,true,pending_log_review,,1,16
GDS,64,0.134,17564,4096,256,53,121392.842,154815.7,71942144,true,pending_log_review,,1,16
GDS,64,0.134,17564,4096,256,54,135691.679,169379.198,71942144,true,pending_log_review,,1,16
GDS,64,0.134,17564,4096,256,55,137961.17,172446.238,71942144,true,pending_log_review,,1,16
GDS,64,0.134,17564,4096,256,56,124615.967,158040.179,71942144,true,pending_log_review,,1,16
GDS,64,0.134,17564,4096,256,57,144405.561,178504.568,71942144,true,pending_log_review,,1,16
GDS,64,0.134,17564,4096,256,58,124242.439,157595.368,71942144,true,pending_log_review,,1,16
GDS,64,0.134,17564,4096,256,59,130202.642,163812.917,71942144,true,pending_log_review,,1,16
GDS,64,0.134,17564,4096,256,60,113815.006,146635.422,71942144,true,pending_log_review,,1,16
GDS,64,0.134,17564,4096,256,61,119716.209,153286.835,71942144,true,pending_log_review,,1,16
GDS,64,0.134,17564,4096,256,62,124635.388,157934.887,71942144,true,pending_log_review,,1,16
GDS,64,0.134,17564,4096,256,63,122549.368,156227.695,71942144,true,pending_log_review,,1,16
GDS,64,0.134,17564,4096,256,64,122770.374,156165.081,71942144,true,pending_log_review,,1,16
GDS,64,0.134,17564,4096,256,65,119939.025,152946.871,71942144,true,pending_log_review,,1,16
GDS,64,0.134,17564,4096,256,66,113539.868,145947.086,71942144,true,pending_log_review,,1,16
GDS,64,0.134,17564,4096,256,67,111406.805,144926.929,71942144,true,pending_log_review,,1,16
GDS,64,0.134,17564,4096,256,68,135630.237,169447.089,71942144,true,pending_log_review,,1,16
GDS,64,0.134,17564,4096,256,69,122177.672,155570.877,71942144,true,pending_log_review,,1,16
GDS,64,0.134,17564,4096,256,70,131646.748,164219.384,71942144,true,pending_log_review,,1,16
GDS,64,0.134,17564,4096,256,71,117703.738,150865.592,71942144,true,pending_log_review,,1,16
GDS,64,0.134,17564,4096,256,72,120801.463,155128.621,71942144,true,pending_log_review,,1,16
GDS,64,0.134,17564,4096,256,73,117215.128,151580.495,71942144,true,pending_log_review,,1,16
GDS,64,0.134,17564,4096,256,74,123346.994,157129.86,71942144,true,pending_log_review,,1,16
GDS,64,0.134,17564,4096,256,75,131775.158,165327.175,71942144,true,pending_log_review,,1,16
GDS,64,0.134,17564,4096,256,76,124202.393,158233.944,71942144,true,pending_log_review,,1,16
GDS,64,0.134,17564,4096,256,77,132186.044,164720.51,71942144,true,pending_log_review,,1,16
GDS,64,0.134,17564,4096,256,78,118849.754,152257.145,71942144,true,pending_log_review,,1,16
GDS,64,0.134,17564,4096,256,79,135101,168666.48,71942144,true,pending_log_review,,1,16
GDS,64,0.134,17564,4096,256,80,130436.002,164686.549,71942144,true,pending_log_review,,1,16
GDS,64,0.134,17564,4096,256,81,122398.209,156261.213,71942144,true,pending_log_review,,1,16
GDS,64,0.134,17564,4096,256,82,126737.952,159215.117,71942144,true,pending_log_review,,1,16
GDS,64,0.134,17564,4096,256,83,114835.596,148130.668,71942144,true,pending_log_review,,1,16
GDS,64,0.134,17564,4096,256,84,121066.843,154353.659,71942144,true,pending_log_review,,1,16
GDS,64,0.134,17564,4096,256,85,123187.772,156262.34,71942144,true,pending_log_review,,1,16
GDS,64,0.134,17564,4096,256,86,134795.636,168586.615,71942144,true,pending_log_review,,1,16
GDS,64,0.134,17564,4096,256,87,119844.634,153651.467,71942144,true,pending_log_review,,1,16
GDS,64,0.134,17564,4096,256,88,134730.03,168133.006,71942144,true,pending_log_review,,1,16
GDS,64,0.134,17564,4096,256,89,125741.035,159282.858,71942144,true,pending_log_review,,1,16
GDS,64,0.134,17564,4096,256,90,131097.885,163078.518,71942144,true,pending_log_review,,1,16
GDS,64,0.134,17564,4096,256,91,127707.605,161261.272,71942144,true,pending_log_review,,1,16
GDS,64,0.134,17564,4096,256,92,125986.228,159011.623,71942144,true,pending_log_review,,1,16
GDS,64,0.134,17564,4096,256,93,130608.594,163687.206,71942144,true,pending_log_review,,1,16
GDS,64,0.134,17564,4096,256,94,128150.45,160926.884,71942144,true,pending_log_review,,1,16
GDS,64,0.134,17564,4096,256,95,122772.42,156402.97,71942144,true,pending_log_review,,1,16
GDS,64,0.134,17564,4096,256,96,142278.086,176716.632,71942144,true,pending_log_review,,1,16
GDS,64,0.134,17564,4096,256,97,116050.525,147389.905,71942144,true,pending_log_review,,1,16
GDS,64,0.134,17564,4096,256,98,130246.446,163060.219,71942144,true,pending_log_review,,1,16
GDS,64,0.134,17564,4096,256,99,122207.541,153472.174,71942144,true,pending_log_review,,1,16
GDS,64,0.134,17564,4096,256,100,120188.424,153742.031,71942144,true,pending_log_review,,1,16
GDS,64,0.134,17564,4096,256,101,113912.661,146548.63,71942144,true,pending_log_review,,1,16
GDS,64,0.134,17564,4096,256,102,138656.783,170761.007,71942144,true,pending_log_review,,1,16
GDS,64,0.134,17564,4096,256,103,117497.225,149692.887,71942144,true,pending_log_review,,1,16
GDS,64,0.134,17564,4096,256,104,123820.822,156970.972,71942144,true,pending_log_review,,1,16
GDS,64,0.134,17564,4096,256,105,131648.886,164437.207,71942144,true,pending_log_review,,1,16
GDS,64,0.134,17564,4096,256,106,115669.266,148791.03,71942144,true,pending_log_review,,1,16
GDS,64,0.134,17564,4096,256,107,120125.852,151587.248,71942144,true,pending_log_review,,1,16
GDS,64,0.134,17564,4096,256,108,125277.41,158721.22,71942144,true,pending_log_review,,1,16
GDS,64,0.134,17564,4096,256,109,125860.88,159708.651,71942144,true,pending_log_review,,1,16
GDS,64,0.134,17564,4096,256,110,135023.998,169393.416,71942144,true,pending_log_review,,1,16
GDS,64,0.134,17564,4096,256,111,117669.758,151047.789,71942144,true,pending_log_review,,1,16
GDS,64,0.134,17564,4096,256,112,131085.744,163568.457,71942144,true,pending_log_review,,1,16
GDS,64,0.134,17564,4096,256,113,120643.571,154247.654,71942144,true,pending_log_review,,1,16
GDS,64,0.134,17564,4096,256,114,113276.023,146524.61,71942144,true,pending_log_review,,1,16
GDS,64,0.134,17564,4096,256,115,119487.946,152533.612,71942144,true,pending_log_review,,1,16
GDS,64,0.134,17564,4096,256,116,112913.238,144547.173,71942144,true,pending_log_review,,1,16
GDS,64,0.134,17564,4096,256,117,124953.772,157942.052,71942144,true,pending_log_review,,1,16
GDS,64,0.134,17564,4096,256,118,119673.353,153022.455,71942144,true,pending_log_review,,1,16
GDS,64,0.134,17564,4096,256,119,120481.948,155152.014,71942144,true,pending_log_review,,1,16
GDS,64,0.134,17564,4096,256,120,109751.394,143336.958,71942144,true,pending_log_review,,1,16
GDS,64,0.134,17564,4096,256,121,131876.396,164535.495,71942144,true,pending_log_review,,1,16
GDS,64,0.134,17564,4096,256,122,117193.178,149457.99,71942144,true,pending_log_review,,1,16
GDS,64,0.134,17564,4096,256,123,118209.273,151669.338,71942144,true,pending_log_review,,1,16
GDS,64,0.134,17564,4096,256,124,129783.525,162096.503,71942144,true,pending_log_review,,1,16
GDS,64,0.134,17564,4096,256,125,124460.252,157008.063,71942144,true,pending_log_review,,1,16
GDS,64,0.134,17564,4096,256,126,122794.007,155168.73,71942144,true,pending_log_review,,1,16
GDS,64,0.134,17564,4096,256,127,122250.392,154246.396,71942144,true,pending_log_review,,1,16
GDS,64,0.134,17564,4096,256,128,125120.77,158082.518,71942144,true,pending_log_review,,1,16
GDS,64,0.134,17564,4096,256,129,123283.563,157038.683,71942144,true,pending_log_review,,1,16
GDS,64,0.134,17564,4096,256,130,121887.084,155652.203,71942144,true,pending_log_review,,1,16
GDS,64,0.134,17564,4096,256,131,125805.937,159396.892,71942144,true,pending_log_review,,1,16
GDS,64,0.134,17564,4096,256,132,118743.481,151042.797,71942144,true,pending_log_review,,1,16
GDS,64,0.134,17564,4096,256,133,121694.471,155780.568,71942144,true,pending_log_review,,1,16
GDS,64,0.134,17564,4096,256,134,113705.484,147283.857,71942144,true,pending_log_review,,1,16
GDS,64,0.134,17564,4096,256,135,124410.946,157029.126,71942144,true,pending_log_review,,1,16
GDS,64,0.134,17564,4096,256,136,116848.91,149197.434,71942144,true,pending_log_review,,1,16
GDS,64,0.134,17564,4096,256,137,129531.472,162169.173,71942144,true,pending_log_review,,1,16
GDS,64,0.134,17564,4096,256,138,121522.436,154018.633,71942144,true,pending_log_review,,1,16
GDS,64,0.134,17564,4096,256,139,123025.471,156828.039,71942144,true,pending_log_review,,1,16
GDS,64,0.134,17564,4096,256,140,127809.018,161850.472,71942144,true,pending_log_review,,1,16
GDS,64,0.134,17564,4096,256,141,125942.599,159121.385,71942144,true,pending_log_review,,1,16
GDS,64,0.134,17564,4096,256,142,112146.079,145678.356,71942144,true,pending_log_review,,1,16
GDS,64,0.134,17564,4096,256,143,116929.975,150691.713,71942144,true,pending_log_review,,1,16
GDS,64,0.134,17564,4096,256,144,126214.393,159214.167,71942144,true,pending_log_review,,1,16
GDS,64,0.134,17564,4096,256,145,122003.594,155132.119,71942144,true,pending_log_review,,1,16
GDS,64,0.134,17564,4096,256,146,132635.765,166139.353,71942144,true,pending_log_review,,1,16
GDS,64,0.134,17564,4096,256,147,114713.242,147794.355,71942144,true,pending_log_review,,1,16
GDS,64,0.134,17564,4096,256,148,119341.178,151541.877,71942144,true,pending_log_review,,1,16
GDS,64,0.134,17564,4096,256,149,125217.078,158309.021,71942144,true,pending_log_review,,1,16
GDS,64,0.134,17564,4096,256,150,122687.137,155999.272,71942144,true,pending_log_review,,1,16
GDS,64,0.134,17564,4096,256,151,118525.901,152328.812,71942144,true,pending_log_review,,1,16
GDS,64,0.134,17564,4096,256,152,132787.437,166563.485,71942144,true,pending_log_review,,1,16
GDS,64,0.134,17564,4096,256,153,109503.309,140858.09,71942144,true,pending_log_review,,1,16
GDS,64,0.134,17564,4096,256,154,128870.143,163658.22,71942144,true,pending_log_review,,1,16
GDS,64,0.134,17564,4096,256,155,131252.203,163381.079,71942144,true,pending_log_review,,1,16
GDS,64,0.134,17564,4096,256,156,116953.974,149686.697,71942144,true,pending_log_review,,1,16
GDS,64,0.134,17564,4096,256,157,115963.078,148371.634,71942144,true,pending_log_review,,1,16
GDS,64,0.134,17564,4096,256,158,116199.255,148448.671,71942144,true,pending_log_review,,1,16
GDS,64,0.134,17564,4096,256,159,122777.23,155941.37,71942144,true,pending_log_review,,1,16
GDS,64,0.134,17564,4096,256,160,116299.034,148915.757,71942144,true,pending_log_review,,1,16
GDS,64,0.134,17564,4096,256,161,113575.059,145674.083,71942144,true,pending_log_review,,1,16
GDS,64,0.134,17564,4096,256,162,121763.743,154263.878,71942144,true,pending_log_review,,1,16
GDS,64,0.134,17564,4096,256,163,120003.135,152771.98,71942144,true,pending_log_review,,1,16
GDS,64,0.134,17564,4096,256,164,120096.267,151766.058,71942144,true,pending_log_review,,1,16
GDS,64,0.134,17564,4096,256,165,132016.891,164707.737,71942144,true,pending_log_review,,1,16
GDS,64,0.134,17564,4096,256,166,122047.009,154514.196,71942144,true,pending_log_review,,1,16
GDS,64,0.134,17564,4096,256,167,136449.17,169291.463,71942144,true,pending_log_review,,1,16
GDS,64,0.134,17564,4096,256,168,111088.942,143264.683,71942144,true,pending_log_review,,1,16
GDS,64,0.134,17564,4096,256,169,117361.322,149242.314,71942144,true,pending_log_review,,1,16
GDS,64,0.134,17564,4096,256,170,118681.126,150794.871,71942144,true,pending_log_review,,1,16
GDS,64,0.134,17564,4096,256,171,130341.145,164220.085,71942144,true,pending_log_review,,1,16
GDS,64,0.134,17564,4096,256,172,121701.626,153918.499,71942144,true,pending_log_review,,1,16
GDS,64,0.134,17564,4096,256,173,116827.482,150307.476,71942144,true,pending_log_review,,1,16
GDS,64,0.134,17564,4096,256,174,115699.035,148683.153,71942144,true,pending_log_review,,1,16
GDS,64,0.134,17564,4096,256,175,122494.14,155341.589,71942144,true,pending_log_review,,1,16
GDS,64,0.134,17564,4096,256,176,116559.752,149223.261,71942144,true,pending_log_review,,1,16
GDS,64,0.134,17564,4096,256,177,121883.073,155297.921,71942144,true,pending_log_review,,1,16
GDS,64,0.134,17564,4096,256,178,121714.393,154507.473,71942144,true,pending_log_review,,1,16
GDS,64,0.134,17564,4096,256,179,123562.389,155889.42,71942144,true,pending_log_review,,1,16
GDS,64,0.134,17564,4096,256,180,111766.51,144021.299,71942144,true,pending_log_review,,1,16
GDS,64,0.134,17564,4096,256,181,113520.527,145697.641,71942144,true,pending_log_review,,1,16
GDS,64,0.134,17564,4096,256,182,115917.546,149157.329,71942144,true,pending_log_review,,1,16
GDS,64,0.134,17564,4096,256,183,116540.461,149373.178,71942144,true,pending_log_review,,1,16
GDS,64,0.134,17564,4096,256,184,117078.92,149783.61,71942144,true,pending_log_review,,1,16
GDS,64,0.134,17564,4096,256,185,118213.112,150398.992,71942144,true,pending_log_review,,1,16
GDS,64,0.134,17564,4096,256,186,126494.753,159530.444,71942144,true,pending_log_review,,1,16
GDS,64,0.134,17564,4096,256,187,128877.53,161128.929,71942144,true,pending_log_review,,1,16
GDS,64,0.134,17564,4096,256,188,120313.061,153817.598,71942144,true,pending_log_review,,1,16
GDS,64,0.134,17564,4096,256,189,111948.01,144764.632,71942144,true,pending_log_review,,1,16
GDS,64,0.134,17564,4096,256,190,128569.585,161510.369,71942144,true,pending_log_review,,1,16
GDS,64,0.134,17564,4096,256,191,123120.528,155138.795,71942144,true,pending_log_review,,1,16
GDS,64,0.134,17564,4096,256,192,132501.517,165464.399,71942144,true,pending_log_review,,1,16
GDS,64,0.134,17564,4096,256,193,116942.485,149336.357,71942144,true,pending_log_review,,1,16
GDS,64,0.134,17564,4096,256,194,122415.988,154839.232,71942144,true,pending_log_review,,1,16
GDS,64,0.134,17564,4096,256,195,118429.702,150589.638,71942144,true,pending_log_review,,1,16
GDS,64,0.134,17564,4096,256,196,109968.284,142893.376,71942144,true,pending_log_review,,1,16
GDS,64,0.134,17564,4096,256,197,108446.149,141444.955,71942144,true,pending_log_review,,1,16
GDS,64,0.134,17564,4096,256,198,115691.691,148352.377,71942144,true,pending_log_review,,1,16
GDS,64,0.134,17564,4096,256,199,122446.345,155246.053,71942144,true,pending_log_review,,1,16
GDS,64,0.134,17564,4096,256,0,127815.409,160378.029,71942144,true,pending_log_review,,3,16
GDS,64,0.3,39322,4096,256,0,268960.552,341995.748,161062912,true,pending_log_review,,2,16
GDS,64,0.3,39322,4096,256,0,267448.159,341159.932,161062912,true,pending_log_review,,0,16
GDS,64,0.3,39322,4096,256,1,259899.235,334225.086,161062912,true,pending_log_review,,0,16
GDS,64,0.3,39322,4096,256,2,273135.896,345658.3,161062912,true,pending_log_review,,0,16
GDS,64,0.3,39322,4096,256,3,276380.381,349159.713,161062912,true,pending_log_review,,0,16
GDS,64,0.3,39322,4096,256,4,267025.483,340907.408,161062912,true,pending_log_review,,0,16
GDS,64,0.3,39322,4096,256,5,265598.884,337923.314,161062912,true,pending_log_review,,0,16
GDS,64,0.3,39322,4096,256,6,258590.205,332023.547,161062912,true,pending_log_review,,0,16
GDS,64,0.3,39322,4096,256,7,275912.363,348729.982,161062912,true,pending_log_review,,0,16
GDS,64,0.3,39322,4096,256,8,270137.073,343538.02,161062912,true,pending_log_review,,0,16
GDS,64,0.3,39322,4096,256,9,271652.134,345027.638,161062912,true,pending_log_review,,0,16
GDS,64,0.3,39322,4096,256,0,263535.105,337325.466,161062912,true,pending_log_review,,1,16
GDS,64,0.3,39322,4096,256,1,268959.277,341870.481,161062912,true,pending_log_review,,1,16
GDS,64,0.3,39322,4096,256,2,269835.795,342991.462,161062912,true,pending_log_review,,1,16
GDS,64,0.3,39322,4096,256,3,252986.501,326711.494,161062912,true,pending_log_review,,1,16
GDS,64,0.3,39322,4096,256,4,271440.938,344664.447,161062912,true,pending_log_review,,1,16
GDS,64,0.3,39322,4096,256,5,277677.689,351194.285,161062912,true,pending_log_review,,1,16
GDS,64,0.3,39322,4096,256,6,267566.258,340365.006,161062912,true,pending_log_review,,1,16
GDS,64,0.3,39322,4096,256,7,269377.436,341302.462,161062912,true,pending_log_review,,1,16
GDS,64,0.3,39322,4096,256,8,283573.678,357198.464,161062912,true,pending_log_review,,1,16
GDS,64,0.3,39322,4096,256,9,254505.394,326451.26,161062912,true,pending_log_review,,1,16
GDS,64,0.3,39322,4096,256,10,262264.184,336692.554,161062912,true,pending_log_review,,1,16
GDS,64,0.3,39322,4096,256,11,256437.062,328066.147,161062912,true,pending_log_review,,1,16
GDS,64,0.3,39322,4096,256,12,242948.273,314221.317,161062912,true,pending_log_review,,1,16
GDS,64,0.3,39322,4096,256,13,265625.149,338795.652,161062912,true,pending_log_review,,1,16
GDS,64,0.3,39322,4096,256,14,255739.073,329117.817,161062912,true,pending_log_review,,1,16
GDS,64,0.3,39322,4096,256,15,258945.32,334136.382,161062912,true,pending_log_review,,1,16
GDS,64,0.3,39322,4096,256,16,256844.949,331509.84,161062912,true,pending_log_review,,1,16
GDS,64,0.3,39322,4096,256,17,265951.784,342480.945,161062912,true,pending_log_review,,1,16
GDS,64,0.3,39322,4096,256,18,270259.577,344465.666,161062912,true,pending_log_review,,1,16
GDS,64,0.3,39322,4096,256,19,262008.773,335783.662,161062912,true,pending_log_review,,1,16
GDS,64,0.3,39322,4096,256,20,248869.81,323725.42,161062912,true,pending_log_review,,1,16
GDS,64,0.3,39322,4096,256,21,254878.116,327416.221,161062912,true,pending_log_review,,1,16
GDS,64,0.3,39322,4096,256,22,266473.603,338186.823,161062912,true,pending_log_review,,1,16
GDS,64,0.3,39322,4096,256,23,275421.607,349035.145,161062912,true,pending_log_review,,1,16
GDS,64,0.3,39322,4096,256,24,255965.085,328872.782,161062912,true,pending_log_review,,1,16
GDS,64,0.3,39322,4096,256,25,270143.441,343316.766,161062912,true,pending_log_review,,1,16
GDS,64,0.3,39322,4096,256,26,263802.194,337502.727,161062912,true,pending_log_review,,1,16
GDS,64,0.3,39322,4096,256,27,274917.919,349820.591,161062912,true,pending_log_review,,1,16
GDS,64,0.3,39322,4096,256,28,266934.424,339564.493,161062912,true,pending_log_review,,1,16
GDS,64,0.3,39322,4096,256,29,272178.914,344709.445,161062912,true,pending_log_review,,1,16
GDS,64,0.3,39322,4096,256,30,272878.714,348374.658,161062912,true,pending_log_review,,1,16
GDS,64,0.3,39322,4096,256,31,275710.471,350768.885,161062912,true,pending_log_review,,1,16
GDS,64,0.3,39322,4096,256,32,266006.302,339278.122,161062912,true,pending_log_review,,1,16
GDS,64,0.3,39322,4096,256,33,273286.336,348017.621,161062912,true,pending_log_review,,1,16
GDS,64,0.3,39322,4096,256,34,277208.724,354084.517,161062912,true,pending_log_review,,1,16
GDS,64,0.3,39322,4096,256,35,283208.127,359232.62,161062912,true,pending_log_review,,1,16
GDS,64,0.3,39322,4096,256,36,275424.923,350509.61,161062912,true,pending_log_review,,1,16
GDS,64,0.3,39322,4096,256,37,269694.741,345323.184,161062912,true,pending_log_review,,1,16
GDS,64,0.3,39322,4096,256,38,285656.838,361175.758,161062912,true,pending_log_review,,1,16
GDS,64,0.3,39322,4096,256,39,274494.476,348617.772,161062912,true,pending_log_review,,1,16
GDS,64,0.3,39322,4096,256,40,266510.551,340563.994,161062912,true,pending_log_review,,1,16
GDS,64,0.3,39322,4096,256,41,282886.059,356211.122,161062912,true,pending_log_review,,1,16
GDS,64,0.3,39322,4096,256,42,271482.769,346700.558,161062912,true,pending_log_review,,1,16
GDS,64,0.3,39322,4096,256,43,272214.393,346233.034,161062912,true,pending_log_review,,1,16
GDS,64,0.3,39322,4096,256,44,276206.982,348564.292,161062912,true,pending_log_review,,1,16
GDS,64,0.3,39322,4096,256,45,267244.787,341607.96,161062912,true,pending_log_review,,1,16
GDS,64,0.3,39322,4096,256,46,258673.787,333305.136,161062912,true,pending_log_review,,1,16
GDS,64,0.3,39322,4096,256,47,257572.072,330447.827,161062912,true,pending_log_review,,1,16
GDS,64,0.3,39322,4096,256,48,288529.103,365514.383,161062912,true,pending_log_review,,1,16
GDS,64,0.3,39322,4096,256,49,268413.666,343964.828,161062912,true,pending_log_review,,1,16
GDS,64,0.3,39322,4096,256,50,276579.586,353868.657,161062912,true,pending_log_review,,1,16
GDS,64,0.3,39322,4096,256,51,296200.971,371081.643,161062912,true,pending_log_review,,1,16
GDS,64,0.3,39322,4096,256,52,281723.401,357414.758,161062912,true,pending_log_review,,1,16
GDS,64,0.3,39322,4096,256,53,278287.025,353843.32,161062912,true,pending_log_review,,1,16
GDS,64,0.3,39322,4096,256,54,288595.014,363583.168,161062912,true,pending_log_review,,1,16
GDS,64,0.3,39322,4096,256,55,274564.097,349528.887,161062912,true,pending_log_review,,1,16
GDS,64,0.3,39322,4096,256,56,265292.268,343652.547,161062912,true,pending_log_review,,1,16
GDS,64,0.3,39322,4096,256,57,279077.764,355828.797,161062912,true,pending_log_review,,1,16
GDS,64,0.3,39322,4096,256,58,273620.091,349665.326,161062912,true,pending_log_review,,1,16
GDS,64,0.3,39322,4096,256,59,273072.888,347936.284,161062912,true,pending_log_review,,1,16
GDS,64,0.3,39322,4096,256,60,270681.134,347355.055,161062912,true,pending_log_review,,1,16
GDS,64,0.3,39322,4096,256,61,267305.104,342131.79,161062912,true,pending_log_review,,1,16
GDS,64,0.3,39322,4096,256,62,270655.527,345598.276,161062912,true,pending_log_review,,1,16
GDS,64,0.3,39322,4096,256,63,282016.635,357213.68,161062912,true,pending_log_review,,1,16
GDS,64,0.3,39322,4096,256,64,277220.879,351202.767,161062912,true,pending_log_review,,1,16
GDS,64,0.3,39322,4096,256,65,275834.241,352277.549,161062912,true,pending_log_review,,1,16
GDS,64,0.3,39322,4096,256,66,265514.691,340608.438,161062912,true,pending_log_review,,1,16
GDS,64,0.3,39322,4096,256,67,279549.775,355276.264,161062912,true,pending_log_review,,1,16
GDS,64,0.3,39322,4096,256,68,277407.462,352957.841,161062912,true,pending_log_review,,1,16
GDS,64,0.3,39322,4096,256,69,260836.664,334151.531,161062912,true,pending_log_review,,1,16
GDS,64,0.3,39322,4096,256,70,253632.519,326845.637,161062912,true,pending_log_review,,1,16
GDS,64,0.3,39322,4096,256,71,263681.645,339835.581,161062912,true,pending_log_review,,1,16
GDS,64,0.3,39322,4096,256,72,291458.088,367746.323,161062912,true,pending_log_review,,1,16
GDS,64,0.3,39322,4096,256,73,269017.232,345376.763,161062912,true,pending_log_review,,1,16
GDS,64,0.3,39322,4096,256,74,267387.442,343119.206,161062912,true,pending_log_review,,1,16
GDS,64,0.3,39322,4096,256,75,261672.896,337473.553,161062912,true,pending_log_review,,1,16
GDS,64,0.3,39322,4096,256,76,269761.071,346798.891,161062912,true,pending_log_review,,1,16
GDS,64,0.3,39322,4096,256,77,286920.685,362763.198,161062912,true,pending_log_review,,1,16
GDS,64,0.3,39322,4096,256,78,264435.769,336310.61,161062912,true,pending_log_review,,1,16
GDS,64,0.3,39322,4096,256,79,274340.43,349474.121,161062912,true,pending_log_review,,1,16
GDS,64,0.3,39322,4096,256,80,264134.05,339422.545,161062912,true,pending_log_review,,1,16
GDS,64,0.3,39322,4096,256,81,291212.604,366191.33,161062912,true,pending_log_review,,1,16
GDS,64,0.3,39322,4096,256,82,287395.471,363664.571,161062912,true,pending_log_review,,1,16
GDS,64,0.3,39322,4096,256,83,283353.202,357338.128,161062912,true,pending_log_review,,1,16
GDS,64,0.3,39322,4096,256,84,278510.504,354895.957,161062912,true,pending_log_review,,1,16
GDS,64,0.3,39322,4096,256,85,281824.903,355506.919,161062912,true,pending_log_review,,1,16
GDS,64,0.3,39322,4096,256,86,298823.805,375177.889,161062912,true,pending_log_review,,1,16
GDS,64,0.3,39322,4096,256,87,275344.182,350045.717,161062912,true,pending_log_review,,1,16
GDS,64,0.3,39322,4096,256,88,281321.562,357258.52,161062912,true,pending_log_review,,1,16
GDS,64,0.3,39322,4096,256,89,278237.228,352566.463,161062912,true,pending_log_review,,1,16
GDS,64,0.3,39322,4096,256,90,292173.13,365555.552,161062912,true,pending_log_review,,1,16
GDS,64,0.3,39322,4096,256,91,278957.371,353915.361,161062912,true,pending_log_review,,1,16
GDS,64,0.3,39322,4096,256,92,296565.172,370667.553,161062912,true,pending_log_review,,1,16
GDS,64,0.3,39322,4096,256,93,292489.296,368137.058,161062912,true,pending_log_review,,1,16
GDS,64,0.3,39322,4096,256,94,268032.205,343403.744,161062912,true,pending_log_review,,1,16
GDS,64,0.3,39322,4096,256,95,293422.188,368070.978,161062912,true,pending_log_review,,1,16
GDS,64,0.3,39322,4096,256,96,285465.336,358398.382,161062912,true,pending_log_review,,1,16
GDS,64,0.3,39322,4096,256,97,306406.788,382383.364,161062912,true,pending_log_review,,1,16
GDS,64,0.3,39322,4096,256,98,278472.772,351653.834,161062912,true,pending_log_review,,1,16
GDS,64,0.3,39322,4096,256,99,278531.292,351690.34,161062912,true,pending_log_review,,1,16
GDS,64,0.3,39322,4096,256,100,275209.961,349627.656,161062912,true,pending_log_review,,1,16
GDS,64,0.3,39322,4096,256,101,272907.487,347811.445,161062912,true,pending_log_review,,1,16
GDS,64,0.3,39322,4096,256,102,295380.482,371054.53,161062912,true,pending_log_review,,1,16
GDS,64,0.3,39322,4096,256,103,271284.895,345135.029,161062912,true,pending_log_review,,1,16
GDS,64,0.3,39322,4096,256,104,291419.644,368242.825,161062912,true,pending_log_review,,1,16
GDS,64,0.3,39322,4096,256,105,284653.146,359076.023,161062912,true,pending_log_review,,1,16
GDS,64,0.3,39322,4096,256,106,291543.838,365689.93,161062912,true,pending_log_review,,1,16
GDS,64,0.3,39322,4096,256,107,280780.161,354669.144,161062912,true,pending_log_review,,1,16
GDS,64,0.3,39322,4096,256,108,290409.119,364961.822,161062912,true,pending_log_review,,1,16
GDS,64,0.3,39322,4096,256,109,280170.074,354771.036,161062912,true,pending_log_review,,1,16
GDS,64,0.3,39322,4096,256,110,269352.939,345591.73,161062912,true,pending_log_review,,1,16
GDS,64,0.3,39322,4096,256,111,268082.232,344034.731,161062912,true,pending_log_review,,1,16
GDS,64,0.3,39322,4096,256,112,278910.496,354887.404,161062912,true,pending_log_review,,1,16
GDS,64,0.3,39322,4096,256,113,273279.19,348132.937,161062912,true,pending_log_review,,1,16
GDS,64,0.3,39322,4096,256,114,268428.273,343954.34,161062912,true,pending_log_review,,1,16
GDS,64,0.3,39322,4096,256,115,272541.82,346427.555,161062912,true,pending_log_review,,1,16
GDS,64,0.3,39322,4096,256,116,271382.497,348457.976,161062912,true,pending_log_review,,1,16
GDS,64,0.3,39322,4096,256,117,292033.948,370247.849,161062912,true,pending_log_review,,1,16
GDS,64,0.3,39322,4096,256,118,279639.847,352890.92,161062912,true,pending_log_review,,1,16
GDS,64,0.3,39322,4096,256,119,274869.192,349027.153,161062912,true,pending_log_review,,1,16
GDS,64,0.3,39322,4096,256,120,271868.103,344933.829,161062912,true,pending_log_review,,1,16
GDS,64,0.3,39322,4096,256,121,267312.94,341581.894,161062912,true,pending_log_review,,1,16
GDS,64,0.3,39322,4096,256,122,280356.911,354703.702,161062912,true,pending_log_review,,1,16
GDS,64,0.3,39322,4096,256,123,278917.382,352747.774,161062912,true,pending_log_review,,1,16
GDS,64,0.3,39322,4096,256,124,286560.466,360422.56,161062912,true,pending_log_review,,1,16
GDS,64,0.3,39322,4096,256,125,276145.597,349506.697,161062912,true,pending_log_review,,1,16
GDS,64,0.3,39322,4096,256,126,264693.641,338347.236,161062912,true,pending_log_review,,1,16
GDS,64,0.3,39322,4096,256,127,291857.164,371012.66,161062912,true,pending_log_review,,1,16
GDS,64,0.3,39322,4096,256,128,287124.974,361001.712,161062912,true,pending_log_review,,1,16
GDS,64,0.3,39322,4096,256,129,269630.026,344333.335,161062912,true,pending_log_review,,1,16
GDS,64,0.3,39322,4096,256,130,286836.543,360336.095,161062912,true,pending_log_review,,1,16
GDS,64,0.3,39322,4096,256,131,262166.191,334133.913,161062912,true,pending_log_review,,1,16
GDS,64,0.3,39322,4096,256,132,258458.803,329696.066,161062912,true,pending_log_review,,1,16
GDS,64,0.3,39322,4096,256,133,279854.802,352650.822,161062912,true,pending_log_review,,1,16
GDS,64,0.3,39322,4096,256,134,283070.153,356443.4,161062912,true,pending_log_review,,1,16
GDS,64,0.3,39322,4096,256,135,272614.858,345465.273,161062912,true,pending_log_review,,1,16
GDS,64,0.3,39322,4096,256,136,255977.19,327179.838,161062912,true,pending_log_review,,1,16
GDS,64,0.3,39322,4096,256,137,270364.025,342811.634,161062912,true,pending_log_review,,1,16
GDS,64,0.3,39322,4096,256,138,273359.711,346257.863,161062912,true,pending_log_review,,1,16
GDS,64,0.3,39322,4096,256,139,269926.586,342223.377,161062912,true,pending_log_review,,1,16
GDS,64,0.3,39322,4096,256,140,272077.71,344423.474,161062912,true,pending_log_review,,1,16
GDS,64,0.3,39322,4096,256,141,271013.596,342809.219,161062912,true,pending_log_review,,1,16
GDS,64,0.3,39322,4096,256,142,271526.82,343856.373,161062912,true,pending_log_review,,1,16
GDS,64,0.3,39322,4096,256,143,260564.099,333263.711,161062912,true,pending_log_review,,1,16
GDS,64,0.3,39322,4096,256,144,254095.443,327073.397,161062912,true,pending_log_review,,1,16
GDS,64,0.3,39322,4096,256,145,284549.036,356954.764,161062912,true,pending_log_review,,1,16
GDS,64,0.3,39322,4096,256,146,260674.237,334079.659,161062912,true,pending_log_review,,1,16
GDS,64,0.3,39322,4096,256,147,261409.627,334298.793,161062912,true,pending_log_review,,1,16
GDS,64,0.3,39322,4096,256,148,279323.364,352914.272,161062912,true,pending_log_review,,1,16
GDS,64,0.3,39322,4096,256,149,280398.128,353443.775,161062912,true,pending_log_review,,1,16
GDS,64,0.3,39322,4096,256,150,270363.463,341719.161,161062912,true,pending_log_review,,1,16
GDS,64,0.3,39322,4096,256,151,264653.723,337848.513,161062912,true,pending_log_review,,1,16
GDS,64,0.3,39322,4096,256,152,278956.593,352152.76,161062912,true,pending_log_review,,1,16
GDS,64,0.3,39322,4096,256,153,266312.23,339269.541,161062912,true,pending_log_review,,1,16
GDS,64,0.3,39322,4096,256,154,301654.67,377312.398,161062912,true,pending_log_review,,1,16
GDS,64,0.3,39322,4096,256,155,261803.555,336151.669,161062912,true,pending_log_review,,1,16
GDS,64,0.3,39322,4096,256,156,279468.191,353072.101,161062912,true,pending_log_review,,1,16
GDS,64,0.3,39322,4096,256,157,265994.348,341261.518,161062912,true,pending_log_review,,1,16
GDS,64,0.3,39322,4096,256,158,267016.082,342552.159,161062912,true,pending_log_review,,1,16
GDS,64,0.3,39322,4096,256,159,275310.937,350319.992,161062912,true,pending_log_review,,1,16
GDS,64,0.3,39322,4096,256,160,301381.183,376232.037,161062912,true,pending_log_review,,1,16
GDS,64,0.3,39322,4096,256,161,277901.576,352839.483,161062912,true,pending_log_review,,1,16
GDS,64,0.3,39322,4096,256,162,273208.094,348134.424,161062912,true,pending_log_review,,1,16
GDS,64,0.3,39322,4096,256,163,281845.34,355071.618,161062912,true,pending_log_review,,1,16
GDS,64,0.3,39322,4096,256,164,262307.787,336081.252,161062912,true,pending_log_review,,1,16
GDS,64,0.3,39322,4096,256,165,287027.168,361969.713,161062912,true,pending_log_review,,1,16
GDS,64,0.3,39322,4096,256,166,266293.377,341152.665,161062912,true,pending_log_review,,1,16
GDS,64,0.3,39322,4096,256,167,272367.617,347026.672,161062912,true,pending_log_review,,1,16
GDS,64,0.3,39322,4096,256,168,274806.659,349355.331,161062912,true,pending_log_review,,1,16
GDS,64,0.3,39322,4096,256,169,256797.966,332368.925,161062912,true,pending_log_review,,1,16
GDS,64,0.3,39322,4096,256,170,272753.728,347480.461,161062912,true,pending_log_review,,1,16
GDS,64,0.3,39322,4096,256,171,275625.977,351456.162,161062912,true,pending_log_review,,1,16
GDS,64,0.3,39322,4096,256,172,276811.782,353974.486,161062912,true,pending_log_review,,1,16
GDS,64,0.3,39322,4096,256,173,282284.734,357656.751,161062912,true,pending_log_review,,1,16
GDS,64,0.3,39322,4096,256,174,275412.306,351801.75,161062912,true,pending_log_review,,1,16
GDS,64,0.3,39322,4096,256,175,276079.002,351787.577,161062912,true,pending_log_review,,1,16
GDS,64,0.3,39322,4096,256,176,291061.655,365141.748,161062912,true,pending_log_review,,1,16
GDS,64,0.3,39322,4096,256,177,297067.823,372380.322,161062912,true,pending_log_review,,1,16
GDS,64,0.3,39322,4096,256,178,264073.482,337353.058,161062912,true,pending_log_review,,1,16
GDS,64,0.3,39322,4096,256,179,295523.119,369608.843,161062912,true,pending_log_review,,1,16
GDS,64,0.3,39322,4096,256,180,278701.975,351493.252,161062912,true,pending_log_review,,1,16
GDS,64,0.3,39322,4096,256,181,262169.575,336199.336,161062912,true,pending_log_review,,1,16
GDS,64,0.3,39322,4096,256,182,279995.939,355863.849,161062912,true,pending_log_review,,1,16
GDS,64,0.3,39322,4096,256,183,265151.112,339808.302,161062912,true,pending_log_review,,1,16
GDS,64,0.3,39322,4096,256,184,268989.111,343241.176,161062912,true,pending_log_review,,1,16
GDS,64,0.3,39322,4096,256,185,296956.823,371189.268,161062912,true,pending_log_review,,1,16
GDS,64,0.3,39322,4096,256,186,270071.845,343980.592,161062912,true,pending_log_review,,1,16
GDS,64,0.3,39322,4096,256,187,269971.267,345090.494,161062912,true,pending_log_review,,1,16
GDS,64,0.3,39322,4096,256,188,284043.192,358591.912,161062912,true,pending_log_review,,1,16
GDS,64,0.3,39322,4096,256,189,225329.633,274401.237,161062912,true,pending_log_review,,1,16
GDS,64,0.3,39322,4096,256,190,182308.595,217311.265,161062912,true,pending_log_review,,1,16
GDS,64,0.3,39322,4096,256,191,194243.414,230276.47,161062912,true,pending_log_review,,1,16
GDS,64,0.3,39322,4096,256,192,194541.167,231127.277,161062912,true,pending_log_review,,1,16
GDS,64,0.3,39322,4096,256,193,177653.804,212510.665,161062912,true,pending_log_review,,1,16
GDS,64,0.3,39322,4096,256,194,176535.157,211241.027,161062912,true,pending_log_review,,1,16
GDS,64,0.3,39322,4096,256,195,176889.077,211708.372,161062912,true,pending_log_review,,1,16
GDS,64,0.3,39322,4096,256,196,188995.646,224229.65,161062912,true,pending_log_review,,1,16
GDS,64,0.3,39322,4096,256,197,189592.028,225021.793,161062912,true,pending_log_review,,1,16
GDS,64,0.3,39322,4096,256,198,181755.22,216797.467,161062912,true,pending_log_review,,1,16
GDS,64,0.3,39322,4096,256,199,182422.536,217732.796,161062912,true,pending_log_review,,1,16
GDS,64,0.3,39322,4096,256,0,192784.78,228382.629,161062912,true,pending_log_review,,3,16
