stage,backend,request_batch,miss_rate,n_reads,io_size,queue_depth,round,submit_us,completion_us,bytes_read,correct,direct_path,error,phase,submission_group
A1,GDS,1,0.067,137,4096,256,0,12313.835,27986.913,561152,true,pending_log_review,,2,16
A1,GDS,1,0.067,137,4096,256,0,195996.743,198119.224,561152,true,pending_log_review,,0,16
A1,GDS,1,0.067,137,4096,256,1,1056.084,4607.059,561152,true,pending_log_review,,0,16
A1,GDS,1,0.067,137,4096,256,2,822.771,936.11,561152,true,pending_log_review,,0,16
A1,GDS,1,0.067,137,4096,256,3,801.615,859.992,561152,true,pending_log_review,,0,16
A1,GDS,1,0.067,137,4096,256,4,728.526,836.805,561152,true,pending_log_review,,0,16
A1,GDS,1,0.067,137,4096,256,5,730.567,830.165,561152,true,pending_log_review,,0,16
A1,GDS,1,0.067,137,4096,256,6,714.217,834.969,561152,true,pending_log_review,,0,16
A1,GDS,1,0.067,137,4096,256,7,727.1,852.724,561152,true,pending_log_review,,0,16
A1,GDS,1,0.067,137,4096,256,8,754.761,891.008,561152,true,pending_log_review,,0,16
A1,GDS,1,0.067,137,4096,256,9,745.298,857.977,561152,true,pending_log_review,,0,16
A1,GDS,1,0.067,137,4096,256,0,622.935,785.343,561152,true,pending_log_review,,1,16
A1,GDS,1,0.067,137,4096,256,1,681.22,796.842,561152,true,pending_log_review,,1,16
A1,GDS,1,0.067,137,4096,256,2,716.541,831.018,561152,true,pending_log_review,,1,16
A1,GDS,1,0.067,137,4096,256,3,651.814,818.348,561152,true,pending_log_review,,1,16
A1,GDS,1,0.067,137,4096,256,4,710.704,3566.676,561152,true,pending_log_review,,1,16
A1,GDS,1,0.067,137,4096,256,5,690.384,796.815,561152,true,pending_log_review,,1,16
A1,GDS,1,0.067,137,4096,256,6,592.963,737.505,561152,true,pending_log_review,,1,16
A1,GDS,1,0.067,137,4096,256,7,648.974,777.52,561152,true,pending_log_review,,1,16
A1,GDS,1,0.067,137,4096,256,8,734.23,839.819,561152,true,pending_log_review,,1,16
A1,GDS,1,0.067,137,4096,256,9,672.588,808.111,561152,true,pending_log_review,,1,16
A1,GDS,1,0.067,137,4096,256,10,692.026,811.537,561152,true,pending_log_review,,1,16
A1,GDS,1,0.067,137,4096,256,11,648.738,756.054,561152,true,pending_log_review,,1,16
A1,GDS,1,0.067,137,4096,256,12,632.752,731.758,561152,true,pending_log_review,,1,16
A1,GDS,1,0.067,137,4096,256,13,644.112,761.486,561152,true,pending_log_review,,1,16
A1,GDS,1,0.067,137,4096,256,14,664.101,804.838,561152,true,pending_log_review,,1,16
A1,GDS,1,0.067,137,4096,256,15,688.393,796.615,561152,true,pending_log_review,,1,16
A1,GDS,1,0.067,137,4096,256,16,685.928,800.356,561152,true,pending_log_review,,1,16
A1,GDS,1,0.067,137,4096,256,17,696.371,840.111,561152,true,pending_log_review,,1,16
A1,GDS,1,0.067,137,4096,256,18,711.043,822.375,561152,true,pending_log_review,,1,16
A1,GDS,1,0.067,137,4096,256,19,710.582,827.363,561152,true,pending_log_review,,1,16
A1,GDS,1,0.067,137,4096,256,20,657.349,744.016,561152,true,pending_log_review,,1,16
A1,GDS,1,0.067,137,4096,256,21,646.429,776.105,561152,true,pending_log_review,,1,16
A1,GDS,1,0.067,137,4096,256,22,686.367,796.115,561152,true,pending_log_review,,1,16
A1,GDS,1,0.067,137,4096,256,23,596.144,779.924,561152,true,pending_log_review,,1,16
A1,GDS,1,0.067,137,4096,256,24,673.28,781.31,561152,true,pending_log_review,,1,16
A1,GDS,1,0.067,137,4096,256,25,645.574,802.708,561152,true,pending_log_review,,1,16
A1,GDS,1,0.067,137,4096,256,26,701.377,834.189,561152,true,pending_log_review,,1,16
A1,GDS,1,0.067,137,4096,256,27,622.817,760.956,561152,true,pending_log_review,,1,16
A1,GDS,1,0.067,137,4096,256,28,654.402,784.035,561152,true,pending_log_review,,1,16
A1,GDS,1,0.067,137,4096,256,29,685.539,824.689,561152,true,pending_log_review,,1,16
A1,GDS,1,0.067,137,4096,256,30,769.705,884.981,561152,true,pending_log_review,,1,16
A1,GDS,1,0.067,137,4096,256,31,673.043,791.508,561152,true,pending_log_review,,1,16
A1,GDS,1,0.067,137,4096,256,32,696.742,798.185,561152,true,pending_log_review,,1,16
A1,GDS,1,0.067,137,4096,256,33,1314.486,1439.35,561152,true,pending_log_review,,1,16
A1,GDS,1,0.067,137,4096,256,34,908.31,1057.715,561152,true,pending_log_review,,1,16
A1,GDS,1,0.067,137,4096,256,35,818.039,883.265,561152,true,pending_log_review,,1,16
A1,GDS,1,0.067,137,4096,256,36,780.876,940.126,561152,true,pending_log_review,,1,16
A1,GDS,1,0.067,137,4096,256,37,822.356,938.743,561152,true,pending_log_review,,1,16
A1,GDS,1,0.067,137,4096,256,38,848.872,960.808,561152,true,pending_log_review,,1,16
A1,GDS,1,0.067,137,4096,256,39,745.812,866.067,561152,true,pending_log_review,,1,16
A1,GDS,1,0.067,137,4096,256,40,790.69,924.819,561152,true,pending_log_review,,1,16
A1,GDS,1,0.067,137,4096,256,41,755.87,875.747,561152,true,pending_log_review,,1,16
A1,GDS,1,0.067,137,4096,256,42,795.788,896.574,561152,true,pending_log_review,,1,16
A1,GDS,1,0.067,137,4096,256,43,723.36,829.01,561152,true,pending_log_review,,1,16
A1,GDS,1,0.067,137,4096,256,44,778.269,903.752,561152,true,pending_log_review,,1,16
A1,GDS,1,0.067,137,4096,256,45,807.726,927.238,561152,true,pending_log_review,,1,16
A1,GDS,1,0.067,137,4096,256,46,767.093,918.246,561152,true,pending_log_review,,1,16
A1,GDS,1,0.067,137,4096,256,47,716.326,840.443,561152,true,pending_log_review,,1,16
A1,GDS,1,0.067,137,4096,256,48,766.226,908.425,561152,true,pending_log_review,,1,16
A1,GDS,1,0.067,137,4096,256,49,710.056,819.836,561152,true,pending_log_review,,1,16
A1,GDS,1,0.067,137,4096,256,50,754.73,859.633,561152,true,pending_log_review,,1,16
A1,GDS,1,0.067,137,4096,256,51,824.305,937.86,561152,true,pending_log_review,,1,16
A1,GDS,1,0.067,137,4096,256,52,727.986,875.001,561152,true,pending_log_review,,1,16
A1,GDS,1,0.067,137,4096,256,53,769.097,912.61,561152,true,pending_log_review,,1,16
A1,GDS,1,0.067,137,4096,256,54,806.68,920.961,561152,true,pending_log_review,,1,16
A1,GDS,1,0.067,137,4096,256,55,797.01,917.561,561152,true,pending_log_review,,1,16
A1,GDS,1,0.067,137,4096,256,56,782.492,904.483,561152,true,pending_log_review,,1,16
A1,GDS,1,0.067,137,4096,256,57,751.066,903.236,561152,true,pending_log_review,,1,16
A1,GDS,1,0.067,137,4096,256,58,691.545,837.603,561152,true,pending_log_review,,1,16
A1,GDS,1,0.067,137,4096,256,59,762.735,867.803,561152,true,pending_log_review,,1,16
A1,GDS,1,0.067,137,4096,256,60,806.14,917.232,561152,true,pending_log_review,,1,16
A1,GDS,1,0.067,137,4096,256,61,769.532,882.134,561152,true,pending_log_review,,1,16
A1,GDS,1,0.067,137,4096,256,62,1081.813,1239.443,561152,true,pending_log_review,,1,16
A1,GDS,1,0.067,137,4096,256,63,852.336,953.87,561152,true,pending_log_review,,1,16
A1,GDS,1,0.067,137,4096,256,64,780.908,938.087,561152,true,pending_log_review,,1,16
A1,GDS,1,0.067,137,4096,256,65,737.318,901.184,561152,true,pending_log_review,,1,16
A1,GDS,1,0.067,137,4096,256,66,820.897,943.787,561152,true,pending_log_review,,1,16
A1,GDS,1,0.067,137,4096,256,67,785.381,916.28,561152,true,pending_log_review,,1,16
A1,GDS,1,0.067,137,4096,256,68,750.49,884.05,561152,true,pending_log_review,,1,16
A1,GDS,1,0.067,137,4096,256,69,783.659,894.162,561152,true,pending_log_review,,1,16
A1,GDS,1,0.067,137,4096,256,70,863.362,1007.948,561152,true,pending_log_review,,1,16
A1,GDS,1,0.067,137,4096,256,71,746.157,871.638,561152,true,pending_log_review,,1,16
A1,GDS,1,0.067,137,4096,256,72,742.639,839.778,561152,true,pending_log_review,,1,16
A1,GDS,1,0.067,137,4096,256,73,779.494,920.32,561152,true,pending_log_review,,1,16
A1,GDS,1,0.067,137,4096,256,74,708.949,814.133,561152,true,pending_log_review,,1,16
A1,GDS,1,0.067,137,4096,256,75,715.065,825.63,561152,true,pending_log_review,,1,16
A1,GDS,1,0.067,137,4096,256,76,760.048,870.383,561152,true,pending_log_review,,1,16
A1,GDS,1,0.067,137,4096,256,77,787.92,937.098,561152,true,pending_log_review,,1,16
A1,GDS,1,0.067,137,4096,256,78,816.86,1701578.079,561152,true,pending_log_review,,1,16
A1,GDS,1,0.067,137,4096,256,79,1032.98,1187.073,561152,true,pending_log_review,,1,16
A1,GDS,1,0.067,137,4096,256,80,846.331,995.005,561152,true,pending_log_review,,1,16
A1,GDS,1,0.067,137,4096,256,81,854.958,971.473,561152,true,pending_log_review,,1,16
A1,GDS,1,0.067,137,4096,256,82,843.198,998.721,561152,true,pending_log_review,,1,16
A1,GDS,1,0.067,137,4096,256,83,799.208,939.327,561152,true,pending_log_review,,1,16
A1,GDS,1,0.067,137,4096,256,84,829.535,941.383,561152,true,pending_log_review,,1,16
A1,GDS,1,0.067,137,4096,256,85,791.633,957.995,561152,true,pending_log_review,,1,16
A1,GDS,1,0.067,137,4096,256,86,846.671,972.713,561152,true,pending_log_review,,1,16
A1,GDS,1,0.067,137,4096,256,87,862.246,976.948,561152,true,pending_log_review,,1,16
A1,GDS,1,0.067,137,4096,256,88,772.632,882.461,561152,true,pending_log_review,,1,16
A1,GDS,1,0.067,137,4096,256,89,768.223,907.733,561152,true,pending_log_review,,1,16
A1,GDS,1,0.067,137,4096,256,90,762.935,882.139,561152,true,pending_log_review,,1,16
A1,GDS,1,0.067,137,4096,256,91,806.658,918.662,561152,true,pending_log_review,,1,16
A1,GDS,1,0.067,137,4096,256,92,829.859,945.241,561152,true,pending_log_review,,1,16
A1,GDS,1,0.067,137,4096,256,93,800.404,918.837,561152,true,pending_log_review,,1,16
A1,GDS,1,0.067,137,4096,256,94,755.076,892.64,561152,true,pending_log_review,,1,16
A1,GDS,1,0.067,137,4096,256,95,833.817,944.073,561152,true,pending_log_review,,1,16
A1,GDS,1,0.067,137,4096,256,96,787.532,915.839,561152,true,pending_log_review,,1,16
A1,GDS,1,0.067,137,4096,256,97,792.007,908.655,561152,true,pending_log_review,,1,16
A1,GDS,1,0.067,137,4096,256,98,760.02,910.173,561152,true,pending_log_review,,1,16
A1,GDS,1,0.067,137,4096,256,99,749.662,922.6,561152,true,pending_log_review,,1,16
A1,GDS,1,0.067,137,4096,256,100,875.759,990.957,561152,true,pending_log_review,,1,16
A1,GDS,1,0.067,137,4096,256,101,800.536,919.299,561152,true,pending_log_review,,1,16
A1,GDS,1,0.067,137,4096,256,102,766.906,911.165,561152,true,pending_log_review,,1,16
A1,GDS,1,0.067,137,4096,256,103,757.975,829.94,561152,true,pending_log_review,,1,16
A1,GDS,1,0.067,137,4096,256,104,774.921,886.173,561152,true,pending_log_review,,1,16
A1,GDS,1,0.067,137,4096,256,105,783.241,880.4,561152,true,pending_log_review,,1,16
A1,GDS,1,0.067,137,4096,256,106,821.149,937,561152,true,pending_log_review,,1,16
A1,GDS,1,0.067,137,4096,256,107,799.336,946.618,561152,true,pending_log_review,,1,16
A1,GDS,1,0.067,137,4096,256,108,851.806,978.307,561152,true,pending_log_review,,1,16
A1,GDS,1,0.067,137,4096,256,109,835.785,959.999,561152,true,pending_log_review,,1,16
A1,GDS,1,0.067,137,4096,256,110,767.281,888.611,561152,true,pending_log_review,,1,16
A1,GDS,1,0.067,137,4096,256,111,811.969,929.048,561152,true,pending_log_review,,1,16
A1,GDS,1,0.067,137,4096,256,112,815.129,923.534,561152,true,pending_log_review,,1,16
A1,GDS,1,0.067,137,4096,256,113,751.221,873.178,561152,true,pending_log_review,,1,16
A1,GDS,1,0.067,137,4096,256,114,784.966,886.682,561152,true,pending_log_review,,1,16
A1,GDS,1,0.067,137,4096,256,115,802.195,897.463,561152,true,pending_log_review,,1,16
A1,GDS,1,0.067,137,4096,256,116,787.786,914.276,561152,true,pending_log_review,,1,16
A1,GDS,1,0.067,137,4096,256,117,776.583,890.48,561152,true,pending_log_review,,1,16
A1,GDS,1,0.067,137,4096,256,118,747.903,884.034,561152,true,pending_log_review,,1,16
A1,GDS,1,0.067,137,4096,256,119,832.701,955.391,561152,true,pending_log_review,,1,16
A1,GDS,1,0.067,137,4096,256,120,799.227,903.662,561152,true,pending_log_review,,1,16
A1,GDS,1,0.067,137,4096,256,121,760.657,883.315,561152,true,pending_log_review,,1,16
A1,GDS,1,0.067,137,4096,256,122,757.994,882.406,561152,true,pending_log_review,,1,16
A1,GDS,1,0.067,137,4096,256,123,766.276,898.95,561152,true,pending_log_review,,1,16
A1,GDS,1,0.067,137,4096,256,124,751.767,882.766,561152,true,pending_log_review,,1,16
A1,GDS,1,0.067,137,4096,256,125,763.347,891.473,561152,true,pending_log_review,,1,16
A1,GDS,1,0.067,137,4096,256,126,752.463,862.286,561152,true,pending_log_review,,1,16
A1,GDS,1,0.067,137,4096,256,127,815.603,939.443,561152,true,pending_log_review,,1,16
A1,GDS,1,0.067,137,4096,256,128,751.74,887.804,561152,true,pending_log_review,,1,16
A1,GDS,1,0.067,137,4096,256,129,833.989,956.6,561152,true,pending_log_review,,1,16
A1,GDS,1,0.067,137,4096,256,130,752.507,868.193,561152,true,pending_log_review,,1,16
A1,GDS,1,0.067,137,4096,256,131,803.522,927.476,561152,true,pending_log_review,,1,16
A1,GDS,1,0.067,137,4096,256,132,764.77,898.322,561152,true,pending_log_review,,1,16
A1,GDS,1,0.067,137,4096,256,133,825.241,971.893,561152,true,pending_log_review,,1,16
A1,GDS,1,0.067,137,4096,256,134,771.951,873.748,561152,true,pending_log_review,,1,16
A1,GDS,1,0.067,137,4096,256,135,892.063,1001.901,561152,true,pending_log_review,,1,16
A1,GDS,1,0.067,137,4096,256,136,821.871,937.064,561152,true,pending_log_review,,1,16
A1,GDS,1,0.067,137,4096,256,137,823.806,932.884,561152,true,pending_log_review,,1,16
A1,GDS,1,0.067,137,4096,256,138,819.687,945.699,561152,true,pending_log_review,,1,16
A1,GDS,1,0.067,137,4096,256,139,778.875,914.743,561152,true,pending_log_review,,1,16
A1,GDS,1,0.067,137,4096,256,140,803.026,940.566,561152,true,pending_log_review,,1,16
A1,GDS,1,0.067,137,4096,256,141,801.571,921.808,561152,true,pending_log_review,,1,16
A1,GDS,1,0.067,137,4096,256,142,821.182,992.914,561152,true,pending_log_review,,1,16
A1,GDS,1,0.067,137,4096,256,143,742.452,870.541,561152,true,pending_log_review,,1,16
A1,GDS,1,0.067,137,4096,256,144,836.283,955.019,561152,true,pending_log_review,,1,16
A1,GDS,1,0.067,137,4096,256,145,746.145,854.807,561152,true,pending_log_review,,1,16
A1,GDS,1,0.067,137,4096,256,146,772.105,896.388,561152,true,pending_log_review,,1,16
A1,GDS,1,0.067,137,4096,256,147,799.995,937.268,561152,true,pending_log_review,,1,16
A1,GDS,1,0.067,137,4096,256,148,777.305,885.346,561152,true,pending_log_review,,1,16
A1,GDS,1,0.067,137,4096,256,149,836.232,949.971,561152,true,pending_log_review,,1,16
A1,GDS,1,0.067,137,4096,256,150,878.448,976.042,561152,true,pending_log_review,,1,16
A1,GDS,1,0.067,137,4096,256,151,787.342,915.304,561152,true,pending_log_review,,1,16
A1,GDS,1,0.067,137,4096,256,152,786.273,882.574,561152,true,pending_log_review,,1,16
A1,GDS,1,0.067,137,4096,256,153,801.336,930.983,561152,true,pending_log_review,,1,16
A1,GDS,1,0.067,137,4096,256,154,802.18,917.611,561152,true,pending_log_review,,1,16
A1,GDS,1,0.067,137,4096,256,155,757.261,881.255,561152,true,pending_log_review,,1,16
A1,GDS,1,0.067,137,4096,256,156,761.267,889.661,561152,true,pending_log_review,,1,16
A1,GDS,1,0.067,137,4096,256,157,746.361,854.67,561152,true,pending_log_review,,1,16
A1,GDS,1,0.067,137,4096,256,158,784.822,919.691,561152,true,pending_log_review,,1,16
A1,GDS,1,0.067,137,4096,256,159,766.991,911.313,561152,true,pending_log_review,,1,16
A1,GDS,1,0.067,137,4096,256,160,738.353,862.623,561152,true,pending_log_review,,1,16
A1,GDS,1,0.067,137,4096,256,161,806.768,935.458,561152,true,pending_log_review,,1,16
A1,GDS,1,0.067,137,4096,256,162,761.39,864.194,561152,true,pending_log_review,,1,16
A1,GDS,1,0.067,137,4096,256,163,833.234,950.365,561152,true,pending_log_review,,1,16
A1,GDS,1,0.067,137,4096,256,164,780.644,886.299,561152,true,pending_log_review,,1,16
A1,GDS,1,0.067,137,4096,256,165,791.435,893.168,561152,true,pending_log_review,,1,16
A1,GDS,1,0.067,137,4096,256,166,826.232,955.083,561152,true,pending_log_review,,1,16
A1,GDS,1,0.067,137,4096,256,167,900.565,1003.213,561152,true,pending_log_review,,1,16
A1,GDS,1,0.067,137,4096,256,168,783.644,893.445,561152,true,pending_log_review,,1,16
A1,GDS,1,0.067,137,4096,256,169,711.075,809.846,561152,true,pending_log_review,,1,16
A1,GDS,1,0.067,137,4096,256,170,654.435,760.727,561152,true,pending_log_review,,1,16
A1,GDS,1,0.067,137,4096,256,171,680.492,786.615,561152,true,pending_log_review,,1,16
A1,GDS,1,0.067,137,4096,256,172,660.887,2157.339,561152,true,pending_log_review,,1,16
A1,GDS,1,0.067,137,4096,256,173,651.569,863.437,561152,true,pending_log_review,,1,16
A1,GDS,1,0.067,137,4096,256,174,660.91,782.033,561152,true,pending_log_review,,1,16
A1,GDS,1,0.067,137,4096,256,175,672.568,805.281,561152,true,pending_log_review,,1,16
A1,GDS,1,0.067,137,4096,256,176,629.88,753.833,561152,true,pending_log_review,,1,16
A1,GDS,1,0.067,137,4096,256,177,564.703,734.688,561152,true,pending_log_review,,1,16
A1,GDS,1,0.067,137,4096,256,178,695.096,816.949,561152,true,pending_log_review,,1,16
A1,GDS,1,0.067,137,4096,256,179,652.022,769.729,561152,true,pending_log_review,,1,16
A1,GDS,1,0.067,137,4096,256,180,679.001,813.559,561152,true,pending_log_review,,1,16
A1,GDS,1,0.067,137,4096,256,181,707.691,837.903,561152,true,pending_log_review,,1,16
A1,GDS,1,0.067,137,4096,256,182,597.697,709.327,561152,true,pending_log_review,,1,16
A1,GDS,1,0.067,137,4096,256,183,646.301,781.91,561152,true,pending_log_review,,1,16
A1,GDS,1,0.067,137,4096,256,184,632.369,737.447,561152,true,pending_log_review,,1,16
A1,GDS,1,0.067,137,4096,256,185,688.095,828.336,561152,true,pending_log_review,,1,16
A1,GDS,1,0.067,137,4096,256,186,630.15,751.043,561152,true,pending_log_review,,1,16
A1,GDS,1,0.067,137,4096,256,187,646.527,764.835,561152,true,pending_log_review,,1,16
A1,GDS,1,0.067,137,4096,256,188,630.114,735.66,561152,true,pending_log_review,,1,16
A1,GDS,1,0.067,137,4096,256,189,640.412,736.649,561152,true,pending_log_review,,1,16
A1,GDS,1,0.067,137,4096,256,190,656.658,827.969,561152,true,pending_log_review,,1,16
A1,GDS,1,0.067,137,4096,256,191,679.055,800.715,561152,true,pending_log_review,,1,16
A1,GDS,1,0.067,137,4096,256,192,675.536,781.943,561152,true,pending_log_review,,1,16
A1,GDS,1,0.067,137,4096,256,193,677.727,804.428,561152,true,pending_log_review,,1,16
A1,GDS,1,0.067,137,4096,256,194,662.139,815.558,561152,true,pending_log_review,,1,16
A1,GDS,1,0.067,137,4096,256,195,648.605,753.069,561152,true,pending_log_review,,1,16
A1,GDS,1,0.067,137,4096,256,196,641.659,770.175,561152,true,pending_log_review,,1,16
A1,GDS,1,0.067,137,4096,256,197,625.799,786.661,561152,true,pending_log_review,,1,16
A1,GDS,1,0.067,137,4096,256,198,706.143,837.932,561152,true,pending_log_review,,1,16
A1,GDS,1,0.067,137,4096,256,199,640.071,769.333,561152,true,pending_log_review,,1,16
A1,GDS,1,0.067,137,4096,256,0,667.383,789.306,561152,true,pending_log_review,,3,16
A1,GDS,1,0.134,274,4096,256,0,3867.219,17583.98,1122304,true,pending_log_review,,2,16
A1,GDS,1,0.134,274,4096,256,0,1439.705,2742.331,1122304,true,pending_log_review,,0,16
A1,GDS,1,0.134,274,4096,256,1,1676.076,3581.185,1122304,true,pending_log_review,,0,16
A1,GDS,1,0.134,274,4096,256,2,4386.086,6836.1,1122304,true,pending_log_review,,0,16
A1,GDS,1,0.134,274,4096,256,3,1406.94,3778.892,1122304,true,pending_log_review,,0,16
A1,GDS,1,0.134,274,4096,256,4,2086.667,4444.855,1122304,true,pending_log_review,,0,16
A1,GDS,1,0.134,274,4096,256,5,1284.422,1690.556,1122304,true,pending_log_review,,0,16
A1,GDS,1,0.134,274,4096,256,6,1390.576,1748.822,1122304,true,pending_log_review,,0,16
A1,GDS,1,0.134,274,4096,256,7,1355.563,4263.551,1122304,true,pending_log_review,,0,16
A1,GDS,1,0.134,274,4096,256,8,1361.484,1582.224,1122304,true,pending_log_review,,0,16
A1,GDS,1,0.134,274,4096,256,9,1290.911,1587.204,1122304,true,pending_log_review,,0,16
A1,GDS,1,0.134,274,4096,256,0,1221.129,1580.775,1122304,true,pending_log_review,,1,16
A1,GDS,1,0.134,274,4096,256,1,1224.692,1595.338,1122304,true,pending_log_review,,1,16
A1,GDS,1,0.134,274,4096,256,2,1285.782,1660.303,1122304,true,pending_log_review,,1,16
A1,GDS,1,0.134,274,4096,256,3,1273.984,1559.106,1122304,true,pending_log_review,,1,16
A1,GDS,1,0.134,274,4096,256,4,1250.429,1522.615,1122304,true,pending_log_review,,1,16
A1,GDS,1,0.134,274,4096,256,5,1320.791,1610.13,1122304,true,pending_log_review,,1,16
A1,GDS,1,0.134,274,4096,256,6,1245.921,1571.096,1122304,true,pending_log_review,,1,16
A1,GDS,1,0.134,274,4096,256,7,1224.158,1515.78,1122304,true,pending_log_review,,1,16
A1,GDS,1,0.134,274,4096,256,8,1280.334,1597.79,1122304,true,pending_log_review,,1,16
A1,GDS,1,0.134,274,4096,256,9,1141.46,1529.73,1122304,true,pending_log_review,,1,16
A1,GDS,1,0.134,274,4096,256,10,1200.49,2192.398,1122304,true,pending_log_review,,1,16
A1,GDS,1,0.134,274,4096,256,11,1173.372,1536.548,1122304,true,pending_log_review,,1,16
A1,GDS,1,0.134,274,4096,256,12,1130.09,1439.146,1122304,true,pending_log_review,,1,16
A1,GDS,1,0.134,274,4096,256,13,1210.189,1571.788,1122304,true,pending_log_review,,1,16
A1,GDS,1,0.134,274,4096,256,14,1339.357,4348.623,1122304,true,pending_log_review,,1,16
A1,GDS,1,0.134,274,4096,256,15,1195.115,1518.343,1122304,true,pending_log_review,,1,16
A1,GDS,1,0.134,274,4096,256,16,1183.887,1546.358,1122304,true,pending_log_review,,1,16
A1,GDS,1,0.134,274,4096,256,17,1260.664,1506.533,1122304,true,pending_log_review,,1,16
A1,GDS,1,0.134,274,4096,256,18,1337.328,1612.379,1122304,true,pending_log_review,,1,16
A1,GDS,1,0.134,274,4096,256,19,1137.682,1562.889,1122304,true,pending_log_review,,1,16
A1,GDS,1,0.134,274,4096,256,20,1123.31,1540.819,1122304,true,pending_log_review,,1,16
A1,GDS,1,0.134,274,4096,256,21,1283.386,1479.8,1122304,true,pending_log_review,,1,16
A1,GDS,1,0.134,274,4096,256,22,1122.997,1417.134,1122304,true,pending_log_review,,1,16
A1,GDS,1,0.134,274,4096,256,23,1160.389,1461.244,1122304,true,pending_log_review,,1,16
A1,GDS,1,0.134,274,4096,256,24,1302.573,1499.659,1122304,true,pending_log_review,,1,16
A1,GDS,1,0.134,274,4096,256,25,1171.714,1530.076,1122304,true,pending_log_review,,1,16
A1,GDS,1,0.134,274,4096,256,26,1154,1496.218,1122304,true,pending_log_review,,1,16
A1,GDS,1,0.134,274,4096,256,27,1247.049,1546.357,1122304,true,pending_log_review,,1,16
A1,GDS,1,0.134,274,4096,256,28,1278.144,1570.049,1122304,true,pending_log_review,,1,16
A1,GDS,1,0.134,274,4096,256,29,1224.483,1470.161,1122304,true,pending_log_review,,1,16
A1,GDS,1,0.134,274,4096,256,30,1171.349,1520.349,1122304,true,pending_log_review,,1,16
A1,GDS,1,0.134,274,4096,256,31,1271.331,1534.62,1122304,true,pending_log_review,,1,16
A1,GDS,1,0.134,274,4096,256,32,1092.6,1533.495,1122304,true,pending_log_review,,1,16
A1,GDS,1,0.134,274,4096,256,33,1188.394,1416.739,1122304,true,pending_log_review,,1,16
A1,GDS,1,0.134,274,4096,256,34,1285.216,1656.353,1122304,true,pending_log_review,,1,16
A1,GDS,1,0.134,274,4096,256,35,1256.185,3691.94,1122304,true,pending_log_review,,1,16
A1,GDS,1,0.134,274,4096,256,36,1292.373,1623.721,1122304,true,pending_log_review,,1,16
A1,GDS,1,0.134,274,4096,256,37,1119.135,1485.62,1122304,true,pending_log_review,,1,16
A1,GDS,1,0.134,274,4096,256,38,1237.048,1540.086,1122304,true,pending_log_review,,1,16
A1,GDS,1,0.134,274,4096,256,39,1186.963,1623.573,1122304,true,pending_log_review,,1,16
A1,GDS,1,0.134,274,4096,256,40,1189.708,1564.496,1122304,true,pending_log_review,,1,16
A1,GDS,1,0.134,274,4096,256,41,1252.691,1650.267,1122304,true,pending_log_review,,1,16
A1,GDS,1,0.134,274,4096,256,42,1199.92,1549.783,1122304,true,pending_log_review,,1,16
A1,GDS,1,0.134,274,4096,256,43,1665.986,4793.168,1122304,true,pending_log_review,,1,16
A1,GDS,1,0.134,274,4096,256,44,1269.064,1623.193,1122304,true,pending_log_review,,1,16
A1,GDS,1,0.134,274,4096,256,45,1326.688,1613.92,1122304,true,pending_log_review,,1,16
A1,GDS,1,0.134,274,4096,256,46,1163.065,1473.77,1122304,true,pending_log_review,,1,16
A1,GDS,1,0.134,274,4096,256,47,1343.175,1608.71,1122304,true,pending_log_review,,1,16
A1,GDS,1,0.134,274,4096,256,48,1173.815,1467.327,1122304,true,pending_log_review,,1,16
A1,GDS,1,0.134,274,4096,256,49,1174.552,1471.451,1122304,true,pending_log_review,,1,16
A1,GDS,1,0.134,274,4096,256,50,1415.627,1555.307,1122304,true,pending_log_review,,1,16
A1,GDS,1,0.134,274,4096,256,51,1270.623,1608.096,1122304,true,pending_log_review,,1,16
A1,GDS,1,0.134,274,4096,256,52,1244.918,1612.994,1122304,true,pending_log_review,,1,16
A1,GDS,1,0.134,274,4096,256,53,2950.953,6062.029,1122304,true,pending_log_review,,1,16
A1,GDS,1,0.134,274,4096,256,54,1387.364,1616.677,1122304,true,pending_log_review,,1,16
A1,GDS,1,0.134,274,4096,256,55,1280.278,1618.297,1122304,true,pending_log_review,,1,16
A1,GDS,1,0.134,274,4096,256,56,1250.169,1612.988,1122304,true,pending_log_review,,1,16
A1,GDS,1,0.134,274,4096,256,57,1195.224,1509.657,1122304,true,pending_log_review,,1,16
A1,GDS,1,0.134,274,4096,256,58,1269.782,1577.186,1122304,true,pending_log_review,,1,16
A1,GDS,1,0.134,274,4096,256,59,1251.458,1577.481,1122304,true,pending_log_review,,1,16
A1,GDS,1,0.134,274,4096,256,60,1243.201,1545.28,1122304,true,pending_log_review,,1,16
A1,GDS,1,0.134,274,4096,256,61,1269.411,1553.981,1122304,true,pending_log_review,,1,16
A1,GDS,1,0.134,274,4096,256,62,1124.337,1445.691,1122304,true,pending_log_review,,1,16
A1,GDS,1,0.134,274,4096,256,63,1292.859,1553.137,1122304,true,pending_log_review,,1,16
A1,GDS,1,0.134,274,4096,256,64,1305.196,1551.509,1122304,true,pending_log_review,,1,16
A1,GDS,1,0.134,274,4096,256,65,1888.124,2048.447,1122304,true,pending_log_review,,1,16
A1,GDS,1,0.134,274,4096,256,66,1256.357,1607.361,1122304,true,pending_log_review,,1,16
A1,GDS,1,0.134,274,4096,256,67,1277.978,1499.029,1122304,true,pending_log_review,,1,16
A1,GDS,1,0.134,274,4096,256,68,1255.372,1648.018,1122304,true,pending_log_review,,1,16
A1,GDS,1,0.134,274,4096,256,69,1192.954,1646.072,1122304,true,pending_log_review,,1,16
A1,GDS,1,0.134,274,4096,256,70,1156.636,1511.399,1122304,true,pending_log_review,,1,16
A1,GDS,1,0.134,274,4096,256,71,1143.638,1533.451,1122304,true,pending_log_review,,1,16
A1,GDS,1,0.134,274,4096,256,72,1163.025,1558.978,1122304,true,pending_log_review,,1,16
A1,GDS,1,0.134,274,4096,256,73,1185.45,1608.713,1122304,true,pending_log_review,,1,16
A1,GDS,1,0.134,274,4096,256,74,1256.167,1530.951,1122304,true,pending_log_review,,1,16
A1,GDS,1,0.134,274,4096,256,75,1163.437,1522.796,1122304,true,pending_log_review,,1,16
A1,GDS,1,0.134,274,4096,256,76,1341.967,1574.157,1122304,true,pending_log_review,,1,16
A1,GDS,1,0.134,274,4096,256,77,1235.164,1486.668,1122304,true,pending_log_review,,1,16
A1,GDS,1,0.134,274,4096,256,78,1217.569,1507.906,1122304,true,pending_log_review,,1,16
A1,GDS,1,0.134,274,4096,256,79,1147.299,1383.291,1122304,true,pending_log_review,,1,16
A1,GDS,1,0.134,274,4096,256,80,1184.406,1439.074,1122304,true,pending_log_review,,1,16
A1,GDS,1,0.134,274,4096,256,81,1171.158,1372.284,1122304,true,pending_log_review,,1,16
A1,GDS,1,0.134,274,4096,256,82,1221.847,1534.678,1122304,true,pending_log_review,,1,16
A1,GDS,1,0.134,274,4096,256,83,1134.807,1408.022,1122304,true,pending_log_review,,1,16
A1,GDS,1,0.134,274,4096,256,84,1257.566,1524.515,1122304,true,pending_log_review,,1,16
A1,GDS,1,0.134,274,4096,256,85,1179.03,1538.363,1122304,true,pending_log_review,,1,16
A1,GDS,1,0.134,274,4096,256,86,1251.752,1665.949,1122304,true,pending_log_review,,1,16
A1,GDS,1,0.134,274,4096,256,87,1364.213,1621.455,1122304,true,pending_log_review,,1,16
A1,GDS,1,0.134,274,4096,256,88,2638.893,2888.762,1122304,true,pending_log_review,,1,16
A1,GDS,1,0.134,274,4096,256,89,1176.905,1501.851,1122304,true,pending_log_review,,1,16
A1,GDS,1,0.134,274,4096,256,90,1252.315,1614.38,1122304,true,pending_log_review,,1,16
A1,GDS,1,0.134,274,4096,256,91,1198.29,1568.24,1122304,true,pending_log_review,,1,16
A1,GDS,1,0.134,274,4096,256,92,1250.3,1604.783,1122304,true,pending_log_review,,1,16
A1,GDS,1,0.134,274,4096,256,93,1232.675,1619.506,1122304,true,pending_log_review,,1,16
A1,GDS,1,0.134,274,4096,256,94,1245.809,1571.79,1122304,true,pending_log_review,,1,16
A1,GDS,1,0.134,274,4096,256,95,1246.932,1562.094,1122304,true,pending_log_review,,1,16
A1,GDS,1,0.134,274,4096,256,96,1357.119,1574.849,1122304,true,pending_log_review,,1,16
A1,GDS,1,0.134,274,4096,256,97,1219.583,1464.167,1122304,true,pending_log_review,,1,16
A1,GDS,1,0.134,274,4096,256,98,1144.058,1486.195,1122304,true,pending_log_review,,1,16
A1,GDS,1,0.134,274,4096,256,99,1151.771,1530.902,1122304,true,pending_log_review,,1,16
A1,GDS,1,0.134,274,4096,256,100,1220.118,1573.243,1122304,true,pending_log_review,,1,16
A1,GDS,1,0.134,274,4096,256,101,1250.651,1525.416,1122304,true,pending_log_review,,1,16
A1,GDS,1,0.134,274,4096,256,102,1229.557,1561.917,1122304,true,pending_log_review,,1,16
A1,GDS,1,0.134,274,4096,256,103,1233.614,1545.674,1122304,true,pending_log_review,,1,16
A1,GDS,1,0.134,274,4096,256,104,1191.851,1443.199,1122304,true,pending_log_review,,1,16
A1,GDS,1,0.134,274,4096,256,105,1339.591,1568.281,1122304,true,pending_log_review,,1,16
A1,GDS,1,0.134,274,4096,256,106,1099.345,1544.738,1122304,true,pending_log_review,,1,16
A1,GDS,1,0.134,274,4096,256,107,1208.408,1573.137,1122304,true,pending_log_review,,1,16
A1,GDS,1,0.134,274,4096,256,108,1178.58,1443.484,1122304,true,pending_log_review,,1,16
A1,GDS,1,0.134,274,4096,256,109,1305.17,1582.101,1122304,true,pending_log_review,,1,16
A1,GDS,1,0.134,274,4096,256,110,1230.306,1502.544,1122304,true,pending_log_review,,1,16
A1,GDS,1,0.134,274,4096,256,111,1239.077,1529.645,1122304,true,pending_log_review,,1,16
A1,GDS,1,0.134,274,4096,256,112,1189.985,1615.986,1122304,true,pending_log_review,,1,16
A1,GDS,1,0.134,274,4096,256,113,1148.252,1465.443,1122304,true,pending_log_review,,1,16
A1,GDS,1,0.134,274,4096,256,114,1147.635,1500.013,1122304,true,pending_log_review,,1,16
A1,GDS,1,0.134,274,4096,256,115,1301.378,1553.007,1122304,true,pending_log_review,,1,16
A1,GDS,1,0.134,274,4096,256,116,1179.641,1510.514,1122304,true,pending_log_review,,1,16
A1,GDS,1,0.134,274,4096,256,117,1368.395,1627.854,1122304,true,pending_log_review,,1,16
A1,GDS,1,0.134,274,4096,256,118,1269.333,1517.534,1122304,true,pending_log_review,,1,16
A1,GDS,1,0.134,274,4096,256,119,1257.327,1574.748,1122304,true,pending_log_review,,1,16
A1,GDS,1,0.134,274,4096,256,120,1244.058,1549.078,1122304,true,pending_log_review,,1,16
A1,GDS,1,0.134,274,4096,256,121,1235.114,1544.975,1122304,true,pending_log_review,,1,16
A1,GDS,1,0.134,274,4096,256,122,1285.526,1547.83,1122304,true,pending_log_review,,1,16
A1,GDS,1,0.134,274,4096,256,123,1235.756,1529.218,1122304,true,pending_log_review,,1,16
A1,GDS,1,0.134,274,4096,256,124,1182.708,1509.759,1122304,true,pending_log_review,,1,16
A1,GDS,1,0.134,274,4096,256,125,1269.434,1570.606,1122304,true,pending_log_review,,1,16
A1,GDS,1,0.134,274,4096,256,126,1226.545,1486.402,1122304,true,pending_log_review,,1,16
A1,GDS,1,0.134,274,4096,256,127,1167.513,1526.15,1122304,true,pending_log_review,,1,16
A1,GDS,1,0.134,274,4096,256,128,1242.713,1597.778,1122304,true,pending_log_review,,1,16
A1,GDS,1,0.134,274,4096,256,129,1184.325,1546.039,1122304,true,pending_log_review,,1,16
A1,GDS,1,0.134,274,4096,256,130,1315.744,1614.129,1122304,true,pending_log_review,,1,16
A1,GDS,1,0.134,274,4096,256,131,1223.356,1542.478,1122304,true,pending_log_review,,1,16
A1,GDS,1,0.134,274,4096,256,132,1096.4,1497.484,1122304,true,pending_log_review,,1,16
A1,GDS,1,0.134,274,4096,256,133,1170.271,1455.538,1122304,true,pending_log_review,,1,16
A1,GDS,1,0.134,274,4096,256,134,1152.486,1491.457,1122304,true,pending_log_review,,1,16
A1,GDS,1,0.134,274,4096,256,135,1244.227,1430.801,1122304,true,pending_log_review,,1,16
A1,GDS,1,0.134,274,4096,256,136,1200.735,1530.729,1122304,true,pending_log_review,,1,16
A1,GDS,1,0.134,274,4096,256,137,1292.245,1534.563,1122304,true,pending_log_review,,1,16
A1,GDS,1,0.134,274,4096,256,138,2523.857,2743.696,1122304,true,pending_log_review,,1,16
A1,GDS,1,0.134,274,4096,256,139,1297.961,1461.703,1122304,true,pending_log_review,,1,16
A1,GDS,1,0.134,274,4096,256,140,1161.37,1381.452,1122304,true,pending_log_review,,1,16
A1,GDS,1,0.134,274,4096,256,141,1253.403,1565.842,1122304,true,pending_log_review,,1,16
A1,GDS,1,0.134,274,4096,256,142,1235.967,1430.381,1122304,true,pending_log_review,,1,16
A1,GDS,1,0.134,274,4096,256,143,1327.069,1550.667,1122304,true,pending_log_review,,1,16
A1,GDS,1,0.134,274,4096,256,144,1249.162,1477.465,1122304,true,pending_log_review,,1,16
A1,GDS,1,0.134,274,4096,256,145,1156.218,1363.512,1122304,true,pending_log_review,,1,16
A1,GDS,1,0.134,274,4096,256,146,1322.588,1536.998,1122304,true,pending_log_review,,1,16
A1,GDS,1,0.134,274,4096,256,147,1180.311,1529.249,1122304,true,pending_log_review,,1,16
A1,GDS,1,0.134,274,4096,256,148,1135.916,1333.184,1122304,true,pending_log_review,,1,16
A1,GDS,1,0.134,274,4096,256,149,1407.461,1567.464,1122304,true,pending_log_review,,1,16
A1,GDS,1,0.134,274,4096,256,150,1298.412,1536.089,1122304,true,pending_log_review,,1,16
A1,GDS,1,0.134,274,4096,256,151,1265.231,1474.367,1122304,true,pending_log_review,,1,16
A1,GDS,1,0.134,274,4096,256,152,1157.502,1426.797,1122304,true,pending_log_review,,1,16
A1,GDS,1,0.134,274,4096,256,153,1278.09,1538.295,1122304,true,pending_log_review,,1,16
A1,GDS,1,0.134,274,4096,256,154,1136.403,1402.768,1122304,true,pending_log_review,,1,16
A1,GDS,1,0.134,274,4096,256,155,1254.329,1445.788,1122304,true,pending_log_review,,1,16
A1,GDS,1,0.134,274,4096,256,156,1331.729,1584.595,1122304,true,pending_log_review,,1,16
A1,GDS,1,0.134,274,4096,256,157,1800.522,4104.558,1122304,true,pending_log_review,,1,16
A1,GDS,1,0.134,274,4096,256,158,1307.11,1686.326,1122304,true,pending_log_review,,1,16
A1,GDS,1,0.134,274,4096,256,159,1206.048,1583.974,1122304,true,pending_log_review,,1,16
A1,GDS,1,0.134,274,4096,256,160,1215.37,1435.017,1122304,true,pending_log_review,,1,16
A1,GDS,1,0.134,274,4096,256,161,1154.219,1478.26,1122304,true,pending_log_review,,1,16
A1,GDS,1,0.134,274,4096,256,162,1305.033,1537.648,1122304,true,pending_log_review,,1,16
A1,GDS,1,0.134,274,4096,256,163,1230.446,1527.855,1122304,true,pending_log_review,,1,16
A1,GDS,1,0.134,274,4096,256,164,1190.861,1403.408,1122304,true,pending_log_review,,1,16
A1,GDS,1,0.134,274,4096,256,165,1213.155,1491.448,1122304,true,pending_log_review,,1,16
A1,GDS,1,0.134,274,4096,256,166,1327.165,1564.216,1122304,true,pending_log_review,,1,16
A1,GDS,1,0.134,274,4096,256,167,1179.035,1482.432,1122304,true,pending_log_review,,1,16
A1,GDS,1,0.134,274,4096,256,168,1170.12,1601.331,1122304,true,pending_log_review,,1,16
A1,GDS,1,0.134,274,4096,256,169,1253.295,1437.243,1122304,true,pending_log_review,,1,16
A1,GDS,1,0.134,274,4096,256,170,1329.939,1610.34,1122304,true,pending_log_review,,1,16
A1,GDS,1,0.134,274,4096,256,171,1171.942,1511.376,1122304,true,pending_log_review,,1,16
A1,GDS,1,0.134,274,4096,256,172,1241.874,1470.982,1122304,true,pending_log_review,,1,16
A1,GDS,1,0.134,274,4096,256,173,1308.445,1571.589,1122304,true,pending_log_review,,1,16
A1,GDS,1,0.134,274,4096,256,174,1421.26,1999.861,1122304,true,pending_log_review,,1,16
A1,GDS,1,0.134,274,4096,256,175,1185.409,1510.58,1122304,true,pending_log_review,,1,16
A1,GDS,1,0.134,274,4096,256,176,1214.036,1551.479,1122304,true,pending_log_review,,1,16
A1,GDS,1,0.134,274,4096,256,177,1117.848,1553.736,1122304,true,pending_log_review,,1,16
A1,GDS,1,0.134,274,4096,256,178,1147.256,1556.668,1122304,true,pending_log_review,,1,16
A1,GDS,1,0.134,274,4096,256,179,1238.995,1568.768,1122304,true,pending_log_review,,1,16
A1,GDS,1,0.134,274,4096,256,180,1208.705,1535.046,1122304,true,pending_log_review,,1,16
A1,GDS,1,0.134,274,4096,256,181,1165.89,1593.059,1122304,true,pending_log_review,,1,16
A1,GDS,1,0.134,274,4096,256,182,1198.172,1559.574,1122304,true,pending_log_review,,1,16
A1,GDS,1,0.134,274,4096,256,183,1203.241,1608.907,1122304,true,pending_log_review,,1,16
A1,GDS,1,0.134,274,4096,256,184,1217.344,1592.346,1122304,true,pending_log_review,,1,16
A1,GDS,1,0.134,274,4096,256,185,1357.598,1672.874,1122304,true,pending_log_review,,1,16
A1,GDS,1,0.134,274,4096,256,186,1240.814,1505.825,1122304,true,pending_log_review,,1,16
A1,GDS,1,0.134,274,4096,256,187,1282.727,1587.824,1122304,true,pending_log_review,,1,16
A1,GDS,1,0.134,274,4096,256,188,1286.66,1491.255,1122304,true,pending_log_review,,1,16
A1,GDS,1,0.134,274,4096,256,189,1214.146,1551.149,1122304,true,pending_log_review,,1,16
A1,GDS,1,0.134,274,4096,256,190,1330.471,1561.752,1122304,true,pending_log_review,,1,16
A1,GDS,1,0.134,274,4096,256,191,1231.125,1493.952,1122304,true,pending_log_review,,1,16
A1,GDS,1,0.134,274,4096,256,192,1230.507,1502.099,1122304,true,pending_log_review,,1,16
A1,GDS,1,0.134,274,4096,256,193,1317.369,1515.953,1122304,true,pending_log_review,,1,16
A1,GDS,1,0.134,274,4096,256,194,1303.794,1577.415,1122304,true,pending_log_review,,1,16
A1,GDS,1,0.134,274,4096,256,195,2740.836,2981.5,1122304,true,pending_log_review,,1,16
A1,GDS,1,0.134,274,4096,256,196,1225.983,1576.231,1122304,true,pending_log_review,,1,16
A1,GDS,1,0.134,274,4096,256,197,1173.654,1573.671,1122304,true,pending_log_review,,1,16
A1,GDS,1,0.134,274,4096,256,198,1282.292,1544.126,1122304,true,pending_log_review,,1,16
A1,GDS,1,0.134,274,4096,256,199,1153.216,1539.678,1122304,true,pending_log_review,,1,16
A1,GDS,1,0.134,274,4096,256,0,1188.176,1486.472,1122304,true,pending_log_review,,3,16
A1,GDS,1,0.3,614,4096,256,0,2853.117,4626.13,2514944,true,pending_log_review,,2,16
A1,GDS,1,0.3,614,4096,256,0,2821.434,4240.804,2514944,true,pending_log_review,,0,16
A1,GDS,1,0.3,614,4096,256,1,2724.029,4665.786,2514944,true,pending_log_review,,0,16
A1,GDS,1,0.3,614,4096,256,2,2657.361,3537.405,2514944,true,pending_log_review,,0,16
A1,GDS,1,0.3,614,4096,256,3,6816.446,10065.859,2514944,true,pending_log_review,,0,16
A1,GDS,1,0.3,614,4096,256,4,2739.145,3497.372,2514944,true,pending_log_review,,0,16
A1,GDS,1,0.3,614,4096,256,5,2965.852,3390.51,2514944,true,pending_log_review,,0,16
A1,GDS,1,0.3,614,4096,256,6,2566.323,3318.125,2514944,true,pending_log_review,,0,16
A1,GDS,1,0.3,614,4096,256,7,2577.765,3064.381,2514944,true,pending_log_review,,0,16
A1,GDS,1,0.3,614,4096,256,8,2473.876,3146.319,2514944,true,pending_log_review,,0,16
A1,GDS,1,0.3,614,4096,256,9,2536.749,3101.624,2514944,true,pending_log_review,,0,16
A1,GDS,1,0.3,614,4096,256,0,2526.496,3168.292,2514944,true,pending_log_review,,1,16
A1,GDS,1,0.3,614,4096,256,1,2614.936,3186.206,2514944,true,pending_log_review,,1,16
A1,GDS,1,0.3,614,4096,256,2,2492.926,3332.487,2514944,true,pending_log_review,,1,16
A1,GDS,1,0.3,614,4096,256,3,2428.464,3161.348,2514944,true,pending_log_review,,1,16
A1,GDS,1,0.3,614,4096,256,4,2434.972,3192.343,2514944,true,pending_log_review,,1,16
A1,GDS,1,0.3,614,4096,256,5,2527.823,3178.084,2514944,true,pending_log_review,,1,16
A1,GDS,1,0.3,614,4096,256,6,2474.979,3197.25,2514944,true,pending_log_review,,1,16
A1,GDS,1,0.3,614,4096,256,7,4302.283,5166.631,2514944,true,pending_log_review,,1,16
A1,GDS,1,0.3,614,4096,256,8,2446.183,3043.046,2514944,true,pending_log_review,,1,16
A1,GDS,1,0.3,614,4096,256,9,2629.954,3107.176,2514944,true,pending_log_review,,1,16
A1,GDS,1,0.3,614,4096,256,10,2409.413,3279.242,2514944,true,pending_log_review,,1,16
A1,GDS,1,0.3,614,4096,256,11,2512.858,3005.018,2514944,true,pending_log_review,,1,16
A1,GDS,1,0.3,614,4096,256,12,2498.03,3213.027,2514944,true,pending_log_review,,1,16
A1,GDS,1,0.3,614,4096,256,13,2497.735,3208.276,2514944,true,pending_log_review,,1,16
A1,GDS,1,0.3,614,4096,256,14,2518.138,3037.655,2514944,true,pending_log_review,,1,16
A1,GDS,1,0.3,614,4096,256,15,2593.686,3326.891,2514944,true,pending_log_review,,1,16
A1,GDS,1,0.3,614,4096,256,16,2488.537,3328.881,2514944,true,pending_log_review,,1,16
A1,GDS,1,0.3,614,4096,256,17,2482.377,3271.773,2514944,true,pending_log_review,,1,16
A1,GDS,1,0.3,614,4096,256,18,2457.233,3176.357,2514944,true,pending_log_review,,1,16
A1,GDS,1,0.3,614,4096,256,19,2680.4,3235.431,2514944,true,pending_log_review,,1,16
A1,GDS,1,0.3,614,4096,256,20,2610.725,3072.256,2514944,true,pending_log_review,,1,16
A1,GDS,1,0.3,614,4096,256,21,2597.19,3186.864,2514944,true,pending_log_review,,1,16
A1,GDS,1,0.3,614,4096,256,22,2582.718,3184.702,2514944,true,pending_log_review,,1,16
A1,GDS,1,0.3,614,4096,256,23,2461.25,3203.587,2514944,true,pending_log_review,,1,16
A1,GDS,1,0.3,614,4096,256,24,2552.585,3185.987,2514944,true,pending_log_review,,1,16
A1,GDS,1,0.3,614,4096,256,25,2481.162,3022.413,2514944,true,pending_log_review,,1,16
A1,GDS,1,0.3,614,4096,256,26,2435.46,3194.845,2514944,true,pending_log_review,,1,16
A1,GDS,1,0.3,614,4096,256,27,2483.793,3281.278,2514944,true,pending_log_review,,1,16
A1,GDS,1,0.3,614,4096,256,28,6795.528,7420.239,2514944,true,pending_log_review,,1,16
A1,GDS,1,0.3,614,4096,256,29,2991.828,3464.76,2514944,true,pending_log_review,,1,16
A1,GDS,1,0.3,614,4096,256,30,3222.543,3693.219,2514944,true,pending_log_review,,1,16
A1,GDS,1,0.3,614,4096,256,31,3132.45,3612.504,2514944,true,pending_log_review,,1,16
A1,GDS,1,0.3,614,4096,256,32,2972.64,3485.423,2514944,true,pending_log_review,,1,16
A1,GDS,1,0.3,614,4096,256,33,3129.91,3588.672,2514944,true,pending_log_review,,1,16
A1,GDS,1,0.3,614,4096,256,34,2817.489,3303.71,2514944,true,pending_log_review,,1,16
A1,GDS,1,0.3,614,4096,256,35,2906.633,3311.733,2514944,true,pending_log_review,,1,16
A1,GDS,1,0.3,614,4096,256,36,3001.9,3504.937,2514944,true,pending_log_review,,1,16
A1,GDS,1,0.3,614,4096,256,37,2987.21,3468.036,2514944,true,pending_log_review,,1,16
A1,GDS,1,0.3,614,4096,256,38,3141.416,3602.795,2514944,true,pending_log_review,,1,16
A1,GDS,1,0.3,614,4096,256,39,3065.53,3480.652,2514944,true,pending_log_review,,1,16
A1,GDS,1,0.3,614,4096,256,40,2928.733,3388.664,2514944,true,pending_log_review,,1,16
A1,GDS,1,0.3,614,4096,256,41,2927.426,3370.109,2514944,true,pending_log_review,,1,16
A1,GDS,1,0.3,614,4096,256,42,2965.489,3523.751,2514944,true,pending_log_review,,1,16
A1,GDS,1,0.3,614,4096,256,43,2949.564,3406.312,2514944,true,pending_log_review,,1,16
A1,GDS,1,0.3,614,4096,256,44,2789.421,3265.248,2514944,true,pending_log_review,,1,16
A1,GDS,1,0.3,614,4096,256,45,3174.477,3624.571,2514944,true,pending_log_review,,1,16
A1,GDS,1,0.3,614,4096,256,46,3102.214,3627.841,2514944,true,pending_log_review,,1,16
A1,GDS,1,0.3,614,4096,256,47,2976.364,3427.744,2514944,true,pending_log_review,,1,16
A1,GDS,1,0.3,614,4096,256,48,3030.041,3486.441,2514944,true,pending_log_review,,1,16
A1,GDS,1,0.3,614,4096,256,49,3014.325,3436.044,2514944,true,pending_log_review,,1,16
A1,GDS,1,0.3,614,4096,256,50,3160.622,3589.543,2514944,true,pending_log_review,,1,16
A1,GDS,1,0.3,614,4096,256,51,2947.951,3363.812,2514944,true,pending_log_review,,1,16
A1,GDS,1,0.3,614,4096,256,52,2932.598,3410.986,2514944,true,pending_log_review,,1,16
A1,GDS,1,0.3,614,4096,256,53,3019.801,3494.418,2514944,true,pending_log_review,,1,16
A1,GDS,1,0.3,614,4096,256,54,2927.704,3418.862,2514944,true,pending_log_review,,1,16
A1,GDS,1,0.3,614,4096,256,55,3117.317,3541.021,2514944,true,pending_log_review,,1,16
A1,GDS,1,0.3,614,4096,256,56,3069.195,3549.829,2514944,true,pending_log_review,,1,16
A1,GDS,1,0.3,614,4096,256,57,3031.267,3500.758,2514944,true,pending_log_review,,1,16
A1,GDS,1,0.3,614,4096,256,58,2892.071,3329.538,2514944,true,pending_log_review,,1,16
A1,GDS,1,0.3,614,4096,256,59,3161.509,3600.585,2514944,true,pending_log_review,,1,16
A1,GDS,1,0.3,614,4096,256,60,2876.496,3363.584,2514944,true,pending_log_review,,1,16
A1,GDS,1,0.3,614,4096,256,61,3086.126,3501.902,2514944,true,pending_log_review,,1,16
A1,GDS,1,0.3,614,4096,256,62,2990.034,3458.237,2514944,true,pending_log_review,,1,16
A1,GDS,1,0.3,614,4096,256,63,3102.587,3579.877,2514944,true,pending_log_review,,1,16
A1,GDS,1,0.3,614,4096,256,64,2933.395,3432.492,2514944,true,pending_log_review,,1,16
A1,GDS,1,0.3,614,4096,256,65,2907.506,3349.145,2514944,true,pending_log_review,,1,16
A1,GDS,1,0.3,614,4096,256,66,3101.861,3539.326,2514944,true,pending_log_review,,1,16
A1,GDS,1,0.3,614,4096,256,67,2966.432,3375.99,2514944,true,pending_log_review,,1,16
A1,GDS,1,0.3,614,4096,256,68,3066.841,3579.327,2514944,true,pending_log_review,,1,16
A1,GDS,1,0.3,614,4096,256,69,3107.731,3608.752,2514944,true,pending_log_review,,1,16
A1,GDS,1,0.3,614,4096,256,70,2876.526,3346.284,2514944,true,pending_log_review,,1,16
A1,GDS,1,0.3,614,4096,256,71,2958.682,3378.384,2514944,true,pending_log_review,,1,16
A1,GDS,1,0.3,614,4096,256,72,2992.139,3472.007,2514944,true,pending_log_review,,1,16
A1,GDS,1,0.3,614,4096,256,73,3028.235,3445.339,2514944,true,pending_log_review,,1,16
A1,GDS,1,0.3,614,4096,256,74,2929.847,3379.079,2514944,true,pending_log_review,,1,16
A1,GDS,1,0.3,614,4096,256,75,2985.155,3377.601,2514944,true,pending_log_review,,1,16
A1,GDS,1,0.3,614,4096,256,76,3000.167,3430.176,2514944,true,pending_log_review,,1,16
A1,GDS,1,0.3,614,4096,256,77,2845.188,3374.816,2514944,true,pending_log_review,,1,16
A1,GDS,1,0.3,614,4096,256,78,2979.294,3465.236,2514944,true,pending_log_review,,1,16
A1,GDS,1,0.3,614,4096,256,79,2932.571,3346.359,2514944,true,pending_log_review,,1,16
A1,GDS,1,0.3,614,4096,256,80,2839.765,3461.436,2514944,true,pending_log_review,,1,16
A1,GDS,1,0.3,614,4096,256,81,2845.772,3370.541,2514944,true,pending_log_review,,1,16
A1,GDS,1,0.3,614,4096,256,82,2802.545,3380.709,2514944,true,pending_log_review,,1,16
A1,GDS,1,0.3,614,4096,256,83,2938.433,3358.493,2514944,true,pending_log_review,,1,16
A1,GDS,1,0.3,614,4096,256,84,2922.701,3407.941,2514944,true,pending_log_review,,1,16
A1,GDS,1,0.3,614,4096,256,85,2810.152,3372.596,2514944,true,pending_log_review,,1,16
A1,GDS,1,0.3,614,4096,256,86,3053.924,3464.913,2514944,true,pending_log_review,,1,16
A1,GDS,1,0.3,614,4096,256,87,2997.619,3480.074,2514944,true,pending_log_review,,1,16
A1,GDS,1,0.3,614,4096,256,88,3649.787,4190.689,2514944,true,pending_log_review,,1,16
A1,GDS,1,0.3,614,4096,256,89,2955.259,3511.578,2514944,true,pending_log_review,,1,16
A1,GDS,1,0.3,614,4096,256,90,3191.48,3647.224,2514944,true,pending_log_review,,1,16
A1,GDS,1,0.3,614,4096,256,91,2936.794,3365.703,2514944,true,pending_log_review,,1,16
A1,GDS,1,0.3,614,4096,256,92,3055.459,3498.663,2514944,true,pending_log_review,,1,16
A1,GDS,1,0.3,614,4096,256,93,3119.254,3583.046,2514944,true,pending_log_review,,1,16
A1,GDS,1,0.3,614,4096,256,94,2981.74,3386.938,2514944,true,pending_log_review,,1,16
A1,GDS,1,0.3,614,4096,256,95,2898.938,3366.431,2514944,true,pending_log_review,,1,16
A1,GDS,1,0.3,614,4096,256,96,3168.643,3657.283,2514944,true,pending_log_review,,1,16
A1,GDS,1,0.3,614,4096,256,97,3040.891,3468.681,2514944,true,pending_log_review,,1,16
A1,GDS,1,0.3,614,4096,256,98,3143.971,3591.795,2514944,true,pending_log_review,,1,16
A1,GDS,1,0.3,614,4096,256,99,3080.478,3503.737,2514944,true,pending_log_review,,1,16
A1,GDS,1,0.3,614,4096,256,100,2864.376,3364.725,2514944,true,pending_log_review,,1,16
A1,GDS,1,0.3,614,4096,256,101,3043.688,3512.309,2514944,true,pending_log_review,,1,16
A1,GDS,1,0.3,614,4096,256,102,3054.377,3513.759,2514944,true,pending_log_review,,1,16
A1,GDS,1,0.3,614,4096,256,103,3031.85,3496.413,2514944,true,pending_log_review,,1,16
A1,GDS,1,0.3,614,4096,256,104,2957.03,3343.793,2514944,true,pending_log_review,,1,16
A1,GDS,1,0.3,614,4096,256,105,3117.397,3645.563,2514944,true,pending_log_review,,1,16
A1,GDS,1,0.3,614,4096,256,106,2974.634,3486.495,2514944,true,pending_log_review,,1,16
A1,GDS,1,0.3,614,4096,256,107,2999.341,3445.31,2514944,true,pending_log_review,,1,16
A1,GDS,1,0.3,614,4096,256,108,3137.854,3582.878,2514944,true,pending_log_review,,1,16
A1,GDS,1,0.3,614,4096,256,109,3107.926,3563.899,2514944,true,pending_log_review,,1,16
A1,GDS,1,0.3,614,4096,256,110,3185.09,3565.212,2514944,true,pending_log_review,,1,16
A1,GDS,1,0.3,614,4096,256,111,2950.458,3357.974,2514944,true,pending_log_review,,1,16
A1,GDS,1,0.3,614,4096,256,112,3254.097,3685.201,2514944,true,pending_log_review,,1,16
A1,GDS,1,0.3,614,4096,256,113,2919.419,3399.444,2514944,true,pending_log_review,,1,16
A1,GDS,1,0.3,614,4096,256,114,3168.577,3572.659,2514944,true,pending_log_review,,1,16
A1,GDS,1,0.3,614,4096,256,115,3020.139,3536.384,2514944,true,pending_log_review,,1,16
A1,GDS,1,0.3,614,4096,256,116,3125.001,3595.279,2514944,true,pending_log_review,,1,16
A1,GDS,1,0.3,614,4096,256,117,2967.958,3459.772,2514944,true,pending_log_review,,1,16
A1,GDS,1,0.3,614,4096,256,118,3011.796,3483.402,2514944,true,pending_log_review,,1,16
A1,GDS,1,0.3,614,4096,256,119,3049.861,3537.309,2514944,true,pending_log_review,,1,16
A1,GDS,1,0.3,614,4096,256,120,2869.719,3334.552,2514944,true,pending_log_review,,1,16
A1,GDS,1,0.3,614,4096,256,121,3042.901,3471.194,2514944,true,pending_log_review,,1,16
A1,GDS,1,0.3,614,4096,256,122,2985.893,3373.39,2514944,true,pending_log_review,,1,16
A1,GDS,1,0.3,614,4096,256,123,2948.78,3440.155,2514944,true,pending_log_review,,1,16
A1,GDS,1,0.3,614,4096,256,124,2893.66,3307.103,2514944,true,pending_log_review,,1,16
A1,GDS,1,0.3,614,4096,256,125,3108.339,3551.197,2514944,true,pending_log_review,,1,16
A1,GDS,1,0.3,614,4096,256,126,3059.182,3513.048,2514944,true,pending_log_review,,1,16
A1,GDS,1,0.3,614,4096,256,127,6972.068,7651.11,2514944,true,pending_log_review,,1,16
A1,GDS,1,0.3,614,4096,256,128,3005.634,3416.877,2514944,true,pending_log_review,,1,16
A1,GDS,1,0.3,614,4096,256,129,3040.044,3471.858,2514944,true,pending_log_review,,1,16
A1,GDS,1,0.3,614,4096,256,130,2907.714,3341.036,2514944,true,pending_log_review,,1,16
A1,GDS,1,0.3,614,4096,256,131,2914.607,3343.223,2514944,true,pending_log_review,,1,16
A1,GDS,1,0.3,614,4096,256,132,2946.945,3439.973,2514944,true,pending_log_review,,1,16
A1,GDS,1,0.3,614,4096,256,133,2887.862,3402.437,2514944,true,pending_log_review,,1,16
A1,GDS,1,0.3,614,4096,256,134,2931.811,3386.987,2514944,true,pending_log_review,,1,16
A1,GDS,1,0.3,614,4096,256,135,2925.517,3473.994,2514944,true,pending_log_review,,1,16
A1,GDS,1,0.3,614,4096,256,136,2870.364,3441.949,2514944,true,pending_log_review,,1,16
A1,GDS,1,0.3,614,4096,256,137,3188.138,3608.948,2514944,true,pending_log_review,,1,16
A1,GDS,1,0.3,614,4096,256,138,2988.136,3466.799,2514944,true,pending_log_review,,1,16
A1,GDS,1,0.3,614,4096,256,139,2982.312,3396.187,2514944,true,pending_log_review,,1,16
A1,GDS,1,0.3,614,4096,256,140,3234.537,3665.898,2514944,true,pending_log_review,,1,16
A1,GDS,1,0.3,614,4096,256,141,2943.3,3423.443,2514944,true,pending_log_review,,1,16
A1,GDS,1,0.3,614,4096,256,142,3247.87,3695.198,2514944,true,pending_log_review,,1,16
A1,GDS,1,0.3,614,4096,256,143,2975.849,3387.983,2514944,true,pending_log_review,,1,16
A1,GDS,1,0.3,614,4096,256,144,3057.309,3488.568,2514944,true,pending_log_review,,1,16
A1,GDS,1,0.3,614,4096,256,145,3155.797,3666.074,2514944,true,pending_log_review,,1,16
A1,GDS,1,0.3,614,4096,256,146,2892.65,3362.545,2514944,true,pending_log_review,,1,16
A1,GDS,1,0.3,614,4096,256,147,2883.65,3447.807,2514944,true,pending_log_review,,1,16
A1,GDS,1,0.3,614,4096,256,148,2849.422,3328.168,2514944,true,pending_log_review,,1,16
A1,GDS,1,0.3,614,4096,256,149,2852.341,3267.185,2514944,true,pending_log_review,,1,16
A1,GDS,1,0.3,614,4096,256,150,3234.003,3707.412,2514944,true,pending_log_review,,1,16
A1,GDS,1,0.3,614,4096,256,151,3068.615,3518.173,2514944,true,pending_log_review,,1,16
A1,GDS,1,0.3,614,4096,256,152,2954.538,3366.072,2514944,true,pending_log_review,,1,16
A1,GDS,1,0.3,614,4096,256,153,3176.81,3602.379,2514944,true,pending_log_review,,1,16
A1,GDS,1,0.3,614,4096,256,154,3060.727,3470.71,2514944,true,pending_log_review,,1,16
A1,GDS,1,0.3,614,4096,256,155,2891.302,3348.972,2514944,true,pending_log_review,,1,16
A1,GDS,1,0.3,614,4096,256,156,2934.108,3366.724,2514944,true,pending_log_review,,1,16
A1,GDS,1,0.3,614,4096,256,157,3117.473,3552.739,2514944,true,pending_log_review,,1,16
A1,GDS,1,0.3,614,4096,256,158,2960.909,3420.83,2514944,true,pending_log_review,,1,16
A1,GDS,1,0.3,614,4096,256,159,2782.052,3269.796,2514944,true,pending_log_review,,1,16
A1,GDS,1,0.3,614,4096,256,160,2883.259,3560.928,2514944,true,pending_log_review,,1,16
A1,GDS,1,0.3,614,4096,256,161,2957.624,3461.877,2514944,true,pending_log_review,,1,16
A1,GDS,1,0.3,614,4096,256,162,2528.281,3049.452,2514944,true,pending_log_review,,1,16
A1,GDS,1,0.3,614,4096,256,163,2600.691,3063.2,2514944,true,pending_log_review,,1,16
A1,GDS,1,0.3,614,4096,256,164,2448.257,3083.057,2514944,true,pending_log_review,,1,16
A1,GDS,1,0.3,614,4096,256,165,2539.475,3262.816,2514944,true,pending_log_review,,1,16
A1,GDS,1,0.3,614,4096,256,166,2387.338,3109.312,2514944,true,pending_log_review,,1,16
A1,GDS,1,0.3,614,4096,256,167,2349.248,3183.295,2514944,true,pending_log_review,,1,16
A1,GDS,1,0.3,614,4096,256,168,2477.406,3104.639,2514944,true,pending_log_review,,1,16
A1,GDS,1,0.3,614,4096,256,169,2519.302,3216.813,2514944,true,pending_log_review,,1,16
A1,GDS,1,0.3,614,4096,256,170,2548.566,3201.856,2514944,true,pending_log_review,,1,16
A1,GDS,1,0.3,614,4096,256,171,2565,2989.482,2514944,true,pending_log_review,,1,16
A1,GDS,1,0.3,614,4096,256,172,2448.641,3033.59,2514944,true,pending_log_review,,1,16
A1,GDS,1,0.3,614,4096,256,173,2583.371,3176.684,2514944,true,pending_log_review,,1,16
A1,GDS,1,0.3,614,4096,256,174,2459.352,2858.4,2514944,true,pending_log_review,,1,16
A1,GDS,1,0.3,614,4096,256,175,2500.474,3122.644,2514944,true,pending_log_review,,1,16
A1,GDS,1,0.3,614,4096,256,176,2510.031,3027.083,2514944,true,pending_log_review,,1,16
A1,GDS,1,0.3,614,4096,256,177,2417.429,2940.497,2514944,true,pending_log_review,,1,16
A1,GDS,1,0.3,614,4096,256,178,2443.48,3041.571,2514944,true,pending_log_review,,1,16
A1,GDS,1,0.3,614,4096,256,179,2264.446,2757.284,2514944,true,pending_log_review,,1,16
A1,GDS,1,0.3,614,4096,256,180,2492.22,3101.45,2514944,true,pending_log_review,,1,16
A1,GDS,1,0.3,614,4096,256,181,2461.692,3110.234,2514944,true,pending_log_review,,1,16
A1,GDS,1,0.3,614,4096,256,182,2488.859,3122.389,2514944,true,pending_log_review,,1,16
A1,GDS,1,0.3,614,4096,256,183,2428.043,3002.423,2514944,true,pending_log_review,,1,16
A1,GDS,1,0.3,614,4096,256,184,2429.024,3214.427,2514944,true,pending_log_review,,1,16
A1,GDS,1,0.3,614,4096,256,185,2432.884,3093.578,2514944,true,pending_log_review,,1,16
A1,GDS,1,0.3,614,4096,256,186,2367.694,3096.337,2514944,true,pending_log_review,,1,16
A1,GDS,1,0.3,614,4096,256,187,2449.847,3139.44,2514944,true,pending_log_review,,1,16
A1,GDS,1,0.3,614,4096,256,188,2527.85,3007.566,2514944,true,pending_log_review,,1,16
A1,GDS,1,0.3,614,4096,256,189,2528.278,3076.784,2514944,true,pending_log_review,,1,16
A1,GDS,1,0.3,614,4096,256,190,2429.314,3122.443,2514944,true,pending_log_review,,1,16
A1,GDS,1,0.3,614,4096,256,191,2728.817,3482.826,2514944,true,pending_log_review,,1,16
A1,GDS,1,0.3,614,4096,256,192,2657.203,3131.882,2514944,true,pending_log_review,,1,16
A1,GDS,1,0.3,614,4096,256,193,2565.066,3301.114,2514944,true,pending_log_review,,1,16
A1,GDS,1,0.3,614,4096,256,194,2546.363,3233.974,2514944,true,pending_log_review,,1,16
A1,GDS,1,0.3,614,4096,256,195,2575.702,3021.342,2514944,true,pending_log_review,,1,16
A1,GDS,1,0.3,614,4096,256,196,2648.299,3088.255,2514944,true,pending_log_review,,1,16
A1,GDS,1,0.3,614,4096,256,197,2534.124,2906.825,2514944,true,pending_log_review,,1,16
A1,GDS,1,0.3,614,4096,256,198,2454.889,2937.364,2514944,true,pending_log_review,,1,16
A1,GDS,1,0.3,614,4096,256,199,2448.562,3186.961,2514944,true,pending_log_review,,1,16
A1,GDS,1,0.3,614,4096,256,0,2579.979,3167.859,2514944,true,pending_log_review,,3,16
A1,GDS,4,0.067,549,4096,256,0,2102.598,2596.171,2248704,true,pending_log_review,,2,16
A1,GDS,4,0.067,549,4096,256,0,2160.389,2916.413,2248704,true,pending_log_review,,0,16
A1,GDS,4,0.067,549,4096,256,1,2332.194,2791.773,2248704,true,pending_log_review,,0,16
A1,GDS,4,0.067,549,4096,256,2,2301.86,2742.826,2248704,true,pending_log_review,,0,16
A1,GDS,4,0.067,549,4096,256,3,2339.695,2804.108,2248704,true,pending_log_review,,0,16
A1,GDS,4,0.067,549,4096,256,4,2315.674,2614.147,2248704,true,pending_log_review,,0,16
A1,GDS,4,0.067,549,4096,256,5,2281.868,2914.714,2248704,true,pending_log_review,,0,16
A1,GDS,4,0.067,549,4096,256,6,2295.58,2721.245,2248704,true,pending_log_review,,0,16
A1,GDS,4,0.067,549,4096,256,7,2273.944,2720.537,2248704,true,pending_log_review,,0,16
A1,GDS,4,0.067,549,4096,256,8,2255.556,2954.56,2248704,true,pending_log_review,,0,16
A1,GDS,4,0.067,549,4096,256,9,2336.069,2919.669,2248704,true,pending_log_review,,0,16
A1,GDS,4,0.067,549,4096,256,0,2165.517,2676.449,2248704,true,pending_log_review,,1,16
A1,GDS,4,0.067,549,4096,256,1,2176.854,2621.605,2248704,true,pending_log_review,,1,16
A1,GDS,4,0.067,549,4096,256,2,2678.013,3210.203,2248704,true,pending_log_review,,1,16
A1,GDS,4,0.067,549,4096,256,3,2477.854,2829.078,2248704,true,pending_log_review,,1,16
A1,GDS,4,0.067,549,4096,256,4,2360.754,2757.483,2248704,true,pending_log_review,,1,16
A1,GDS,4,0.067,549,4096,256,5,2337.817,2724.08,2248704,true,pending_log_review,,1,16
A1,GDS,4,0.067,549,4096,256,6,2287.871,2640.565,2248704,true,pending_log_review,,1,16
A1,GDS,4,0.067,549,4096,256,7,2474.997,2793.527,2248704,true,pending_log_review,,1,16
A1,GDS,4,0.067,549,4096,256,8,2308.798,2661.915,2248704,true,pending_log_review,,1,16
A1,GDS,4,0.067,549,4096,256,9,2167.46,2568.224,2248704,true,pending_log_review,,1,16
A1,GDS,4,0.067,549,4096,256,10,2270.005,2642.106,2248704,true,pending_log_review,,1,16
A1,GDS,4,0.067,549,4096,256,11,2220.375,2617.929,2248704,true,pending_log_review,,1,16
A1,GDS,4,0.067,549,4096,256,12,2340.581,2704.577,2248704,true,pending_log_review,,1,16
A1,GDS,4,0.067,549,4096,256,13,2295.984,2651.884,2248704,true,pending_log_review,,1,16
A1,GDS,4,0.067,549,4096,256,14,2366.047,2727.83,2248704,true,pending_log_review,,1,16
A1,GDS,4,0.067,549,4096,256,15,2220.366,2587.341,2248704,true,pending_log_review,,1,16
A1,GDS,4,0.067,549,4096,256,16,2168.158,2548.322,2248704,true,pending_log_review,,1,16
A1,GDS,4,0.067,549,4096,256,17,2250.244,2576.902,2248704,true,pending_log_review,,1,16
A1,GDS,4,0.067,549,4096,256,18,2289.827,2696.349,2248704,true,pending_log_review,,1,16
A1,GDS,4,0.067,549,4096,256,19,2481.577,2778.761,2248704,true,pending_log_review,,1,16
A1,GDS,4,0.067,549,4096,256,20,2263.747,2866.937,2248704,true,pending_log_review,,1,16
A1,GDS,4,0.067,549,4096,256,21,2234.502,2842.407,2248704,true,pending_log_review,,1,16
A1,GDS,4,0.067,549,4096,256,22,2278.71,2894.093,2248704,true,pending_log_review,,1,16
A1,GDS,4,0.067,549,4096,256,23,2433.944,2868.683,2248704,true,pending_log_review,,1,16
A1,GDS,4,0.067,549,4096,256,24,2206.35,2923.802,2248704,true,pending_log_review,,1,16
A1,GDS,4,0.067,549,4096,256,25,2321.582,2774.973,2248704,true,pending_log_review,,1,16
A1,GDS,4,0.067,549,4096,256,26,2274.658,2934.614,2248704,true,pending_log_review,,1,16
A1,GDS,4,0.067,549,4096,256,27,2260.668,2971.945,2248704,true,pending_log_review,,1,16
A1,GDS,4,0.067,549,4096,256,28,2257.284,2817.443,2248704,true,pending_log_review,,1,16
A1,GDS,4,0.067,549,4096,256,29,2285.982,2941.75,2248704,true,pending_log_review,,1,16
A1,GDS,4,0.067,549,4096,256,30,2281.915,2849.91,2248704,true,pending_log_review,,1,16
A1,GDS,4,0.067,549,4096,256,31,2309.58,2776.311,2248704,true,pending_log_review,,1,16
A1,GDS,4,0.067,549,4096,256,32,2109.574,2640.516,2248704,true,pending_log_review,,1,16
A1,GDS,4,0.067,549,4096,256,33,2273.026,2667.299,2248704,true,pending_log_review,,1,16
A1,GDS,4,0.067,549,4096,256,34,2222.972,2570.983,2248704,true,pending_log_review,,1,16
A1,GDS,4,0.067,549,4096,256,35,2252.094,2613.641,2248704,true,pending_log_review,,1,16
A1,GDS,4,0.067,549,4096,256,36,2195.42,2543.781,2248704,true,pending_log_review,,1,16
A1,GDS,4,0.067,549,4096,256,37,2154.652,2603.52,2248704,true,pending_log_review,,1,16
A1,GDS,4,0.067,549,4096,256,38,2373.779,2761.379,2248704,true,pending_log_review,,1,16
A1,GDS,4,0.067,549,4096,256,39,2303.852,2731.417,2248704,true,pending_log_review,,1,16
A1,GDS,4,0.067,549,4096,256,40,2208.166,2746.478,2248704,true,pending_log_review,,1,16
A1,GDS,4,0.067,549,4096,256,41,2370.865,2760.358,2248704,true,pending_log_review,,1,16
A1,GDS,4,0.067,549,4096,256,42,2325.566,2643.516,2248704,true,pending_log_review,,1,16
A1,GDS,4,0.067,549,4096,256,43,2172.808,2686.556,2248704,true,pending_log_review,,1,16
A1,GDS,4,0.067,549,4096,256,44,2283.688,2698.77,2248704,true,pending_log_review,,1,16
A1,GDS,4,0.067,549,4096,256,45,2336.449,2661.119,2248704,true,pending_log_review,,1,16
A1,GDS,4,0.067,549,4096,256,46,2244.62,2668.506,2248704,true,pending_log_review,,1,16
A1,GDS,4,0.067,549,4096,256,47,2243.167,2850.808,2248704,true,pending_log_review,,1,16
A1,GDS,4,0.067,549,4096,256,48,2231.334,2818.73,2248704,true,pending_log_review,,1,16
A1,GDS,4,0.067,549,4096,256,49,2309.37,2786.574,2248704,true,pending_log_review,,1,16
A1,GDS,4,0.067,549,4096,256,50,2260.2,2832.894,2248704,true,pending_log_review,,1,16
A1,GDS,4,0.067,549,4096,256,51,2198.584,2743.85,2248704,true,pending_log_review,,1,16
A1,GDS,4,0.067,549,4096,256,52,2349.544,2787.948,2248704,true,pending_log_review,,1,16
A1,GDS,4,0.067,549,4096,256,53,2176.76,2811.537,2248704,true,pending_log_review,,1,16
A1,GDS,4,0.067,549,4096,256,54,2288.174,2751.864,2248704,true,pending_log_review,,1,16
A1,GDS,4,0.067,549,4096,256,55,2181.066,2780.068,2248704,true,pending_log_review,,1,16
A1,GDS,4,0.067,549,4096,256,56,2222.224,2837.985,2248704,true,pending_log_review,,1,16
A1,GDS,4,0.067,549,4096,256,57,2327.42,2945.243,2248704,true,pending_log_review,,1,16
A1,GDS,4,0.067,549,4096,256,58,2081.999,2722.692,2248704,true,pending_log_review,,1,16
A1,GDS,4,0.067,549,4096,256,59,3026.301,3434.332,2248704,true,pending_log_review,,1,16
A1,GDS,4,0.067,549,4096,256,60,2370.604,2937.416,2248704,true,pending_log_review,,1,16
A1,GDS,4,0.067,549,4096,256,61,2306.72,2906.038,2248704,true,pending_log_review,,1,16
A1,GDS,4,0.067,549,4096,256,62,2416.752,2871.529,2248704,true,pending_log_review,,1,16
A1,GDS,4,0.067,549,4096,256,63,2202.596,2780.168,2248704,true,pending_log_review,,1,16
A1,GDS,4,0.067,549,4096,256,64,2150.104,2711.045,2248704,true,pending_log_review,,1,16
A1,GDS,4,0.067,549,4096,256,65,2275.13,2831.849,2248704,true,pending_log_review,,1,16
A1,GDS,4,0.067,549,4096,256,66,2333.975,2737.569,2248704,true,pending_log_review,,1,16
A1,GDS,4,0.067,549,4096,256,67,2290.871,2727.463,2248704,true,pending_log_review,,1,16
A1,GDS,4,0.067,549,4096,256,68,2291.768,2958.779,2248704,true,pending_log_review,,1,16
A1,GDS,4,0.067,549,4096,256,69,2260.176,2889.539,2248704,true,pending_log_review,,1,16
A1,GDS,4,0.067,549,4096,256,70,2256.932,2871.814,2248704,true,pending_log_review,,1,16
A1,GDS,4,0.067,549,4096,256,71,2268.787,2919.457,2248704,true,pending_log_review,,1,16
A1,GDS,4,0.067,549,4096,256,72,2448.053,2876.509,2248704,true,pending_log_review,,1,16
A1,GDS,4,0.067,549,4096,256,73,2214.416,2703.032,2248704,true,pending_log_review,,1,16
A1,GDS,4,0.067,549,4096,256,74,2153.138,2909.367,2248704,true,pending_log_review,,1,16
A1,GDS,4,0.067,549,4096,256,75,2226.686,2888.899,2248704,true,pending_log_review,,1,16
A1,GDS,4,0.067,549,4096,256,76,2212.935,3081.307,2248704,true,pending_log_review,,1,16
A1,GDS,4,0.067,549,4096,256,77,2398.576,2786.939,2248704,true,pending_log_review,,1,16
A1,GDS,4,0.067,549,4096,256,78,2285.174,2823.998,2248704,true,pending_log_review,,1,16
A1,GDS,4,0.067,549,4096,256,79,2277.626,2742.788,2248704,true,pending_log_review,,1,16
A1,GDS,4,0.067,549,4096,256,80,2323.697,2823.929,2248704,true,pending_log_review,,1,16
A1,GDS,4,0.067,549,4096,256,81,2242.466,2931.682,2248704,true,pending_log_review,,1,16
A1,GDS,4,0.067,549,4096,256,82,2257.189,2832.902,2248704,true,pending_log_review,,1,16
A1,GDS,4,0.067,549,4096,256,83,2250.081,2732.653,2248704,true,pending_log_review,,1,16
A1,GDS,4,0.067,549,4096,256,84,2290.974,2821.105,2248704,true,pending_log_review,,1,16
A1,GDS,4,0.067,549,4096,256,85,2276.588,2802.992,2248704,true,pending_log_review,,1,16
A1,GDS,4,0.067,549,4096,256,86,2332.036,2861.86,2248704,true,pending_log_review,,1,16
A1,GDS,4,0.067,549,4096,256,87,2260.573,2842.496,2248704,true,pending_log_review,,1,16
A1,GDS,4,0.067,549,4096,256,88,2455.246,2929.154,2248704,true,pending_log_review,,1,16
A1,GDS,4,0.067,549,4096,256,89,2218.593,2896.519,2248704,true,pending_log_review,,1,16
A1,GDS,4,0.067,549,4096,256,90,2306.845,2933.939,2248704,true,pending_log_review,,1,16
A1,GDS,4,0.067,549,4096,256,91,2249.643,2644.057,2248704,true,pending_log_review,,1,16
A1,GDS,4,0.067,549,4096,256,92,2169.948,2838.404,2248704,true,pending_log_review,,1,16
A1,GDS,4,0.067,549,4096,256,93,2220.435,2767.288,2248704,true,pending_log_review,,1,16
A1,GDS,4,0.067,549,4096,256,94,2212.339,2809.003,2248704,true,pending_log_review,,1,16
A1,GDS,4,0.067,549,4096,256,95,2247.598,2723.527,2248704,true,pending_log_review,,1,16
A1,GDS,4,0.067,549,4096,256,96,2304.588,2834.626,2248704,true,pending_log_review,,1,16
A1,GDS,4,0.067,549,4096,256,97,2148.195,3003.108,2248704,true,pending_log_review,,1,16
A1,GDS,4,0.067,549,4096,256,98,2260.248,2680.574,2248704,true,pending_log_review,,1,16
A1,GDS,4,0.067,549,4096,256,99,2289.592,2797.011,2248704,true,pending_log_review,,1,16
A1,GDS,4,0.067,549,4096,256,100,2262.114,3013.023,2248704,true,pending_log_review,,1,16
A1,GDS,4,0.067,549,4096,256,101,2300.218,2890.452,2248704,true,pending_log_review,,1,16
A1,GDS,4,0.067,549,4096,256,102,2243.95,2903,2248704,true,pending_log_review,,1,16
A1,GDS,4,0.067,549,4096,256,103,2395.122,2772.51,2248704,true,pending_log_review,,1,16
A1,GDS,4,0.067,549,4096,256,104,2194.338,2812.803,2248704,true,pending_log_review,,1,16
A1,GDS,4,0.067,549,4096,256,105,2301.025,2772.077,2248704,true,pending_log_review,,1,16
A1,GDS,4,0.067,549,4096,256,106,2319.349,2726.679,2248704,true,pending_log_review,,1,16
A1,GDS,4,0.067,549,4096,256,107,2300.353,2836.186,2248704,true,pending_log_review,,1,16
A1,GDS,4,0.067,549,4096,256,108,2109.979,2895.659,2248704,true,pending_log_review,,1,16
A1,GDS,4,0.067,549,4096,256,109,2184.812,2955.089,2248704,true,pending_log_review,,1,16
A1,GDS,4,0.067,549,4096,256,110,2268.051,2988.388,2248704,true,pending_log_review,,1,16
A1,GDS,4,0.067,549,4096,256,111,2166.591,2702.965,2248704,true,pending_log_review,,1,16
A1,GDS,4,0.067,549,4096,256,112,2243.476,2719.482,2248704,true,pending_log_review,,1,16
A1,GDS,4,0.067,549,4096,256,113,2182.733,2856.008,2248704,true,pending_log_review,,1,16
A1,GDS,4,0.067,549,4096,256,114,2451.034,2979.474,2248704,true,pending_log_review,,1,16
A1,GDS,4,0.067,549,4096,256,115,2174.804,2768.896,2248704,true,pending_log_review,,1,16
A1,GDS,4,0.067,549,4096,256,116,2292.039,2833.513,2248704,true,pending_log_review,,1,16
A1,GDS,4,0.067,549,4096,256,117,2350.958,2758.738,2248704,true,pending_log_review,,1,16
A1,GDS,4,0.067,549,4096,256,118,2155.765,2645.28,2248704,true,pending_log_review,,1,16
A1,GDS,4,0.067,549,4096,256,119,2240.823,2696.336,2248704,true,pending_log_review,,1,16
A1,GDS,4,0.067,549,4096,256,120,2216.554,2760.116,2248704,true,pending_log_review,,1,16
A1,GDS,4,0.067,549,4096,256,121,2264.126,2622.856,2248704,true,pending_log_review,,1,16
A1,GDS,4,0.067,549,4096,256,122,2301.919,2622.755,2248704,true,pending_log_review,,1,16
A1,GDS,4,0.067,549,4096,256,123,2304.446,2991.24,2248704,true,pending_log_review,,1,16
A1,GDS,4,0.067,549,4096,256,124,2193.673,2771.813,2248704,true,pending_log_review,,1,16
A1,GDS,4,0.067,549,4096,256,125,2240.167,2864.119,2248704,true,pending_log_review,,1,16
A1,GDS,4,0.067,549,4096,256,126,2365.177,2950.897,2248704,true,pending_log_review,,1,16
A1,GDS,4,0.067,549,4096,256,127,2372.632,2984.782,2248704,true,pending_log_review,,1,16
A1,GDS,4,0.067,549,4096,256,128,2284.155,2915.549,2248704,true,pending_log_review,,1,16
A1,GDS,4,0.067,549,4096,256,129,2208.057,2898.456,2248704,true,pending_log_review,,1,16
A1,GDS,4,0.067,549,4096,256,130,2193.299,2812.799,2248704,true,pending_log_review,,1,16
A1,GDS,4,0.067,549,4096,256,131,2284.66,2970.877,2248704,true,pending_log_review,,1,16
A1,GDS,4,0.067,549,4096,256,132,2323.097,2972.136,2248704,true,pending_log_review,,1,16
A1,GDS,4,0.067,549,4096,256,133,5130.677,5968.95,2248704,true,pending_log_review,,1,16
A1,GDS,4,0.067,549,4096,256,134,2378.942,2904.952,2248704,true,pending_log_review,,1,16
A1,GDS,4,0.067,549,4096,256,135,2281.727,2818.221,2248704,true,pending_log_review,,1,16
A1,GDS,4,0.067,549,4096,256,136,2285.458,2898.208,2248704,true,pending_log_review,,1,16
A1,GDS,4,0.067,549,4096,256,137,2326.153,2709.831,2248704,true,pending_log_review,,1,16
A1,GDS,4,0.067,549,4096,256,138,2124.314,2704.444,2248704,true,pending_log_review,,1,16
A1,GDS,4,0.067,549,4096,256,139,2291.398,2936.077,2248704,true,pending_log_review,,1,16
A1,GDS,4,0.067,549,4096,256,140,2158.988,2734.586,2248704,true,pending_log_review,,1,16
A1,GDS,4,0.067,549,4096,256,141,2291.473,2835.95,2248704,true,pending_log_review,,1,16
A1,GDS,4,0.067,549,4096,256,142,2179.819,2658.4,2248704,true,pending_log_review,,1,16
A1,GDS,4,0.067,549,4096,256,143,2348.578,2778.21,2248704,true,pending_log_review,,1,16
A1,GDS,4,0.067,549,4096,256,144,2351.8,2860.473,2248704,true,pending_log_review,,1,16
A1,GDS,4,0.067,549,4096,256,145,2180.974,2687.993,2248704,true,pending_log_review,,1,16
A1,GDS,4,0.067,549,4096,256,146,2281.615,2722.059,2248704,true,pending_log_review,,1,16
A1,GDS,4,0.067,549,4096,256,147,2398.248,2715.239,2248704,true,pending_log_review,,1,16
A1,GDS,4,0.067,549,4096,256,148,2233.598,2652.096,2248704,true,pending_log_review,,1,16
A1,GDS,4,0.067,549,4096,256,149,2316.488,2724.371,2248704,true,pending_log_review,,1,16
A1,GDS,4,0.067,549,4096,256,150,2174.872,2651.103,2248704,true,pending_log_review,,1,16
A1,GDS,4,0.067,549,4096,256,151,2210.766,2572.337,2248704,true,pending_log_review,,1,16
A1,GDS,4,0.067,549,4096,256,152,2246.495,2611.185,2248704,true,pending_log_review,,1,16
A1,GDS,4,0.067,549,4096,256,153,2240.76,2647.874,2248704,true,pending_log_review,,1,16
A1,GDS,4,0.067,549,4096,256,154,2223.51,2540.955,2248704,true,pending_log_review,,1,16
A1,GDS,4,0.067,549,4096,256,155,2223.491,2588.83,2248704,true,pending_log_review,,1,16
A1,GDS,4,0.067,549,4096,256,156,2292.322,2707.711,2248704,true,pending_log_review,,1,16
A1,GDS,4,0.067,549,4096,256,157,2308.642,2701.594,2248704,true,pending_log_review,,1,16
A1,GDS,4,0.067,549,4096,256,158,2193.577,2510.756,2248704,true,pending_log_review,,1,16
A1,GDS,4,0.067,549,4096,256,159,2320.741,2692.018,2248704,true,pending_log_review,,1,16
A1,GDS,4,0.067,549,4096,256,160,2471.598,2788.018,2248704,true,pending_log_review,,1,16
A1,GDS,4,0.067,549,4096,256,161,2270.907,2583.632,2248704,true,pending_log_review,,1,16
A1,GDS,4,0.067,549,4096,256,162,2346.674,2685.617,2248704,true,pending_log_review,,1,16
A1,GDS,4,0.067,549,4096,256,163,2261.764,2644.557,2248704,true,pending_log_review,,1,16
A1,GDS,4,0.067,549,4096,256,164,3211.046,3702.758,2248704,true,pending_log_review,,1,16
A1,GDS,4,0.067,549,4096,256,165,2354.669,2743.603,2248704,true,pending_log_review,,1,16
A1,GDS,4,0.067,549,4096,256,166,2350.723,2654.828,2248704,true,pending_log_review,,1,16
A1,GDS,4,0.067,549,4096,256,167,2345.764,2728.063,2248704,true,pending_log_review,,1,16
A1,GDS,4,0.067,549,4096,256,168,2178.41,2617.337,2248704,true,pending_log_review,,1,16
A1,GDS,4,0.067,549,4096,256,169,2473.887,2989.919,2248704,true,pending_log_review,,1,16
A1,GDS,4,0.067,549,4096,256,170,2262.062,2926.775,2248704,true,pending_log_review,,1,16
A1,GDS,4,0.067,549,4096,256,171,2258.391,2832.952,2248704,true,pending_log_review,,1,16
A1,GDS,4,0.067,549,4096,256,172,2322.814,3038.832,2248704,true,pending_log_review,,1,16
A1,GDS,4,0.067,549,4096,256,173,2331.196,2988.049,2248704,true,pending_log_review,,1,16
A1,GDS,4,0.067,549,4096,256,174,2328.896,2864.253,2248704,true,pending_log_review,,1,16
A1,GDS,4,0.067,549,4096,256,175,2265.934,2907.524,2248704,true,pending_log_review,,1,16
A1,GDS,4,0.067,549,4096,256,176,3244.733,3729.213,2248704,true,pending_log_review,,1,16
A1,GDS,4,0.067,549,4096,256,177,3211.278,3722.019,2248704,true,pending_log_review,,1,16
A1,GDS,4,0.067,549,4096,256,178,3090.322,3539.03,2248704,true,pending_log_review,,1,16
A1,GDS,4,0.067,549,4096,256,179,2978.712,3396.428,2248704,true,pending_log_review,,1,16
A1,GDS,4,0.067,549,4096,256,180,3325.789,3859.511,2248704,true,pending_log_review,,1,16
A1,GDS,4,0.067,549,4096,256,181,3386.66,3863.742,2248704,true,pending_log_review,,1,16
A1,GDS,4,0.067,549,4096,256,182,3459.71,3997.963,2248704,true,pending_log_review,,1,16
A1,GDS,4,0.067,549,4096,256,183,4174.834,4591.301,2248704,true,pending_log_review,,1,16
A1,GDS,4,0.067,549,4096,256,184,2670.394,3094.96,2248704,true,pending_log_review,,1,16
A1,GDS,4,0.067,549,4096,256,185,3044.064,3427.061,2248704,true,pending_log_review,,1,16
A1,GDS,4,0.067,549,4096,256,186,2683.843,3254.828,2248704,true,pending_log_review,,1,16
A1,GDS,4,0.067,549,4096,256,187,2687.765,3289.464,2248704,true,pending_log_review,,1,16
A1,GDS,4,0.067,549,4096,256,188,2774.434,3169.256,2248704,true,pending_log_review,,1,16
A1,GDS,4,0.067,549,4096,256,189,2680.272,3074.251,2248704,true,pending_log_review,,1,16
A1,GDS,4,0.067,549,4096,256,190,2863.492,3268.565,2248704,true,pending_log_review,,1,16
A1,GDS,4,0.067,549,4096,256,191,2631.137,3084.289,2248704,true,pending_log_review,,1,16
A1,GDS,4,0.067,549,4096,256,192,2716.789,3090.127,2248704,true,pending_log_review,,1,16
A1,GDS,4,0.067,549,4096,256,193,2716.687,3094.355,2248704,true,pending_log_review,,1,16
A1,GDS,4,0.067,549,4096,256,194,2698.961,3076.095,2248704,true,pending_log_review,,1,16
A1,GDS,4,0.067,549,4096,256,195,2881.05,3299.48,2248704,true,pending_log_review,,1,16
A1,GDS,4,0.067,549,4096,256,196,2599.616,2968.227,2248704,true,pending_log_review,,1,16
A1,GDS,4,0.067,549,4096,256,197,5216.564,5866.947,2248704,true,pending_log_review,,1,16
A1,GDS,4,0.067,549,4096,256,198,2534.359,2897.162,2248704,true,pending_log_review,,1,16
A1,GDS,4,0.067,549,4096,256,199,2395.867,2744.627,2248704,true,pending_log_review,,1,16
A1,GDS,4,0.067,549,4096,256,0,2438.447,2768.731,2248704,true,pending_log_review,,3,16
A1,GDS,4,0.134,1098,4096,256,0,4437.694,5235.75,4497408,true,pending_log_review,,2,16
A1,GDS,4,0.134,1098,4096,256,0,4595.833,5415.647,4497408,true,pending_log_review,,0,16
A1,GDS,4,0.134,1098,4096,256,1,8537.286,9654.283,4497408,true,pending_log_review,,0,16
A1,GDS,4,0.134,1098,4096,256,2,5520.233,6305.472,4497408,true,pending_log_review,,0,16
A1,GDS,4,0.134,1098,4096,256,3,5470.594,6273.462,4497408,true,pending_log_review,,0,16
A1,GDS,4,0.134,1098,4096,256,4,5302.896,6119.545,4497408,true,pending_log_review,,0,16
A1,GDS,4,0.134,1098,4096,256,5,5377.184,6267.755,4497408,true,pending_log_review,,0,16
A1,GDS,4,0.134,1098,4096,256,6,5239.832,6066.892,4497408,true,pending_log_review,,0,16
A1,GDS,4,0.134,1098,4096,256,7,5279.254,6174.811,4497408,true,pending_log_review,,0,16
A1,GDS,4,0.134,1098,4096,256,8,4899.569,5800.404,4497408,true,pending_log_review,,0,16
A1,GDS,4,0.134,1098,4096,256,9,5067.223,5900.995,4497408,true,pending_log_review,,0,16
A1,GDS,4,0.134,1098,4096,256,0,5318.942,6148.823,4497408,true,pending_log_review,,1,16
A1,GDS,4,0.134,1098,4096,256,1,5221.695,5990.054,4497408,true,pending_log_review,,1,16
A1,GDS,4,0.134,1098,4096,256,2,5471.301,6383.944,4497408,true,pending_log_review,,1,16
A1,GDS,4,0.134,1098,4096,256,3,6744.707,7833.72,4497408,true,pending_log_review,,1,16
A1,GDS,4,0.134,1098,4096,256,4,4391.601,5586.975,4497408,true,pending_log_review,,1,16
A1,GDS,4,0.134,1098,4096,256,5,4375.121,5515.656,4497408,true,pending_log_review,,1,16
A1,GDS,4,0.134,1098,4096,256,6,4389.41,5578.759,4497408,true,pending_log_review,,1,16
A1,GDS,4,0.134,1098,4096,256,7,4440.409,5486.964,4497408,true,pending_log_review,,1,16
A1,GDS,4,0.134,1098,4096,256,8,4546.18,5675.246,4497408,true,pending_log_review,,1,16
A1,GDS,4,0.134,1098,4096,256,9,4283.604,5694.603,4497408,true,pending_log_review,,1,16
A1,GDS,4,0.134,1098,4096,256,10,4179.259,5322.549,4497408,true,pending_log_review,,1,16
A1,GDS,4,0.134,1098,4096,256,11,4222.954,5365.592,4497408,true,pending_log_review,,1,16
A1,GDS,4,0.134,1098,4096,256,12,6311.773,7382.524,4497408,true,pending_log_review,,1,16
A1,GDS,4,0.134,1098,4096,256,13,5266.015,6099.439,4497408,true,pending_log_review,,1,16
A1,GDS,4,0.134,1098,4096,256,14,5024.974,5809.621,4497408,true,pending_log_review,,1,16
A1,GDS,4,0.134,1098,4096,256,15,5533.771,6371.335,4497408,true,pending_log_review,,1,16
A1,GDS,4,0.134,1098,4096,256,16,5366.345,6187.596,4497408,true,pending_log_review,,1,16
A1,GDS,4,0.134,1098,4096,256,17,5116.987,5994.906,4497408,true,pending_log_review,,1,16
A1,GDS,4,0.134,1098,4096,256,18,4936.165,5771.913,4497408,true,pending_log_review,,1,16
A1,GDS,4,0.134,1098,4096,256,19,5236.617,6118.44,4497408,true,pending_log_review,,1,16
A1,GDS,4,0.134,1098,4096,256,20,5263.094,6174.32,4497408,true,pending_log_review,,1,16
A1,GDS,4,0.134,1098,4096,256,21,5428.276,6342.128,4497408,true,pending_log_review,,1,16
A1,GDS,4,0.134,1098,4096,256,22,5230.879,6087.035,4497408,true,pending_log_review,,1,16
A1,GDS,4,0.134,1098,4096,256,23,5365.746,6245.905,4497408,true,pending_log_review,,1,16
A1,GDS,4,0.134,1098,4096,256,24,5209.406,6093.643,4497408,true,pending_log_review,,1,16
A1,GDS,4,0.134,1098,4096,256,25,5303.129,6141.058,4497408,true,pending_log_review,,1,16
A1,GDS,4,0.134,1098,4096,256,26,5324.704,6256.464,4497408,true,pending_log_review,,1,16
A1,GDS,4,0.134,1098,4096,256,27,10367.593,11689.228,4497408,true,pending_log_review,,1,16
A1,GDS,4,0.134,1098,4096,256,28,4444.529,5255.83,4497408,true,pending_log_review,,1,16
A1,GDS,4,0.134,1098,4096,256,29,4380.811,5219.549,4497408,true,pending_log_review,,1,16
A1,GDS,4,0.134,1098,4096,256,30,4347.468,5159.035,4497408,true,pending_log_review,,1,16
A1,GDS,4,0.134,1098,4096,256,31,4420.098,5117.561,4497408,true,pending_log_review,,1,16
A1,GDS,4,0.134,1098,4096,256,32,4494.275,5228.231,4497408,true,pending_log_review,,1,16
A1,GDS,4,0.134,1098,4096,256,33,4431.852,5169.308,4497408,true,pending_log_review,,1,16
A1,GDS,4,0.134,1098,4096,256,34,4185.854,4929.034,4497408,true,pending_log_review,,1,16
A1,GDS,4,0.134,1098,4096,256,35,4228.904,5191.584,4497408,true,pending_log_review,,1,16
A1,GDS,4,0.134,1098,4096,256,36,4335.899,5831.214,4497408,true,pending_log_review,,1,16
A1,GDS,4,0.134,1098,4096,256,37,4192.604,5676.871,4497408,true,pending_log_review,,1,16
A1,GDS,4,0.134,1098,4096,256,38,4298.049,5531.329,4497408,true,pending_log_review,,1,16
A1,GDS,4,0.134,1098,4096,256,39,4399.802,5516.832,4497408,true,pending_log_review,,1,16
A1,GDS,4,0.134,1098,4096,256,40,4277.295,5473.985,4497408,true,pending_log_review,,1,16
A1,GDS,4,0.134,1098,4096,256,41,4479.602,5920.28,4497408,true,pending_log_review,,1,16
A1,GDS,4,0.134,1098,4096,256,42,4534.662,5630.5,4497408,true,pending_log_review,,1,16
A1,GDS,4,0.134,1098,4096,256,43,4277.273,5209.451,4497408,true,pending_log_review,,1,16
A1,GDS,4,0.134,1098,4096,256,44,4327.199,5814.371,4497408,true,pending_log_review,,1,16
A1,GDS,4,0.134,1098,4096,256,45,4326.742,5534.884,4497408,true,pending_log_review,,1,16
A1,GDS,4,0.134,1098,4096,256,46,4391.318,5568.545,4497408,true,pending_log_review,,1,16
A1,GDS,4,0.134,1098,4096,256,47,4442.291,5588.887,4497408,true,pending_log_review,,1,16
A1,GDS,4,0.134,1098,4096,256,48,4345.066,5587.451,4497408,true,pending_log_review,,1,16
A1,GDS,4,0.134,1098,4096,256,49,4276.418,5498.219,4497408,true,pending_log_review,,1,16
A1,GDS,4,0.134,1098,4096,256,50,4332.295,5461.606,4497408,true,pending_log_review,,1,16
A1,GDS,4,0.134,1098,4096,256,51,4175.786,4951.197,4497408,true,pending_log_review,,1,16
A1,GDS,4,0.134,1098,4096,256,52,4265.379,5616.949,4497408,true,pending_log_review,,1,16
A1,GDS,4,0.134,1098,4096,256,53,4378.889,5773.375,4497408,true,pending_log_review,,1,16
A1,GDS,4,0.134,1098,4096,256,54,4250.32,5658.116,4497408,true,pending_log_review,,1,16
A1,GDS,4,0.134,1098,4096,256,55,4445.318,5626.275,4497408,true,pending_log_review,,1,16
A1,GDS,4,0.134,1098,4096,256,56,4207.801,5600.121,4497408,true,pending_log_review,,1,16
A1,GDS,4,0.134,1098,4096,256,57,4302.631,5442.548,4497408,true,pending_log_review,,1,16
A1,GDS,4,0.134,1098,4096,256,58,4436.493,5742.198,4497408,true,pending_log_review,,1,16
A1,GDS,4,0.134,1098,4096,256,59,4411.877,5553.688,4497408,true,pending_log_review,,1,16
A1,GDS,4,0.134,1098,4096,256,60,4349.561,5577.646,4497408,true,pending_log_review,,1,16
A1,GDS,4,0.134,1098,4096,256,61,4406.858,5390.517,4497408,true,pending_log_review,,1,16
A1,GDS,4,0.134,1098,4096,256,62,4386.039,5878.624,4497408,true,pending_log_review,,1,16
A1,GDS,4,0.134,1098,4096,256,63,4345.093,5603.268,4497408,true,pending_log_review,,1,16
A1,GDS,4,0.134,1098,4096,256,64,4281.155,5538.845,4497408,true,pending_log_review,,1,16
A1,GDS,4,0.134,1098,4096,256,65,5910.496,6973.603,4497408,true,pending_log_review,,1,16
A1,GDS,4,0.134,1098,4096,256,66,5451.956,6364.888,4497408,true,pending_log_review,,1,16
A1,GDS,4,0.134,1098,4096,256,67,5004.39,6033.95,4497408,true,pending_log_review,,1,16
A1,GDS,4,0.134,1098,4096,256,68,4993.136,5866.4,4497408,true,pending_log_review,,1,16
A1,GDS,4,0.134,1098,4096,256,69,5275.111,6191.683,4497408,true,pending_log_review,,1,16
A1,GDS,4,0.134,1098,4096,256,70,5094.385,5907.335,4497408,true,pending_log_review,,1,16
A1,GDS,4,0.134,1098,4096,256,71,4987.183,5844.957,4497408,true,pending_log_review,,1,16
A1,GDS,4,0.134,1098,4096,256,72,8062.679,9294.541,4497408,true,pending_log_review,,1,16
A1,GDS,4,0.134,1098,4096,256,73,4351.283,5094.706,4497408,true,pending_log_review,,1,16
A1,GDS,4,0.134,1098,4096,256,74,4257.674,5104.026,4497408,true,pending_log_review,,1,16
A1,GDS,4,0.134,1098,4096,256,75,4478.057,5725.582,4497408,true,pending_log_review,,1,16
A1,GDS,4,0.134,1098,4096,256,76,4462.356,5720.901,4497408,true,pending_log_review,,1,16
A1,GDS,4,0.134,1098,4096,256,77,4404.061,5416.744,4497408,true,pending_log_review,,1,16
A1,GDS,4,0.134,1098,4096,256,78,4392.256,5503.996,4497408,true,pending_log_review,,1,16
A1,GDS,4,0.134,1098,4096,256,79,4411.796,5674.639,4497408,true,pending_log_review,,1,16
A1,GDS,4,0.134,1098,4096,256,80,4284.778,5652.153,4497408,true,pending_log_review,,1,16
A1,GDS,4,0.134,1098,4096,256,81,4466.921,5580.175,4497408,true,pending_log_review,,1,16
A1,GDS,4,0.134,1098,4096,256,82,4278.497,5267.942,4497408,true,pending_log_review,,1,16
A1,GDS,4,0.134,1098,4096,256,83,4271.196,5776.525,4497408,true,pending_log_review,,1,16
A1,GDS,4,0.134,1098,4096,256,84,4474.978,5715.747,4497408,true,pending_log_review,,1,16
A1,GDS,4,0.134,1098,4096,256,85,4418.496,5511.822,4497408,true,pending_log_review,,1,16
A1,GDS,4,0.134,1098,4096,256,86,4416.149,5432.886,4497408,true,pending_log_review,,1,16
A1,GDS,4,0.134,1098,4096,256,87,10830.975,12001.108,4497408,true,pending_log_review,,1,16
A1,GDS,4,0.134,1098,4096,256,88,5498.829,6352.136,4497408,true,pending_log_review,,1,16
A1,GDS,4,0.134,1098,4096,256,89,5069.307,5884.753,4497408,true,pending_log_review,,1,16
A1,GDS,4,0.134,1098,4096,256,90,5291.906,6171.996,4497408,true,pending_log_review,,1,16
A1,GDS,4,0.134,1098,4096,256,91,4899.934,5834.59,4497408,true,pending_log_review,,1,16
A1,GDS,4,0.134,1098,4096,256,92,4999.531,5937.829,4497408,true,pending_log_review,,1,16
A1,GDS,4,0.134,1098,4096,256,93,5070.144,6061.364,4497408,true,pending_log_review,,1,16
A1,GDS,4,0.134,1098,4096,256,94,5074.843,5976.407,4497408,true,pending_log_review,,1,16
A1,GDS,4,0.134,1098,4096,256,95,5296.504,6190.965,4497408,true,pending_log_review,,1,16
A1,GDS,4,0.134,1098,4096,256,96,5015.301,5843.405,4497408,true,pending_log_review,,1,16
A1,GDS,4,0.134,1098,4096,256,97,5404.014,6251.982,4497408,true,pending_log_review,,1,16
A1,GDS,4,0.134,1098,4096,256,98,5268.629,6084.246,4497408,true,pending_log_review,,1,16
A1,GDS,4,0.134,1098,4096,256,99,4912.223,5720.62,4497408,true,pending_log_review,,1,16
A1,GDS,4,0.134,1098,4096,256,100,5093.206,6018.121,4497408,true,pending_log_review,,1,16
A1,GDS,4,0.134,1098,4096,256,101,5319.794,6248.849,4497408,true,pending_log_review,,1,16
A1,GDS,4,0.134,1098,4096,256,102,4904.33,5804.052,4497408,true,pending_log_review,,1,16
A1,GDS,4,0.134,1098,4096,256,103,5251.588,6097.437,4497408,true,pending_log_review,,1,16
A1,GDS,4,0.134,1098,4096,256,104,4966.289,5814.779,4497408,true,pending_log_review,,1,16
A1,GDS,4,0.134,1098,4096,256,105,5177.507,6097.925,4497408,true,pending_log_review,,1,16
A1,GDS,4,0.134,1098,4096,256,106,5400.617,6296.327,4497408,true,pending_log_review,,1,16
A1,GDS,4,0.134,1098,4096,256,107,5258.819,6115.015,4497408,true,pending_log_review,,1,16
A1,GDS,4,0.134,1098,4096,256,108,5378.34,6279.9,4497408,true,pending_log_review,,1,16
A1,GDS,4,0.134,1098,4096,256,109,5403.734,6322.546,4497408,true,pending_log_review,,1,16
A1,GDS,4,0.134,1098,4096,256,110,5014.998,5900.214,4497408,true,pending_log_review,,1,16
A1,GDS,4,0.134,1098,4096,256,111,4879.609,5967.719,4497408,true,pending_log_review,,1,16
A1,GDS,4,0.134,1098,4096,256,112,5392.473,6224.555,4497408,true,pending_log_review,,1,16
A1,GDS,4,0.134,1098,4096,256,113,4888.56,5802.202,4497408,true,pending_log_review,,1,16
A1,GDS,4,0.134,1098,4096,256,114,5021.812,5849.479,4497408,true,pending_log_review,,1,16
A1,GDS,4,0.134,1098,4096,256,115,5188.339,6089.856,4497408,true,pending_log_review,,1,16
A1,GDS,4,0.134,1098,4096,256,116,5083.132,5967.723,4497408,true,pending_log_review,,1,16
A1,GDS,4,0.134,1098,4096,256,117,5073.041,6034.18,4497408,true,pending_log_review,,1,16
A1,GDS,4,0.134,1098,4096,256,118,4915.434,5914.773,4497408,true,pending_log_review,,1,16
A1,GDS,4,0.134,1098,4096,256,119,5230.773,6054.821,4497408,true,pending_log_review,,1,16
A1,GDS,4,0.134,1098,4096,256,120,5249.921,6072.777,4497408,true,pending_log_review,,1,16
A1,GDS,4,0.134,1098,4096,256,121,5245.748,6063.951,4497408,true,pending_log_review,,1,16
A1,GDS,4,0.134,1098,4096,256,122,5159.402,5993.576,4497408,true,pending_log_review,,1,16
A1,GDS,4,0.134,1098,4096,256,123,4956.322,5796.292,4497408,true,pending_log_review,,1,16
A1,GDS,4,0.134,1098,4096,256,124,5265.548,6055.266,4497408,true,pending_log_review,,1,16
A1,GDS,4,0.134,1098,4096,256,125,5057.395,5906.93,4497408,true,pending_log_review,,1,16
A1,GDS,4,0.134,1098,4096,256,126,4931.657,5709.963,4497408,true,pending_log_review,,1,16
A1,GDS,4,0.134,1098,4096,256,127,5293.551,6249.343,4497408,true,pending_log_review,,1,16
A1,GDS,4,0.134,1098,4096,256,128,5153.271,5993.269,4497408,true,pending_log_review,,1,16
A1,GDS,4,0.134,1098,4096,256,129,4976.48,5859.168,4497408,true,pending_log_review,,1,16
A1,GDS,4,0.134,1098,4096,256,130,5066.863,5932.734,4497408,true,pending_log_review,,1,16
A1,GDS,4,0.134,1098,4096,256,131,5501.325,6308.222,4497408,true,pending_log_review,,1,16
A1,GDS,4,0.134,1098,4096,256,132,5279.028,6061.047,4497408,true,pending_log_review,,1,16
A1,GDS,4,0.134,1098,4096,256,133,5088.527,5879.12,4497408,true,pending_log_review,,1,16
A1,GDS,4,0.134,1098,4096,256,134,5105.013,5976.922,4497408,true,pending_log_review,,1,16
A1,GDS,4,0.134,1098,4096,256,135,5032.1,6029.783,4497408,true,pending_log_review,,1,16
A1,GDS,4,0.134,1098,4096,256,136,5023.378,5883.076,4497408,true,pending_log_review,,1,16
A1,GDS,4,0.134,1098,4096,256,137,10735.601,11888.875,4497408,true,pending_log_review,,1,16
A1,GDS,4,0.134,1098,4096,256,138,4477.993,5282.892,4497408,true,pending_log_review,,1,16
A1,GDS,4,0.134,1098,4096,256,139,11064.388,12171.437,4497408,true,pending_log_review,,1,16
A1,GDS,4,0.134,1098,4096,256,140,5515.56,6399.196,4497408,true,pending_log_review,,1,16
A1,GDS,4,0.134,1098,4096,256,141,5018.326,5863.957,4497408,true,pending_log_review,,1,16
A1,GDS,4,0.134,1098,4096,256,142,4985.953,5778.649,4497408,true,pending_log_review,,1,16
A1,GDS,4,0.134,1098,4096,256,143,9495.791,10715.453,4497408,true,pending_log_review,,1,16
A1,GDS,4,0.134,1098,4096,256,144,4235.335,5011.264,4497408,true,pending_log_review,,1,16
A1,GDS,4,0.134,1098,4096,256,145,4309.769,5565.435,4497408,true,pending_log_review,,1,16
A1,GDS,4,0.134,1098,4096,256,146,4155.221,5687.464,4497408,true,pending_log_review,,1,16
A1,GDS,4,0.134,1098,4096,256,147,4398.605,5669.044,4497408,true,pending_log_review,,1,16
A1,GDS,4,0.134,1098,4096,256,148,4343.26,5664.216,4497408,true,pending_log_review,,1,16
A1,GDS,4,0.134,1098,4096,256,149,4384.051,5758.199,4497408,true,pending_log_review,,1,16
A1,GDS,4,0.134,1098,4096,256,150,4408.893,5831.145,4497408,true,pending_log_review,,1,16
A1,GDS,4,0.134,1098,4096,256,151,4307.609,5661.098,4497408,true,pending_log_review,,1,16
A1,GDS,4,0.134,1098,4096,256,152,4359.124,5618.316,4497408,true,pending_log_review,,1,16
A1,GDS,4,0.134,1098,4096,256,153,4337.849,5231.73,4497408,true,pending_log_review,,1,16
A1,GDS,4,0.134,1098,4096,256,154,4217.151,5572.672,4497408,true,pending_log_review,,1,16
A1,GDS,4,0.134,1098,4096,256,155,4390.993,5365.649,4497408,true,pending_log_review,,1,16
A1,GDS,4,0.134,1098,4096,256,156,4393.489,5688.623,4497408,true,pending_log_review,,1,16
A1,GDS,4,0.134,1098,4096,256,157,4233.846,5489.787,4497408,true,pending_log_review,,1,16
A1,GDS,4,0.134,1098,4096,256,158,4471.411,5552.643,4497408,true,pending_log_review,,1,16
A1,GDS,4,0.134,1098,4096,256,159,4398.129,5532.916,4497408,true,pending_log_review,,1,16
A1,GDS,4,0.134,1098,4096,256,160,4327.46,5791.385,4497408,true,pending_log_review,,1,16
A1,GDS,4,0.134,1098,4096,256,161,4362.94,5784.544,4497408,true,pending_log_review,,1,16
A1,GDS,4,0.134,1098,4096,256,162,4470.75,5635.25,4497408,true,pending_log_review,,1,16
A1,GDS,4,0.134,1098,4096,256,163,4304.745,5638.3,4497408,true,pending_log_review,,1,16
A1,GDS,4,0.134,1098,4096,256,164,4426.779,5595.488,4497408,true,pending_log_review,,1,16
A1,GDS,4,0.134,1098,4096,256,165,4414.32,5565.569,4497408,true,pending_log_review,,1,16
A1,GDS,4,0.134,1098,4096,256,166,4445.828,5558.253,4497408,true,pending_log_review,,1,16
A1,GDS,4,0.134,1098,4096,256,167,4358.514,5726.999,4497408,true,pending_log_review,,1,16
A1,GDS,4,0.134,1098,4096,256,168,4353.045,5702.004,4497408,true,pending_log_review,,1,16
A1,GDS,4,0.134,1098,4096,256,169,4358.331,5885.613,4497408,true,pending_log_review,,1,16
A1,GDS,4,0.134,1098,4096,256,170,4362.124,5060.749,4497408,true,pending_log_review,,1,16
A1,GDS,4,0.134,1098,4096,256,171,4614.168,5375.123,4497408,true,pending_log_review,,1,16
A1,GDS,4,0.134,1098,4096,256,172,4238.112,5003.546,4497408,true,pending_log_review,,1,16
A1,GDS,4,0.134,1098,4096,256,173,4246.058,5088.761,4497408,true,pending_log_review,,1,16
A1,GDS,4,0.134,1098,4096,256,174,4780.249,5600.795,4497408,true,pending_log_review,,1,16
A1,GDS,4,0.134,1098,4096,256,175,4675.417,5558.441,4497408,true,pending_log_review,,1,16
A1,GDS,4,0.134,1098,4096,256,176,4621.297,5315.046,4497408,true,pending_log_review,,1,16
A1,GDS,4,0.134,1098,4096,256,177,4264.566,5086.201,4497408,true,pending_log_review,,1,16
A1,GDS,4,0.134,1098,4096,256,178,4287.385,5366.805,4497408,true,pending_log_review,,1,16
A1,GDS,4,0.134,1098,4096,256,179,4460.4,5673.169,4497408,true,pending_log_review,,1,16
A1,GDS,4,0.134,1098,4096,256,180,4307.757,5596.938,4497408,true,pending_log_review,,1,16
A1,GDS,4,0.134,1098,4096,256,181,4256.471,5296.165,4497408,true,pending_log_review,,1,16
A1,GDS,4,0.134,1098,4096,256,182,4300.152,5754.053,4497408,true,pending_log_review,,1,16
A1,GDS,4,0.134,1098,4096,256,183,4407.279,5706.256,4497408,true,pending_log_review,,1,16
A1,GDS,4,0.134,1098,4096,256,184,4382.192,5562.432,4497408,true,pending_log_review,,1,16
A1,GDS,4,0.134,1098,4096,256,185,4209.678,5665.965,4497408,true,pending_log_review,,1,16
A1,GDS,4,0.134,1098,4096,256,186,4254.326,5599.048,4497408,true,pending_log_review,,1,16
A1,GDS,4,0.134,1098,4096,256,187,4260.233,5558.441,4497408,true,pending_log_review,,1,16
A1,GDS,4,0.134,1098,4096,256,188,4480.833,5273.1,4497408,true,pending_log_review,,1,16
A1,GDS,4,0.134,1098,4096,256,189,4521.444,5233.604,4497408,true,pending_log_review,,1,16
A1,GDS,4,0.134,1098,4096,256,190,4277.298,5871.674,4497408,true,pending_log_review,,1,16
A1,GDS,4,0.134,1098,4096,256,191,4430.95,5632.39,4497408,true,pending_log_review,,1,16
A1,GDS,4,0.134,1098,4096,256,192,4913.43,5907.64,4497408,true,pending_log_review,,1,16
A1,GDS,4,0.134,1098,4096,256,193,5554.668,6544.549,4497408,true,pending_log_review,,1,16
A1,GDS,4,0.134,1098,4096,256,194,5090.31,5858.66,4497408,true,pending_log_review,,1,16
A1,GDS,4,0.134,1098,4096,256,195,4898.086,5864.463,4497408,true,pending_log_review,,1,16
A1,GDS,4,0.134,1098,4096,256,196,5056.677,5995.491,4497408,true,pending_log_review,,1,16
A1,GDS,4,0.134,1098,4096,256,197,5043.537,5824.143,4497408,true,pending_log_review,,1,16
A1,GDS,4,0.134,1098,4096,256,198,5058.993,5901.312,4497408,true,pending_log_review,,1,16
A1,GDS,4,0.134,1098,4096,256,199,5181.003,5986.904,4497408,true,pending_log_review,,1,16
A1,GDS,4,0.134,1098,4096,256,0,5048.656,5917.143,4497408,true,pending_log_review,,3,16
A1,GDS,4,0.3,2458,4096,256,0,17041.201,19499.628,10067968,true,pending_log_review,,2,16
A1,GDS,4,0.3,2458,4096,256,0,9679.534,11449.431,10067968,true,pending_log_review,,0,16
A1,GDS,4,0.3,2458,4096,256,1,9273.279,11233.22,10067968,true,pending_log_review,,0,16
A1,GDS,4,0.3,2458,4096,256,2,9486.055,11206.192,10067968,true,pending_log_review,,0,16
A1,GDS,4,0.3,2458,4096,256,3,9490.191,11448.152,10067968,true,pending_log_review,,0,16
A1,GDS,4,0.3,2458,4096,256,4,9502.856,11156.024,10067968,true,pending_log_review,,0,16
A1,GDS,4,0.3,2458,4096,256,5,13812.694,16106.026,10067968,true,pending_log_review,,0,16
A1,GDS,4,0.3,2458,4096,256,6,17501.091,19840.267,10067968,true,pending_log_review,,0,16
A1,GDS,4,0.3,2458,4096,256,7,9950.044,11773.085,10067968,true,pending_log_review,,0,16
A1,GDS,4,0.3,2458,4096,256,8,9332.744,11415.987,10067968,true,pending_log_review,,0,16
A1,GDS,4,0.3,2458,4096,256,9,9536.822,11621.162,10067968,true,pending_log_review,,0,16
A1,GDS,4,0.3,2458,4096,256,0,9591.543,11690.392,10067968,true,pending_log_review,,1,16
A1,GDS,4,0.3,2458,4096,256,1,9449.632,11287.002,10067968,true,pending_log_review,,1,16
A1,GDS,4,0.3,2458,4096,256,2,9838.766,11539.651,10067968,true,pending_log_review,,1,16
A1,GDS,4,0.3,2458,4096,256,3,9298.51,11576.168,10067968,true,pending_log_review,,1,16
A1,GDS,4,0.3,2458,4096,256,4,9759.446,11622.376,10067968,true,pending_log_review,,1,16
A1,GDS,4,0.3,2458,4096,256,5,9646.009,11479.389,10067968,true,pending_log_review,,1,16
A1,GDS,4,0.3,2458,4096,256,6,9626.823,11343.814,10067968,true,pending_log_review,,1,16
A1,GDS,4,0.3,2458,4096,256,7,17033.077,19456.433,10067968,true,pending_log_review,,1,16
A1,GDS,4,0.3,2458,4096,256,8,11535.824,13637.274,10067968,true,pending_log_review,,1,16
A1,GDS,4,0.3,2458,4096,256,9,17280.012,19583.65,10067968,true,pending_log_review,,1,16
A1,GDS,4,0.3,2458,4096,256,10,9584.412,11591.303,10067968,true,pending_log_review,,1,16
A1,GDS,4,0.3,2458,4096,256,11,9767.36,11555.955,10067968,true,pending_log_review,,1,16
A1,GDS,4,0.3,2458,4096,256,12,11257.303,13292.686,10067968,true,pending_log_review,,1,16
A1,GDS,4,0.3,2458,4096,256,13,11690.159,13833.399,10067968,true,pending_log_review,,1,16
A1,GDS,4,0.3,2458,4096,256,14,11406.494,13475.201,10067968,true,pending_log_review,,1,16
A1,GDS,4,0.3,2458,4096,256,15,11231.74,13134.678,10067968,true,pending_log_review,,1,16
A1,GDS,4,0.3,2458,4096,256,16,11198.057,13212.077,10067968,true,pending_log_review,,1,16
A1,GDS,4,0.3,2458,4096,256,17,11704.235,13814.489,10067968,true,pending_log_review,,1,16
A1,GDS,4,0.3,2458,4096,256,18,11755.161,13808.927,10067968,true,pending_log_review,,1,16
A1,GDS,4,0.3,2458,4096,256,19,11197.697,13080.159,10067968,true,pending_log_review,,1,16
A1,GDS,4,0.3,2458,4096,256,20,11889.985,14070.579,10067968,true,pending_log_review,,1,16
A1,GDS,4,0.3,2458,4096,256,21,14889.464,17322.105,10067968,true,pending_log_review,,1,16
A1,GDS,4,0.3,2458,4096,256,22,9635.826,11444.882,10067968,true,pending_log_review,,1,16
A1,GDS,4,0.3,2458,4096,256,23,9617.768,11238.507,10067968,true,pending_log_review,,1,16
A1,GDS,4,0.3,2458,4096,256,24,9417.16,11276.428,10067968,true,pending_log_review,,1,16
A1,GDS,4,0.3,2458,4096,256,25,9505.602,11573.892,10067968,true,pending_log_review,,1,16
A1,GDS,4,0.3,2458,4096,256,26,9208.861,10941.965,10067968,true,pending_log_review,,1,16
A1,GDS,4,0.3,2458,4096,256,27,9534.83,11445.536,10067968,true,pending_log_review,,1,16
A1,GDS,4,0.3,2458,4096,256,28,9164.108,11118.501,10067968,true,pending_log_review,,1,16
A1,GDS,4,0.3,2458,4096,256,29,9804.229,11529.288,10067968,true,pending_log_review,,1,16
A1,GDS,4,0.3,2458,4096,256,30,9504.263,11493.481,10067968,true,pending_log_review,,1,16
A1,GDS,4,0.3,2458,4096,256,31,9957.297,11850.989,10067968,true,pending_log_review,,1,16
A1,GDS,4,0.3,2458,4096,256,32,10109.933,11972.687,10067968,true,pending_log_review,,1,16
A1,GDS,4,0.3,2458,4096,256,33,9762.047,11616.099,10067968,true,pending_log_review,,1,16
A1,GDS,4,0.3,2458,4096,256,34,10306.626,12163.901,10067968,true,pending_log_review,,1,16
A1,GDS,4,0.3,2458,4096,256,35,9594.579,11692.771,10067968,true,pending_log_review,,1,16
A1,GDS,4,0.3,2458,4096,256,36,9428.541,11532.635,10067968,true,pending_log_review,,1,16
A1,GDS,4,0.3,2458,4096,256,37,10495.919,12708.594,10067968,true,pending_log_review,,1,16
A1,GDS,4,0.3,2458,4096,256,38,11877.915,14048.286,10067968,true,pending_log_review,,1,16
A1,GDS,4,0.3,2458,4096,256,39,11672.647,13704.008,10067968,true,pending_log_review,,1,16
A1,GDS,4,0.3,2458,4096,256,40,11683.833,13766.677,10067968,true,pending_log_review,,1,16
A1,GDS,4,0.3,2458,4096,256,41,11390.241,13497.222,10067968,true,pending_log_review,,1,16
A1,GDS,4,0.3,2458,4096,256,42,9808.789,12267.034,10067968,true,pending_log_review,,1,16
A1,GDS,4,0.3,2458,4096,256,43,9426.382,11406.292,10067968,true,pending_log_review,,1,16
A1,GDS,4,0.3,2458,4096,256,44,9531.816,11459.69,10067968,true,pending_log_review,,1,16
A1,GDS,4,0.3,2458,4096,256,45,9809.166,11555.885,10067968,true,pending_log_review,,1,16
A1,GDS,4,0.3,2458,4096,256,46,9167.214,11335.231,10067968,true,pending_log_review,,1,16
A1,GDS,4,0.3,2458,4096,256,47,9406.426,11183.562,10067968,true,pending_log_review,,1,16
A1,GDS,4,0.3,2458,4096,256,48,9225.921,11106.514,10067968,true,pending_log_review,,1,16
A1,GDS,4,0.3,2458,4096,256,49,9988.18,11794.766,10067968,true,pending_log_review,,1,16
A1,GDS,4,0.3,2458,4096,256,50,16793.49,19501.631,10067968,true,pending_log_review,,1,16
A1,GDS,4,0.3,2458,4096,256,51,11433.239,13597.316,10067968,true,pending_log_review,,1,16
A1,GDS,4,0.3,2458,4096,256,52,11815.059,14140.464,10067968,true,pending_log_review,,1,16
A1,GDS,4,0.3,2458,4096,256,53,11327.731,13340.351,10067968,true,pending_log_review,,1,16
A1,GDS,4,0.3,2458,4096,256,54,11833.848,13896.658,10067968,true,pending_log_review,,1,16
A1,GDS,4,0.3,2458,4096,256,55,11158.284,13136.919,10067968,true,pending_log_review,,1,16
A1,GDS,4,0.3,2458,4096,256,56,17183.773,19507.94,10067968,true,pending_log_review,,1,16
A1,GDS,4,0.3,2458,4096,256,57,9688.233,11863.43,10067968,true,pending_log_review,,1,16
A1,GDS,4,0.3,2458,4096,256,58,9765.254,11480.211,10067968,true,pending_log_review,,1,16
A1,GDS,4,0.3,2458,4096,256,59,10570.529,12504.011,10067968,true,pending_log_review,,1,16
A1,GDS,4,0.3,2458,4096,256,60,11680.865,13984.361,10067968,true,pending_log_review,,1,16
A1,GDS,4,0.3,2458,4096,256,61,12253.01,14390.513,10067968,true,pending_log_review,,1,16
A1,GDS,4,0.3,2458,4096,256,62,16636.038,19118.972,10067968,true,pending_log_review,,1,16
A1,GDS,4,0.3,2458,4096,256,63,9733.517,11800.696,10067968,true,pending_log_review,,1,16
A1,GDS,4,0.3,2458,4096,256,64,9795.357,11869.678,10067968,true,pending_log_review,,1,16
A1,GDS,4,0.3,2458,4096,256,65,9668.519,11802.768,10067968,true,pending_log_review,,1,16
A1,GDS,4,0.3,2458,4096,256,66,9378.427,11508.616,10067968,true,pending_log_review,,1,16
A1,GDS,4,0.3,2458,4096,256,67,10311.35,12172.905,10067968,true,pending_log_review,,1,16
A1,GDS,4,0.3,2458,4096,256,68,9525.485,11356.233,10067968,true,pending_log_review,,1,16
A1,GDS,4,0.3,2458,4096,256,69,9581.83,11308.438,10067968,true,pending_log_review,,1,16
A1,GDS,4,0.3,2458,4096,256,70,9718.652,11751.771,10067968,true,pending_log_review,,1,16
A1,GDS,4,0.3,2458,4096,256,71,11849.348,14058.7,10067968,true,pending_log_review,,1,16
A1,GDS,4,0.3,2458,4096,256,72,11252.903,13350.289,10067968,true,pending_log_review,,1,16
A1,GDS,4,0.3,2458,4096,256,73,11843.445,13979.6,10067968,true,pending_log_review,,1,16
A1,GDS,4,0.3,2458,4096,256,74,11799.503,13899.628,10067968,true,pending_log_review,,1,16
A1,GDS,4,0.3,2458,4096,256,75,11489.635,13524.23,10067968,true,pending_log_review,,1,16
A1,GDS,4,0.3,2458,4096,256,76,11811.216,13907.482,10067968,true,pending_log_review,,1,16
A1,GDS,4,0.3,2458,4096,256,77,11677.661,13906.97,10067968,true,pending_log_review,,1,16
A1,GDS,4,0.3,2458,4096,256,78,11855.938,14066.788,10067968,true,pending_log_review,,1,16
A1,GDS,4,0.3,2458,4096,256,79,11918.691,14084.743,10067968,true,pending_log_review,,1,16
A1,GDS,4,0.3,2458,4096,256,80,11860.83,13989.062,10067968,true,pending_log_review,,1,16
A1,GDS,4,0.3,2458,4096,256,81,11843.685,13933.431,10067968,true,pending_log_review,,1,16
A1,GDS,4,0.3,2458,4096,256,82,11547.811,13643.466,10067968,true,pending_log_review,,1,16
A1,GDS,4,0.3,2458,4096,256,83,11813.969,13942.884,10067968,true,pending_log_review,,1,16
A1,GDS,4,0.3,2458,4096,256,84,11863.909,14027.049,10067968,true,pending_log_review,,1,16
A1,GDS,4,0.3,2458,4096,256,85,11818.441,14015.582,10067968,true,pending_log_review,,1,16
A1,GDS,4,0.3,2458,4096,256,86,11547.409,13765.351,10067968,true,pending_log_review,,1,16
A1,GDS,4,0.3,2458,4096,256,87,11958.731,14134.105,10067968,true,pending_log_review,,1,16
A1,GDS,4,0.3,2458,4096,256,88,11676.427,13925.748,10067968,true,pending_log_review,,1,16
A1,GDS,4,0.3,2458,4096,256,89,11743.958,13846.992,10067968,true,pending_log_review,,1,16
A1,GDS,4,0.3,2458,4096,256,90,11309.204,13305.595,10067968,true,pending_log_review,,1,16
A1,GDS,4,0.3,2458,4096,256,91,11938.951,14175.042,10067968,true,pending_log_review,,1,16
A1,GDS,4,0.3,2458,4096,256,92,16286.885,18901.702,10067968,true,pending_log_review,,1,16
A1,GDS,4,0.3,2458,4096,256,93,9248.483,10945.842,10067968,true,pending_log_review,,1,16
A1,GDS,4,0.3,2458,4096,256,94,9646.786,11555.834,10067968,true,pending_log_review,,1,16
A1,GDS,4,0.3,2458,4096,256,95,9233.725,11026.986,10067968,true,pending_log_review,,1,16
A1,GDS,4,0.3,2458,4096,256,96,9527.464,11470.228,10067968,true,pending_log_review,,1,16
A1,GDS,4,0.3,2458,4096,256,97,15915.609,18417.138,10067968,true,pending_log_review,,1,16
A1,GDS,4,0.3,2458,4096,256,98,12035.698,14369.363,10067968,true,pending_log_review,,1,16
A1,GDS,4,0.3,2458,4096,256,99,11575.327,13799.738,10067968,true,pending_log_review,,1,16
A1,GDS,4,0.3,2458,4096,256,100,11626.861,13775.163,10067968,true,pending_log_review,,1,16
A1,GDS,4,0.3,2458,4096,256,101,11678.756,13874.259,10067968,true,pending_log_review,,1,16
A1,GDS,4,0.3,2458,4096,256,102,11780.572,13930.027,10067968,true,pending_log_review,,1,16
A1,GDS,4,0.3,2458,4096,256,103,11519.608,13697.754,10067968,true,pending_log_review,,1,16
A1,GDS,4,0.3,2458,4096,256,104,11605.279,13537.213,10067968,true,pending_log_review,,1,16
A1,GDS,4,0.3,2458,4096,256,105,11753.761,13704.855,10067968,true,pending_log_review,,1,16
A1,GDS,4,0.3,2458,4096,256,106,9558.134,11502.282,10067968,true,pending_log_review,,1,16
A1,GDS,4,0.3,2458,4096,256,107,9410.231,11182.334,10067968,true,pending_log_review,,1,16
A1,GDS,4,0.3,2458,4096,256,108,9393.673,11477.946,10067968,true,pending_log_review,,1,16
A1,GDS,4,0.3,2458,4096,256,109,9757.992,11647.538,10067968,true,pending_log_review,,1,16
A1,GDS,4,0.3,2458,4096,256,110,9754.222,11627.452,10067968,true,pending_log_review,,1,16
A1,GDS,4,0.3,2458,4096,256,111,10063.818,11878.884,10067968,true,pending_log_review,,1,16
A1,GDS,4,0.3,2458,4096,256,112,9658.335,11753.935,10067968,true,pending_log_review,,1,16
A1,GDS,4,0.3,2458,4096,256,113,14687.419,16949.706,10067968,true,pending_log_review,,1,16
A1,GDS,4,0.3,2458,4096,256,114,11863.271,14049.295,10067968,true,pending_log_review,,1,16
A1,GDS,4,0.3,2458,4096,256,115,11613.043,13572.267,10067968,true,pending_log_review,,1,16
A1,GDS,4,0.3,2458,4096,256,116,11659.631,13896.662,10067968,true,pending_log_review,,1,16
A1,GDS,4,0.3,2458,4096,256,117,11385.138,13371.182,10067968,true,pending_log_review,,1,16
A1,GDS,4,0.3,2458,4096,256,118,11443.225,13470.843,10067968,true,pending_log_review,,1,16
A1,GDS,4,0.3,2458,4096,256,119,11231.081,13309.173,10067968,true,pending_log_review,,1,16
A1,GDS,4,0.3,2458,4096,256,120,11730.236,13852.251,10067968,true,pending_log_review,,1,16
A1,GDS,4,0.3,2458,4096,256,121,11615.92,13775.636,10067968,true,pending_log_review,,1,16
A1,GDS,4,0.3,2458,4096,256,122,12043.597,14226.127,10067968,true,pending_log_review,,1,16
A1,GDS,4,0.3,2458,4096,256,123,11757.475,13928.442,10067968,true,pending_log_review,,1,16
A1,GDS,4,0.3,2458,4096,256,124,11647.166,13804.579,10067968,true,pending_log_review,,1,16
A1,GDS,4,0.3,2458,4096,256,125,11535.29,13750.491,10067968,true,pending_log_review,,1,16
A1,GDS,4,0.3,2458,4096,256,126,11729.214,13950.8,10067968,true,pending_log_review,,1,16
A1,GDS,4,0.3,2458,4096,256,127,11894.561,14040.767,10067968,true,pending_log_review,,1,16
A1,GDS,4,0.3,2458,4096,256,128,11559.447,13726.465,10067968,true,pending_log_review,,1,16
A1,GDS,4,0.3,2458,4096,256,129,11918.509,13981.327,10067968,true,pending_log_review,,1,16
A1,GDS,4,0.3,2458,4096,256,130,11688.572,13715.459,10067968,true,pending_log_review,,1,16
A1,GDS,4,0.3,2458,4096,256,131,11679.302,14035.143,10067968,true,pending_log_review,,1,16
A1,GDS,4,0.3,2458,4096,256,132,11153.816,13108.085,10067968,true,pending_log_review,,1,16
A1,GDS,4,0.3,2458,4096,256,133,11918.432,13967.569,10067968,true,pending_log_review,,1,16
A1,GDS,4,0.3,2458,4096,256,134,17015.762,19347.959,10067968,true,pending_log_review,,1,16
A1,GDS,4,0.3,2458,4096,256,135,9377.615,11152.841,10067968,true,pending_log_review,,1,16
A1,GDS,4,0.3,2458,4096,256,136,9315.068,11444.024,10067968,true,pending_log_review,,1,16
A1,GDS,4,0.3,2458,4096,256,137,9467.078,11861.982,10067968,true,pending_log_review,,1,16
A1,GDS,4,0.3,2458,4096,256,138,9472.939,11673.285,10067968,true,pending_log_review,,1,16
A1,GDS,4,0.3,2458,4096,256,139,9837.786,11738.626,10067968,true,pending_log_review,,1,16
A1,GDS,4,0.3,2458,4096,256,140,11918.128,13992.201,10067968,true,pending_log_review,,1,16
A1,GDS,4,0.3,2458,4096,256,141,11190.121,13135.116,10067968,true,pending_log_review,,1,16
A1,GDS,4,0.3,2458,4096,256,142,13890.476,16091.442,10067968,true,pending_log_review,,1,16
A1,GDS,4,0.3,2458,4096,256,143,11685.187,13891.932,10067968,true,pending_log_review,,1,16
A1,GDS,4,0.3,2458,4096,256,144,12149.908,14274.425,10067968,true,pending_log_review,,1,16
A1,GDS,4,0.3,2458,4096,256,145,12080.446,14308.956,10067968,true,pending_log_review,,1,16
A1,GDS,4,0.3,2458,4096,256,146,11582.115,13605.568,10067968,true,pending_log_review,,1,16
A1,GDS,4,0.3,2458,4096,256,147,11541.966,13399.376,10067968,true,pending_log_review,,1,16
A1,GDS,4,0.3,2458,4096,256,148,11602.552,13645.373,10067968,true,pending_log_review,,1,16
A1,GDS,4,0.3,2458,4096,256,149,12144.287,14306.049,10067968,true,pending_log_review,,1,16
A1,GDS,4,0.3,2458,4096,256,150,11715.891,13713.286,10067968,true,pending_log_review,,1,16
A1,GDS,4,0.3,2458,4096,256,151,11885.653,14035.064,10067968,true,pending_log_review,,1,16
A1,GDS,4,0.3,2458,4096,256,152,11514.668,13679.743,10067968,true,pending_log_review,,1,16
A1,GDS,4,0.3,2458,4096,256,153,11954.197,14019.36,10067968,true,pending_log_review,,1,16
A1,GDS,4,0.3,2458,4096,256,154,11263.07,13286.512,10067968,true,pending_log_review,,1,16
A1,GDS,4,0.3,2458,4096,256,155,16245.377,18505.56,10067968,true,pending_log_review,,1,16
A1,GDS,4,0.3,2458,4096,256,156,9951.599,11714.176,10067968,true,pending_log_review,,1,16
A1,GDS,4,0.3,2458,4096,256,157,9451.264,11705.629,10067968,true,pending_log_review,,1,16
A1,GDS,4,0.3,2458,4096,256,158,9298.728,11315.718,10067968,true,pending_log_review,,1,16
A1,GDS,4,0.3,2458,4096,256,159,9740.249,11815.699,10067968,true,pending_log_review,,1,16
A1,GDS,4,0.3,2458,4096,256,160,9534.117,11264.511,10067968,true,pending_log_review,,1,16
A1,GDS,4,0.3,2458,4096,256,161,9444.266,11558.542,10067968,true,pending_log_review,,1,16
A1,GDS,4,0.3,2458,4096,256,162,9515.307,11783.843,10067968,true,pending_log_review,,1,16
A1,GDS,4,0.3,2458,4096,256,163,9694.967,11797.541,10067968,true,pending_log_review,,1,16
A1,GDS,4,0.3,2458,4096,256,164,9657.112,11690.1,10067968,true,pending_log_review,,1,16
A1,GDS,4,0.3,2458,4096,256,165,9247.835,11006.475,10067968,true,pending_log_review,,1,16
A1,GDS,4,0.3,2458,4096,256,166,9425.8,11405.638,10067968,true,pending_log_review,,1,16
A1,GDS,4,0.3,2458,4096,256,167,9452.123,11482.955,10067968,true,pending_log_review,,1,16
A1,GDS,4,0.3,2458,4096,256,168,9406.184,11572.96,10067968,true,pending_log_review,,1,16
A1,GDS,4,0.3,2458,4096,256,169,8946.59,11040.574,10067968,true,pending_log_review,,1,16
A1,GDS,4,0.3,2458,4096,256,170,9585.193,11417.882,10067968,true,pending_log_review,,1,16
A1,GDS,4,0.3,2458,4096,256,171,9355.073,11560.402,10067968,true,pending_log_review,,1,16
A1,GDS,4,0.3,2458,4096,256,172,9846.228,11674.999,10067968,true,pending_log_review,,1,16
A1,GDS,4,0.3,2458,4096,256,173,10130.067,11942.054,10067968,true,pending_log_review,,1,16
A1,GDS,4,0.3,2458,4096,256,174,10539.434,12502.311,10067968,true,pending_log_review,,1,16
A1,GDS,4,0.3,2458,4096,256,175,9997.331,11751.307,10067968,true,pending_log_review,,1,16
A1,GDS,4,0.3,2458,4096,256,176,9169.423,11424.507,10067968,true,pending_log_review,,1,16
A1,GDS,4,0.3,2458,4096,256,177,9660.433,11615.507,10067968,true,pending_log_review,,1,16
A1,GDS,4,0.3,2458,4096,256,178,9470.59,11336.364,10067968,true,pending_log_review,,1,16
A1,GDS,4,0.3,2458,4096,256,179,9771.888,11556.95,10067968,true,pending_log_review,,1,16
A1,GDS,4,0.3,2458,4096,256,180,12059.646,14237.556,10067968,true,pending_log_review,,1,16
A1,GDS,4,0.3,2458,4096,256,181,11739.679,13804.031,10067968,true,pending_log_review,,1,16
A1,GDS,4,0.3,2458,4096,256,182,11667.725,13800.408,10067968,true,pending_log_review,,1,16
A1,GDS,4,0.3,2458,4096,256,183,11735.447,13814.05,10067968,true,pending_log_review,,1,16
A1,GDS,4,0.3,2458,4096,256,184,11593.512,13569.376,10067968,true,pending_log_review,,1,16
A1,GDS,4,0.3,2458,4096,256,185,13352.526,15548.998,10067968,true,pending_log_review,,1,16
A1,GDS,4,0.3,2458,4096,256,186,10434.487,12229.085,10067968,true,pending_log_review,,1,16
A1,GDS,4,0.3,2458,4096,256,187,14007.408,16235.595,10067968,true,pending_log_review,,1,16
A1,GDS,4,0.3,2458,4096,256,188,11716.007,14010.562,10067968,true,pending_log_review,,1,16
A1,GDS,4,0.3,2458,4096,256,189,11574.657,13534.028,10067968,true,pending_log_review,,1,16
A1,GDS,4,0.3,2458,4096,256,190,11164.099,13379.676,10067968,true,pending_log_review,,1,16
A1,GDS,4,0.3,2458,4096,256,191,11176.065,13145.635,10067968,true,pending_log_review,,1,16
A1,GDS,4,0.3,2458,4096,256,192,11814.222,13927.347,10067968,true,pending_log_review,,1,16
A1,GDS,4,0.3,2458,4096,256,193,11869.592,14054.718,10067968,true,pending_log_review,,1,16
A1,GDS,4,0.3,2458,4096,256,194,11238.99,13363.467,10067968,true,pending_log_review,,1,16
A1,GDS,4,0.3,2458,4096,256,195,11676.242,13712.932,10067968,true,pending_log_review,,1,16
A1,GDS,4,0.3,2458,4096,256,196,11320.724,13261.265,10067968,true,pending_log_review,,1,16
A1,GDS,4,0.3,2458,4096,256,197,11634.587,13604.589,10067968,true,pending_log_review,,1,16
A1,GDS,4,0.3,2458,4096,256,198,9396.697,11513.473,10067968,true,pending_log_review,,1,16
A1,GDS,4,0.3,2458,4096,256,199,9509.337,11608.932,10067968,true,pending_log_review,,1,16
A1,GDS,4,0.3,2458,4096,256,0,9565.232,11529.603,10067968,true,pending_log_review,,3,16
A1,GDS,16,0.067,2195,4096,256,0,8756.884,10237.801,8990720,true,pending_log_review,,2,16
A1,GDS,16,0.067,2195,4096,256,0,8814.743,10405.089,8990720,true,pending_log_review,,0,16
A1,GDS,16,0.067,2195,4096,256,1,9487.919,11227.951,8990720,true,pending_log_review,,0,16
A1,GDS,16,0.067,2195,4096,256,2,8190.462,9776.457,8990720,true,pending_log_review,,0,16
A1,GDS,16,0.067,2195,4096,256,3,8566.826,10317.58,8990720,true,pending_log_review,,0,16
A1,GDS,16,0.067,2195,4096,256,4,9078.876,10890.76,8990720,true,pending_log_review,,0,16
A1,GDS,16,0.067,2195,4096,256,5,16953.685,19360.019,8990720,true,pending_log_review,,0,16
A1,GDS,16,0.067,2195,4096,256,6,8615.743,10297.435,8990720,true,pending_log_review,,0,16
A1,GDS,16,0.067,2195,4096,256,7,8515.411,10613.512,8990720,true,pending_log_review,,0,16
A1,GDS,16,0.067,2195,4096,256,8,8426.127,10079.2,8990720,true,pending_log_review,,0,16
A1,GDS,16,0.067,2195,4096,256,9,8578.218,10463.898,8990720,true,pending_log_review,,0,16
A1,GDS,16,0.067,2195,4096,256,0,8568.078,10544.413,8990720,true,pending_log_review,,1,16
A1,GDS,16,0.067,2195,4096,256,1,9087.626,10657.9,8990720,true,pending_log_review,,1,16
A1,GDS,16,0.067,2195,4096,256,2,8425.241,10410.299,8990720,true,pending_log_review,,1,16
A1,GDS,16,0.067,2195,4096,256,3,8327.2,9884.218,8990720,true,pending_log_review,,1,16
A1,GDS,16,0.067,2195,4096,256,4,8565.651,10733.165,8990720,true,pending_log_review,,1,16
A1,GDS,16,0.067,2195,4096,256,5,8626.137,10349.305,8990720,true,pending_log_review,,1,16
A1,GDS,16,0.067,2195,4096,256,6,8637.369,10629.614,8990720,true,pending_log_review,,1,16
A1,GDS,16,0.067,2195,4096,256,7,8424.348,10241.143,8990720,true,pending_log_review,,1,16
A1,GDS,16,0.067,2195,4096,256,8,8632.41,10561.712,8990720,true,pending_log_review,,1,16
A1,GDS,16,0.067,2195,4096,256,9,8457.131,10046.134,8990720,true,pending_log_review,,1,16
A1,GDS,16,0.067,2195,4096,256,10,8748.481,10258.227,8990720,true,pending_log_review,,1,16
A1,GDS,16,0.067,2195,4096,256,11,8586.079,10471.077,8990720,true,pending_log_review,,1,16
A1,GDS,16,0.067,2195,4096,256,12,8309.519,10645.772,8990720,true,pending_log_review,,1,16
A1,GDS,16,0.067,2195,4096,256,13,8752.845,10713.014,8990720,true,pending_log_review,,1,16
A1,GDS,16,0.067,2195,4096,256,14,8398.392,10576.666,8990720,true,pending_log_review,,1,16
A1,GDS,16,0.067,2195,4096,256,15,8672.657,10631.664,8990720,true,pending_log_review,,1,16
A1,GDS,16,0.067,2195,4096,256,16,8592.705,10637.167,8990720,true,pending_log_review,,1,16
A1,GDS,16,0.067,2195,4096,256,17,8622.827,10489.177,8990720,true,pending_log_review,,1,16
A1,GDS,16,0.067,2195,4096,256,18,8435.481,10332.334,8990720,true,pending_log_review,,1,16
A1,GDS,16,0.067,2195,4096,256,19,8549.288,10147.112,8990720,true,pending_log_review,,1,16
A1,GDS,16,0.067,2195,4096,256,20,8957.372,10478.042,8990720,true,pending_log_review,,1,16
A1,GDS,16,0.067,2195,4096,256,21,8587.131,10796.922,8990720,true,pending_log_review,,1,16
A1,GDS,16,0.067,2195,4096,256,22,8723.927,10663.93,8990720,true,pending_log_review,,1,16
A1,GDS,16,0.067,2195,4096,256,23,8684.023,10487.418,8990720,true,pending_log_review,,1,16
A1,GDS,16,0.067,2195,4096,256,24,9024.693,10665.822,8990720,true,pending_log_review,,1,16
A1,GDS,16,0.067,2195,4096,256,25,8575.875,10374.307,8990720,true,pending_log_review,,1,16
A1,GDS,16,0.067,2195,4096,256,26,8550.173,10396.042,8990720,true,pending_log_review,,1,16
A1,GDS,16,0.067,2195,4096,256,27,8379.682,10154.806,8990720,true,pending_log_review,,1,16
A1,GDS,16,0.067,2195,4096,256,28,8423.422,10309.586,8990720,true,pending_log_review,,1,16
A1,GDS,16,0.067,2195,4096,256,29,8497.644,10139.913,8990720,true,pending_log_review,,1,16
A1,GDS,16,0.067,2195,4096,256,30,8625.544,10217.627,8990720,true,pending_log_review,,1,16
A1,GDS,16,0.067,2195,4096,256,31,8630.809,10289.266,8990720,true,pending_log_review,,1,16
A1,GDS,16,0.067,2195,4096,256,32,8571.354,10210.107,8990720,true,pending_log_review,,1,16
A1,GDS,16,0.067,2195,4096,256,33,8397.704,10155.494,8990720,true,pending_log_review,,1,16
A1,GDS,16,0.067,2195,4096,256,34,8531.57,10591.03,8990720,true,pending_log_review,,1,16
A1,GDS,16,0.067,2195,4096,256,35,8637.073,10117.91,8990720,true,pending_log_review,,1,16
A1,GDS,16,0.067,2195,4096,256,36,8470.735,10094.963,8990720,true,pending_log_review,,1,16
A1,GDS,16,0.067,2195,4096,256,37,8138.515,9704.543,8990720,true,pending_log_review,,1,16
A1,GDS,16,0.067,2195,4096,256,38,8545.358,10557.899,8990720,true,pending_log_review,,1,16
A1,GDS,16,0.067,2195,4096,256,39,8381.334,10252.489,8990720,true,pending_log_review,,1,16
A1,GDS,16,0.067,2195,4096,256,40,8646.459,10606.583,8990720,true,pending_log_review,,1,16
A1,GDS,16,0.067,2195,4096,256,41,8817.347,10561.72,8990720,true,pending_log_review,,1,16
A1,GDS,16,0.067,2195,4096,256,42,8454.567,10278.073,8990720,true,pending_log_review,,1,16
A1,GDS,16,0.067,2195,4096,256,43,8407.722,10256.906,8990720,true,pending_log_review,,1,16
A1,GDS,16,0.067,2195,4096,256,44,8558.075,10686.393,8990720,true,pending_log_review,,1,16
A1,GDS,16,0.067,2195,4096,256,45,8522.915,10747.439,8990720,true,pending_log_review,,1,16
A1,GDS,16,0.067,2195,4096,256,46,8376.265,10686.266,8990720,true,pending_log_review,,1,16
A1,GDS,16,0.067,2195,4096,256,47,8487.711,10345.535,8990720,true,pending_log_review,,1,16
A1,GDS,16,0.067,2195,4096,256,48,8509.139,10496.91,8990720,true,pending_log_review,,1,16
A1,GDS,16,0.067,2195,4096,256,49,8660.692,10269.992,8990720,true,pending_log_review,,1,16
A1,GDS,16,0.067,2195,4096,256,50,8481.999,10671.204,8990720,true,pending_log_review,,1,16
A1,GDS,16,0.067,2195,4096,256,51,8382.436,10286.657,8990720,true,pending_log_review,,1,16
A1,GDS,16,0.067,2195,4096,256,52,9067.846,10641.926,8990720,true,pending_log_review,,1,16
A1,GDS,16,0.067,2195,4096,256,53,8482.276,10060.38,8990720,true,pending_log_review,,1,16
A1,GDS,16,0.067,2195,4096,256,54,14623.332,16857.848,8990720,true,pending_log_review,,1,16
A1,GDS,16,0.067,2195,4096,256,55,10210.234,11985.929,8990720,true,pending_log_review,,1,16
A1,GDS,16,0.067,2195,4096,256,56,10352.26,12210.734,8990720,true,pending_log_review,,1,16
A1,GDS,16,0.067,2195,4096,256,57,10305.751,12108.027,8990720,true,pending_log_review,,1,16
A1,GDS,16,0.067,2195,4096,256,58,10732.174,12688.114,8990720,true,pending_log_review,,1,16
A1,GDS,16,0.067,2195,4096,256,59,8560.94,10325.357,8990720,true,pending_log_review,,1,16
A1,GDS,16,0.067,2195,4096,256,60,8426.981,10105.25,8990720,true,pending_log_review,,1,16
A1,GDS,16,0.067,2195,4096,256,61,8506.415,10035.658,8990720,true,pending_log_review,,1,16
A1,GDS,16,0.067,2195,4096,256,62,8361.206,9981.015,8990720,true,pending_log_review,,1,16
A1,GDS,16,0.067,2195,4096,256,63,8531.956,10270.691,8990720,true,pending_log_review,,1,16
A1,GDS,16,0.067,2195,4096,256,64,8688.216,10506.959,8990720,true,pending_log_review,,1,16
A1,GDS,16,0.067,2195,4096,256,65,14814.904,17245.184,8990720,true,pending_log_review,,1,16
A1,GDS,16,0.067,2195,4096,256,66,10635.57,12327.39,8990720,true,pending_log_review,,1,16
A1,GDS,16,0.067,2195,4096,256,67,12040.977,14018.728,8990720,true,pending_log_review,,1,16
A1,GDS,16,0.067,2195,4096,256,68,8843.05,10401.765,8990720,true,pending_log_review,,1,16
A1,GDS,16,0.067,2195,4096,256,69,8321.03,10004.358,8990720,true,pending_log_review,,1,16
A1,GDS,16,0.067,2195,4096,256,70,8440.961,9991.064,8990720,true,pending_log_review,,1,16
A1,GDS,16,0.067,2195,4096,256,71,8307.48,10278.9,8990720,true,pending_log_review,,1,16
A1,GDS,16,0.067,2195,4096,256,72,8533.968,10513.717,8990720,true,pending_log_review,,1,16
A1,GDS,16,0.067,2195,4096,256,73,8765.216,10323.205,8990720,true,pending_log_review,,1,16
A1,GDS,16,0.067,2195,4096,256,74,8381.694,9859.246,8990720,true,pending_log_review,,1,16
A1,GDS,16,0.067,2195,4096,256,75,8467.977,10715.643,8990720,true,pending_log_review,,1,16
A1,GDS,16,0.067,2195,4096,256,76,8643.53,10574.534,8990720,true,pending_log_review,,1,16
A1,GDS,16,0.067,2195,4096,256,77,8799.257,10794.958,8990720,true,pending_log_review,,1,16
A1,GDS,16,0.067,2195,4096,256,78,8340.84,9962.882,8990720,true,pending_log_review,,1,16
A1,GDS,16,0.067,2195,4096,256,79,8451.711,10003.559,8990720,true,pending_log_review,,1,16
A1,GDS,16,0.067,2195,4096,256,80,8465.671,10064.633,8990720,true,pending_log_review,,1,16
A1,GDS,16,0.067,2195,4096,256,81,14694.503,16786.778,8990720,true,pending_log_review,,1,16
A1,GDS,16,0.067,2195,4096,256,82,11322.204,13710.07,8990720,true,pending_log_review,,1,16
A1,GDS,16,0.067,2195,4096,256,83,15003.733,17462.436,8990720,true,pending_log_review,,1,16
A1,GDS,16,0.067,2195,4096,256,84,8560.459,10715.933,8990720,true,pending_log_review,,1,16
A1,GDS,16,0.067,2195,4096,256,85,8367.753,9998.025,8990720,true,pending_log_review,,1,16
A1,GDS,16,0.067,2195,4096,256,86,8489.627,10352.268,8990720,true,pending_log_review,,1,16
A1,GDS,16,0.067,2195,4096,256,87,8157.852,10114.653,8990720,true,pending_log_review,,1,16
A1,GDS,16,0.067,2195,4096,256,88,8582.834,10312.296,8990720,true,pending_log_review,,1,16
A1,GDS,16,0.067,2195,4096,256,89,15742.273,18206.151,8990720,true,pending_log_review,,1,16
A1,GDS,16,0.067,2195,4096,256,90,9980.001,11784.931,8990720,true,pending_log_review,,1,16
A1,GDS,16,0.067,2195,4096,256,91,10190.113,12029.126,8990720,true,pending_log_review,,1,16
A1,GDS,16,0.067,2195,4096,256,92,10484.415,12386.718,8990720,true,pending_log_review,,1,16
A1,GDS,16,0.067,2195,4096,256,93,10070.929,11800.152,8990720,true,pending_log_review,,1,16
A1,GDS,16,0.067,2195,4096,256,94,10015.639,11851.909,8990720,true,pending_log_review,,1,16
A1,GDS,16,0.067,2195,4096,256,95,10070.541,11810.497,8990720,true,pending_log_review,,1,16
A1,GDS,16,0.067,2195,4096,256,96,10923.478,12823.029,8990720,true,pending_log_review,,1,16
A1,GDS,16,0.067,2195,4096,256,97,10660.186,12736.682,8990720,true,pending_log_review,,1,16
A1,GDS,16,0.067,2195,4096,256,98,10453.57,12220.046,8990720,true,pending_log_review,,1,16
A1,GDS,16,0.067,2195,4096,256,99,10538.287,12342.032,8990720,true,pending_log_review,,1,16
A1,GDS,16,0.067,2195,4096,256,100,10178.229,11972.81,8990720,true,pending_log_review,,1,16
A1,GDS,16,0.067,2195,4096,256,101,9931.031,11752.048,8990720,true,pending_log_review,,1,16
A1,GDS,16,0.067,2195,4096,256,102,10677.253,12458.894,8990720,true,pending_log_review,,1,16
A1,GDS,16,0.067,2195,4096,256,103,10405.611,12321.541,8990720,true,pending_log_review,,1,16
A1,GDS,16,0.067,2195,4096,256,104,10097.937,11826.656,8990720,true,pending_log_review,,1,16
A1,GDS,16,0.067,2195,4096,256,105,10419.223,12461.821,8990720,true,pending_log_review,,1,16
A1,GDS,16,0.067,2195,4096,256,106,10555.491,12481.908,8990720,true,pending_log_review,,1,16
A1,GDS,16,0.067,2195,4096,256,107,10218.756,11989.503,8990720,true,pending_log_review,,1,16
A1,GDS,16,0.067,2195,4096,256,108,8302.724,10033.19,8990720,true,pending_log_review,,1,16
A1,GDS,16,0.067,2195,4096,256,109,8344.453,10013.395,8990720,true,pending_log_review,,1,16
A1,GDS,16,0.067,2195,4096,256,110,8676.01,10362.03,8990720,true,pending_log_review,,1,16
A1,GDS,16,0.067,2195,4096,256,111,8339.013,10444.863,8990720,true,pending_log_review,,1,16
A1,GDS,16,0.067,2195,4096,256,112,8490.064,10236.113,8990720,true,pending_log_review,,1,16
A1,GDS,16,0.067,2195,4096,256,113,8280.759,10271.293,8990720,true,pending_log_review,,1,16
A1,GDS,16,0.067,2195,4096,256,114,8557.899,10433.168,8990720,true,pending_log_review,,1,16
A1,GDS,16,0.067,2195,4096,256,115,8518.951,10329.626,8990720,true,pending_log_review,,1,16
A1,GDS,16,0.067,2195,4096,256,116,8130.196,9629.719,8990720,true,pending_log_review,,1,16
A1,GDS,16,0.067,2195,4096,256,117,8645.363,10410.809,8990720,true,pending_log_review,,1,16
A1,GDS,16,0.067,2195,4096,256,118,8529.336,10054.968,8990720,true,pending_log_review,,1,16
A1,GDS,16,0.067,2195,4096,256,119,8784.251,11069.958,8990720,true,pending_log_review,,1,16
A1,GDS,16,0.067,2195,4096,256,120,8472.784,10097.006,8990720,true,pending_log_review,,1,16
A1,GDS,16,0.067,2195,4096,256,121,8503.769,10249.418,8990720,true,pending_log_review,,1,16
A1,GDS,16,0.067,2195,4096,256,122,8314.325,9885.857,8990720,true,pending_log_review,,1,16
A1,GDS,16,0.067,2195,4096,256,123,8264.643,9972.363,8990720,true,pending_log_review,,1,16
A1,GDS,16,0.067,2195,4096,256,124,8704.013,10987.927,8990720,true,pending_log_review,,1,16
A1,GDS,16,0.067,2195,4096,256,125,8609.717,10760.948,8990720,true,pending_log_review,,1,16
A1,GDS,16,0.067,2195,4096,256,126,8696.211,10362.446,8990720,true,pending_log_review,,1,16
A1,GDS,16,0.067,2195,4096,256,127,8590.654,10118.777,8990720,true,pending_log_review,,1,16
A1,GDS,16,0.067,2195,4096,256,128,8858.393,10539.445,8990720,true,pending_log_review,,1,16
A1,GDS,16,0.067,2195,4096,256,129,8995.825,10613.744,8990720,true,pending_log_review,,1,16
A1,GDS,16,0.067,2195,4096,256,130,8594.8,10230.463,8990720,true,pending_log_review,,1,16
A1,GDS,16,0.067,2195,4096,256,131,8489.024,10107.032,8990720,true,pending_log_review,,1,16
A1,GDS,16,0.067,2195,4096,256,132,8287.76,10166.567,8990720,true,pending_log_review,,1,16
A1,GDS,16,0.067,2195,4096,256,133,8493.084,10371.455,8990720,true,pending_log_review,,1,16
A1,GDS,16,0.067,2195,4096,256,134,8496.509,10746.274,8990720,true,pending_log_review,,1,16
A1,GDS,16,0.067,2195,4096,256,135,8413.343,10221.793,8990720,true,pending_log_review,,1,16
A1,GDS,16,0.067,2195,4096,256,136,8385.427,9996.956,8990720,true,pending_log_review,,1,16
A1,GDS,16,0.067,2195,4096,256,137,8655.559,10878.717,8990720,true,pending_log_review,,1,16
A1,GDS,16,0.067,2195,4096,256,138,8527.624,10302.867,8990720,true,pending_log_review,,1,16
A1,GDS,16,0.067,2195,4096,256,139,8819.732,10721.141,8990720,true,pending_log_review,,1,16
A1,GDS,16,0.067,2195,4096,256,140,8569.306,10601.797,8990720,true,pending_log_review,,1,16
A1,GDS,16,0.067,2195,4096,256,141,8586.368,10775.557,8990720,true,pending_log_review,,1,16
A1,GDS,16,0.067,2195,4096,256,142,8584.873,10216.393,8990720,true,pending_log_review,,1,16
A1,GDS,16,0.067,2195,4096,256,143,8338.136,10492.321,8990720,true,pending_log_review,,1,16
A1,GDS,16,0.067,2195,4096,256,144,8371.951,10117.409,8990720,true,pending_log_review,,1,16
A1,GDS,16,0.067,2195,4096,256,145,8337.605,9781.653,8990720,true,pending_log_review,,1,16
A1,GDS,16,0.067,2195,4096,256,146,8950.446,10584.582,8990720,true,pending_log_review,,1,16
A1,GDS,16,0.067,2195,4096,256,147,9015.848,10603.999,8990720,true,pending_log_review,,1,16
A1,GDS,16,0.067,2195,4096,256,148,8881.471,10426.011,8990720,true,pending_log_review,,1,16
A1,GDS,16,0.067,2195,4096,256,149,9218.747,10901.99,8990720,true,pending_log_review,,1,16
A1,GDS,16,0.067,2195,4096,256,150,9323.943,11019.096,8990720,true,pending_log_review,,1,16
A1,GDS,16,0.067,2195,4096,256,151,9082.665,10807.352,8990720,true,pending_log_review,,1,16
A1,GDS,16,0.067,2195,4096,256,152,9179.807,10758.28,8990720,true,pending_log_review,,1,16
A1,GDS,16,0.067,2195,4096,256,153,9278.459,11060.462,8990720,true,pending_log_review,,1,16
A1,GDS,16,0.067,2195,4096,256,154,9328.576,11017.192,8990720,true,pending_log_review,,1,16
A1,GDS,16,0.067,2195,4096,256,155,8313.697,9920.89,8990720,true,pending_log_review,,1,16
A1,GDS,16,0.067,2195,4096,256,156,8539.978,10149.525,8990720,true,pending_log_review,,1,16
A1,GDS,16,0.067,2195,4096,256,157,8298.676,9846.951,8990720,true,pending_log_review,,1,16
A1,GDS,16,0.067,2195,4096,256,158,8903.998,10534.808,8990720,true,pending_log_review,,1,16
A1,GDS,16,0.067,2195,4096,256,159,9032.721,10546.863,8990720,true,pending_log_review,,1,16
A1,GDS,16,0.067,2195,4096,256,160,9231.494,10944.919,8990720,true,pending_log_review,,1,16
A1,GDS,16,0.067,2195,4096,256,161,9205.945,10951.99,8990720,true,pending_log_review,,1,16
A1,GDS,16,0.067,2195,4096,256,162,10181.606,11931.912,8990720,true,pending_log_review,,1,16
A1,GDS,16,0.067,2195,4096,256,163,10342.576,12213.393,8990720,true,pending_log_review,,1,16
A1,GDS,16,0.067,2195,4096,256,164,10119.776,11880.676,8990720,true,pending_log_review,,1,16
A1,GDS,16,0.067,2195,4096,256,165,10559.246,12426.799,8990720,true,pending_log_review,,1,16
A1,GDS,16,0.067,2195,4096,256,166,10216.147,12029.927,8990720,true,pending_log_review,,1,16
A1,GDS,16,0.067,2195,4096,256,167,9934.436,11775.245,8990720,true,pending_log_review,,1,16
A1,GDS,16,0.067,2195,4096,256,168,10508.172,12204.212,8990720,true,pending_log_review,,1,16
A1,GDS,16,0.067,2195,4096,256,169,14259.577,16670.115,8990720,true,pending_log_review,,1,16
A1,GDS,16,0.067,2195,4096,256,170,10499.849,12485.537,8990720,true,pending_log_review,,1,16
A1,GDS,16,0.067,2195,4096,256,171,10434.211,12310.12,8990720,true,pending_log_review,,1,16
A1,GDS,16,0.067,2195,4096,256,172,10588.674,12470.224,8990720,true,pending_log_review,,1,16
A1,GDS,16,0.067,2195,4096,256,173,10252.035,12121.255,8990720,true,pending_log_review,,1,16
A1,GDS,16,0.067,2195,4096,256,174,15961.689,18160.045,8990720,true,pending_log_review,,1,16
A1,GDS,16,0.067,2195,4096,256,175,10480.021,12568.736,8990720,true,pending_log_review,,1,16
A1,GDS,16,0.067,2195,4096,256,176,10472.642,12251.003,8990720,true,pending_log_review,,1,16
A1,GDS,16,0.067,2195,4096,256,177,10283.581,12296.627,8990720,true,pending_log_review,,1,16
A1,GDS,16,0.067,2195,4096,256,178,10313.087,12165.328,8990720,true,pending_log_review,,1,16
A1,GDS,16,0.067,2195,4096,256,179,10489.001,12409.114,8990720,true,pending_log_review,,1,16
A1,GDS,16,0.067,2195,4096,256,180,10066.942,11792.103,8990720,true,pending_log_review,,1,16
A1,GDS,16,0.067,2195,4096,256,181,16124.357,18326.973,8990720,true,pending_log_review,,1,16
A1,GDS,16,0.067,2195,4096,256,182,9904.926,11760.933,8990720,true,pending_log_review,,1,16
A1,GDS,16,0.067,2195,4096,256,183,10774.177,12671.526,8990720,true,pending_log_review,,1,16
A1,GDS,16,0.067,2195,4096,256,184,10148.471,12091.627,8990720,true,pending_log_review,,1,16
A1,GDS,16,0.067,2195,4096,256,185,10655.456,12520.021,8990720,true,pending_log_review,,1,16
A1,GDS,16,0.067,2195,4096,256,186,10490.626,12354.377,8990720,true,pending_log_review,,1,16
A1,GDS,16,0.067,2195,4096,256,187,12262.019,14345.283,8990720,true,pending_log_review,,1,16
A1,GDS,16,0.067,2195,4096,256,188,10483.211,12440.711,8990720,true,pending_log_review,,1,16
A1,GDS,16,0.067,2195,4096,256,189,10294.868,12092.741,8990720,true,pending_log_review,,1,16
A1,GDS,16,0.067,2195,4096,256,190,10355.449,12248.055,8990720,true,pending_log_review,,1,16
A1,GDS,16,0.067,2195,4096,256,191,10522.958,12391.364,8990720,true,pending_log_review,,1,16
A1,GDS,16,0.067,2195,4096,256,192,9988.344,11756.664,8990720,true,pending_log_review,,1,16
A1,GDS,16,0.067,2195,4096,256,193,10477.555,12362.421,8990720,true,pending_log_review,,1,16
A1,GDS,16,0.067,2195,4096,256,194,10594.084,12478.273,8990720,true,pending_log_review,,1,16
A1,GDS,16,0.067,2195,4096,256,195,10118.203,11910.907,8990720,true,pending_log_review,,1,16
A1,GDS,16,0.067,2195,4096,256,196,10310.414,12196.447,8990720,true,pending_log_review,,1,16
A1,GDS,16,0.067,2195,4096,256,197,13934.628,16483.802,8990720,true,pending_log_review,,1,16
A1,GDS,16,0.067,2195,4096,256,198,10704.927,12690.673,8990720,true,pending_log_review,,1,16
A1,GDS,16,0.067,2195,4096,256,199,10693.742,12603.959,8990720,true,pending_log_review,,1,16
A1,GDS,16,0.067,2195,4096,256,0,10549.654,12468.76,8990720,true,pending_log_review,,3,16
A1,GDS,16,0.134,4391,4096,256,0,20680.759,24650.692,17985536,true,pending_log_review,,2,16
A1,GDS,16,0.134,4391,4096,256,0,20584.671,24437.235,17985536,true,pending_log_review,,0,16
A1,GDS,16,0.134,4391,4096,256,1,20735.485,24746.503,17985536,true,pending_log_review,,0,16
A1,GDS,16,0.134,4391,4096,256,2,20482.712,24574.949,17985536,true,pending_log_review,,0,16
A1,GDS,16,0.134,4391,4096,256,3,20211.692,24058.074,17985536,true,pending_log_review,,0,16
A1,GDS,16,0.134,4391,4096,256,4,20139.287,23916.073,17985536,true,pending_log_review,,0,16
A1,GDS,16,0.134,4391,4096,256,5,20222.728,24089.84,17985536,true,pending_log_review,,0,16
A1,GDS,16,0.134,4391,4096,256,6,20878.93,24607.389,17985536,true,pending_log_review,,0,16
A1,GDS,16,0.134,4391,4096,256,7,20312.747,23942.134,17985536,true,pending_log_review,,0,16
A1,GDS,16,0.134,4391,4096,256,8,25398.922,29362.924,17985536,true,pending_log_review,,0,16
A1,GDS,16,0.134,4391,4096,256,9,20442.022,24422.307,17985536,true,pending_log_review,,0,16
A1,GDS,16,0.134,4391,4096,256,0,20851.74,24822.939,17985536,true,pending_log_review,,1,16
A1,GDS,16,0.134,4391,4096,256,1,36023.746,41154.375,17985536,true,pending_log_review,,1,16
A1,GDS,16,0.134,4391,4096,256,2,22466.607,26687.091,17985536,true,pending_log_review,,1,16
A1,GDS,16,0.134,4391,4096,256,3,20669.17,24654.265,17985536,true,pending_log_review,,1,16
A1,GDS,16,0.134,4391,4096,256,4,25741.62,29957.018,17985536,true,pending_log_review,,1,16
A1,GDS,16,0.134,4391,4096,256,5,20408.097,24356.812,17985536,true,pending_log_review,,1,16
A1,GDS,16,0.134,4391,4096,256,6,26242.756,30479.762,17985536,true,pending_log_review,,1,16
A1,GDS,16,0.134,4391,4096,256,7,25547.667,29765.976,17985536,true,pending_log_review,,1,16
A1,GDS,16,0.134,4391,4096,256,8,20600.718,24518.325,17985536,true,pending_log_review,,1,16
A1,GDS,16,0.134,4391,4096,256,9,20046.647,23816.807,17985536,true,pending_log_review,,1,16
A1,GDS,16,0.134,4391,4096,256,10,26383.64,30854.301,17985536,true,pending_log_review,,1,16
A1,GDS,16,0.134,4391,4096,256,11,26487.027,30777.244,17985536,true,pending_log_review,,1,16
A1,GDS,16,0.134,4391,4096,256,12,20595.916,24326.171,17985536,true,pending_log_review,,1,16
A1,GDS,16,0.134,4391,4096,256,13,20233.042,24087.807,17985536,true,pending_log_review,,1,16
A1,GDS,16,0.134,4391,4096,256,14,19848.839,23610.193,17985536,true,pending_log_review,,1,16
A1,GDS,16,0.134,4391,4096,256,15,32185.023,36981.352,17985536,true,pending_log_review,,1,16
A1,GDS,16,0.134,4391,4096,256,16,20418.047,24277.45,17985536,true,pending_log_review,,1,16
A1,GDS,16,0.134,4391,4096,256,17,20310.379,24105.497,17985536,true,pending_log_review,,1,16
A1,GDS,16,0.134,4391,4096,256,18,22787.541,27019.461,17985536,true,pending_log_review,,1,16
A1,GDS,16,0.134,4391,4096,256,19,20747.657,24703.753,17985536,true,pending_log_review,,1,16
A1,GDS,16,0.134,4391,4096,256,20,20153.405,24046.709,17985536,true,pending_log_review,,1,16
A1,GDS,16,0.134,4391,4096,256,21,20827.457,24638.412,17985536,true,pending_log_review,,1,16
A1,GDS,16,0.134,4391,4096,256,22,20275.569,24106.587,17985536,true,pending_log_review,,1,16
A1,GDS,16,0.134,4391,4096,256,23,25925.093,30513.799,17985536,true,pending_log_review,,1,16
A1,GDS,16,0.134,4391,4096,256,24,20372.895,24396.117,17985536,true,pending_log_review,,1,16
A1,GDS,16,0.134,4391,4096,256,25,20562.062,24407.597,17985536,true,pending_log_review,,1,16
A1,GDS,16,0.134,4391,4096,256,26,25807.645,29892.151,17985536,true,pending_log_review,,1,16
A1,GDS,16,0.134,4391,4096,256,27,20314.621,24109.591,17985536,true,pending_log_review,,1,16
A1,GDS,16,0.134,4391,4096,256,28,25999.368,30316.468,17985536,true,pending_log_review,,1,16
A1,GDS,16,0.134,4391,4096,256,29,20472.512,24242.369,17985536,true,pending_log_review,,1,16
A1,GDS,16,0.134,4391,4096,256,30,25276.833,29515.625,17985536,true,pending_log_review,,1,16
A1,GDS,16,0.134,4391,4096,256,31,20229.936,24055.417,17985536,true,pending_log_review,,1,16
A1,GDS,16,0.134,4391,4096,256,32,20164.134,24063.683,17985536,true,pending_log_review,,1,16
A1,GDS,16,0.134,4391,4096,256,33,20433.643,24100.463,17985536,true,pending_log_review,,1,16
A1,GDS,16,0.134,4391,4096,256,34,19837.725,23407.094,17985536,true,pending_log_review,,1,16
A1,GDS,16,0.134,4391,4096,256,35,20214.969,24193.019,17985536,true,pending_log_review,,1,16
A1,GDS,16,0.134,4391,4096,256,36,20227.455,24085.659,17985536,true,pending_log_review,,1,16
A1,GDS,16,0.134,4391,4096,256,37,20315.123,24317.977,17985536,true,pending_log_review,,1,16
A1,GDS,16,0.134,4391,4096,256,38,20348.797,24250.327,17985536,true,pending_log_review,,1,16
A1,GDS,16,0.134,4391,4096,256,39,20405.647,24302.184,17985536,true,pending_log_review,,1,16
A1,GDS,16,0.134,4391,4096,256,40,19988.874,23884.038,17985536,true,pending_log_review,,1,16
A1,GDS,16,0.134,4391,4096,256,41,20509.858,24512.903,17985536,true,pending_log_review,,1,16
A1,GDS,16,0.134,4391,4096,256,42,21214.253,25083.967,17985536,true,pending_log_review,,1,16
A1,GDS,16,0.134,4391,4096,256,43,20726.207,24600.285,17985536,true,pending_log_review,,1,16
A1,GDS,16,0.134,4391,4096,256,44,20394.366,24254.712,17985536,true,pending_log_review,,1,16
A1,GDS,16,0.134,4391,4096,256,45,22331.52,26552.104,17985536,true,pending_log_review,,1,16
A1,GDS,16,0.134,4391,4096,256,46,20297.714,24007.036,17985536,true,pending_log_review,,1,16
A1,GDS,16,0.134,4391,4096,256,47,20289.013,24309.11,17985536,true,pending_log_review,,1,16
A1,GDS,16,0.134,4391,4096,256,48,20280.319,24305.48,17985536,true,pending_log_review,,1,16
A1,GDS,16,0.134,4391,4096,256,49,20377.724,24140.493,17985536,true,pending_log_review,,1,16
A1,GDS,16,0.134,4391,4096,256,50,19813.019,23496.057,17985536,true,pending_log_review,,1,16
A1,GDS,16,0.134,4391,4096,256,51,20523.57,24406.852,17985536,true,pending_log_review,,1,16
A1,GDS,16,0.134,4391,4096,256,52,20256.395,23967.699,17985536,true,pending_log_review,,1,16
A1,GDS,16,0.134,4391,4096,256,53,20403.966,24319.946,17985536,true,pending_log_review,,1,16
A1,GDS,16,0.134,4391,4096,256,54,30977.879,35571.509,17985536,true,pending_log_review,,1,16
A1,GDS,16,0.134,4391,4096,256,55,20372.054,24266.573,17985536,true,pending_log_review,,1,16
A1,GDS,16,0.134,4391,4096,256,56,20413.621,24300.068,17985536,true,pending_log_review,,1,16
A1,GDS,16,0.134,4391,4096,256,57,20623.29,24271.724,17985536,true,pending_log_review,,1,16
A1,GDS,16,0.134,4391,4096,256,58,20535.848,24537.393,17985536,true,pending_log_review,,1,16
A1,GDS,16,0.134,4391,4096,256,59,20743.294,24793.999,17985536,true,pending_log_review,,1,16
A1,GDS,16,0.134,4391,4096,256,60,20015.166,23657.424,17985536,true,pending_log_review,,1,16
A1,GDS,16,0.134,4391,4096,256,61,20648.839,24569.141,17985536,true,pending_log_review,,1,16
A1,GDS,16,0.134,4391,4096,256,62,26920.18,31053.007,17985536,true,pending_log_review,,1,16
A1,GDS,16,0.134,4391,4096,256,63,20105.968,24138.918,17985536,true,pending_log_review,,1,16
A1,GDS,16,0.134,4391,4096,256,64,20354.697,24352.078,17985536,true,pending_log_review,,1,16
A1,GDS,16,0.134,4391,4096,256,65,20274.13,24284.668,17985536,true,pending_log_review,,1,16
A1,GDS,16,0.134,4391,4096,256,66,20895.14,24731.26,17985536,true,pending_log_review,,1,16
A1,GDS,16,0.134,4391,4096,256,67,20336.964,24158.514,17985536,true,pending_log_review,,1,16
A1,GDS,16,0.134,4391,4096,256,68,20790.488,24691.367,17985536,true,pending_log_review,,1,16
A1,GDS,16,0.134,4391,4096,256,69,20475.841,24439.548,17985536,true,pending_log_review,,1,16
A1,GDS,16,0.134,4391,4096,256,70,26438.096,30635.353,17985536,true,pending_log_review,,1,16
A1,GDS,16,0.134,4391,4096,256,71,20592.962,24357.318,17985536,true,pending_log_review,,1,16
A1,GDS,16,0.134,4391,4096,256,72,20529.544,24504.349,17985536,true,pending_log_review,,1,16
A1,GDS,16,0.134,4391,4096,256,73,21827.998,25781.083,17985536,true,pending_log_review,,1,16
A1,GDS,16,0.134,4391,4096,256,74,20673.486,24407.89,17985536,true,pending_log_review,,1,16
A1,GDS,16,0.134,4391,4096,256,75,20456.389,24571.398,17985536,true,pending_log_review,,1,16
A1,GDS,16,0.134,4391,4096,256,76,20998.901,24904.055,17985536,true,pending_log_review,,1,16
A1,GDS,16,0.134,4391,4096,256,77,24849.488,29607.012,17985536,true,pending_log_review,,1,16
A1,GDS,16,0.134,4391,4096,256,78,20528.584,24380.566,17985536,true,pending_log_review,,1,16
A1,GDS,16,0.134,4391,4096,256,79,20513.184,24619.388,17985536,true,pending_log_review,,1,16
A1,GDS,16,0.134,4391,4096,256,80,25838.031,29853.368,17985536,true,pending_log_review,,1,16
A1,GDS,16,0.134,4391,4096,256,81,20139.272,24115.318,17985536,true,pending_log_review,,1,16
A1,GDS,16,0.134,4391,4096,256,82,20140.127,23880.263,17985536,true,pending_log_review,,1,16
A1,GDS,16,0.134,4391,4096,256,83,20328.908,24209.209,17985536,true,pending_log_review,,1,16
A1,GDS,16,0.134,4391,4096,256,84,20389.064,24288.687,17985536,true,pending_log_review,,1,16
A1,GDS,16,0.134,4391,4096,256,85,20048.573,24007.444,17985536,true,pending_log_review,,1,16
A1,GDS,16,0.134,4391,4096,256,86,20569.622,24459.851,17985536,true,pending_log_review,,1,16
A1,GDS,16,0.134,4391,4096,256,87,20206.838,24144.904,17985536,true,pending_log_review,,1,16
A1,GDS,16,0.134,4391,4096,256,88,20188.964,23961.886,17985536,true,pending_log_review,,1,16
A1,GDS,16,0.134,4391,4096,256,89,26221.487,30409.88,17985536,true,pending_log_review,,1,16
A1,GDS,16,0.134,4391,4096,256,90,26037.898,30600.011,17985536,true,pending_log_review,,1,16
A1,GDS,16,0.134,4391,4096,256,91,21203.944,25211.993,17985536,true,pending_log_review,,1,16
A1,GDS,16,0.134,4391,4096,256,92,26338.581,30610.952,17985536,true,pending_log_review,,1,16
A1,GDS,16,0.134,4391,4096,256,93,20674.448,24599.671,17985536,true,pending_log_review,,1,16
A1,GDS,16,0.134,4391,4096,256,94,20139.253,23981.382,17985536,true,pending_log_review,,1,16
A1,GDS,16,0.134,4391,4096,256,95,32203.338,37310.626,17985536,true,pending_log_review,,1,16
A1,GDS,16,0.134,4391,4096,256,96,20411.577,24247.43,17985536,true,pending_log_review,,1,16
A1,GDS,16,0.134,4391,4096,256,97,20836.488,24772.932,17985536,true,pending_log_review,,1,16
A1,GDS,16,0.134,4391,4096,256,98,20331.358,24162.415,17985536,true,pending_log_review,,1,16
A1,GDS,16,0.134,4391,4096,256,99,27506.9,31862.73,17985536,true,pending_log_review,,1,16
A1,GDS,16,0.134,4391,4096,256,100,20466.797,24351.506,17985536,true,pending_log_review,,1,16
A1,GDS,16,0.134,4391,4096,256,101,20385.931,24395.886,17985536,true,pending_log_review,,1,16
A1,GDS,16,0.134,4391,4096,256,102,20727.779,24636.869,17985536,true,pending_log_review,,1,16
A1,GDS,16,0.134,4391,4096,256,103,20500.289,24373.58,17985536,true,pending_log_review,,1,16
A1,GDS,16,0.134,4391,4096,256,104,20341.09,24258.915,17985536,true,pending_log_review,,1,16
A1,GDS,16,0.134,4391,4096,256,105,20827.665,24634.406,17985536,true,pending_log_review,,1,16
A1,GDS,16,0.134,4391,4096,256,106,20341.112,24086.595,17985536,true,pending_log_review,,1,16
A1,GDS,16,0.134,4391,4096,256,107,20271.86,24429.255,17985536,true,pending_log_review,,1,16
A1,GDS,16,0.134,4391,4096,256,108,21325.4,26074.744,17985536,true,pending_log_review,,1,16
A1,GDS,16,0.134,4391,4096,256,109,20380.354,24212.782,17985536,true,pending_log_review,,1,16
A1,GDS,16,0.134,4391,4096,256,110,21137.872,24891.768,17985536,true,pending_log_review,,1,16
A1,GDS,16,0.134,4391,4096,256,111,20576.97,24473.497,17985536,true,pending_log_review,,1,16
A1,GDS,16,0.134,4391,4096,256,112,24969.034,29526.704,17985536,true,pending_log_review,,1,16
A1,GDS,16,0.134,4391,4096,256,113,24245.472,28301.231,17985536,true,pending_log_review,,1,16
A1,GDS,16,0.134,4391,4096,256,114,26534.906,30496.851,17985536,true,pending_log_review,,1,16
A1,GDS,16,0.134,4391,4096,256,115,20440.271,24215.538,17985536,true,pending_log_review,,1,16
A1,GDS,16,0.134,4391,4096,256,116,20843.652,24617.937,17985536,true,pending_log_review,,1,16
A1,GDS,16,0.134,4391,4096,256,117,31601.099,36050.51,17985536,true,pending_log_review,,1,16
A1,GDS,16,0.134,4391,4096,256,118,26288.131,30652.681,17985536,true,pending_log_review,,1,16
A1,GDS,16,0.134,4391,4096,256,119,20318.338,24126.955,17985536,true,pending_log_review,,1,16
A1,GDS,16,0.134,4391,4096,256,120,20780.485,24608.067,17985536,true,pending_log_review,,1,16
A1,GDS,16,0.134,4391,4096,256,121,20804.197,24602.496,17985536,true,pending_log_review,,1,16
A1,GDS,16,0.134,4391,4096,256,122,20841.091,24604.078,17985536,true,pending_log_review,,1,16
A1,GDS,16,0.134,4391,4096,256,123,20484.929,24514.449,17985536,true,pending_log_review,,1,16
A1,GDS,16,0.134,4391,4096,256,124,20337.837,23964.835,17985536,true,pending_log_review,,1,16
A1,GDS,16,0.134,4391,4096,256,125,20354.426,24353.962,17985536,true,pending_log_review,,1,16
A1,GDS,16,0.134,4391,4096,256,126,20678.134,24560.742,17985536,true,pending_log_review,,1,16
A1,GDS,16,0.134,4391,4096,256,127,26340.901,30830.614,17985536,true,pending_log_review,,1,16
A1,GDS,16,0.134,4391,4096,256,128,20459.582,24296.382,17985536,true,pending_log_review,,1,16
A1,GDS,16,0.134,4391,4096,256,129,26118.509,30237.53,17985536,true,pending_log_review,,1,16
A1,GDS,16,0.134,4391,4096,256,130,20656.112,24568.768,17985536,true,pending_log_review,,1,16
A1,GDS,16,0.134,4391,4096,256,131,21432.552,25606.415,17985536,true,pending_log_review,,1,16
A1,GDS,16,0.134,4391,4096,256,132,20445.439,24182.572,17985536,true,pending_log_review,,1,16
A1,GDS,16,0.134,4391,4096,256,133,20682.331,24479.59,17985536,true,pending_log_review,,1,16
A1,GDS,16,0.134,4391,4096,256,134,20967.872,24821.723,17985536,true,pending_log_review,,1,16
A1,GDS,16,0.134,4391,4096,256,135,20940.884,24736.274,17985536,true,pending_log_review,,1,16
A1,GDS,16,0.134,4391,4096,256,136,20704.332,24396.085,17985536,true,pending_log_review,,1,16
A1,GDS,16,0.134,4391,4096,256,137,23019.74,27020.385,17985536,true,pending_log_review,,1,16
A1,GDS,16,0.134,4391,4096,256,138,21105.18,25137.62,17985536,true,pending_log_review,,1,16
A1,GDS,16,0.134,4391,4096,256,139,21046.794,25024.985,17985536,true,pending_log_review,,1,16
A1,GDS,16,0.134,4391,4096,256,140,20779.405,24577.558,17985536,true,pending_log_review,,1,16
A1,GDS,16,0.134,4391,4096,256,141,20562.574,24630.168,17985536,true,pending_log_review,,1,16
A1,GDS,16,0.134,4391,4096,256,142,20409.713,24322.122,17985536,true,pending_log_review,,1,16
A1,GDS,16,0.134,4391,4096,256,143,20704.072,24515.818,17985536,true,pending_log_review,,1,16
A1,GDS,16,0.134,4391,4096,256,144,26579.812,30835.548,17985536,true,pending_log_review,,1,16
A1,GDS,16,0.134,4391,4096,256,145,20673.502,24505.311,17985536,true,pending_log_review,,1,16
A1,GDS,16,0.134,4391,4096,256,146,20522.51,24304.292,17985536,true,pending_log_review,,1,16
A1,GDS,16,0.134,4391,4096,256,147,20301.854,24050.635,17985536,true,pending_log_review,,1,16
A1,GDS,16,0.134,4391,4096,256,148,20999.987,24951.063,17985536,true,pending_log_review,,1,16
A1,GDS,16,0.134,4391,4096,256,149,19954.606,23763.885,17985536,true,pending_log_review,,1,16
A1,GDS,16,0.134,4391,4096,256,150,20189.12,24023.653,17985536,true,pending_log_review,,1,16
A1,GDS,16,0.134,4391,4096,256,151,20322.062,24129.932,17985536,true,pending_log_review,,1,16
A1,GDS,16,0.134,4391,4096,256,152,20844.134,24569.304,17985536,true,pending_log_review,,1,16
A1,GDS,16,0.134,4391,4096,256,153,21030.495,24841.567,17985536,true,pending_log_review,,1,16
A1,GDS,16,0.134,4391,4096,256,154,20601.773,24466.245,17985536,true,pending_log_review,,1,16
A1,GDS,16,0.134,4391,4096,256,155,20594.199,24572.836,17985536,true,pending_log_review,,1,16
A1,GDS,16,0.134,4391,4096,256,156,26560.325,30605.055,17985536,true,pending_log_review,,1,16
A1,GDS,16,0.134,4391,4096,256,157,20565.669,24467.978,17985536,true,pending_log_review,,1,16
A1,GDS,16,0.134,4391,4096,256,158,26190.064,30433.069,17985536,true,pending_log_review,,1,16
A1,GDS,16,0.134,4391,4096,256,159,19979.587,23536.925,17985536,true,pending_log_review,,1,16
A1,GDS,16,0.134,4391,4096,256,160,20302.703,24031.573,17985536,true,pending_log_review,,1,16
A1,GDS,16,0.134,4391,4096,256,161,20485.947,24337.476,17985536,true,pending_log_review,,1,16
A1,GDS,16,0.134,4391,4096,256,162,20567.634,24546.109,17985536,true,pending_log_review,,1,16
A1,GDS,16,0.134,4391,4096,256,163,20544.604,24361.901,17985536,true,pending_log_review,,1,16
A1,GDS,16,0.134,4391,4096,256,164,19942.286,23772.385,17985536,true,pending_log_review,,1,16
A1,GDS,16,0.134,4391,4096,256,165,20700.104,24522.355,17985536,true,pending_log_review,,1,16
A1,GDS,16,0.134,4391,4096,256,166,26051.78,30332.694,17985536,true,pending_log_review,,1,16
A1,GDS,16,0.134,4391,4096,256,167,26203.009,30239.201,17985536,true,pending_log_review,,1,16
A1,GDS,16,0.134,4391,4096,256,168,20649.872,24549.058,17985536,true,pending_log_review,,1,16
A1,GDS,16,0.134,4391,4096,256,169,20715.09,24513.205,17985536,true,pending_log_review,,1,16
A1,GDS,16,0.134,4391,4096,256,170,26317.731,30307.87,17985536,true,pending_log_review,,1,16
A1,GDS,16,0.134,4391,4096,256,171,20741.19,24509.96,17985536,true,pending_log_review,,1,16
A1,GDS,16,0.134,4391,4096,256,172,20130.177,23885.878,17985536,true,pending_log_review,,1,16
A1,GDS,16,0.134,4391,4096,256,173,20622.373,24326.937,17985536,true,pending_log_review,,1,16
A1,GDS,16,0.134,4391,4096,256,174,20589.818,24605.763,17985536,true,pending_log_review,,1,16
A1,GDS,16,0.134,4391,4096,256,175,20216.45,23969.453,17985536,true,pending_log_review,,1,16
A1,GDS,16,0.134,4391,4096,256,176,20727.985,24455.739,17985536,true,pending_log_review,,1,16
A1,GDS,16,0.134,4391,4096,256,177,20258.54,24012.919,17985536,true,pending_log_review,,1,16
A1,GDS,16,0.134,4391,4096,256,178,26219.598,30516.321,17985536,true,pending_log_review,,1,16
A1,GDS,16,0.134,4391,4096,256,179,21193.798,25186.38,17985536,true,pending_log_review,,1,16
A1,GDS,16,0.134,4391,4096,256,180,26482.719,30699.18,17985536,true,pending_log_review,,1,16
A1,GDS,16,0.134,4391,4096,256,181,20635.078,24620.605,17985536,true,pending_log_review,,1,16
A1,GDS,16,0.134,4391,4096,256,182,20761.159,24763.388,17985536,true,pending_log_review,,1,16
A1,GDS,16,0.134,4391,4096,256,183,20089.603,23742.86,17985536,true,pending_log_review,,1,16
A1,GDS,16,0.134,4391,4096,256,184,26562.369,30727.351,17985536,true,pending_log_review,,1,16
A1,GDS,16,0.134,4391,4096,256,185,21035.657,24913.584,17985536,true,pending_log_review,,1,16
A1,GDS,16,0.134,4391,4096,256,186,20665.852,24546.546,17985536,true,pending_log_review,,1,16
A1,GDS,16,0.134,4391,4096,256,187,26077.685,30371.419,17985536,true,pending_log_review,,1,16
A1,GDS,16,0.134,4391,4096,256,188,20566.114,24319.703,17985536,true,pending_log_review,,1,16
A1,GDS,16,0.134,4391,4096,256,189,20390.252,24174.354,17985536,true,pending_log_review,,1,16
A1,GDS,16,0.134,4391,4096,256,190,20307.678,24170.191,17985536,true,pending_log_review,,1,16
A1,GDS,16,0.134,4391,4096,256,191,20536.994,24411.256,17985536,true,pending_log_review,,1,16
A1,GDS,16,0.134,4391,4096,256,192,20521.156,24406.325,17985536,true,pending_log_review,,1,16
A1,GDS,16,0.134,4391,4096,256,193,20187.003,24026.628,17985536,true,pending_log_review,,1,16
A1,GDS,16,0.134,4391,4096,256,194,24723.296,28891.735,17985536,true,pending_log_review,,1,16
A1,GDS,16,0.134,4391,4096,256,195,26244.767,30257.834,17985536,true,pending_log_review,,1,16
A1,GDS,16,0.134,4391,4096,256,196,20769.037,24486.945,17985536,true,pending_log_review,,1,16
A1,GDS,16,0.134,4391,4096,256,197,20624.311,24342.215,17985536,true,pending_log_review,,1,16
A1,GDS,16,0.134,4391,4096,256,198,20373.682,24057.607,17985536,true,pending_log_review,,1,16
A1,GDS,16,0.134,4391,4096,256,199,20141.471,24008.225,17985536,true,pending_log_review,,1,16
A1,GDS,16,0.134,4391,4096,256,0,20633.814,24400.658,17985536,true,pending_log_review,,3,16
A1,GDS,16,0.3,9830,4096,256,0,45140.346,54063.935,40263680,true,pending_log_review,,2,16
A1,GDS,16,0.3,9830,4096,256,0,51484.582,60735.159,40263680,true,pending_log_review,,0,16
A1,GDS,16,0.3,9830,4096,256,1,45251.52,53974.52,40263680,true,pending_log_review,,0,16
A1,GDS,16,0.3,9830,4096,256,2,51406.494,60550.227,40263680,true,pending_log_review,,0,16
A1,GDS,16,0.3,9830,4096,256,3,57587.707,66897.958,40263680,true,pending_log_review,,0,16
A1,GDS,16,0.3,9830,4096,256,4,51152.321,60231.599,40263680,true,pending_log_review,,0,16
A1,GDS,16,0.3,9830,4096,256,5,50306.391,59718.106,40263680,true,pending_log_review,,0,16
A1,GDS,16,0.3,9830,4096,256,6,46149.328,54917.544,40263680,true,pending_log_review,,0,16
A1,GDS,16,0.3,9830,4096,256,7,45734.728,54187.955,40263680,true,pending_log_review,,0,16
A1,GDS,16,0.3,9830,4096,256,8,44921.721,53661.434,40263680,true,pending_log_review,,0,16
A1,GDS,16,0.3,9830,4096,256,9,51216.675,60713.368,40263680,true,pending_log_review,,0,16
A1,GDS,16,0.3,9830,4096,256,0,45760.93,54561.397,40263680,true,pending_log_review,,1,16
A1,GDS,16,0.3,9830,4096,256,1,45601.019,54494.954,40263680,true,pending_log_review,,1,16
A1,GDS,16,0.3,9830,4096,256,2,51037.493,59841.555,40263680,true,pending_log_review,,1,16
A1,GDS,16,0.3,9830,4096,256,3,45911.552,54758.787,40263680,true,pending_log_review,,1,16
A1,GDS,16,0.3,9830,4096,256,4,45793.682,54510.546,40263680,true,pending_log_review,,1,16
A1,GDS,16,0.3,9830,4096,256,5,45549.183,54368.001,40263680,true,pending_log_review,,1,16
A1,GDS,16,0.3,9830,4096,256,6,45313.5,53987.236,40263680,true,pending_log_review,,1,16
A1,GDS,16,0.3,9830,4096,256,7,45714.813,54464.991,40263680,true,pending_log_review,,1,16
A1,GDS,16,0.3,9830,4096,256,8,45588.798,54650.025,40263680,true,pending_log_review,,1,16
A1,GDS,16,0.3,9830,4096,256,9,45628.922,54491.644,40263680,true,pending_log_review,,1,16
A1,GDS,16,0.3,9830,4096,256,10,51540.566,60402.045,40263680,true,pending_log_review,,1,16
A1,GDS,16,0.3,9830,4096,256,11,51574.025,60778.478,40263680,true,pending_log_review,,1,16
A1,GDS,16,0.3,9830,4096,256,12,51352.482,60469.312,40263680,true,pending_log_review,,1,16
A1,GDS,16,0.3,9830,4096,256,13,45410.812,54190.791,40263680,true,pending_log_review,,1,16
A1,GDS,16,0.3,9830,4096,256,14,45220.929,53998.901,40263680,true,pending_log_review,,1,16
A1,GDS,16,0.3,9830,4096,256,15,51220.819,60447.395,40263680,true,pending_log_review,,1,16
A1,GDS,16,0.3,9830,4096,256,16,56518.056,66735.537,40263680,true,pending_log_review,,1,16
A1,GDS,16,0.3,9830,4096,256,17,45398.799,54423.003,40263680,true,pending_log_review,,1,16
A1,GDS,16,0.3,9830,4096,256,18,45661.736,54509.194,40263680,true,pending_log_review,,1,16
A1,GDS,16,0.3,9830,4096,256,19,45310.735,54182.177,40263680,true,pending_log_review,,1,16
A1,GDS,16,0.3,9830,4096,256,20,45969.062,54651.179,40263680,true,pending_log_review,,1,16
A1,GDS,16,0.3,9830,4096,256,21,51032.409,60406.74,40263680,true,pending_log_review,,1,16
A1,GDS,16,0.3,9830,4096,256,22,50966.478,60672.059,40263680,true,pending_log_review,,1,16
A1,GDS,16,0.3,9830,4096,256,23,51590.56,60773.686,40263680,true,pending_log_review,,1,16
A1,GDS,16,0.3,9830,4096,256,24,51311.357,60360.552,40263680,true,pending_log_review,,1,16
A1,GDS,16,0.3,9830,4096,256,25,44462.358,53024.653,40263680,true,pending_log_review,,1,16
A1,GDS,16,0.3,9830,4096,256,26,45174.05,53913.189,40263680,true,pending_log_review,,1,16
A1,GDS,16,0.3,9830,4096,256,27,45324.557,53971.071,40263680,true,pending_log_review,,1,16
A1,GDS,16,0.3,9830,4096,256,28,50679.35,60056.888,40263680,true,pending_log_review,,1,16
A1,GDS,16,0.3,9830,4096,256,29,47947.613,56605.769,40263680,true,pending_log_review,,1,16
A1,GDS,16,0.3,9830,4096,256,30,51637.983,61100.166,40263680,true,pending_log_review,,1,16
A1,GDS,16,0.3,9830,4096,256,31,51954.731,61188.145,40263680,true,pending_log_review,,1,16
A1,GDS,16,0.3,9830,4096,256,32,45603.852,54401.681,40263680,true,pending_log_review,,1,16
A1,GDS,16,0.3,9830,4096,256,33,46044.065,54785.937,40263680,true,pending_log_review,,1,16
A1,GDS,16,0.3,9830,4096,256,34,45872.152,54709.862,40263680,true,pending_log_review,,1,16
A1,GDS,16,0.3,9830,4096,256,35,45692.943,54428.106,40263680,true,pending_log_review,,1,16
A1,GDS,16,0.3,9830,4096,256,36,45118.25,54101.094,40263680,true,pending_log_review,,1,16
A1,GDS,16,0.3,9830,4096,256,37,44914.317,53764.899,40263680,true,pending_log_review,,1,16
A1,GDS,16,0.3,9830,4096,256,38,51477.534,60624.476,40263680,true,pending_log_review,,1,16
A1,GDS,16,0.3,9830,4096,256,39,50444.184,59643.336,40263680,true,pending_log_review,,1,16
A1,GDS,16,0.3,9830,4096,256,40,45286.541,54266.199,40263680,true,pending_log_review,,1,16
A1,GDS,16,0.3,9830,4096,256,41,45135.323,54097.972,40263680,true,pending_log_review,,1,16
A1,GDS,16,0.3,9830,4096,256,42,46219.998,55074.55,40263680,true,pending_log_review,,1,16
A1,GDS,16,0.3,9830,4096,256,43,45511.182,54431.965,40263680,true,pending_log_review,,1,16
A1,GDS,16,0.3,9830,4096,256,44,45834.188,54905.084,40263680,true,pending_log_review,,1,16
A1,GDS,16,0.3,9830,4096,256,45,45406.784,54070.481,40263680,true,pending_log_review,,1,16
A1,GDS,16,0.3,9830,4096,256,46,62662.299,72613.616,40263680,true,pending_log_review,,1,16
A1,GDS,16,0.3,9830,4096,256,47,50648.636,59493.943,40263680,true,pending_log_review,,1,16
A1,GDS,16,0.3,9830,4096,256,48,50810.049,59595.878,40263680,true,pending_log_review,,1,16
A1,GDS,16,0.3,9830,4096,256,49,45295.425,54141.801,40263680,true,pending_log_review,,1,16
A1,GDS,16,0.3,9830,4096,256,50,45675.382,54589.146,40263680,true,pending_log_review,,1,16
A1,GDS,16,0.3,9830,4096,256,51,45561.306,54483.055,40263680,true,pending_log_review,,1,16
A1,GDS,16,0.3,9830,4096,256,52,45286.316,54109.636,40263680,true,pending_log_review,,1,16
A1,GDS,16,0.3,9830,4096,256,53,45730.521,54738.75,40263680,true,pending_log_review,,1,16
A1,GDS,16,0.3,9830,4096,256,54,45296.219,54464.897,40263680,true,pending_log_review,,1,16
A1,GDS,16,0.3,9830,4096,256,55,46190.336,55094.167,40263680,true,pending_log_review,,1,16
A1,GDS,16,0.3,9830,4096,256,56,45782.708,54726.427,40263680,true,pending_log_review,,1,16
A1,GDS,16,0.3,9830,4096,256,57,46052.006,54952.771,40263680,true,pending_log_review,,1,16
A1,GDS,16,0.3,9830,4096,256,58,50978.661,60323.02,40263680,true,pending_log_review,,1,16
A1,GDS,16,0.3,9830,4096,256,59,52405.313,61891.328,40263680,true,pending_log_review,,1,16
A1,GDS,16,0.3,9830,4096,256,60,51829.374,60989.916,40263680,true,pending_log_review,,1,16
A1,GDS,16,0.3,9830,4096,256,61,46115.374,55123.59,40263680,true,pending_log_review,,1,16
A1,GDS,16,0.3,9830,4096,256,62,45796.307,54796.877,40263680,true,pending_log_review,,1,16
A1,GDS,16,0.3,9830,4096,256,63,45100.389,53915.124,40263680,true,pending_log_review,,1,16
A1,GDS,16,0.3,9830,4096,256,64,45973.541,54975.063,40263680,true,pending_log_review,,1,16
A1,GDS,16,0.3,9830,4096,256,65,50905.28,59836.177,40263680,true,pending_log_review,,1,16
A1,GDS,16,0.3,9830,4096,256,66,44924.636,53924.432,40263680,true,pending_log_review,,1,16
A1,GDS,16,0.3,9830,4096,256,67,51456.144,60511.618,40263680,true,pending_log_review,,1,16
A1,GDS,16,0.3,9830,4096,256,68,45666.702,54630.732,40263680,true,pending_log_review,,1,16
A1,GDS,16,0.3,9830,4096,256,69,45065.104,53811.803,40263680,true,pending_log_review,,1,16
A1,GDS,16,0.3,9830,4096,256,70,45848.012,54552.619,40263680,true,pending_log_review,,1,16
A1,GDS,16,0.3,9830,4096,256,71,50684.774,60211.923,40263680,true,pending_log_review,,1,16
A1,GDS,16,0.3,9830,4096,256,72,44832.096,53741.852,40263680,true,pending_log_review,,1,16
A1,GDS,16,0.3,9830,4096,256,73,51176.647,60184.654,40263680,true,pending_log_review,,1,16
A1,GDS,16,0.3,9830,4096,256,74,46038.366,54944.071,40263680,true,pending_log_review,,1,16
A1,GDS,16,0.3,9830,4096,256,75,51680.28,60882.654,40263680,true,pending_log_review,,1,16
A1,GDS,16,0.3,9830,4096,256,76,44391.269,53215.454,40263680,true,pending_log_review,,1,16
A1,GDS,16,0.3,9830,4096,256,77,51020.014,59984.242,40263680,true,pending_log_review,,1,16
A1,GDS,16,0.3,9830,4096,256,78,44945.152,53686.695,40263680,true,pending_log_review,,1,16
A1,GDS,16,0.3,9830,4096,256,79,51700.598,60593.166,40263680,true,pending_log_review,,1,16
A1,GDS,16,0.3,9830,4096,256,80,47021.263,56072.375,40263680,true,pending_log_review,,1,16
A1,GDS,16,0.3,9830,4096,256,81,44971.82,53610.388,40263680,true,pending_log_review,,1,16
A1,GDS,16,0.3,9830,4096,256,82,45776.586,54539.664,40263680,true,pending_log_review,,1,16
A1,GDS,16,0.3,9830,4096,256,83,51241.988,60266.468,40263680,true,pending_log_review,,1,16
A1,GDS,16,0.3,9830,4096,256,84,51129.95,60615.04,40263680,true,pending_log_review,,1,16
A1,GDS,16,0.3,9830,4096,256,85,45465.18,54305.779,40263680,true,pending_log_review,,1,16
A1,GDS,16,0.3,9830,4096,256,86,51049.414,60325.024,40263680,true,pending_log_review,,1,16
A1,GDS,16,0.3,9830,4096,256,87,51201.446,60580.771,40263680,true,pending_log_review,,1,16
A1,GDS,16,0.3,9830,4096,256,88,45376.824,54097.292,40263680,true,pending_log_review,,1,16
A1,GDS,16,0.3,9830,4096,256,89,51357.964,60391.918,40263680,true,pending_log_review,,1,16
A1,GDS,16,0.3,9830,4096,256,90,51997.504,61495.825,40263680,true,pending_log_review,,1,16
A1,GDS,16,0.3,9830,4096,256,91,45630.951,54514.848,40263680,true,pending_log_review,,1,16
A1,GDS,16,0.3,9830,4096,256,92,45112.277,53740.619,40263680,true,pending_log_review,,1,16
A1,GDS,16,0.3,9830,4096,256,93,45674.661,54561.107,40263680,true,pending_log_review,,1,16
A1,GDS,16,0.3,9830,4096,256,94,45710.657,54642.101,40263680,true,pending_log_review,,1,16
A1,GDS,16,0.3,9830,4096,256,95,51234.161,60417.626,40263680,true,pending_log_review,,1,16
A1,GDS,16,0.3,9830,4096,256,96,45694.014,54672.406,40263680,true,pending_log_review,,1,16
A1,GDS,16,0.3,9830,4096,256,97,50401.898,59702.748,40263680,true,pending_log_review,,1,16
A1,GDS,16,0.3,9830,4096,256,98,45112.568,53884.528,40263680,true,pending_log_review,,1,16
A1,GDS,16,0.3,9830,4096,256,99,45841.948,54648.979,40263680,true,pending_log_review,,1,16
A1,GDS,16,0.3,9830,4096,256,100,56452.914,66200.283,40263680,true,pending_log_review,,1,16
A1,GDS,16,0.3,9830,4096,256,101,45443.108,54161.58,40263680,true,pending_log_review,,1,16
A1,GDS,16,0.3,9830,4096,256,102,52125.539,61298.271,40263680,true,pending_log_review,,1,16
A1,GDS,16,0.3,9830,4096,256,103,51920.638,61048.256,40263680,true,pending_log_review,,1,16
A1,GDS,16,0.3,9830,4096,256,104,51596.99,60845.387,40263680,true,pending_log_review,,1,16
A1,GDS,16,0.3,9830,4096,256,105,55174.251,65534.321,40263680,true,pending_log_review,,1,16
A1,GDS,16,0.3,9830,4096,256,106,48376.187,57172.618,40263680,true,pending_log_review,,1,16
A1,GDS,16,0.3,9830,4096,256,107,45972.772,54853.554,40263680,true,pending_log_review,,1,16
A1,GDS,16,0.3,9830,4096,256,108,50694.418,60087.046,40263680,true,pending_log_review,,1,16
A1,GDS,16,0.3,9830,4096,256,109,51359.693,60563.776,40263680,true,pending_log_review,,1,16
A1,GDS,16,0.3,9830,4096,256,110,51915.733,60771.146,40263680,true,pending_log_review,,1,16
A1,GDS,16,0.3,9830,4096,256,111,45236.175,54030.487,40263680,true,pending_log_review,,1,16
A1,GDS,16,0.3,9830,4096,256,112,51910.307,61098.602,40263680,true,pending_log_review,,1,16
A1,GDS,16,0.3,9830,4096,256,113,45808.798,54609.525,40263680,true,pending_log_review,,1,16
A1,GDS,16,0.3,9830,4096,256,114,45591.946,54421.151,40263680,true,pending_log_review,,1,16
A1,GDS,16,0.3,9830,4096,256,115,51626.747,61561.082,40263680,true,pending_log_review,,1,16
A1,GDS,16,0.3,9830,4096,256,116,45282.576,54022.076,40263680,true,pending_log_review,,1,16
A1,GDS,16,0.3,9830,4096,256,117,45762.258,54447.904,40263680,true,pending_log_review,,1,16
A1,GDS,16,0.3,9830,4096,256,118,51009.977,60255.624,40263680,true,pending_log_review,,1,16
A1,GDS,16,0.3,9830,4096,256,119,50500.408,60227.366,40263680,true,pending_log_review,,1,16
A1,GDS,16,0.3,9830,4096,256,120,45957.875,54831.211,40263680,true,pending_log_review,,1,16
A1,GDS,16,0.3,9830,4096,256,121,51571.746,60248.561,40263680,true,pending_log_review,,1,16
A1,GDS,16,0.3,9830,4096,256,122,50940.705,59927.042,40263680,true,pending_log_review,,1,16
A1,GDS,16,0.3,9830,4096,256,123,45570.057,54521.774,40263680,true,pending_log_review,,1,16
A1,GDS,16,0.3,9830,4096,256,124,45576.237,54462.4,40263680,true,pending_log_review,,1,16
A1,GDS,16,0.3,9830,4096,256,125,46171.765,55037.993,40263680,true,pending_log_review,,1,16
A1,GDS,16,0.3,9830,4096,256,126,48569.089,59045.626,40263680,true,pending_log_review,,1,16
A1,GDS,16,0.3,9830,4096,256,127,53952.18,66655.722,40263680,true,pending_log_review,,1,16
A1,GDS,16,0.3,9830,4096,256,128,69898.043,86784.549,40263680,true,pending_log_review,,1,16
A1,GDS,16,0.3,9830,4096,256,129,71448.781,89119.961,40263680,true,pending_log_review,,1,16
A1,GDS,16,0.3,9830,4096,256,130,65187.759,82831.925,40263680,true,pending_log_review,,1,16
A1,GDS,16,0.3,9830,4096,256,131,76130.252,93380.579,40263680,true,pending_log_review,,1,16
A1,GDS,16,0.3,9830,4096,256,132,71394.224,89763.867,40263680,true,pending_log_review,,1,16
A1,GDS,16,0.3,9830,4096,256,133,70851.424,87342.559,40263680,true,pending_log_review,,1,16
A1,GDS,16,0.3,9830,4096,256,134,76448.506,94112.796,40263680,true,pending_log_review,,1,16
A1,GDS,16,0.3,9830,4096,256,135,76957.175,94526.179,40263680,true,pending_log_review,,1,16
A1,GDS,16,0.3,9830,4096,256,136,70556.238,88106.496,40263680,true,pending_log_review,,1,16
A1,GDS,16,0.3,9830,4096,256,137,68277.198,84775.393,40263680,true,pending_log_review,,1,16
A1,GDS,16,0.3,9830,4096,256,138,66134.921,83084.35,40263680,true,pending_log_review,,1,16
A1,GDS,16,0.3,9830,4096,256,139,65696.439,82147.705,40263680,true,pending_log_review,,1,16
A1,GDS,16,0.3,9830,4096,256,140,65781.053,82497.051,40263680,true,pending_log_review,,1,16
A1,GDS,16,0.3,9830,4096,256,141,64029.778,80749.622,40263680,true,pending_log_review,,1,16
A1,GDS,16,0.3,9830,4096,256,142,64483.472,81699.442,40263680,true,pending_log_review,,1,16
A1,GDS,16,0.3,9830,4096,256,143,72007.104,89377.499,40263680,true,pending_log_review,,1,16
A1,GDS,16,0.3,9830,4096,256,144,70606.203,88267.194,40263680,true,pending_log_review,,1,16
A1,GDS,16,0.3,9830,4096,256,145,67967.871,85181.609,40263680,true,pending_log_review,,1,16
A1,GDS,16,0.3,9830,4096,256,146,65493.281,83119.318,40263680,true,pending_log_review,,1,16
A1,GDS,16,0.3,9830,4096,256,147,69985.041,87245.071,40263680,true,pending_log_review,,1,16
A1,GDS,16,0.3,9830,4096,256,148,66870.518,84157.036,40263680,true,pending_log_review,,1,16
A1,GDS,16,0.3,9830,4096,256,149,67377.262,84595.946,40263680,true,pending_log_review,,1,16
A1,GDS,16,0.3,9830,4096,256,150,71861.779,88920.993,40263680,true,pending_log_review,,1,16
A1,GDS,16,0.3,9830,4096,256,151,65827.222,82261.721,40263680,true,pending_log_review,,1,16
A1,GDS,16,0.3,9830,4096,256,152,65874.793,83339.816,40263680,true,pending_log_review,,1,16
A1,GDS,16,0.3,9830,4096,256,153,64471.27,82180.363,40263680,true,pending_log_review,,1,16
A1,GDS,16,0.3,9830,4096,256,154,71423.107,88645.405,40263680,true,pending_log_review,,1,16
A1,GDS,16,0.3,9830,4096,256,155,71039.161,88046.548,40263680,true,pending_log_review,,1,16
A1,GDS,16,0.3,9830,4096,256,156,72242.451,89602.248,40263680,true,pending_log_review,,1,16
A1,GDS,16,0.3,9830,4096,256,157,69969.5,87089.383,40263680,true,pending_log_review,,1,16
A1,GDS,16,0.3,9830,4096,256,158,67921.048,84848.221,40263680,true,pending_log_review,,1,16
A1,GDS,16,0.3,9830,4096,256,159,71832.097,89406.391,40263680,true,pending_log_review,,1,16
A1,GDS,16,0.3,9830,4096,256,160,69269.847,86582.332,40263680,true,pending_log_review,,1,16
A1,GDS,16,0.3,9830,4096,256,161,65202.974,82815.051,40263680,true,pending_log_review,,1,16
A1,GDS,16,0.3,9830,4096,256,162,76501.203,94283.051,40263680,true,pending_log_review,,1,16
A1,GDS,16,0.3,9830,4096,256,163,62773.108,80424.098,40263680,true,pending_log_review,,1,16
A1,GDS,16,0.3,9830,4096,256,164,70856.359,88182.484,40263680,true,pending_log_review,,1,16
A1,GDS,16,0.3,9830,4096,256,165,76750.814,94538.164,40263680,true,pending_log_review,,1,16
A1,GDS,16,0.3,9830,4096,256,166,70612.777,87996.644,40263680,true,pending_log_review,,1,16
A1,GDS,16,0.3,9830,4096,256,167,82448.54,99954.093,40263680,true,pending_log_review,,1,16
A1,GDS,16,0.3,9830,4096,256,168,66800.18,83728.361,40263680,true,pending_log_review,,1,16
A1,GDS,16,0.3,9830,4096,256,169,65491.066,83504.838,40263680,true,pending_log_review,,1,16
A1,GDS,16,0.3,9830,4096,256,170,76758.1,93743.746,40263680,true,pending_log_review,,1,16
A1,GDS,16,0.3,9830,4096,256,171,70852.125,88889.373,40263680,true,pending_log_review,,1,16
A1,GDS,16,0.3,9830,4096,256,172,71069.374,89153.545,40263680,true,pending_log_review,,1,16
A1,GDS,16,0.3,9830,4096,256,173,65447.475,82667.066,40263680,true,pending_log_review,,1,16
A1,GDS,16,0.3,9830,4096,256,174,64025.361,80971.007,40263680,true,pending_log_review,,1,16
A1,GDS,16,0.3,9830,4096,256,175,79610.874,97171.854,40263680,true,pending_log_review,,1,16
A1,GDS,16,0.3,9830,4096,256,176,73144.193,90497.643,40263680,true,pending_log_review,,1,16
A1,GDS,16,0.3,9830,4096,256,177,71638.095,89461.181,40263680,true,pending_log_review,,1,16
A1,GDS,16,0.3,9830,4096,256,178,73673.29,90904.947,40263680,true,pending_log_review,,1,16
A1,GDS,16,0.3,9830,4096,256,179,64322.758,81627.165,40263680,true,pending_log_review,,1,16
A1,GDS,16,0.3,9830,4096,256,180,70108.57,87530.286,40263680,true,pending_log_review,,1,16
A1,GDS,16,0.3,9830,4096,256,181,71523.358,88357.188,40263680,true,pending_log_review,,1,16
A1,GDS,16,0.3,9830,4096,256,182,72361.592,89108.779,40263680,true,pending_log_review,,1,16
A1,GDS,16,0.3,9830,4096,256,183,64715.426,81406.229,40263680,true,pending_log_review,,1,16
A1,GDS,16,0.3,9830,4096,256,184,70045.478,87145.168,40263680,true,pending_log_review,,1,16
A1,GDS,16,0.3,9830,4096,256,185,70711.351,88530.94,40263680,true,pending_log_review,,1,16
A1,GDS,16,0.3,9830,4096,256,186,70775.522,88366.926,40263680,true,pending_log_review,,1,16
A1,GDS,16,0.3,9830,4096,256,187,63467.141,80571.607,40263680,true,pending_log_review,,1,16
A1,GDS,16,0.3,9830,4096,256,188,63599.07,80560.864,40263680,true,pending_log_review,,1,16
A1,GDS,16,0.3,9830,4096,256,189,69048.336,86832.149,40263680,true,pending_log_review,,1,16
A1,GDS,16,0.3,9830,4096,256,190,73329.03,90564.57,40263680,true,pending_log_review,,1,16
A1,GDS,16,0.3,9830,4096,256,191,72228.213,89735.796,40263680,true,pending_log_review,,1,16
A1,GDS,16,0.3,9830,4096,256,192,69067.323,86295.629,40263680,true,pending_log_review,,1,16
A1,GDS,16,0.3,9830,4096,256,193,72562.102,90232.347,40263680,true,pending_log_review,,1,16
A1,GDS,16,0.3,9830,4096,256,194,76745.664,94258.7,40263680,true,pending_log_review,,1,16
A1,GDS,16,0.3,9830,4096,256,195,71282.199,88630.425,40263680,true,pending_log_review,,1,16
A1,GDS,16,0.3,9830,4096,256,196,65825.376,83198.296,40263680,true,pending_log_review,,1,16
A1,GDS,16,0.3,9830,4096,256,197,70616.021,88184.619,40263680,true,pending_log_review,,1,16
A1,GDS,16,0.3,9830,4096,256,198,65842.238,82653.75,40263680,true,pending_log_review,,1,16
A1,GDS,16,0.3,9830,4096,256,199,72199.321,89354.665,40263680,true,pending_log_review,,1,16
A1,GDS,16,0.3,9830,4096,256,0,63680.969,80601.424,40263680,true,pending_log_review,,3,16
A1,GDS,64,0.067,8782,4096,256,0,61556.825,76018.423,35971072,true,pending_log_review,,2,16
A1,GDS,64,0.067,8782,4096,256,0,59158.705,74292.004,35971072,true,pending_log_review,,0,16
A1,GDS,64,0.067,8782,4096,256,1,61077.17,76225.493,35971072,true,pending_log_review,,0,16
A1,GDS,64,0.067,8782,4096,256,2,63787.194,78448.386,35971072,true,pending_log_review,,0,16
A1,GDS,64,0.067,8782,4096,256,3,56707.232,72003.218,35971072,true,pending_log_review,,0,16
A1,GDS,64,0.067,8782,4096,256,4,57736.513,73286.878,35971072,true,pending_log_review,,0,16
A1,GDS,64,0.067,8782,4096,256,5,62532.966,77564.276,35971072,true,pending_log_review,,0,16
A1,GDS,64,0.067,8782,4096,256,6,62788.237,77932.668,35971072,true,pending_log_review,,0,16
A1,GDS,64,0.067,8782,4096,256,7,69876.412,85468.866,35971072,true,pending_log_review,,0,16
A1,GDS,64,0.067,8782,4096,256,8,59744.029,75022.625,35971072,true,pending_log_review,,0,16
A1,GDS,64,0.067,8782,4096,256,9,62821.013,78225.163,35971072,true,pending_log_review,,0,16
A1,GDS,64,0.067,8782,4096,256,0,57717.864,72885.225,35971072,true,pending_log_review,,1,16
A1,GDS,64,0.067,8782,4096,256,1,68730.303,84043.905,35971072,true,pending_log_review,,1,16
A1,GDS,64,0.067,8782,4096,256,2,67299.892,82310.586,35971072,true,pending_log_review,,1,16
A1,GDS,64,0.067,8782,4096,256,3,56926.941,72954.834,35971072,true,pending_log_review,,1,16
A1,GDS,64,0.067,8782,4096,256,4,58138.565,73213.473,35971072,true,pending_log_review,,1,16
A1,GDS,64,0.067,8782,4096,256,5,61488.883,77123.403,35971072,true,pending_log_review,,1,16
A1,GDS,64,0.067,8782,4096,256,6,63294.783,79188.157,35971072,true,pending_log_review,,1,16
A1,GDS,64,0.067,8782,4096,256,7,73843.358,89305.091,35971072,true,pending_log_review,,1,16
A1,GDS,64,0.067,8782,4096,256,8,72095.777,88019.487,35971072,true,pending_log_review,,1,16
A1,GDS,64,0.067,8782,4096,256,9,65601.513,81239.072,35971072,true,pending_log_review,,1,16
A1,GDS,64,0.067,8782,4096,256,10,64336.875,79907.15,35971072,true,pending_log_review,,1,16
A1,GDS,64,0.067,8782,4096,256,11,60427.711,75956.575,35971072,true,pending_log_review,,1,16
A1,GDS,64,0.067,8782,4096,256,12,61796.522,77463.317,35971072,true,pending_log_review,,1,16
A1,GDS,64,0.067,8782,4096,256,13,62953.437,77514.37,35971072,true,pending_log_review,,1,16
A1,GDS,64,0.067,8782,4096,256,14,63420.368,78554.947,35971072,true,pending_log_review,,1,16
A1,GDS,64,0.067,8782,4096,256,15,63823.88,78952.078,35971072,true,pending_log_review,,1,16
A1,GDS,64,0.067,8782,4096,256,16,65813.59,81093.296,35971072,true,pending_log_review,,1,16
A1,GDS,64,0.067,8782,4096,256,17,56138.689,71477.658,35971072,true,pending_log_review,,1,16
A1,GDS,64,0.067,8782,4096,256,18,56244.975,71833.954,35971072,true,pending_log_review,,1,16
A1,GDS,64,0.067,8782,4096,256,19,56285.008,71650.018,35971072,true,pending_log_review,,1,16
A1,GDS,64,0.067,8782,4096,256,20,62689.486,78341.178,35971072,true,pending_log_review,,1,16
A1,GDS,64,0.067,8782,4096,256,21,71169.417,87772.576,35971072,true,pending_log_review,,1,16
A1,GDS,64,0.067,8782,4096,256,22,63199.272,78970.038,35971072,true,pending_log_review,,1,16
A1,GDS,64,0.067,8782,4096,256,23,65855.163,81549.556,35971072,true,pending_log_review,,1,16
A1,GDS,64,0.067,8782,4096,256,24,65524.074,81200.552,35971072,true,pending_log_review,,1,16
A1,GDS,64,0.067,8782,4096,256,25,61847.61,77888.378,35971072,true,pending_log_review,,1,16
A1,GDS,64,0.067,8782,4096,256,26,61794.495,77187.783,35971072,true,pending_log_review,,1,16
A1,GDS,64,0.067,8782,4096,256,27,74938.312,90634.815,35971072,true,pending_log_review,,1,16
A1,GDS,64,0.067,8782,4096,256,28,72086.846,87571.843,35971072,true,pending_log_review,,1,16
A1,GDS,64,0.067,8782,4096,256,29,70140.052,85377.661,35971072,true,pending_log_review,,1,16
A1,GDS,64,0.067,8782,4096,256,30,71237.447,86400.358,35971072,true,pending_log_review,,1,16
A1,GDS,64,0.067,8782,4096,256,31,59794.508,74586.81,35971072,true,pending_log_review,,1,16
A1,GDS,64,0.067,8782,4096,256,32,63067.631,78826.626,35971072,true,pending_log_review,,1,16
A1,GDS,64,0.067,8782,4096,256,33,60812.838,76397.005,35971072,true,pending_log_review,,1,16
A1,GDS,64,0.067,8782,4096,256,34,65340.741,81019.189,35971072,true,pending_log_review,,1,16
A1,GDS,64,0.067,8782,4096,256,35,66393.829,81891.705,35971072,true,pending_log_review,,1,16
A1,GDS,64,0.067,8782,4096,256,36,61477.565,76674.748,35971072,true,pending_log_review,,1,16
A1,GDS,64,0.067,8782,4096,256,37,69208.483,84858.392,35971072,true,pending_log_review,,1,16
A1,GDS,64,0.067,8782,4096,256,38,65052.404,81316.47,35971072,true,pending_log_review,,1,16
A1,GDS,64,0.067,8782,4096,256,39,59789.95,74964.197,35971072,true,pending_log_review,,1,16
A1,GDS,64,0.067,8782,4096,256,40,63329.292,79442.423,35971072,true,pending_log_review,,1,16
A1,GDS,64,0.067,8782,4096,256,41,64573.593,80604.337,35971072,true,pending_log_review,,1,16
A1,GDS,64,0.067,8782,4096,256,42,71747.68,87198.122,35971072,true,pending_log_review,,1,16
A1,GDS,64,0.067,8782,4096,256,43,62185.628,77174.624,35971072,true,pending_log_review,,1,16
A1,GDS,64,0.067,8782,4096,256,44,60265.274,75422.312,35971072,true,pending_log_review,,1,16
A1,GDS,64,0.067,8782,4096,256,45,66499.256,82796.504,35971072,true,pending_log_review,,1,16
A1,GDS,64,0.067,8782,4096,256,46,60056.667,75474.248,35971072,true,pending_log_review,,1,16
A1,GDS,64,0.067,8782,4096,256,47,61146.904,77192.178,35971072,true,pending_log_review,,1,16
A1,GDS,64,0.067,8782,4096,256,48,62917.466,78602.651,35971072,true,pending_log_review,,1,16
A1,GDS,64,0.067,8782,4096,256,49,68768.975,84660.928,35971072,true,pending_log_review,,1,16
A1,GDS,64,0.067,8782,4096,256,50,59089.753,74255.834,35971072,true,pending_log_review,,1,16
A1,GDS,64,0.067,8782,4096,256,51,63507.391,78619.013,35971072,true,pending_log_review,,1,16
A1,GDS,64,0.067,8782,4096,256,52,60055.021,75360.32,35971072,true,pending_log_review,,1,16
A1,GDS,64,0.067,8782,4096,256,53,60215.136,75450.48,35971072,true,pending_log_review,,1,16
A1,GDS,64,0.067,8782,4096,256,54,61605.23,76858.662,35971072,true,pending_log_review,,1,16
A1,GDS,64,0.067,8782,4096,256,55,76902.1,91887.991,35971072,true,pending_log_review,,1,16
A1,GDS,64,0.067,8782,4096,256,56,59576.572,75087.627,35971072,true,pending_log_review,,1,16
A1,GDS,64,0.067,8782,4096,256,57,58859.502,73475.747,35971072,true,pending_log_review,,1,16
A1,GDS,64,0.067,8782,4096,256,58,57559.122,72863.697,35971072,true,pending_log_review,,1,16
A1,GDS,64,0.067,8782,4096,256,59,62281.126,77688.528,35971072,true,pending_log_review,,1,16
A1,GDS,64,0.067,8782,4096,256,60,58374.664,73990.269,35971072,true,pending_log_review,,1,16
A1,GDS,64,0.067,8782,4096,256,61,64175.709,79410.854,35971072,true,pending_log_review,,1,16
A1,GDS,64,0.067,8782,4096,256,62,60221.232,75257.965,35971072,true,pending_log_review,,1,16
A1,GDS,64,0.067,8782,4096,256,63,65023.188,81118.52,35971072,true,pending_log_review,,1,16
A1,GDS,64,0.067,8782,4096,256,64,63434.267,79496.188,35971072,true,pending_log_review,,1,16
A1,GDS,64,0.067,8782,4096,256,65,58531.913,74011.141,35971072,true,pending_log_review,,1,16
A1,GDS,64,0.067,8782,4096,256,66,62780.275,78368.657,35971072,true,pending_log_review,,1,16
A1,GDS,64,0.067,8782,4096,256,67,69172.882,84943.706,35971072,true,pending_log_review,,1,16
A1,GDS,64,0.067,8782,4096,256,68,65483.311,80518.55,35971072,true,pending_log_review,,1,16
A1,GDS,64,0.067,8782,4096,256,69,61471.97,76077.844,35971072,true,pending_log_review,,1,16
A1,GDS,64,0.067,8782,4096,256,70,58439.641,73896.073,35971072,true,pending_log_review,,1,16
A1,GDS,64,0.067,8782,4096,256,71,65520.937,80994.039,35971072,true,pending_log_review,,1,16
A1,GDS,64,0.067,8782,4096,256,72,72579.786,87321.757,35971072,true,pending_log_review,,1,16
A1,GDS,64,0.067,8782,4096,256,73,63538.76,78795.396,35971072,true,pending_log_review,,1,16
A1,GDS,64,0.067,8782,4096,256,74,71657.434,87021.143,35971072,true,pending_log_review,,1,16
A1,GDS,64,0.067,8782,4096,256,75,66867.903,82630.789,35971072,true,pending_log_review,,1,16
A1,GDS,64,0.067,8782,4096,256,76,60432.631,75787.859,35971072,true,pending_log_review,,1,16
A1,GDS,64,0.067,8782,4096,256,77,58008.299,74196.987,35971072,true,pending_log_review,,1,16
A1,GDS,64,0.067,8782,4096,256,78,58432.597,74381.007,35971072,true,pending_log_review,,1,16
A1,GDS,64,0.067,8782,4096,256,79,59210.166,74404.561,35971072,true,pending_log_review,,1,16
A1,GDS,64,0.067,8782,4096,256,80,64595.204,80407.677,35971072,true,pending_log_review,,1,16
A1,GDS,64,0.067,8782,4096,256,81,59092.374,74406.217,35971072,true,pending_log_review,,1,16
A1,GDS,64,0.067,8782,4096,256,82,59726.011,75589.849,35971072,true,pending_log_review,,1,16
A1,GDS,64,0.067,8782,4096,256,83,69855.547,85047.517,35971072,true,pending_log_review,,1,16
A1,GDS,64,0.067,8782,4096,256,84,60873.293,76232.554,35971072,true,pending_log_review,,1,16
A1,GDS,64,0.067,8782,4096,256,85,59881.269,75301.496,35971072,true,pending_log_review,,1,16
A1,GDS,64,0.067,8782,4096,256,86,69710.783,85559.776,35971072,true,pending_log_review,,1,16
A1,GDS,64,0.067,8782,4096,256,87,59478.324,75389.314,35971072,true,pending_log_review,,1,16
A1,GDS,64,0.067,8782,4096,256,88,68877.032,84632.671,35971072,true,pending_log_review,,1,16
A1,GDS,64,0.067,8782,4096,256,89,69598.44,85590.576,35971072,true,pending_log_review,,1,16
A1,GDS,64,0.067,8782,4096,256,90,67390.475,82874.743,35971072,true,pending_log_review,,1,16
A1,GDS,64,0.067,8782,4096,256,91,59388.964,74210.714,35971072,true,pending_log_review,,1,16
A1,GDS,64,0.067,8782,4096,256,92,64359.554,79114.317,35971072,true,pending_log_review,,1,16
A1,GDS,64,0.067,8782,4096,256,93,74918.816,90474.708,35971072,true,pending_log_review,,1,16
A1,GDS,64,0.067,8782,4096,256,94,64922.994,80830.294,35971072,true,pending_log_review,,1,16
A1,GDS,64,0.067,8782,4096,256,95,65836.477,81962.349,35971072,true,pending_log_review,,1,16
A1,GDS,64,0.067,8782,4096,256,96,66079.568,81862.751,35971072,true,pending_log_review,,1,16
A1,GDS,64,0.067,8782,4096,256,97,59931.184,75157.951,35971072,true,pending_log_review,,1,16
A1,GDS,64,0.067,8782,4096,256,98,70053.326,86317.794,35971072,true,pending_log_review,,1,16
A1,GDS,64,0.067,8782,4096,256,99,67324.001,82759.084,35971072,true,pending_log_review,,1,16
A1,GDS,64,0.067,8782,4096,256,100,62583.178,77719.72,35971072,true,pending_log_review,,1,16
A1,GDS,64,0.067,8782,4096,256,101,69159.496,85029.419,35971072,true,pending_log_review,,1,16
A1,GDS,64,0.067,8782,4096,256,102,66971.816,82752.255,35971072,true,pending_log_review,,1,16
A1,GDS,64,0.067,8782,4096,256,103,64483.937,79635.691,35971072,true,pending_log_review,,1,16
A1,GDS,64,0.067,8782,4096,256,104,59896.514,75887.698,35971072,true,pending_log_review,,1,16
A1,GDS,64,0.067,8782,4096,256,105,65980.786,81351.24,35971072,true,pending_log_review,,1,16
A1,GDS,64,0.067,8782,4096,256,106,60709.38,75244.436,35971072,true,pending_log_review,,1,16
A1,GDS,64,0.067,8782,4096,256,107,60486.391,75150.264,35971072,true,pending_log_review,,1,16
A1,GDS,64,0.067,8782,4096,256,108,60140.819,75836.323,35971072,true,pending_log_review,,1,16
A1,GDS,64,0.067,8782,4096,256,109,65426.56,80579.52,35971072,true,pending_log_review,,1,16
A1,GDS,64,0.067,8782,4096,256,110,65154.773,80459.143,35971072,true,pending_log_review,,1,16
A1,GDS,64,0.067,8782,4096,256,111,63635.329,79362.496,35971072,true,pending_log_review,,1,16
A1,GDS,64,0.067,8782,4096,256,112,64506.089,79799.084,35971072,true,pending_log_review,,1,16
A1,GDS,64,0.067,8782,4096,256,113,68484.976,83946.532,35971072,true,pending_log_review,,1,16
A1,GDS,64,0.067,8782,4096,256,114,60946.201,76380.648,35971072,true,pending_log_review,,1,16
A1,GDS,64,0.067,8782,4096,256,115,67544.709,82530.054,35971072,true,pending_log_review,,1,16
A1,GDS,64,0.067,8782,4096,256,116,58675.373,73283.788,35971072,true,pending_log_review,,1,16
A1,GDS,64,0.067,8782,4096,256,117,60805.028,75538.34,35971072,true,pending_log_review,,1,16
A1,GDS,64,0.067,8782,4096,256,118,64086.313,79150.256,35971072,true,pending_log_review,,1,16
A1,GDS,64,0.067,8782,4096,256,119,60096.497,74827.856,35971072,true,pending_log_review,,1,16
A1,GDS,64,0.067,8782,4096,256,120,65716.116,81262.69,35971072,true,pending_log_review,,1,16
A1,GDS,64,0.067,8782,4096,256,121,66744.107,81514.749,35971072,true,pending_log_review,,1,16
A1,GDS,64,0.067,8782,4096,256,122,64231.747,80305.66,35971072,true,pending_log_review,,1,16
A1,GDS,64,0.067,8782,4096,256,123,67803.064,82859.671,35971072,true,pending_log_review,,1,16
A1,GDS,64,0.067,8782,4096,256,124,63431.726,78527.13,35971072,true,pending_log_review,,1,16
A1,GDS,64,0.067,8782,4096,256,125,58531.128,73426.116,35971072,true,pending_log_review,,1,16
A1,GDS,64,0.067,8782,4096,256,126,70985.718,87317.382,35971072,true,pending_log_review,,1,16
A1,GDS,64,0.067,8782,4096,256,127,59979.048,75410.434,35971072,true,pending_log_review,,1,16
A1,GDS,64,0.067,8782,4096,256,128,64708.834,80215.979,35971072,true,pending_log_review,,1,16
A1,GDS,64,0.067,8782,4096,256,129,59995.575,75014.523,35971072,true,pending_log_review,,1,16
A1,GDS,64,0.067,8782,4096,256,130,69512.056,85328.004,35971072,true,pending_log_review,,1,16
A1,GDS,64,0.067,8782,4096,256,131,58229.736,73517.815,35971072,true,pending_log_review,,1,16
A1,GDS,64,0.067,8782,4096,256,132,67085.105,82603.142,35971072,true,pending_log_review,,1,16
A1,GDS,64,0.067,8782,4096,256,133,59894.63,74932.001,35971072,true,pending_log_review,,1,16
A1,GDS,64,0.067,8782,4096,256,134,61861.794,77058.754,35971072,true,pending_log_review,,1,16
A1,GDS,64,0.067,8782,4096,256,135,70095.101,85640.669,35971072,true,pending_log_review,,1,16
A1,GDS,64,0.067,8782,4096,256,136,62835.943,78544.618,35971072,true,pending_log_review,,1,16
A1,GDS,64,0.067,8782,4096,256,137,65442.39,80935.98,35971072,true,pending_log_review,,1,16
A1,GDS,64,0.067,8782,4096,256,138,60240.257,75790.77,35971072,true,pending_log_review,,1,16
A1,GDS,64,0.067,8782,4096,256,139,58792.617,73979.271,35971072,true,pending_log_review,,1,16
A1,GDS,64,0.067,8782,4096,256,140,61860.301,77664.545,35971072,true,pending_log_review,,1,16
A1,GDS,64,0.067,8782,4096,256,141,59705.496,74914.128,35971072,true,pending_log_review,,1,16
A1,GDS,64,0.067,8782,4096,256,142,64399.528,79991.137,35971072,true,pending_log_review,,1,16
A1,GDS,64,0.067,8782,4096,256,143,68036.179,83569.732,35971072,true,pending_log_review,,1,16
A1,GDS,64,0.067,8782,4096,256,144,64272.1,80497.801,35971072,true,pending_log_review,,1,16
A1,GDS,64,0.067,8782,4096,256,145,52552.502,67711.063,35971072,true,pending_log_review,,1,16
A1,GDS,64,0.067,8782,4096,256,146,49585.151,65018.658,35971072,true,pending_log_review,,1,16
A1,GDS,64,0.067,8782,4096,256,147,63555.994,78947.936,35971072,true,pending_log_review,,1,16
A1,GDS,64,0.067,8782,4096,256,148,69399.438,85122.585,35971072,true,pending_log_review,,1,16
A1,GDS,64,0.067,8782,4096,256,149,65415.509,80958.659,35971072,true,pending_log_review,,1,16
A1,GDS,64,0.067,8782,4096,256,150,60826.196,75594.487,35971072,true,pending_log_review,,1,16
A1,GDS,64,0.067,8782,4096,256,151,64391.596,80097.327,35971072,true,pending_log_review,,1,16
A1,GDS,64,0.067,8782,4096,256,152,59057.946,74076.339,35971072,true,pending_log_review,,1,16
A1,GDS,64,0.067,8782,4096,256,153,64823.96,80053.258,35971072,true,pending_log_review,,1,16
A1,GDS,64,0.067,8782,4096,256,154,71142.435,86575.418,35971072,true,pending_log_review,,1,16
A1,GDS,64,0.067,8782,4096,256,155,58527.328,74159.456,35971072,true,pending_log_review,,1,16
A1,GDS,64,0.067,8782,4096,256,156,79818.418,96468.232,35971072,true,pending_log_review,,1,16
A1,GDS,64,0.067,8782,4096,256,157,71392.988,86725.925,35971072,true,pending_log_review,,1,16
A1,GDS,64,0.067,8782,4096,256,158,59472.05,74958.871,35971072,true,pending_log_review,,1,16
A1,GDS,64,0.067,8782,4096,256,159,63467.965,78870.227,35971072,true,pending_log_review,,1,16
A1,GDS,64,0.067,8782,4096,256,160,64615.568,79563.406,35971072,true,pending_log_review,,1,16
A1,GDS,64,0.067,8782,4096,256,161,58879.86,74470.413,35971072,true,pending_log_review,,1,16
A1,GDS,64,0.067,8782,4096,256,162,69780.769,86362.138,35971072,true,pending_log_review,,1,16
A1,GDS,64,0.067,8782,4096,256,163,64555.564,80698.014,35971072,true,pending_log_review,,1,16
A1,GDS,64,0.067,8782,4096,256,164,73759.878,89755.436,35971072,true,pending_log_review,,1,16
A1,GDS,64,0.067,8782,4096,256,165,64647.684,80116.752,35971072,true,pending_log_review,,1,16
A1,GDS,64,0.067,8782,4096,256,166,64823.459,81045.805,35971072,true,pending_log_review,,1,16
A1,GDS,64,0.067,8782,4096,256,167,66378.68,82468.982,35971072,true,pending_log_review,,1,16
A1,GDS,64,0.067,8782,4096,256,168,68818.574,85344.123,35971072,true,pending_log_review,,1,16
A1,GDS,64,0.067,8782,4096,256,169,61267.317,75845.339,35971072,true,pending_log_review,,1,16
A1,GDS,64,0.067,8782,4096,256,170,67133.238,82683.534,35971072,true,pending_log_review,,1,16
A1,GDS,64,0.067,8782,4096,256,171,59197.494,74883.341,35971072,true,pending_log_review,,1,16
A1,GDS,64,0.067,8782,4096,256,172,58252.716,73450.561,35971072,true,pending_log_review,,1,16
A1,GDS,64,0.067,8782,4096,256,173,66216.305,81783.532,35971072,true,pending_log_review,,1,16
A1,GDS,64,0.067,8782,4096,256,174,64837,81007.72,35971072,true,pending_log_review,,1,16
A1,GDS,64,0.067,8782,4096,256,175,59451.119,75009.185,35971072,true,pending_log_review,,1,16
A1,GDS,64,0.067,8782,4096,256,176,63799.594,79614.961,35971072,true,pending_log_review,,1,16
A1,GDS,64,0.067,8782,4096,256,177,61359.685,76778.513,35971072,true,pending_log_review,,1,16
A1,GDS,64,0.067,8782,4096,256,178,62313.107,78468.341,35971072,true,pending_log_review,,1,16
A1,GDS,64,0.067,8782,4096,256,179,60782.822,76523.201,35971072,true,pending_log_review,,1,16
A1,GDS,64,0.067,8782,4096,256,180,66484.98,81890.062,35971072,true,pending_log_review,,1,16
A1,GDS,64,0.067,8782,4096,256,181,60445.548,75997.552,35971072,true,pending_log_review,,1,16
A1,GDS,64,0.067,8782,4096,256,182,69939.417,85234.765,35971072,true,pending_log_review,,1,16
A1,GDS,64,0.067,8782,4096,256,183,58660.839,74294.393,35971072,true,pending_log_review,,1,16
A1,GDS,64,0.067,8782,4096,256,184,61758.842,77550.093,35971072,true,pending_log_review,,1,16
A1,GDS,64,0.067,8782,4096,256,185,64546.237,80282.751,35971072,true,pending_log_review,,1,16
A1,GDS,64,0.067,8782,4096,256,186,59414.616,75195.518,35971072,true,pending_log_review,,1,16
A1,GDS,64,0.067,8782,4096,256,187,62765.956,78496.21,35971072,true,pending_log_review,,1,16
A1,GDS,64,0.067,8782,4096,256,188,64692.034,79661.82,35971072,true,pending_log_review,,1,16
A1,GDS,64,0.067,8782,4096,256,189,64708.056,80306.135,35971072,true,pending_log_review,,1,16
A1,GDS,64,0.067,8782,4096,256,190,65080.562,80621.911,35971072,true,pending_log_review,,1,16
A1,GDS,64,0.067,8782,4096,256,191,59646.665,75456.162,35971072,true,pending_log_review,,1,16
A1,GDS,64,0.067,8782,4096,256,192,63595.126,79597.885,35971072,true,pending_log_review,,1,16
A1,GDS,64,0.067,8782,4096,256,193,65276.645,80962.752,35971072,true,pending_log_review,,1,16
A1,GDS,64,0.067,8782,4096,256,194,70461.433,86325.402,35971072,true,pending_log_review,,1,16
A1,GDS,64,0.067,8782,4096,256,195,63228.501,78108.367,35971072,true,pending_log_review,,1,16
A1,GDS,64,0.067,8782,4096,256,196,72204.934,88057.071,35971072,true,pending_log_review,,1,16
A1,GDS,64,0.067,8782,4096,256,197,65541.188,80675.973,35971072,true,pending_log_review,,1,16
A1,GDS,64,0.067,8782,4096,256,198,61687.938,77399.65,35971072,true,pending_log_review,,1,16
A1,GDS,64,0.067,8782,4096,256,199,65867.471,81394.485,35971072,true,pending_log_review,,1,16
A1,GDS,64,0.067,8782,4096,256,0,66484.916,82011.224,35971072,true,pending_log_review,,3,16
A1,GDS,64,0.134,17564,4096,256,0,129560.384,161349.389,71942144,true,pending_log_review,,2,16
A1,GDS,64,0.134,17564,4096,256,0,137698.783,170458.748,71942144,true,pending_log_review,,0,16
A1,GDS,64,0.134,17564,4096,256,1,144530.098,176918.115,71942144,true,pending_log_review,,0,16
A1,GDS,64,0.134,17564,4096,256,2,122292.048,153900.51,71942144,true,pending_log_review,,0,16
A1,GDS,64,0.134,17564,4096,256,3,143179.223,175473.404,71942144,true,pending_log_review,,0,16
A1,GDS,64,0.134,17564,4096,256,4,129662.863,161379.72,71942144,true,pending_log_review,,0,16
A1,GDS,64,0.134,17564,4096,256,5,123238.48,156072.678,71942144,true,pending_log_review,,0,16
A1,GDS,64,0.134,17564,4096,256,6,122753.256,154472.185,71942144,true,pending_log_review,,0,16
A1,GDS,64,0.134,17564,4096,256,7,138504.984,170724.438,71942144,true,pending_log_review,,0,16
A1,GDS,64,0.134,17564,4096,256,8,140612.044,173033.142,71942144,true,pending_log_review,,0,16
A1,GDS,64,0.134,17564,4096,256,9,132677.112,165308.428,71942144,true,pending_log_review,,0,16
A1,GDS,64,0.134,17564,4096,256,0,126535.495,158570.981,71942144,true,pending_log_review,,1,16
A1,GDS,64,0.134,17564,4096,256,1,142368.955,174198.341,71942144,true,pending_log_review,,1,16
A1,GDS,64,0.134,17564,4096,256,2,120181.287,152386.856,71942144,true,pending_log_review,,1,16
A1,GDS,64,0.134,17564,4096,256,3,134886.122,167140.989,71942144,true,pending_log_review,,1,16
A1,GDS,64,0.134,17564,4096,256,4,138101.942,170067.06,71942144,true,pending_log_review,,1,16
A1,GDS,64,0.134,17564,4096,256,5,134158.441,165423.167,71942144,true,pending_log_review,,1,16
A1,GDS,64,0.134,17564,4096,256,6,120296.258,151425.667,71942144,true,pending_log_review,,1,16
A1,GDS,64,0.134,17564,4096,256,7,138079.707,169605.532,71942144,true,pending_log_review,,1,16
A1,GDS,64,0.134,17564,4096,256,8,127379.427,159067.229,71942144,true,pending_log_review,,1,16
A1,GDS,64,0.134,17564,4096,256,9,135580.048,167635.5,71942144,true,pending_log_review,,1,16
A1,GDS,64,0.134,17564,4096,256,10,128725.862,159788.805,71942144,true,pending_log_review,,1,16
A1,GDS,64,0.134,17564,4096,256,11,130973.615,162012.603,71942144,true,pending_log_review,,1,16
A1,GDS,64,0.134,17564,4096,256,12,129875.966,160785.586,71942144,true,pending_log_review,,1,16
A1,GDS,64,0.134,17564,4096,256,13,133848.16,165335.663,71942144,true,pending_log_review,,1,16
A1,GDS,64,0.134,17564,4096,256,14,120917.478,152648.727,71942144,true,pending_log_review,,1,16
A1,GDS,64,0.134,17564,4096,256,15,127171.343,159141.08,71942144,true,pending_log_review,,1,16
A1,GDS,64,0.134,17564,4096,256,16,128974.835,160316.362,71942144,true,pending_log_review,,1,16
A1,GDS,64,0.134,17564,4096,256,17,126092.686,157348.85,71942144,true,pending_log_review,,1,16
A1,GDS,64,0.134,17564,4096,256,18,120402.088,152735.3,71942144,true,pending_log_review,,1,16
A1,GDS,64,0.134,17564,4096,256,19,133043.766,164520.698,71942144,true,pending_log_review,,1,16
A1,GDS,64,0.134,17564,4096,256,20,127694.453,159093.756,71942144,true,pending_log_review,,1,16
A1,GDS,64,0.134,17564,4096,256,21,123532.524,154107.02,71942144,true,pending_log_review,,1,16
A1,GDS,64,0.134,17564,4096,256,22,120721.585,153021.124,71942144,true,pending_log_review,,1,16
A1,GDS,64,0.134,17564,4096,256,23,130940.537,162180.146,71942144,true,pending_log_review,,1,16
A1,GDS,64,0.134,17564,4096,256,24,133930.245,165415.151,71942144,true,pending_log_review,,1,16
A1,GDS,64,0.134,17564,4096,256,25,144053.305,176034.236,71942144,true,pending_log_review,,1,16
A1,GDS,64,0.134,17564,4096,256,26,140997.614,172478.038,71942144,true,pending_log_review,,1,16
A1,GDS,64,0.134,17564,4096,256,27,130597.738,162335.429,71942144,true,pending_log_review,,1,16
A1,GDS,64,0.134,17564,4096,256,28,135557.66,167254.344,71942144,true,pending_log_review,,1,16
A1,GDS,64,0.134,17564,4096,256,29,136126.746,168641.278,71942144,true,pending_log_review,,1,16
A1,GDS,64,0.134,17564,4096,256,30,129384.099,159785.353,71942144,true,pending_log_review,,1,16
A1,GDS,64,0.134,17564,4096,256,31,132019.29,164936.303,71942144,true,pending_log_review,,1,16
A1,GDS,64,0.134,17564,4096,256,32,121647.178,152819.081,71942144,true,pending_log_review,,1,16
A1,GDS,64,0.134,17564,4096,256,33,124377.979,154916.734,71942144,true,pending_log_review,,1,16
A1,GDS,64,0.134,17564,4096,256,34,128589.951,160278.135,71942144,true,pending_log_review,,1,16
A1,GDS,64,0.134,17564,4096,256,35,125773.478,158349.351,71942144,true,pending_log_review,,1,16
A1,GDS,64,0.134,17564,4096,256,36,132661.383,164526.739,71942144,true,pending_log_review,,1,16
A1,GDS,64,0.134,17564,4096,256,37,149821.488,182856.698,71942144,true,pending_log_review,,1,16
A1,GDS,64,0.134,17564,4096,256,38,122194.281,153399.74,71942144,true,pending_log_review,,1,16
A1,GDS,64,0.134,17564,4096,256,39,129686.351,160697.294,71942144,true,pending_log_review,,1,16
A1,GDS,64,0.134,17564,4096,256,40,128100.139,159713.922,71942144,true,pending_log_review,,1,16
A1,GDS,64,0.134,17564,4096,256,41,129789.759,160480.035,71942144,true,pending_log_review,,1,16
A1,GDS,64,0.134,17564,4096,256,42,137863.231,169328.123,71942144,true,pending_log_review,,1,16
A1,GDS,64,0.134,17564,4096,256,43,144634.661,175993.984,71942144,true,pending_log_review,,1,16
A1,GDS,64,0.134,17564,4096,256,44,136255.68,167179.618,71942144,true,pending_log_review,,1,16
A1,GDS,64,0.134,17564,4096,256,45,136440.69,167484.237,71942144,true,pending_log_review,,1,16
A1,GDS,64,0.134,17564,4096,256,46,131886.174,163572.238,71942144,true,pending_log_review,,1,16
A1,GDS,64,0.134,17564,4096,256,47,138055.851,170253.602,71942144,true,pending_log_review,,1,16
A1,GDS,64,0.134,17564,4096,256,48,137405.04,169902.337,71942144,true,pending_log_review,,1,16
A1,GDS,64,0.134,17564,4096,256,49,138638.539,170655.88,71942144,true,pending_log_review,,1,16
A1,GDS,64,0.134,17564,4096,256,50,128156.123,159760.825,71942144,true,pending_log_review,,1,16
A1,GDS,64,0.134,17564,4096,256,51,137343.455,169752.784,71942144,true,pending_log_review,,1,16
A1,GDS,64,0.134,17564,4096,256,52,135921.383,167113.687,71942144,true,pending_log_review,,1,16
A1,GDS,64,0.134,17564,4096,256,53,128897.003,159507.767,71942144,true,pending_log_review,,1,16
A1,GDS,64,0.134,17564,4096,256,54,132414.497,164388.713,71942144,true,pending_log_review,,1,16
A1,GDS,64,0.134,17564,4096,256,55,132623.732,164002.683,71942144,true,pending_log_review,,1,16
A1,GDS,64,0.134,17564,4096,256,56,145489.825,176843.419,71942144,true,pending_log_review,,1,16
A1,GDS,64,0.134,17564,4096,256,57,131539.184,163966.14,71942144,true,pending_log_review,,1,16
A1,GDS,64,0.134,17564,4096,256,58,140962.995,173058.834,71942144,true,pending_log_review,,1,16
A1,GDS,64,0.134,17564,4096,256,59,135839.811,167806.438,71942144,true,pending_log_review,,1,16
A1,GDS,64,0.134,17564,4096,256,60,128123.065,159789.625,71942144,true,pending_log_review,,1,16
A1,GDS,64,0.134,17564,4096,256,61,121971.944,154432.051,71942144,true,pending_log_review,,1,16
A1,GDS,64,0.134,17564,4096,256,62,125813.258,157888.818,71942144,true,pending_log_review,,1,16
A1,GDS,64,0.134,17564,4096,256,63,140453.177,172030.939,71942144,true,pending_log_review,,1,16
A1,GDS,64,0.134,17564,4096,256,64,141506.888,173267.62,71942144,true,pending_log_review,,1,16
A1,GDS,64,0.134,17564,4096,256,65,140587.62,172404.358,71942144,true,pending_log_review,,1,16
A1,GDS,64,0.134,17564,4096,256,66,136050.758,168088.772,71942144,true,pending_log_review,,1,16
A1,GDS,64,0.134,17564,4096,256,67,141475.639,174024.241,71942144,true,pending_log_review,,1,16
A1,GDS,64,0.134,17564,4096,256,68,121510.694,153133.569,71942144,true,pending_log_review,,1,16
A1,GDS,64,0.134,17564,4096,256,69,135196.267,166220.915,71942144,true,pending_log_review,,1,16
A1,GDS,64,0.134,17564,4096,256,70,128510.888,160517.711,71942144,true,pending_log_review,,1,16
A1,GDS,64,0.134,17564,4096,256,71,129964.236,162454.533,71942144,true,pending_log_review,,1,16
A1,GDS,64,0.134,17564,4096,256,72,137071.409,169398.86,71942144,true,pending_log_review,,1,16
A1,GDS,64,0.134,17564,4096,256,73,127487.206,159528.506,71942144,true,pending_log_review,,1,16
A1,GDS,64,0.134,17564,4096,256,74,128345.3,159411.036,71942144,true,pending_log_review,,1,16
A1,GDS,64,0.134,17564,4096,256,75,137157.945,168717.738,71942144,true,pending_log_review,,1,16
A1,GDS,64,0.134,17564,4096,256,76,137533.651,170256.903,71942144,true,pending_log_review,,1,16
A1,GDS,64,0.134,17564,4096,256,77,132629.091,163093.825,71942144,true,pending_log_review,,1,16
A1,GDS,64,0.134,17564,4096,256,78,139707.465,171756.977,71942144,true,pending_log_review,,1,16
A1,GDS,64,0.134,17564,4096,256,79,136112.934,167734.234,71942144,true,pending_log_review,,1,16
A1,GDS,64,0.134,17564,4096,256,80,132821.036,165066.366,71942144,true,pending_log_review,,1,16
A1,GDS,64,0.134,17564,4096,256,81,131560.303,163092.248,71942144,true,pending_log_review,,1,16
A1,GDS,64,0.134,17564,4096,256,82,134786.003,166134.519,71942144,true,pending_log_review,,1,16
A1,GDS,64,0.134,17564,4096,256,83,129250.312,160523.119,71942144,true,pending_log_review,,1,16
A1,GDS,64,0.134,17564,4096,256,84,134455.254,165586.219,71942144,true,pending_log_review,,1,16
A1,GDS,64,0.134,17564,4096,256,85,131778.304,162935.957,71942144,true,pending_log_review,,1,16
A1,GDS,64,0.134,17564,4096,256,86,136792.063,169638.255,71942144,true,pending_log_review,,1,16
A1,GDS,64,0.134,17564,4096,256,87,139941.92,171757.291,71942144,true,pending_log_review,,1,16
A1,GDS,64,0.134,17564,4096,256,88,130888.258,163037.664,71942144,true,pending_log_review,,1,16
A1,GDS,64,0.134,17564,4096,256,89,148139.935,180719.904,71942144,true,pending_log_review,,1,16
A1,GDS,64,0.134,17564,4096,256,90,124111.044,155816.453,71942144,true,pending_log_review,,1,16
A1,GDS,64,0.134,17564,4096,256,91,139695.157,171864.486,71942144,true,pending_log_review,,1,16
A1,GDS,64,0.134,17564,4096,256,92,150482.16,181696.389,71942144,true,pending_log_review,,1,16
A1,GDS,64,0.134,17564,4096,256,93,145267.428,177583.736,71942144,true,pending_log_review,,1,16
A1,GDS,64,0.134,17564,4096,256,94,130583.796,161961.997,71942144,true,pending_log_review,,1,16
A1,GDS,64,0.134,17564,4096,256,95,128750.067,160500.971,71942144,true,pending_log_review,,1,16
A1,GDS,64,0.134,17564,4096,256,96,131469.084,163730.41,71942144,true,pending_log_review,,1,16
A1,GDS,64,0.134,17564,4096,256,97,131289.278,163284.91,71942144,true,pending_log_review,,1,16
A1,GDS,64,0.134,17564,4096,256,98,137025.128,169020.298,71942144,true,pending_log_review,,1,16
A1,GDS,64,0.134,17564,4096,256,99,133873.743,164881.55,71942144,true,pending_log_review,,1,16
A1,GDS,64,0.134,17564,4096,256,100,135337.113,167790.178,71942144,true,pending_log_review,,1,16
A1,GDS,64,0.134,17564,4096,256,101,127173.506,159208.734,71942144,true,pending_log_review,,1,16
A1,GDS,64,0.134,17564,4096,256,102,138569.142,171342.464,71942144,true,pending_log_review,,1,16
A1,GDS,64,0.134,17564,4096,256,103,127888.854,159911.236,71942144,true,pending_log_review,,1,16
A1,GDS,64,0.134,17564,4096,256,104,133014.236,165470.784,71942144,true,pending_log_review,,1,16
A1,GDS,64,0.134,17564,4096,256,105,135234.38,167729.886,71942144,true,pending_log_review,,1,16
A1,GDS,64,0.134,17564,4096,256,106,126437.802,158618.496,71942144,true,pending_log_review,,1,16
A1,GDS,64,0.134,17564,4096,256,107,133119.354,164440.841,71942144,true,pending_log_review,,1,16
A1,GDS,64,0.134,17564,4096,256,108,158929.58,193429.175,71942144,true,pending_log_review,,1,16
A1,GDS,64,0.134,17564,4096,256,109,125067.361,156105.898,71942144,true,pending_log_review,,1,16
A1,GDS,64,0.134,17564,4096,256,110,127761.652,159388.234,71942144,true,pending_log_review,,1,16
A1,GDS,64,0.134,17564,4096,256,111,128222.017,159227.744,71942144,true,pending_log_review,,1,16
A1,GDS,64,0.134,17564,4096,256,112,132795.808,164181.788,71942144,true,pending_log_review,,1,16
A1,GDS,64,0.134,17564,4096,256,113,122305.865,153507.195,71942144,true,pending_log_review,,1,16
A1,GDS,64,0.134,17564,4096,256,114,131062.854,163278.358,71942144,true,pending_log_review,,1,16
A1,GDS,64,0.134,17564,4096,256,115,133693.388,165795.075,71942144,true,pending_log_review,,1,16
A1,GDS,64,0.134,17564,4096,256,116,127600.424,159154.918,71942144,true,pending_log_review,,1,16
A1,GDS,64,0.134,17564,4096,256,117,135169.758,167181.148,71942144,true,pending_log_review,,1,16
A1,GDS,64,0.134,17564,4096,256,118,131784.381,164450.784,71942144,true,pending_log_review,,1,16
A1,GDS,64,0.134,17564,4096,256,119,131294.054,163017.444,71942144,true,pending_log_review,,1,16
A1,GDS,64,0.134,17564,4096,256,120,131550.112,164827.628,71942144,true,pending_log_review,,1,16
A1,GDS,64,0.134,17564,4096,256,121,140686.451,172094.262,71942144,true,pending_log_review,,1,16
A1,GDS,64,0.134,17564,4096,256,122,130216.721,162585.665,71942144,true,pending_log_review,,1,16
A1,GDS,64,0.134,17564,4096,256,123,135069.846,166894.603,71942144,true,pending_log_review,,1,16
A1,GDS,64,0.134,17564,4096,256,124,136342.864,168205.517,71942144,true,pending_log_review,,1,16
A1,GDS,64,0.134,17564,4096,256,125,138267.422,169836.386,71942144,true,pending_log_review,,1,16
A1,GDS,64,0.134,17564,4096,256,126,129467.391,161734.824,71942144,true,pending_log_review,,1,16
A1,GDS,64,0.134,17564,4096,256,127,132736.776,164825.049,71942144,true,pending_log_review,,1,16
A1,GDS,64,0.134,17564,4096,256,128,122762.939,154981.062,71942144,true,pending_log_review,,1,16
A1,GDS,64,0.134,17564,4096,256,129,130606.573,163649.873,71942144,true,pending_log_review,,1,16
A1,GDS,64,0.134,17564,4096,256,130,136072.465,168774.086,71942144,true,pending_log_review,,1,16
A1,GDS,64,0.134,17564,4096,256,131,124349.811,156088.023,71942144,true,pending_log_review,,1,16
A1,GDS,64,0.134,17564,4096,256,132,136276.77,167806.131,71942144,true,pending_log_review,,1,16
A1,GDS,64,0.134,17564,4096,256,133,126819.445,158950.63,71942144,true,pending_log_review,,1,16
A1,GDS,64,0.134,17564,4096,256,134,135983.366,167940.811,71942144,true,pending_log_review,,1,16
A1,GDS,64,0.134,17564,4096,256,135,122017.926,153100.91,71942144,true,pending_log_review,,1,16
A1,GDS,64,0.134,17564,4096,256,136,132885.497,164632.738,71942144,true,pending_log_review,,1,16
A1,GDS,64,0.134,17564,4096,256,137,144635.529,177423.818,71942144,true,pending_log_review,,1,16
A1,GDS,64,0.134,17564,4096,256,138,134649.399,165779.393,71942144,true,pending_log_review,,1,16
A1,GDS,64,0.134,17564,4096,256,139,139227.688,170939.089,71942144,true,pending_log_review,,1,16
A1,GDS,64,0.134,17564,4096,256,140,136527.146,167627.36,71942144,true,pending_log_review,,1,16
A1,GDS,64,0.134,17564,4096,256,141,120959.226,152138.637,71942144,true,pending_log_review,,1,16
A1,GDS,64,0.134,17564,4096,256,142,139062.73,170918.65,71942144,true,pending_log_review,,1,16
A1,GDS,64,0.134,17564,4096,256,143,123855.679,155635.263,71942144,true,pending_log_review,,1,16
A1,GDS,64,0.134,17564,4096,256,144,127836.655,159004.745,71942144,true,pending_log_review,,1,16
A1,GDS,64,0.134,17564,4096,256,145,124999.792,155785.651,71942144,true,pending_log_review,,1,16
A1,GDS,64,0.134,17564,4096,256,146,123832.752,155467.938,71942144,true,pending_log_review,,1,16
A1,GDS,64,0.134,17564,4096,256,147,133606.803,165626.57,71942144,true,pending_log_review,,1,16
A1,GDS,64,0.134,17564,4096,256,148,140210.854,172238.649,71942144,true,pending_log_review,,1,16
A1,GDS,64,0.134,17564,4096,256,149,133037.659,164941.964,71942144,true,pending_log_review,,1,16
A1,GDS,64,0.134,17564,4096,256,150,125760.294,158089.218,71942144,true,pending_log_review,,1,16
A1,GDS,64,0.134,17564,4096,256,151,132012.883,163633.937,71942144,true,pending_log_review,,1,16
A1,GDS,64,0.134,17564,4096,256,152,120183.789,151957.621,71942144,true,pending_log_review,,1,16
A1,GDS,64,0.134,17564,4096,256,153,137771.825,170832.764,71942144,true,pending_log_review,,1,16
A1,GDS,64,0.134,17564,4096,256,154,125939.072,158064.912,71942144,true,pending_log_review,,1,16
A1,GDS,64,0.134,17564,4096,256,155,128380.301,159874.919,71942144,true,pending_log_review,,1,16
A1,GDS,64,0.134,17564,4096,256,156,138976.87,171016.579,71942144,true,pending_log_review,,1,16
A1,GDS,64,0.134,17564,4096,256,157,137448.589,169425.394,71942144,true,pending_log_review,,1,16
A1,GDS,64,0.134,17564,4096,256,158,130807.745,162526.286,71942144,true,pending_log_review,,1,16
A1,GDS,64,0.134,17564,4096,256,159,127773.242,159550.991,71942144,true,pending_log_review,,1,16
A1,GDS,64,0.134,17564,4096,256,160,140972.562,174090.926,71942144,true,pending_log_review,,1,16
A1,GDS,64,0.134,17564,4096,256,161,127099.006,158509.217,71942144,true,pending_log_review,,1,16
A1,GDS,64,0.134,17564,4096,256,162,144112.65,175121.512,71942144,true,pending_log_review,,1,16
A1,GDS,64,0.134,17564,4096,256,163,139020.352,171260.549,71942144,true,pending_log_review,,1,16
A1,GDS,64,0.134,17564,4096,256,164,133277.761,164826.251,71942144,true,pending_log_review,,1,16
A1,GDS,64,0.134,17564,4096,256,165,144664.908,176748.789,71942144,true,pending_log_review,,1,16
A1,GDS,64,0.134,17564,4096,256,166,132670.387,164565.31,71942144,true,pending_log_review,,1,16
A1,GDS,64,0.134,17564,4096,256,167,132274.989,165121.64,71942144,true,pending_log_review,,1,16
A1,GDS,64,0.134,17564,4096,256,168,134683.805,166333.554,71942144,true,pending_log_review,,1,16
A1,GDS,64,0.134,17564,4096,256,169,138594.689,169692.21,71942144,true,pending_log_review,,1,16
A1,GDS,64,0.134,17564,4096,256,170,143038.246,174604.114,71942144,true,pending_log_review,,1,16
A1,GDS,64,0.134,17564,4096,256,171,122291.183,154260.023,71942144,true,pending_log_review,,1,16
A1,GDS,64,0.134,17564,4096,256,172,132415.599,163467.241,71942144,true,pending_log_review,,1,16
A1,GDS,64,0.134,17564,4096,256,173,133317.794,164875.605,71942144,true,pending_log_review,,1,16
A1,GDS,64,0.134,17564,4096,256,174,140408.413,172166.161,71942144,true,pending_log_review,,1,16
A1,GDS,64,0.134,17564,4096,256,175,137436.833,169716.777,71942144,true,pending_log_review,,1,16
A1,GDS,64,0.134,17564,4096,256,176,131652.322,164050.49,71942144,true,pending_log_review,,1,16
A1,GDS,64,0.134,17564,4096,256,177,137455.787,169798.164,71942144,true,pending_log_review,,1,16
A1,GDS,64,0.134,17564,4096,256,178,123208.041,155290.643,71942144,true,pending_log_review,,1,16
A1,GDS,64,0.134,17564,4096,256,179,126995.53,158268.912,71942144,true,pending_log_review,,1,16
A1,GDS,64,0.134,17564,4096,256,180,132418.477,164194.174,71942144,true,pending_log_review,,1,16
A1,GDS,64,0.134,17564,4096,256,181,126669.282,158629.07,71942144,true,pending_log_review,,1,16
A1,GDS,64,0.134,17564,4096,256,182,140789.626,172193.769,71942144,true,pending_log_review,,1,16
A1,GDS,64,0.134,17564,4096,256,183,138704.623,170835.734,71942144,true,pending_log_review,,1,16
A1,GDS,64,0.134,17564,4096,256,184,127720.905,159525.166,71942144,true,pending_log_review,,1,16
A1,GDS,64,0.134,17564,4096,256,185,136347.065,168026.795,71942144,true,pending_log_review,,1,16
A1,GDS,64,0.134,17564,4096,256,186,130831.707,162463.334,71942144,true,pending_log_review,,1,16
A1,GDS,64,0.134,17564,4096,256,187,129956.602,161465.467,71942144,true,pending_log_review,,1,16
A1,GDS,64,0.134,17564,4096,256,188,126219.811,158682.594,71942144,true,pending_log_review,,1,16
A1,GDS,64,0.134,17564,4096,256,189,131141.403,164052.447,71942144,true,pending_log_review,,1,16
A1,GDS,64,0.134,17564,4096,256,190,129785.457,161123.685,71942144,true,pending_log_review,,1,16
A1,GDS,64,0.134,17564,4096,256,191,142667.11,174667.558,71942144,true,pending_log_review,,1,16
A1,GDS,64,0.134,17564,4096,256,192,134489.05,166512.661,71942144,true,pending_log_review,,1,16
A1,GDS,64,0.134,17564,4096,256,193,122394.151,154472.227,71942144,true,pending_log_review,,1,16
A1,GDS,64,0.134,17564,4096,256,194,131032.804,161961.181,71942144,true,pending_log_review,,1,16
A1,GDS,64,0.134,17564,4096,256,195,133858.637,166864.905,71942144,true,pending_log_review,,1,16
A1,GDS,64,0.134,17564,4096,256,196,128418.813,160611.87,71942144,true,pending_log_review,,1,16
A1,GDS,64,0.134,17564,4096,256,197,133449.553,165964.101,71942144,true,pending_log_review,,1,16
A1,GDS,64,0.134,17564,4096,256,198,130146.429,161926.189,71942144,true,pending_log_review,,1,16
A1,GDS,64,0.134,17564,4096,256,199,133304.767,164920.551,71942144,true,pending_log_review,,1,16
A1,GDS,64,0.134,17564,4096,256,0,134700.52,166775.717,71942144,true,pending_log_review,,3,16
A1,GDS,64,0.3,39322,4096,256,0,311333.394,384646.114,161062912,true,pending_log_review,,2,16
A1,GDS,64,0.3,39322,4096,256,0,290346.743,362563.856,161062912,true,pending_log_review,,0,16
A1,GDS,64,0.3,39322,4096,256,1,301242.917,375065.078,161062912,true,pending_log_review,,0,16
A1,GDS,64,0.3,39322,4096,256,2,288542.165,360105.639,161062912,true,pending_log_review,,0,16
A1,GDS,64,0.3,39322,4096,256,3,314025.052,385860.753,161062912,true,pending_log_review,,0,16
A1,GDS,64,0.3,39322,4096,256,4,291075.345,363038.721,161062912,true,pending_log_review,,0,16
A1,GDS,64,0.3,39322,4096,256,5,293507.717,363586.19,161062912,true,pending_log_review,,0,16
A1,GDS,64,0.3,39322,4096,256,6,301633.844,373074.109,161062912,true,pending_log_review,,0,16
A1,GDS,64,0.3,39322,4096,256,7,298865.555,370758.703,161062912,true,pending_log_review,,0,16
A1,GDS,64,0.3,39322,4096,256,8,299840.844,371525.95,161062912,true,pending_log_review,,0,16
A1,GDS,64,0.3,39322,4096,256,9,307874.945,381533.173,161062912,true,pending_log_review,,0,16
A1,GDS,64,0.3,39322,4096,256,0,294788.085,368785.4,161062912,true,pending_log_review,,1,16
A1,GDS,64,0.3,39322,4096,256,1,289989.662,363302.691,161062912,true,pending_log_review,,1,16
A1,GDS,64,0.3,39322,4096,256,2,309592.516,382346.226,161062912,true,pending_log_review,,1,16
A1,GDS,64,0.3,39322,4096,256,3,305083.746,378051.749,161062912,true,pending_log_review,,1,16
A1,GDS,64,0.3,39322,4096,256,4,289611.293,361229.707,161062912,true,pending_log_review,,1,16
A1,GDS,64,0.3,39322,4096,256,5,306728.562,379878.237,161062912,true,pending_log_review,,1,16
A1,GDS,64,0.3,39322,4096,256,6,306166.118,378208.431,161062912,true,pending_log_review,,1,16
A1,GDS,64,0.3,39322,4096,256,7,300165.083,372242.393,161062912,true,pending_log_review,,1,16
A1,GDS,64,0.3,39322,4096,256,8,303134.698,376052.339,161062912,true,pending_log_review,,1,16
A1,GDS,64,0.3,39322,4096,256,9,319159.525,393533.855,161062912,true,pending_log_review,,1,16
A1,GDS,64,0.3,39322,4096,256,10,294730.651,369919.21,161062912,true,pending_log_review,,1,16
A1,GDS,64,0.3,39322,4096,256,11,300073.835,374207.728,161062912,true,pending_log_review,,1,16
A1,GDS,64,0.3,39322,4096,256,12,279061.662,350034.592,161062912,true,pending_log_review,,1,16
A1,GDS,64,0.3,39322,4096,256,13,312122.138,384458.407,161062912,true,pending_log_review,,1,16
A1,GDS,64,0.3,39322,4096,256,14,301126.071,373135.997,161062912,true,pending_log_review,,1,16
A1,GDS,64,0.3,39322,4096,256,15,295716.111,367913.171,161062912,true,pending_log_review,,1,16
A1,GDS,64,0.3,39322,4096,256,16,296033.169,369311.551,161062912,true,pending_log_review,,1,16
A1,GDS,64,0.3,39322,4096,256,17,290534.341,364602.503,161062912,true,pending_log_review,,1,16
A1,GDS,64,0.3,39322,4096,256,18,306231.501,381897.27,161062912,true,pending_log_review,,1,16
A1,GDS,64,0.3,39322,4096,256,19,293632.954,363137.694,161062912,true,pending_log_review,,1,16
A1,GDS,64,0.3,39322,4096,256,20,316154.323,388426.476,161062912,true,pending_log_review,,1,16
A1,GDS,64,0.3,39322,4096,256,21,306049.709,379392.937,161062912,true,pending_log_review,,1,16
A1,GDS,64,0.3,39322,4096,256,22,308542.43,380786.486,161062912,true,pending_log_review,,1,16
A1,GDS,64,0.3,39322,4096,256,23,300697.039,372688.055,161062912,true,pending_log_review,,1,16
A1,GDS,64,0.3,39322,4096,256,24,292997.24,364912.003,161062912,true,pending_log_review,,1,16
A1,GDS,64,0.3,39322,4096,256,25,290776.113,364375.582,161062912,true,pending_log_review,,1,16
A1,GDS,64,0.3,39322,4096,256,26,303056.58,376416.208,161062912,true,pending_log_review,,1,16
A1,GDS,64,0.3,39322,4096,256,27,292691.17,365529.108,161062912,true,pending_log_review,,1,16
A1,GDS,64,0.3,39322,4096,256,28,312132.036,386352.818,161062912,true,pending_log_review,,1,16
A1,GDS,64,0.3,39322,4096,256,29,301656.136,373321.061,161062912,true,pending_log_review,,1,16
A1,GDS,64,0.3,39322,4096,256,30,296634.868,371014.719,161062912,true,pending_log_review,,1,16
A1,GDS,64,0.3,39322,4096,256,31,296703.863,369322.735,161062912,true,pending_log_review,,1,16
A1,GDS,64,0.3,39322,4096,256,32,291995.797,363482.337,161062912,true,pending_log_review,,1,16
A1,GDS,64,0.3,39322,4096,256,33,287777.733,360793.06,161062912,true,pending_log_review,,1,16
A1,GDS,64,0.3,39322,4096,256,34,300967.83,373074.771,161062912,true,pending_log_review,,1,16
A1,GDS,64,0.3,39322,4096,256,35,300801.4,373113.396,161062912,true,pending_log_review,,1,16
A1,GDS,64,0.3,39322,4096,256,36,294808.557,366055.326,161062912,true,pending_log_review,,1,16
A1,GDS,64,0.3,39322,4096,256,37,293889.73,365377.273,161062912,true,pending_log_review,,1,16
A1,GDS,64,0.3,39322,4096,256,38,284811.528,356014.495,161062912,true,pending_log_review,,1,16
A1,GDS,64,0.3,39322,4096,256,39,291576.772,364105.778,161062912,true,pending_log_review,,1,16
A1,GDS,64,0.3,39322,4096,256,40,297026.274,370504.072,161062912,true,pending_log_review,,1,16
A1,GDS,64,0.3,39322,4096,256,41,297583.919,370484.75,161062912,true,pending_log_review,,1,16
A1,GDS,64,0.3,39322,4096,256,42,293937.679,366817.603,161062912,true,pending_log_review,,1,16
A1,GDS,64,0.3,39322,4096,256,43,282577.415,354353.78,161062912,true,pending_log_review,,1,16
A1,GDS,64,0.3,39322,4096,256,44,292656.646,364686.777,161062912,true,pending_log_review,,1,16
A1,GDS,64,0.3,39322,4096,256,45,313572.362,385162.042,161062912,true,pending_log_review,,1,16
A1,GDS,64,0.3,39322,4096,256,46,278640.579,351530.653,161062912,true,pending_log_review,,1,16
A1,GDS,64,0.3,39322,4096,256,47,289775.843,361953.452,161062912,true,pending_log_review,,1,16
A1,GDS,64,0.3,39322,4096,256,48,307989.853,381436.988,161062912,true,pending_log_review,,1,16
A1,GDS,64,0.3,39322,4096,256,49,286157.687,357861.647,161062912,true,pending_log_review,,1,16
A1,GDS,64,0.3,39322,4096,256,50,284745.379,356510.95,161062912,true,pending_log_review,,1,16
A1,GDS,64,0.3,39322,4096,256,51,309511.124,382134.678,161062912,true,pending_log_review,,1,16
A1,GDS,64,0.3,39322,4096,256,52,298568.637,372048.54,161062912,true,pending_log_review,,1,16
A1,GDS,64,0.3,39322,4096,256,53,298578.941,370815.577,161062912,true,pending_log_review,,1,16
A1,GDS,64,0.3,39322,4096,256,54,292233.927,366067.11,161062912,true,pending_log_review,,1,16
A1,GDS,64,0.3,39322,4096,256,55,295066.741,367319.16,161062912,true,pending_log_review,,1,16
A1,GDS,64,0.3,39322,4096,256,56,284225.075,356073.069,161062912,true,pending_log_review,,1,16
A1,GDS,64,0.3,39322,4096,256,57,289516.882,361643.622,161062912,true,pending_log_review,,1,16
A1,GDS,64,0.3,39322,4096,256,58,292098.788,364717.779,161062912,true,pending_log_review,,1,16
A1,GDS,64,0.3,39322,4096,256,59,293259.37,364399.058,161062912,true,pending_log_review,,1,16
A1,GDS,64,0.3,39322,4096,256,60,276838.852,348169.378,161062912,true,pending_log_review,,1,16
A1,GDS,64,0.3,39322,4096,256,61,290043.011,362795.046,161062912,true,pending_log_review,,1,16
A1,GDS,64,0.3,39322,4096,256,62,297174.993,368677.1,161062912,true,pending_log_review,,1,16
A1,GDS,64,0.3,39322,4096,256,63,284352.361,356289.343,161062912,true,pending_log_review,,1,16
A1,GDS,64,0.3,39322,4096,256,64,275373.687,343501.859,161062912,true,pending_log_review,,1,16
A1,GDS,64,0.3,39322,4096,256,65,285939.186,359061.722,161062912,true,pending_log_review,,1,16
A1,GDS,64,0.3,39322,4096,256,66,296026.425,370392.732,161062912,true,pending_log_review,,1,16
A1,GDS,64,0.3,39322,4096,256,67,287361.794,359119.683,161062912,true,pending_log_review,,1,16
A1,GDS,64,0.3,39322,4096,256,68,296075.404,370103.121,161062912,true,pending_log_review,,1,16
A1,GDS,64,0.3,39322,4096,256,69,295597.799,367827.651,161062912,true,pending_log_review,,1,16
A1,GDS,64,0.3,39322,4096,256,70,285857.814,358750.076,161062912,true,pending_log_review,,1,16
A1,GDS,64,0.3,39322,4096,256,71,293503.25,366713.525,161062912,true,pending_log_review,,1,16
A1,GDS,64,0.3,39322,4096,256,72,306116.608,379636.744,161062912,true,pending_log_review,,1,16
A1,GDS,64,0.3,39322,4096,256,73,292398.759,367444.517,161062912,true,pending_log_review,,1,16
A1,GDS,64,0.3,39322,4096,256,74,298051.338,371849.679,161062912,true,pending_log_review,,1,16
A1,GDS,64,0.3,39322,4096,256,75,305852.726,379367.963,161062912,true,pending_log_review,,1,16
A1,GDS,64,0.3,39322,4096,256,76,292590.582,365534.58,161062912,true,pending_log_review,,1,16
A1,GDS,64,0.3,39322,4096,256,77,295695.494,368876.456,161062912,true,pending_log_review,,1,16
A1,GDS,64,0.3,39322,4096,256,78,295473.746,368208.407,161062912,true,pending_log_review,,1,16
A1,GDS,64,0.3,39322,4096,256,79,292856.439,365043.72,161062912,true,pending_log_review,,1,16
A1,GDS,64,0.3,39322,4096,256,80,281559.175,354520.284,161062912,true,pending_log_review,,1,16
A1,GDS,64,0.3,39322,4096,256,81,304293.733,378486.716,161062912,true,pending_log_review,,1,16
A1,GDS,64,0.3,39322,4096,256,82,292677.37,365160.936,161062912,true,pending_log_review,,1,16
A1,GDS,64,0.3,39322,4096,256,83,303984.633,377117.784,161062912,true,pending_log_review,,1,16
A1,GDS,64,0.3,39322,4096,256,84,314667.693,388070.46,161062912,true,pending_log_review,,1,16
A1,GDS,64,0.3,39322,4096,256,85,304751.038,377090.011,161062912,true,pending_log_review,,1,16
A1,GDS,64,0.3,39322,4096,256,86,282467.111,354705.393,161062912,true,pending_log_review,,1,16
A1,GDS,64,0.3,39322,4096,256,87,290862.913,363031.698,161062912,true,pending_log_review,,1,16
A1,GDS,64,0.3,39322,4096,256,88,304931.359,377152.079,161062912,true,pending_log_review,,1,16
A1,GDS,64,0.3,39322,4096,256,89,311112.518,382212.524,161062912,true,pending_log_review,,1,16
A1,GDS,64,0.3,39322,4096,256,90,318239.367,391492.214,161062912,true,pending_log_review,,1,16
A1,GDS,64,0.3,39322,4096,256,91,279705.064,353688.833,161062912,true,pending_log_review,,1,16
A1,GDS,64,0.3,39322,4096,256,92,291415.773,364179.871,161062912,true,pending_log_review,,1,16
A1,GDS,64,0.3,39322,4096,256,93,281239.947,354668.486,161062912,true,pending_log_review,,1,16
A1,GDS,64,0.3,39322,4096,256,94,283919.397,356248.351,161062912,true,pending_log_review,,1,16
A1,GDS,64,0.3,39322,4096,256,95,278736.433,352471.898,161062912,true,pending_log_review,,1,16
A1,GDS,64,0.3,39322,4096,256,96,283790.935,356571.326,161062912,true,pending_log_review,,1,16
A1,GDS,64,0.3,39322,4096,256,97,280652.185,352053.845,161062912,true,pending_log_review,,1,16
A1,GDS,64,0.3,39322,4096,256,98,292455.188,364980.895,161062912,true,pending_log_review,,1,16
A1,GDS,64,0.3,39322,4096,256,99,305964.086,377220.815,161062912,true,pending_log_review,,1,16
A1,GDS,64,0.3,39322,4096,256,100,309250.322,382108.81,161062912,true,pending_log_review,,1,16
A1,GDS,64,0.3,39322,4096,256,101,296371.268,370534.304,161062912,true,pending_log_review,,1,16
A1,GDS,64,0.3,39322,4096,256,102,298392.512,373173.583,161062912,true,pending_log_review,,1,16
A1,GDS,64,0.3,39322,4096,256,103,278853.986,352671.329,161062912,true,pending_log_review,,1,16
A1,GDS,64,0.3,39322,4096,256,104,310612.371,384367.668,161062912,true,pending_log_review,,1,16
A1,GDS,64,0.3,39322,4096,256,105,285298.117,357442.962,161062912,true,pending_log_review,,1,16
A1,GDS,64,0.3,39322,4096,256,106,291135.521,364012.112,161062912,true,pending_log_review,,1,16
A1,GDS,64,0.3,39322,4096,256,107,290563.405,362537.239,161062912,true,pending_log_review,,1,16
A1,GDS,64,0.3,39322,4096,256,108,294776.347,368130.01,161062912,true,pending_log_review,,1,16
A1,GDS,64,0.3,39322,4096,256,109,310076.738,382949.918,161062912,true,pending_log_review,,1,16
A1,GDS,64,0.3,39322,4096,256,110,281450.889,354124.759,161062912,true,pending_log_review,,1,16
A1,GDS,64,0.3,39322,4096,256,111,187739.186,224986.837,161062912,true,pending_log_review,,1,16
A1,GDS,64,0.3,39322,4096,256,112,203291.524,241477.3,161062912,true,pending_log_review,,1,16
A1,GDS,64,0.3,39322,4096,256,113,197649.466,235399.86,161062912,true,pending_log_review,,1,16
A1,GDS,64,0.3,39322,4096,256,114,180832.331,217145.177,161062912,true,pending_log_review,,1,16
A1,GDS,64,0.3,39322,4096,256,115,187217.646,223973.303,161062912,true,pending_log_review,,1,16
A1,GDS,64,0.3,39322,4096,256,116,187494.2,224354.97,161062912,true,pending_log_review,,1,16
A1,GDS,64,0.3,39322,4096,256,117,192200.988,230462.066,161062912,true,pending_log_review,,1,16
A1,GDS,64,0.3,39322,4096,256,118,187031.036,224196.597,161062912,true,pending_log_review,,1,16
A1,GDS,64,0.3,39322,4096,256,119,180721.368,217521.029,161062912,true,pending_log_review,,1,16
A1,GDS,64,0.3,39322,4096,256,120,197483.068,234605.629,161062912,true,pending_log_review,,1,16
A1,GDS,64,0.3,39322,4096,256,121,198230.568,235534.991,161062912,true,pending_log_review,,1,16
A1,GDS,64,0.3,39322,4096,256,122,203874.259,242789.809,161062912,true,pending_log_review,,1,16
A1,GDS,64,0.3,39322,4096,256,123,181983.773,218511.736,161062912,true,pending_log_review,,1,16
A1,GDS,64,0.3,39322,4096,256,124,198817.507,235957.972,161062912,true,pending_log_review,,1,16
A1,GDS,64,0.3,39322,4096,256,125,196681.888,233993.804,161062912,true,pending_log_review,,1,16
A1,GDS,64,0.3,39322,4096,256,126,185770.689,222534.604,161062912,true,pending_log_review,,1,16
A1,GDS,64,0.3,39322,4096,256,127,192092.492,229795.468,161062912,true,pending_log_review,,1,16
A1,GDS,64,0.3,39322,4096,256,128,204478.152,242773.082,161062912,true,pending_log_review,,1,16
A1,GDS,64,0.3,39322,4096,256,129,192519.996,229886.265,161062912,true,pending_log_review,,1,16
A1,GDS,64,0.3,39322,4096,256,130,186895.537,223419.511,161062912,true,pending_log_review,,1,16
A1,GDS,64,0.3,39322,4096,256,131,189032.997,225520.997,161062912,true,pending_log_review,,1,16
A1,GDS,64,0.3,39322,4096,256,132,186722.249,222841.724,161062912,true,pending_log_review,,1,16
A1,GDS,64,0.3,39322,4096,256,133,187229.272,224320.697,161062912,true,pending_log_review,,1,16
A1,GDS,64,0.3,39322,4096,256,134,187550.941,224243.279,161062912,true,pending_log_review,,1,16
A1,GDS,64,0.3,39322,4096,256,135,188201.319,225029.288,161062912,true,pending_log_review,,1,16
A1,GDS,64,0.3,39322,4096,256,136,181493.037,217651.527,161062912,true,pending_log_review,,1,16
A1,GDS,64,0.3,39322,4096,256,137,198070.144,235232.388,161062912,true,pending_log_review,,1,16
A1,GDS,64,0.3,39322,4096,256,138,192717.614,230166.924,161062912,true,pending_log_review,,1,16
A1,GDS,64,0.3,39322,4096,256,139,181388.804,218362.047,161062912,true,pending_log_review,,1,16
A1,GDS,64,0.3,39322,4096,256,140,187687.975,225049.825,161062912,true,pending_log_review,,1,16
A1,GDS,64,0.3,39322,4096,256,141,191476.835,228900.951,161062912,true,pending_log_review,,1,16
A1,GDS,64,0.3,39322,4096,256,142,187009.808,223805.819,161062912,true,pending_log_review,,1,16
A1,GDS,64,0.3,39322,4096,256,143,186662.968,223258.96,161062912,true,pending_log_review,,1,16
A1,GDS,64,0.3,39322,4096,256,144,198535.067,236062.881,161062912,true,pending_log_review,,1,16
A1,GDS,64,0.3,39322,4096,256,145,192075.538,229300.677,161062912,true,pending_log_review,,1,16
A1,GDS,64,0.3,39322,4096,256,146,193489.226,230446.882,161062912,true,pending_log_review,,1,16
A1,GDS,64,0.3,39322,4096,256,147,199384.852,236307.445,161062912,true,pending_log_review,,1,16
A1,GDS,64,0.3,39322,4096,256,148,204517.79,243619.31,161062912,true,pending_log_review,,1,16
A1,GDS,64,0.3,39322,4096,256,149,192531.556,229685.21,161062912,true,pending_log_review,,1,16
A1,GDS,64,0.3,39322,4096,256,150,191593.566,229049.048,161062912,true,pending_log_review,,1,16
A1,GDS,64,0.3,39322,4096,256,151,192987.761,230813.761,161062912,true,pending_log_review,,1,16
A1,GDS,64,0.3,39322,4096,256,152,185332.865,222941.213,161062912,true,pending_log_review,,1,16
A1,GDS,64,0.3,39322,4096,256,153,194496.001,231375.414,161062912,true,pending_log_review,,1,16
A1,GDS,64,0.3,39322,4096,256,154,209899.795,249202.126,161062912,true,pending_log_review,,1,16
A1,GDS,64,0.3,39322,4096,256,155,199699.338,237177.026,161062912,true,pending_log_review,,1,16
A1,GDS,64,0.3,39322,4096,256,156,186827.853,224104.434,161062912,true,pending_log_review,,1,16
A1,GDS,64,0.3,39322,4096,256,157,182297.486,219403.849,161062912,true,pending_log_review,,1,16
A1,GDS,64,0.3,39322,4096,256,158,204498.789,242540.855,161062912,true,pending_log_review,,1,16
A1,GDS,64,0.3,39322,4096,256,159,204117.575,241752.752,161062912,true,pending_log_review,,1,16
A1,GDS,64,0.3,39322,4096,256,160,186317.389,223480.004,161062912,true,pending_log_review,,1,16
A1,GDS,64,0.3,39322,4096,256,161,197998.521,235111.076,161062912,true,pending_log_review,,1,16
A1,GDS,64,0.3,39322,4096,256,162,197415.778,234807.35,161062912,true,pending_log_review,,1,16
A1,GDS,64,0.3,39322,4096,256,163,193613.632,230593.538,161062912,true,pending_log_review,,1,16
A1,GDS,64,0.3,39322,4096,256,164,202095.234,240215.215,161062912,true,pending_log_review,,1,16
A1,GDS,64,0.3,39322,4096,256,165,197733.276,235339.406,161062912,true,pending_log_review,,1,16
A1,GDS,64,0.3,39322,4096,256,166,203820.981,241607.406,161062912,true,pending_log_review,,1,16
A1,GDS,64,0.3,39322,4096,256,167,202020.212,240436.714,161062912,true,pending_log_review,,1,16
A1,GDS,64,0.3,39322,4096,256,168,197838.098,235144.416,161062912,true,pending_log_review,,1,16
A1,GDS,64,0.3,39322,4096,256,169,203786.68,241857.023,161062912,true,pending_log_review,,1,16
A1,GDS,64,0.3,39322,4096,256,170,192148.269,229410.406,161062912,true,pending_log_review,,1,16
A1,GDS,64,0.3,39322,4096,256,171,197985.432,236217.494,161062912,true,pending_log_review,,1,16
A1,GDS,64,0.3,39322,4096,256,172,192679.307,229989.901,161062912,true,pending_log_review,,1,16
A1,GDS,64,0.3,39322,4096,256,173,181328.974,218022.26,161062912,true,pending_log_review,,1,16
A1,GDS,64,0.3,39322,4096,256,174,166311.269,199084.22,161062912,true,pending_log_review,,1,16
A1,GDS,64,0.3,39322,4096,256,175,196507.912,233033.262,161062912,true,pending_log_review,,1,16
A1,GDS,64,0.3,39322,4096,256,176,196892.34,234143.112,161062912,true,pending_log_review,,1,16
A1,GDS,64,0.3,39322,4096,256,177,203088.39,241919.661,161062912,true,pending_log_review,,1,16
A1,GDS,64,0.3,39322,4096,256,178,187920.151,224967.825,161062912,true,pending_log_review,,1,16
A1,GDS,64,0.3,39322,4096,256,179,204272.26,242474.132,161062912,true,pending_log_review,,1,16
A1,GDS,64,0.3,39322,4096,256,180,204996.07,242862.612,161062912,true,pending_log_review,,1,16
A1,GDS,64,0.3,39322,4096,256,181,180475.493,217270.951,161062912,true,pending_log_review,,1,16
A1,GDS,64,0.3,39322,4096,256,182,181138.619,217336.838,161062912,true,pending_log_review,,1,16
A1,GDS,64,0.3,39322,4096,256,183,206825.458,245374.041,161062912,true,pending_log_review,,1,16
A1,GDS,64,0.3,39322,4096,256,184,192452.193,229865.311,161062912,true,pending_log_review,,1,16
A1,GDS,64,0.3,39322,4096,256,185,204420.266,242528.079,161062912,true,pending_log_review,,1,16
A1,GDS,64,0.3,39322,4096,256,186,185530.328,222771.853,161062912,true,pending_log_review,,1,16
A1,GDS,64,0.3,39322,4096,256,187,201997.279,239271.379,161062912,true,pending_log_review,,1,16
A1,GDS,64,0.3,39322,4096,256,188,187134.625,223947.505,161062912,true,pending_log_review,,1,16
A1,GDS,64,0.3,39322,4096,256,189,196910.624,235008.167,161062912,true,pending_log_review,,1,16
A1,GDS,64,0.3,39322,4096,256,190,185426.811,222237.269,161062912,true,pending_log_review,,1,16
A1,GDS,64,0.3,39322,4096,256,191,184452.345,221003.853,161062912,true,pending_log_review,,1,16
A1,GDS,64,0.3,39322,4096,256,192,193869.358,231100.6,161062912,true,pending_log_review,,1,16
A1,GDS,64,0.3,39322,4096,256,193,196968.468,234009.433,161062912,true,pending_log_review,,1,16
A1,GDS,64,0.3,39322,4096,256,194,184735.591,221430.332,161062912,true,pending_log_review,,1,16
A1,GDS,64,0.3,39322,4096,256,195,191083.828,228193.023,161062912,true,pending_log_review,,1,16
A1,GDS,64,0.3,39322,4096,256,196,196001.545,233632.127,161062912,true,pending_log_review,,1,16
A1,GDS,64,0.3,39322,4096,256,197,188651.842,225052.039,161062912,true,pending_log_review,,1,16
A1,GDS,64,0.3,39322,4096,256,198,175817.173,210040.949,161062912,true,pending_log_review,,1,16
A1,GDS,64,0.3,39322,4096,256,199,194194.635,230809.354,161062912,true,pending_log_review,,1,16
A1,GDS,64,0.3,39322,4096,256,0,206398.71,244722.216,161062912,true,pending_log_review,,3,16
B1,Tutti-deployed,1,0.067,137,4096,256,0,3390.534,3521.516,561152,true,gpu_nvme_kernel,,2,16
B1,Tutti-deployed,1,0.067,137,4096,256,0,103.651,242.634,561152,true,gpu_nvme_kernel,,0,16
B1,Tutti-deployed,1,0.067,137,4096,256,1,91.27,262.728,561152,true,gpu_nvme_kernel,,0,16
B1,Tutti-deployed,1,0.067,137,4096,256,2,75.714,227.658,561152,true,gpu_nvme_kernel,,0,16
B1,Tutti-deployed,1,0.067,137,4096,256,3,88.672,262.593,561152,true,gpu_nvme_kernel,,0,16
B1,Tutti-deployed,1,0.067,137,4096,256,4,69.587,221.047,561152,true,gpu_nvme_kernel,,0,16
B1,Tutti-deployed,1,0.067,137,4096,256,5,60.343,212.645,561152,true,gpu_nvme_kernel,,0,16
B1,Tutti-deployed,1,0.067,137,4096,256,6,66.672,267.741,561152,true,gpu_nvme_kernel,,0,16
B1,Tutti-deployed,1,0.067,137,4096,256,7,59.826,225.069,561152,true,gpu_nvme_kernel,,0,16
B1,Tutti-deployed,1,0.067,137,4096,256,8,57.199,287.346,561152,true,gpu_nvme_kernel,,0,16
B1,Tutti-deployed,1,0.067,137,4096,256,9,50.535,209.795,561152,true,gpu_nvme_kernel,,0,16
B1,Tutti-deployed,1,0.067,137,4096,256,0,56.711,225.088,561152,true,gpu_nvme_kernel,,1,16
B1,Tutti-deployed,1,0.067,137,4096,256,1,51.716,214.567,561152,true,gpu_nvme_kernel,,1,16
B1,Tutti-deployed,1,0.067,137,4096,256,2,54.962,231.101,561152,true,gpu_nvme_kernel,,1,16
B1,Tutti-deployed,1,0.067,137,4096,256,3,53.104,212.578,561152,true,gpu_nvme_kernel,,1,16
B1,Tutti-deployed,1,0.067,137,4096,256,4,61.662,246.098,561152,true,gpu_nvme_kernel,,1,16
B1,Tutti-deployed,1,0.067,137,4096,256,5,53.81,239.871,561152,true,gpu_nvme_kernel,,1,16
B1,Tutti-deployed,1,0.067,137,4096,256,6,56.89,222.713,561152,true,gpu_nvme_kernel,,1,16
B1,Tutti-deployed,1,0.067,137,4096,256,7,51.293,277.121,561152,true,gpu_nvme_kernel,,1,16
B1,Tutti-deployed,1,0.067,137,4096,256,8,55.643,210.386,561152,true,gpu_nvme_kernel,,1,16
B1,Tutti-deployed,1,0.067,137,4096,256,9,50.325,225.442,561152,true,gpu_nvme_kernel,,1,16
B1,Tutti-deployed,1,0.067,137,4096,256,10,56.051,221.019,561152,true,gpu_nvme_kernel,,1,16
B1,Tutti-deployed,1,0.067,137,4096,256,11,50.665,236.688,561152,true,gpu_nvme_kernel,,1,16
B1,Tutti-deployed,1,0.067,137,4096,256,12,53.404,248.301,561152,true,gpu_nvme_kernel,,1,16
B1,Tutti-deployed,1,0.067,137,4096,256,13,54.938,208.083,561152,true,gpu_nvme_kernel,,1,16
B1,Tutti-deployed,1,0.067,137,4096,256,14,52.906,212.459,561152,true,gpu_nvme_kernel,,1,16
B1,Tutti-deployed,1,0.067,137,4096,256,15,51.768,215.959,561152,true,gpu_nvme_kernel,,1,16
B1,Tutti-deployed,1,0.067,137,4096,256,16,54.502,198.86,561152,true,gpu_nvme_kernel,,1,16
B1,Tutti-deployed,1,0.067,137,4096,256,17,53.528,261.762,561152,true,gpu_nvme_kernel,,1,16
B1,Tutti-deployed,1,0.067,137,4096,256,18,53.295,214.34,561152,true,gpu_nvme_kernel,,1,16
B1,Tutti-deployed,1,0.067,137,4096,256,19,50.586,213.175,561152,true,gpu_nvme_kernel,,1,16
B1,Tutti-deployed,1,0.067,137,4096,256,20,55.793,265.954,561152,true,gpu_nvme_kernel,,1,16
B1,Tutti-deployed,1,0.067,137,4096,256,21,51.729,219.203,561152,true,gpu_nvme_kernel,,1,16
B1,Tutti-deployed,1,0.067,137,4096,256,22,55.019,210.161,561152,true,gpu_nvme_kernel,,1,16
B1,Tutti-deployed,1,0.067,137,4096,256,23,53.181,206.881,561152,true,gpu_nvme_kernel,,1,16
B1,Tutti-deployed,1,0.067,137,4096,256,24,56.759,227.876,561152,true,gpu_nvme_kernel,,1,16
B1,Tutti-deployed,1,0.067,137,4096,256,25,53.371,224.409,561152,true,gpu_nvme_kernel,,1,16
B1,Tutti-deployed,1,0.067,137,4096,256,26,55.53,233.898,561152,true,gpu_nvme_kernel,,1,16
B1,Tutti-deployed,1,0.067,137,4096,256,27,52.847,234.548,561152,true,gpu_nvme_kernel,,1,16
B1,Tutti-deployed,1,0.067,137,4096,256,28,54.506,213.817,561152,true,gpu_nvme_kernel,,1,16
B1,Tutti-deployed,1,0.067,137,4096,256,29,54.179,224.133,561152,true,gpu_nvme_kernel,,1,16
B1,Tutti-deployed,1,0.067,137,4096,256,30,54.464,202.425,561152,true,gpu_nvme_kernel,,1,16
B1,Tutti-deployed,1,0.067,137,4096,256,31,51.187,208.871,561152,true,gpu_nvme_kernel,,1,16
B1,Tutti-deployed,1,0.067,137,4096,256,32,59.243,226.367,561152,true,gpu_nvme_kernel,,1,16
B1,Tutti-deployed,1,0.067,137,4096,256,33,53.76,205.733,561152,true,gpu_nvme_kernel,,1,16
B1,Tutti-deployed,1,0.067,137,4096,256,34,67.988,245.496,561152,true,gpu_nvme_kernel,,1,16
B1,Tutti-deployed,1,0.067,137,4096,256,35,52.887,283.451,561152,true,gpu_nvme_kernel,,1,16
B1,Tutti-deployed,1,0.067,137,4096,256,36,55.875,243.377,561152,true,gpu_nvme_kernel,,1,16
B1,Tutti-deployed,1,0.067,137,4096,256,37,53.575,214.391,561152,true,gpu_nvme_kernel,,1,16
B1,Tutti-deployed,1,0.067,137,4096,256,38,54.743,211.698,561152,true,gpu_nvme_kernel,,1,16
B1,Tutti-deployed,1,0.067,137,4096,256,39,54.866,215.302,561152,true,gpu_nvme_kernel,,1,16
B1,Tutti-deployed,1,0.067,137,4096,256,40,52.508,228.112,561152,true,gpu_nvme_kernel,,1,16
B1,Tutti-deployed,1,0.067,137,4096,256,41,52.266,242.678,561152,true,gpu_nvme_kernel,,1,16
B1,Tutti-deployed,1,0.067,137,4096,256,42,55.935,292.961,561152,true,gpu_nvme_kernel,,1,16
B1,Tutti-deployed,1,0.067,137,4096,256,43,53.216,224.153,561152,true,gpu_nvme_kernel,,1,16
B1,Tutti-deployed,1,0.067,137,4096,256,44,53.929,224.769,561152,true,gpu_nvme_kernel,,1,16
B1,Tutti-deployed,1,0.067,137,4096,256,45,50.989,248.873,561152,true,gpu_nvme_kernel,,1,16
B1,Tutti-deployed,1,0.067,137,4096,256,46,55.685,256.024,561152,true,gpu_nvme_kernel,,1,16
B1,Tutti-deployed,1,0.067,137,4096,256,47,52.669,209.151,561152,true,gpu_nvme_kernel,,1,16
B1,Tutti-deployed,1,0.067,137,4096,256,48,51.834,214.188,561152,true,gpu_nvme_kernel,,1,16
B1,Tutti-deployed,1,0.067,137,4096,256,49,54.379,274.936,561152,true,gpu_nvme_kernel,,1,16
B1,Tutti-deployed,1,0.067,137,4096,256,50,53.197,210.983,561152,true,gpu_nvme_kernel,,1,16
B1,Tutti-deployed,1,0.067,137,4096,256,51,53.266,210.949,561152,true,gpu_nvme_kernel,,1,16
B1,Tutti-deployed,1,0.067,137,4096,256,52,53.004,214.542,561152,true,gpu_nvme_kernel,,1,16
B1,Tutti-deployed,1,0.067,137,4096,256,53,56.461,213.63,561152,true,gpu_nvme_kernel,,1,16
B1,Tutti-deployed,1,0.067,137,4096,256,54,55.869,217.138,561152,true,gpu_nvme_kernel,,1,16
B1,Tutti-deployed,1,0.067,137,4096,256,55,51.918,220.93,561152,true,gpu_nvme_kernel,,1,16
B1,Tutti-deployed,1,0.067,137,4096,256,56,54.682,213.432,561152,true,gpu_nvme_kernel,,1,16
B1,Tutti-deployed,1,0.067,137,4096,256,57,50.553,218.295,561152,true,gpu_nvme_kernel,,1,16
B1,Tutti-deployed,1,0.067,137,4096,256,58,58.005,221.688,561152,true,gpu_nvme_kernel,,1,16
B1,Tutti-deployed,1,0.067,137,4096,256,59,53.17,208.646,561152,true,gpu_nvme_kernel,,1,16
B1,Tutti-deployed,1,0.067,137,4096,256,60,51.212,267.895,561152,true,gpu_nvme_kernel,,1,16
B1,Tutti-deployed,1,0.067,137,4096,256,61,53.493,210.27,561152,true,gpu_nvme_kernel,,1,16
B1,Tutti-deployed,1,0.067,137,4096,256,62,55.646,234.638,561152,true,gpu_nvme_kernel,,1,16
B1,Tutti-deployed,1,0.067,137,4096,256,63,61.286,229.956,561152,true,gpu_nvme_kernel,,1,16
B1,Tutti-deployed,1,0.067,137,4096,256,64,53.01,228.388,561152,true,gpu_nvme_kernel,,1,16
B1,Tutti-deployed,1,0.067,137,4096,256,65,52.279,223.445,561152,true,gpu_nvme_kernel,,1,16
B1,Tutti-deployed,1,0.067,137,4096,256,66,54.894,269.226,561152,true,gpu_nvme_kernel,,1,16
B1,Tutti-deployed,1,0.067,137,4096,256,67,52.494,208.227,561152,true,gpu_nvme_kernel,,1,16
B1,Tutti-deployed,1,0.067,137,4096,256,68,53.378,209.19,561152,true,gpu_nvme_kernel,,1,16
B1,Tutti-deployed,1,0.067,137,4096,256,69,57.2,222.162,561152,true,gpu_nvme_kernel,,1,16
B1,Tutti-deployed,1,0.067,137,4096,256,70,52.711,277.951,561152,true,gpu_nvme_kernel,,1,16
B1,Tutti-deployed,1,0.067,137,4096,256,71,54.238,208.48,561152,true,gpu_nvme_kernel,,1,16
B1,Tutti-deployed,1,0.067,137,4096,256,72,53.41,218.191,561152,true,gpu_nvme_kernel,,1,16
B1,Tutti-deployed,1,0.067,137,4096,256,73,52.908,219.254,561152,true,gpu_nvme_kernel,,1,16
B1,Tutti-deployed,1,0.067,137,4096,256,74,53.271,217.26,561152,true,gpu_nvme_kernel,,1,16
B1,Tutti-deployed,1,0.067,137,4096,256,75,54.854,202.817,561152,true,gpu_nvme_kernel,,1,16
B1,Tutti-deployed,1,0.067,137,4096,256,76,51.721,209.784,561152,true,gpu_nvme_kernel,,1,16
B1,Tutti-deployed,1,0.067,137,4096,256,77,51.5,237.973,561152,true,gpu_nvme_kernel,,1,16
B1,Tutti-deployed,1,0.067,137,4096,256,78,56.291,216.526,561152,true,gpu_nvme_kernel,,1,16
B1,Tutti-deployed,1,0.067,137,4096,256,79,52.051,290.544,561152,true,gpu_nvme_kernel,,1,16
B1,Tutti-deployed,1,0.067,137,4096,256,80,53.185,203.537,561152,true,gpu_nvme_kernel,,1,16
B1,Tutti-deployed,1,0.067,137,4096,256,81,53.969,210.48,561152,true,gpu_nvme_kernel,,1,16
B1,Tutti-deployed,1,0.067,137,4096,256,82,68.707,275.998,561152,true,gpu_nvme_kernel,,1,16
B1,Tutti-deployed,1,0.067,137,4096,256,83,54.44,249.313,561152,true,gpu_nvme_kernel,,1,16
B1,Tutti-deployed,1,0.067,137,4096,256,84,51.848,237.381,561152,true,gpu_nvme_kernel,,1,16
B1,Tutti-deployed,1,0.067,137,4096,256,85,55.345,207.744,561152,true,gpu_nvme_kernel,,1,16
B1,Tutti-deployed,1,0.067,137,4096,256,86,51.328,214.118,561152,true,gpu_nvme_kernel,,1,16
B1,Tutti-deployed,1,0.067,137,4096,256,87,53.615,248.282,561152,true,gpu_nvme_kernel,,1,16
B1,Tutti-deployed,1,0.067,137,4096,256,88,52.772,242.288,561152,true,gpu_nvme_kernel,,1,16
B1,Tutti-deployed,1,0.067,137,4096,256,89,53.398,269.98,561152,true,gpu_nvme_kernel,,1,16
B1,Tutti-deployed,1,0.067,137,4096,256,90,53.684,230.747,561152,true,gpu_nvme_kernel,,1,16
B1,Tutti-deployed,1,0.067,137,4096,256,91,53.43,210.753,561152,true,gpu_nvme_kernel,,1,16
B1,Tutti-deployed,1,0.067,137,4096,256,92,54.153,220.676,561152,true,gpu_nvme_kernel,,1,16
B1,Tutti-deployed,1,0.067,137,4096,256,93,54.707,212.507,561152,true,gpu_nvme_kernel,,1,16
B1,Tutti-deployed,1,0.067,137,4096,256,94,54.675,222.57,561152,true,gpu_nvme_kernel,,1,16
B1,Tutti-deployed,1,0.067,137,4096,256,95,53.867,235.233,561152,true,gpu_nvme_kernel,,1,16
B1,Tutti-deployed,1,0.067,137,4096,256,96,52.242,218.695,561152,true,gpu_nvme_kernel,,1,16
B1,Tutti-deployed,1,0.067,137,4096,256,97,56.689,217.7,561152,true,gpu_nvme_kernel,,1,16
B1,Tutti-deployed,1,0.067,137,4096,256,98,52.521,230.356,561152,true,gpu_nvme_kernel,,1,16
B1,Tutti-deployed,1,0.067,137,4096,256,99,52.159,240.463,561152,true,gpu_nvme_kernel,,1,16
B1,Tutti-deployed,1,0.067,137,4096,256,100,53.846,225.081,561152,true,gpu_nvme_kernel,,1,16
B1,Tutti-deployed,1,0.067,137,4096,256,101,53.865,237.19,561152,true,gpu_nvme_kernel,,1,16
B1,Tutti-deployed,1,0.067,137,4096,256,102,54.623,293.215,561152,true,gpu_nvme_kernel,,1,16
B1,Tutti-deployed,1,0.067,137,4096,256,103,53.092,213.177,561152,true,gpu_nvme_kernel,,1,16
B1,Tutti-deployed,1,0.067,137,4096,256,104,55.656,256.074,561152,true,gpu_nvme_kernel,,1,16
B1,Tutti-deployed,1,0.067,137,4096,256,105,56.732,220.837,561152,true,gpu_nvme_kernel,,1,16
B1,Tutti-deployed,1,0.067,137,4096,256,106,55.072,320.505,561152,true,gpu_nvme_kernel,,1,16
B1,Tutti-deployed,1,0.067,137,4096,256,107,55.492,227.487,561152,true,gpu_nvme_kernel,,1,16
B1,Tutti-deployed,1,0.067,137,4096,256,108,52.999,245.477,561152,true,gpu_nvme_kernel,,1,16
B1,Tutti-deployed,1,0.067,137,4096,256,109,55.316,258.317,561152,true,gpu_nvme_kernel,,1,16
B1,Tutti-deployed,1,0.067,137,4096,256,110,50.647,215.24,561152,true,gpu_nvme_kernel,,1,16
B1,Tutti-deployed,1,0.067,137,4096,256,111,55.708,245.45,561152,true,gpu_nvme_kernel,,1,16
B1,Tutti-deployed,1,0.067,137,4096,256,112,57.158,247.739,561152,true,gpu_nvme_kernel,,1,16
B1,Tutti-deployed,1,0.067,137,4096,256,113,136.481,273.509,561152,true,gpu_nvme_kernel,,1,16
B1,Tutti-deployed,1,0.067,137,4096,256,114,57.842,212.702,561152,true,gpu_nvme_kernel,,1,16
B1,Tutti-deployed,1,0.067,137,4096,256,115,54.774,202.47,561152,true,gpu_nvme_kernel,,1,16
B1,Tutti-deployed,1,0.067,137,4096,256,116,55.681,217.754,561152,true,gpu_nvme_kernel,,1,16
B1,Tutti-deployed,1,0.067,137,4096,256,117,53.706,294.571,561152,true,gpu_nvme_kernel,,1,16
B1,Tutti-deployed,1,0.067,137,4096,256,118,53.305,236.749,561152,true,gpu_nvme_kernel,,1,16
B1,Tutti-deployed,1,0.067,137,4096,256,119,54.678,233.915,561152,true,gpu_nvme_kernel,,1,16
B1,Tutti-deployed,1,0.067,137,4096,256,120,52.477,308.789,561152,true,gpu_nvme_kernel,,1,16
B1,Tutti-deployed,1,0.067,137,4096,256,121,55.989,217.062,561152,true,gpu_nvme_kernel,,1,16
B1,Tutti-deployed,1,0.067,137,4096,256,122,51.725,241.806,561152,true,gpu_nvme_kernel,,1,16
B1,Tutti-deployed,1,0.067,137,4096,256,123,56.167,211.275,561152,true,gpu_nvme_kernel,,1,16
B1,Tutti-deployed,1,0.067,137,4096,256,124,72.226,271.261,561152,true,gpu_nvme_kernel,,1,16
B1,Tutti-deployed,1,0.067,137,4096,256,125,56.953,220.566,561152,true,gpu_nvme_kernel,,1,16
B1,Tutti-deployed,1,0.067,137,4096,256,126,53.305,210.414,561152,true,gpu_nvme_kernel,,1,16
B1,Tutti-deployed,1,0.067,137,4096,256,127,52.65,221.646,561152,true,gpu_nvme_kernel,,1,16
B1,Tutti-deployed,1,0.067,137,4096,256,128,53.502,231.805,561152,true,gpu_nvme_kernel,,1,16
B1,Tutti-deployed,1,0.067,137,4096,256,129,53.616,224.035,561152,true,gpu_nvme_kernel,,1,16
B1,Tutti-deployed,1,0.067,137,4096,256,130,52.528,207.967,561152,true,gpu_nvme_kernel,,1,16
B1,Tutti-deployed,1,0.067,137,4096,256,131,57.974,247.815,561152,true,gpu_nvme_kernel,,1,16
B1,Tutti-deployed,1,0.067,137,4096,256,132,51.715,222.974,561152,true,gpu_nvme_kernel,,1,16
B1,Tutti-deployed,1,0.067,137,4096,256,133,55.687,237.064,561152,true,gpu_nvme_kernel,,1,16
B1,Tutti-deployed,1,0.067,137,4096,256,134,52.979,210.403,561152,true,gpu_nvme_kernel,,1,16
B1,Tutti-deployed,1,0.067,137,4096,256,135,53.5,216.313,561152,true,gpu_nvme_kernel,,1,16
B1,Tutti-deployed,1,0.067,137,4096,256,136,53.301,240.404,561152,true,gpu_nvme_kernel,,1,16
B1,Tutti-deployed,1,0.067,137,4096,256,137,54.429,230.412,561152,true,gpu_nvme_kernel,,1,16
B1,Tutti-deployed,1,0.067,137,4096,256,138,54.678,223.036,561152,true,gpu_nvme_kernel,,1,16
B1,Tutti-deployed,1,0.067,137,4096,256,139,52.096,255.909,561152,true,gpu_nvme_kernel,,1,16
B1,Tutti-deployed,1,0.067,137,4096,256,140,128.373,293.359,561152,true,gpu_nvme_kernel,,1,16
B1,Tutti-deployed,1,0.067,137,4096,256,141,65.782,213.629,561152,true,gpu_nvme_kernel,,1,16
B1,Tutti-deployed,1,0.067,137,4096,256,142,59.227,212.25,561152,true,gpu_nvme_kernel,,1,16
B1,Tutti-deployed,1,0.067,137,4096,256,143,54.874,226.178,561152,true,gpu_nvme_kernel,,1,16
B1,Tutti-deployed,1,0.067,137,4096,256,144,51.73,219.175,561152,true,gpu_nvme_kernel,,1,16
B1,Tutti-deployed,1,0.067,137,4096,256,145,54.825,243.332,561152,true,gpu_nvme_kernel,,1,16
B1,Tutti-deployed,1,0.067,137,4096,256,146,53.572,213.661,561152,true,gpu_nvme_kernel,,1,16
B1,Tutti-deployed,1,0.067,137,4096,256,147,51.966,259.822,561152,true,gpu_nvme_kernel,,1,16
B1,Tutti-deployed,1,0.067,137,4096,256,148,53.212,213.656,561152,true,gpu_nvme_kernel,,1,16
B1,Tutti-deployed,1,0.067,137,4096,256,149,53.195,230.565,561152,true,gpu_nvme_kernel,,1,16
B1,Tutti-deployed,1,0.067,137,4096,256,150,55.396,221.84,561152,true,gpu_nvme_kernel,,1,16
B1,Tutti-deployed,1,0.067,137,4096,256,151,51.399,213.741,561152,true,gpu_nvme_kernel,,1,16
B1,Tutti-deployed,1,0.067,137,4096,256,152,52.799,200.972,561152,true,gpu_nvme_kernel,,1,16
B1,Tutti-deployed,1,0.067,137,4096,256,153,57.079,209.618,561152,true,gpu_nvme_kernel,,1,16
B1,Tutti-deployed,1,0.067,137,4096,256,154,52.706,208.294,561152,true,gpu_nvme_kernel,,1,16
B1,Tutti-deployed,1,0.067,137,4096,256,155,71.103,222.901,561152,true,gpu_nvme_kernel,,1,16
B1,Tutti-deployed,1,0.067,137,4096,256,156,51.807,214.31,561152,true,gpu_nvme_kernel,,1,16
B1,Tutti-deployed,1,0.067,137,4096,256,157,57.218,213.847,561152,true,gpu_nvme_kernel,,1,16
B1,Tutti-deployed,1,0.067,137,4096,256,158,52.219,207.775,561152,true,gpu_nvme_kernel,,1,16
B1,Tutti-deployed,1,0.067,137,4096,256,159,56.926,303.367,561152,true,gpu_nvme_kernel,,1,16
B1,Tutti-deployed,1,0.067,137,4096,256,160,54.136,217.279,561152,true,gpu_nvme_kernel,,1,16
B1,Tutti-deployed,1,0.067,137,4096,256,161,53.961,209.284,561152,true,gpu_nvme_kernel,,1,16
B1,Tutti-deployed,1,0.067,137,4096,256,162,55.128,218.446,561152,true,gpu_nvme_kernel,,1,16
B1,Tutti-deployed,1,0.067,137,4096,256,163,52.274,210.765,561152,true,gpu_nvme_kernel,,1,16
B1,Tutti-deployed,1,0.067,137,4096,256,164,52.361,247.855,561152,true,gpu_nvme_kernel,,1,16
B1,Tutti-deployed,1,0.067,137,4096,256,165,55.171,219.01,561152,true,gpu_nvme_kernel,,1,16
B1,Tutti-deployed,1,0.067,137,4096,256,166,53.233,224.391,561152,true,gpu_nvme_kernel,,1,16
B1,Tutti-deployed,1,0.067,137,4096,256,167,53.659,238.962,561152,true,gpu_nvme_kernel,,1,16
B1,Tutti-deployed,1,0.067,137,4096,256,168,51.389,208.777,561152,true,gpu_nvme_kernel,,1,16
B1,Tutti-deployed,1,0.067,137,4096,256,169,53.302,212.953,561152,true,gpu_nvme_kernel,,1,16
B1,Tutti-deployed,1,0.067,137,4096,256,170,61.687,233.379,561152,true,gpu_nvme_kernel,,1,16
B1,Tutti-deployed,1,0.067,137,4096,256,171,51.578,220.465,561152,true,gpu_nvme_kernel,,1,16
B1,Tutti-deployed,1,0.067,137,4096,256,172,52.154,241.577,561152,true,gpu_nvme_kernel,,1,16
B1,Tutti-deployed,1,0.067,137,4096,256,173,54.9,212.975,561152,true,gpu_nvme_kernel,,1,16
B1,Tutti-deployed,1,0.067,137,4096,256,174,55.058,215.469,561152,true,gpu_nvme_kernel,,1,16
B1,Tutti-deployed,1,0.067,137,4096,256,175,51.818,249.433,561152,true,gpu_nvme_kernel,,1,16
B1,Tutti-deployed,1,0.067,137,4096,256,176,51.752,233.009,561152,true,gpu_nvme_kernel,,1,16
B1,Tutti-deployed,1,0.067,137,4096,256,177,131.315,298.443,561152,true,gpu_nvme_kernel,,1,16
B1,Tutti-deployed,1,0.067,137,4096,256,178,61.729,226.466,561152,true,gpu_nvme_kernel,,1,16
B1,Tutti-deployed,1,0.067,137,4096,256,179,59.062,226.649,561152,true,gpu_nvme_kernel,,1,16
B1,Tutti-deployed,1,0.067,137,4096,256,180,54.752,210.363,561152,true,gpu_nvme_kernel,,1,16
B1,Tutti-deployed,1,0.067,137,4096,256,181,53.232,268.183,561152,true,gpu_nvme_kernel,,1,16
B1,Tutti-deployed,1,0.067,137,4096,256,182,56.09,238.795,561152,true,gpu_nvme_kernel,,1,16
B1,Tutti-deployed,1,0.067,137,4096,256,183,52.007,254.62,561152,true,gpu_nvme_kernel,,1,16
B1,Tutti-deployed,1,0.067,137,4096,256,184,55.132,235.406,561152,true,gpu_nvme_kernel,,1,16
B1,Tutti-deployed,1,0.067,137,4096,256,185,50.868,215.135,561152,true,gpu_nvme_kernel,,1,16
B1,Tutti-deployed,1,0.067,137,4096,256,186,59.755,222.574,561152,true,gpu_nvme_kernel,,1,16
B1,Tutti-deployed,1,0.067,137,4096,256,187,50.916,239.465,561152,true,gpu_nvme_kernel,,1,16
B1,Tutti-deployed,1,0.067,137,4096,256,188,52.807,206.78,561152,true,gpu_nvme_kernel,,1,16
B1,Tutti-deployed,1,0.067,137,4096,256,189,54.494,216.619,561152,true,gpu_nvme_kernel,,1,16
B1,Tutti-deployed,1,0.067,137,4096,256,190,53.119,202.071,561152,true,gpu_nvme_kernel,,1,16
B1,Tutti-deployed,1,0.067,137,4096,256,191,53.219,234.176,561152,true,gpu_nvme_kernel,,1,16
B1,Tutti-deployed,1,0.067,137,4096,256,192,53.171,215.004,561152,true,gpu_nvme_kernel,,1,16
B1,Tutti-deployed,1,0.067,137,4096,256,193,52.938,224.306,561152,true,gpu_nvme_kernel,,1,16
B1,Tutti-deployed,1,0.067,137,4096,256,194,54.808,241.577,561152,true,gpu_nvme_kernel,,1,16
B1,Tutti-deployed,1,0.067,137,4096,256,195,50.858,207.076,561152,true,gpu_nvme_kernel,,1,16
B1,Tutti-deployed,1,0.067,137,4096,256,196,55.712,217.199,561152,true,gpu_nvme_kernel,,1,16
B1,Tutti-deployed,1,0.067,137,4096,256,197,51.02,222.64,561152,true,gpu_nvme_kernel,,1,16
B1,Tutti-deployed,1,0.067,137,4096,256,198,71.853,266.988,561152,true,gpu_nvme_kernel,,1,16
B1,Tutti-deployed,1,0.067,137,4096,256,199,62.291,265.817,561152,true,gpu_nvme_kernel,,1,16
B1,Tutti-deployed,1,0.067,137,4096,256,0,54.474,208.427,561152,true,gpu_nvme_kernel,,3,16
B1,Tutti-deployed,1,0.134,274,4096,256,0,143.744,319.184,1122304,true,gpu_nvme_kernel,,2,16
B1,Tutti-deployed,1,0.134,274,4096,256,0,111.825,313.818,1122304,true,gpu_nvme_kernel,,0,16
B1,Tutti-deployed,1,0.134,274,4096,256,1,114.363,327.386,1122304,true,gpu_nvme_kernel,,0,16
B1,Tutti-deployed,1,0.134,274,4096,256,2,109.759,299.476,1122304,true,gpu_nvme_kernel,,0,16
B1,Tutti-deployed,1,0.134,274,4096,256,3,110.621,311.385,1122304,true,gpu_nvme_kernel,,0,16
B1,Tutti-deployed,1,0.134,274,4096,256,4,111.472,315.6,1122304,true,gpu_nvme_kernel,,0,16
B1,Tutti-deployed,1,0.134,274,4096,256,5,122.31,305.601,1122304,true,gpu_nvme_kernel,,0,16
B1,Tutti-deployed,1,0.134,274,4096,256,6,110.716,356.249,1122304,true,gpu_nvme_kernel,,0,16
B1,Tutti-deployed,1,0.134,274,4096,256,7,109.612,279.919,1122304,true,gpu_nvme_kernel,,0,16
B1,Tutti-deployed,1,0.134,274,4096,256,8,108.594,326.5,1122304,true,gpu_nvme_kernel,,0,16
B1,Tutti-deployed,1,0.134,274,4096,256,9,105.905,305.863,1122304,true,gpu_nvme_kernel,,0,16
B1,Tutti-deployed,1,0.134,274,4096,256,0,107.177,364.028,1122304,true,gpu_nvme_kernel,,1,16
B1,Tutti-deployed,1,0.134,274,4096,256,1,109.2,327.484,1122304,true,gpu_nvme_kernel,,1,16
B1,Tutti-deployed,1,0.134,274,4096,256,2,107.767,379.224,1122304,true,gpu_nvme_kernel,,1,16
B1,Tutti-deployed,1,0.134,274,4096,256,3,113.892,321.016,1122304,true,gpu_nvme_kernel,,1,16
B1,Tutti-deployed,1,0.134,274,4096,256,4,111.971,319.406,1122304,true,gpu_nvme_kernel,,1,16
B1,Tutti-deployed,1,0.134,274,4096,256,5,115.352,317.422,1122304,true,gpu_nvme_kernel,,1,16
B1,Tutti-deployed,1,0.134,274,4096,256,6,105.661,318.7,1122304,true,gpu_nvme_kernel,,1,16
B1,Tutti-deployed,1,0.134,274,4096,256,7,107.178,312.482,1122304,true,gpu_nvme_kernel,,1,16
B1,Tutti-deployed,1,0.134,274,4096,256,8,110.118,340.371,1122304,true,gpu_nvme_kernel,,1,16
B1,Tutti-deployed,1,0.134,274,4096,256,9,122.723,326.115,1122304,true,gpu_nvme_kernel,,1,16
B1,Tutti-deployed,1,0.134,274,4096,256,10,108.575,330.873,1122304,true,gpu_nvme_kernel,,1,16
B1,Tutti-deployed,1,0.134,274,4096,256,11,106.592,332.391,1122304,true,gpu_nvme_kernel,,1,16
B1,Tutti-deployed,1,0.134,274,4096,256,12,110.874,323.675,1122304,true,gpu_nvme_kernel,,1,16
B1,Tutti-deployed,1,0.134,274,4096,256,13,108.556,382.06,1122304,true,gpu_nvme_kernel,,1,16
B1,Tutti-deployed,1,0.134,274,4096,256,14,195.884,359.865,1122304,true,gpu_nvme_kernel,,1,16
B1,Tutti-deployed,1,0.134,274,4096,256,15,117.758,332.457,1122304,true,gpu_nvme_kernel,,1,16
B1,Tutti-deployed,1,0.134,274,4096,256,16,133.949,334.454,1122304,true,gpu_nvme_kernel,,1,16
B1,Tutti-deployed,1,0.134,274,4096,256,17,110.624,297.176,1122304,true,gpu_nvme_kernel,,1,16
B1,Tutti-deployed,1,0.134,274,4096,256,18,109.319,296.923,1122304,true,gpu_nvme_kernel,,1,16
B1,Tutti-deployed,1,0.134,274,4096,256,19,111.07,298.033,1122304,true,gpu_nvme_kernel,,1,16
B1,Tutti-deployed,1,0.134,274,4096,256,20,109.564,312.76,1122304,true,gpu_nvme_kernel,,1,16
B1,Tutti-deployed,1,0.134,274,4096,256,21,108.876,296.653,1122304,true,gpu_nvme_kernel,,1,16
B1,Tutti-deployed,1,0.134,274,4096,256,22,118.834,302.753,1122304,true,gpu_nvme_kernel,,1,16
B1,Tutti-deployed,1,0.134,274,4096,256,23,108.561,300.265,1122304,true,gpu_nvme_kernel,,1,16
B1,Tutti-deployed,1,0.134,274,4096,256,24,106.703,301.389,1122304,true,gpu_nvme_kernel,,1,16
B1,Tutti-deployed,1,0.134,274,4096,256,25,109.006,328.538,1122304,true,gpu_nvme_kernel,,1,16
B1,Tutti-deployed,1,0.134,274,4096,256,26,107.671,309.172,1122304,true,gpu_nvme_kernel,,1,16
B1,Tutti-deployed,1,0.134,274,4096,256,27,108.276,322.516,1122304,true,gpu_nvme_kernel,,1,16
B1,Tutti-deployed,1,0.134,274,4096,256,28,107.85,352.744,1122304,true,gpu_nvme_kernel,,1,16
B1,Tutti-deployed,1,0.134,274,4096,256,29,109.738,293.879,1122304,true,gpu_nvme_kernel,,1,16
B1,Tutti-deployed,1,0.134,274,4096,256,30,107.955,335.962,1122304,true,gpu_nvme_kernel,,1,16
B1,Tutti-deployed,1,0.134,274,4096,256,31,109.339,346.764,1122304,true,gpu_nvme_kernel,,1,16
B1,Tutti-deployed,1,0.134,274,4096,256,32,105.865,347.02,1122304,true,gpu_nvme_kernel,,1,16
B1,Tutti-deployed,1,0.134,274,4096,256,33,107.058,308.865,1122304,true,gpu_nvme_kernel,,1,16
B1,Tutti-deployed,1,0.134,274,4096,256,34,104.442,393.452,1122304,true,gpu_nvme_kernel,,1,16
B1,Tutti-deployed,1,0.134,274,4096,256,35,110.042,323.019,1122304,true,gpu_nvme_kernel,,1,16
B1,Tutti-deployed,1,0.134,274,4096,256,36,107.111,311.722,1122304,true,gpu_nvme_kernel,,1,16
B1,Tutti-deployed,1,0.134,274,4096,256,37,109.135,321.787,1122304,true,gpu_nvme_kernel,,1,16
B1,Tutti-deployed,1,0.134,274,4096,256,38,107.9,333.216,1122304,true,gpu_nvme_kernel,,1,16
B1,Tutti-deployed,1,0.134,274,4096,256,39,109.724,345.536,1122304,true,gpu_nvme_kernel,,1,16
B1,Tutti-deployed,1,0.134,274,4096,256,40,105.098,306.08,1122304,true,gpu_nvme_kernel,,1,16
B1,Tutti-deployed,1,0.134,274,4096,256,41,137.275,372.501,1122304,true,gpu_nvme_kernel,,1,16
B1,Tutti-deployed,1,0.134,274,4096,256,42,109.609,296.682,1122304,true,gpu_nvme_kernel,,1,16
B1,Tutti-deployed,1,0.134,274,4096,256,43,107.274,309.909,1122304,true,gpu_nvme_kernel,,1,16
B1,Tutti-deployed,1,0.134,274,4096,256,44,106.43,301.26,1122304,true,gpu_nvme_kernel,,1,16
B1,Tutti-deployed,1,0.134,274,4096,256,45,107.742,365.978,1122304,true,gpu_nvme_kernel,,1,16
B1,Tutti-deployed,1,0.134,274,4096,256,46,105.652,340.701,1122304,true,gpu_nvme_kernel,,1,16
B1,Tutti-deployed,1,0.134,274,4096,256,47,107.204,329.633,1122304,true,gpu_nvme_kernel,,1,16
B1,Tutti-deployed,1,0.134,274,4096,256,48,110.296,321.35,1122304,true,gpu_nvme_kernel,,1,16
B1,Tutti-deployed,1,0.134,274,4096,256,49,110.294,303.132,1122304,true,gpu_nvme_kernel,,1,16
B1,Tutti-deployed,1,0.134,274,4096,256,50,106.141,304.321,1122304,true,gpu_nvme_kernel,,1,16
B1,Tutti-deployed,1,0.134,274,4096,256,51,107.936,314.205,1122304,true,gpu_nvme_kernel,,1,16
B1,Tutti-deployed,1,0.134,274,4096,256,52,109.016,354.255,1122304,true,gpu_nvme_kernel,,1,16
B1,Tutti-deployed,1,0.134,274,4096,256,53,108.107,309.852,1122304,true,gpu_nvme_kernel,,1,16
B1,Tutti-deployed,1,0.134,274,4096,256,54,106.679,326.133,1122304,true,gpu_nvme_kernel,,1,16
B1,Tutti-deployed,1,0.134,274,4096,256,55,109.391,345.276,1122304,true,gpu_nvme_kernel,,1,16
B1,Tutti-deployed,1,0.134,274,4096,256,56,109.27,335.72,1122304,true,gpu_nvme_kernel,,1,16
B1,Tutti-deployed,1,0.134,274,4096,256,57,106.702,294.622,1122304,true,gpu_nvme_kernel,,1,16
B1,Tutti-deployed,1,0.134,274,4096,256,58,105.84,317.722,1122304,true,gpu_nvme_kernel,,1,16
B1,Tutti-deployed,1,0.134,274,4096,256,59,113.195,411.396,1122304,true,gpu_nvme_kernel,,1,16
B1,Tutti-deployed,1,0.134,274,4096,256,60,111.732,304.227,1122304,true,gpu_nvme_kernel,,1,16
B1,Tutti-deployed,1,0.134,274,4096,256,61,119.292,334.459,1122304,true,gpu_nvme_kernel,,1,16
B1,Tutti-deployed,1,0.134,274,4096,256,62,105.542,388.345,1122304,true,gpu_nvme_kernel,,1,16
B1,Tutti-deployed,1,0.134,274,4096,256,63,104.772,354.183,1122304,true,gpu_nvme_kernel,,1,16
B1,Tutti-deployed,1,0.134,274,4096,256,64,104.419,337.269,1122304,true,gpu_nvme_kernel,,1,16
B1,Tutti-deployed,1,0.134,274,4096,256,65,108.924,324.309,1122304,true,gpu_nvme_kernel,,1,16
B1,Tutti-deployed,1,0.134,274,4096,256,66,109.581,332.129,1122304,true,gpu_nvme_kernel,,1,16
B1,Tutti-deployed,1,0.134,274,4096,256,67,109.162,310.403,1122304,true,gpu_nvme_kernel,,1,16
B1,Tutti-deployed,1,0.134,274,4096,256,68,107.957,337.123,1122304,true,gpu_nvme_kernel,,1,16
B1,Tutti-deployed,1,0.134,274,4096,256,69,108.427,394.863,1122304,true,gpu_nvme_kernel,,1,16
B1,Tutti-deployed,1,0.134,274,4096,256,70,108.522,318.442,1122304,true,gpu_nvme_kernel,,1,16
B1,Tutti-deployed,1,0.134,274,4096,256,71,108.779,316.046,1122304,true,gpu_nvme_kernel,,1,16
B1,Tutti-deployed,1,0.134,274,4096,256,72,108.055,314.183,1122304,true,gpu_nvme_kernel,,1,16
B1,Tutti-deployed,1,0.134,274,4096,256,73,103.696,299.237,1122304,true,gpu_nvme_kernel,,1,16
B1,Tutti-deployed,1,0.134,274,4096,256,74,110.219,328.012,1122304,true,gpu_nvme_kernel,,1,16
B1,Tutti-deployed,1,0.134,274,4096,256,75,103.33,303.972,1122304,true,gpu_nvme_kernel,,1,16
B1,Tutti-deployed,1,0.134,274,4096,256,76,106.672,309.856,1122304,true,gpu_nvme_kernel,,1,16
B1,Tutti-deployed,1,0.134,274,4096,256,77,107.373,337.543,1122304,true,gpu_nvme_kernel,,1,16
B1,Tutti-deployed,1,0.134,274,4096,256,78,106.031,384.791,1122304,true,gpu_nvme_kernel,,1,16
B1,Tutti-deployed,1,0.134,274,4096,256,79,200.169,397.263,1122304,true,gpu_nvme_kernel,,1,16
B1,Tutti-deployed,1,0.134,274,4096,256,80,128.018,305.1,1122304,true,gpu_nvme_kernel,,1,16
B1,Tutti-deployed,1,0.134,274,4096,256,81,111.047,338.603,1122304,true,gpu_nvme_kernel,,1,16
B1,Tutti-deployed,1,0.134,274,4096,256,82,108.476,313.397,1122304,true,gpu_nvme_kernel,,1,16
B1,Tutti-deployed,1,0.134,274,4096,256,83,106.455,337.515,1122304,true,gpu_nvme_kernel,,1,16
B1,Tutti-deployed,1,0.134,274,4096,256,84,120.481,317.551,1122304,true,gpu_nvme_kernel,,1,16
B1,Tutti-deployed,1,0.134,274,4096,256,85,107.451,332.18,1122304,true,gpu_nvme_kernel,,1,16
B1,Tutti-deployed,1,0.134,274,4096,256,86,108.117,314.438,1122304,true,gpu_nvme_kernel,,1,16
B1,Tutti-deployed,1,0.134,274,4096,256,87,104.667,329.712,1122304,true,gpu_nvme_kernel,,1,16
B1,Tutti-deployed,1,0.134,274,4096,256,88,111.311,320.221,1122304,true,gpu_nvme_kernel,,1,16
B1,Tutti-deployed,1,0.134,274,4096,256,89,105.911,302.842,1122304,true,gpu_nvme_kernel,,1,16
B1,Tutti-deployed,1,0.134,274,4096,256,90,120.061,319.995,1122304,true,gpu_nvme_kernel,,1,16
B1,Tutti-deployed,1,0.134,274,4096,256,91,106.201,353.205,1122304,true,gpu_nvme_kernel,,1,16
B1,Tutti-deployed,1,0.134,274,4096,256,92,105.955,312.206,1122304,true,gpu_nvme_kernel,,1,16
B1,Tutti-deployed,1,0.134,274,4096,256,93,123.06,316.352,1122304,true,gpu_nvme_kernel,,1,16
B1,Tutti-deployed,1,0.134,274,4096,256,94,105.113,365.243,1122304,true,gpu_nvme_kernel,,1,16
B1,Tutti-deployed,1,0.134,274,4096,256,95,106.455,315.488,1122304,true,gpu_nvme_kernel,,1,16
B1,Tutti-deployed,1,0.134,274,4096,256,96,104.013,321.063,1122304,true,gpu_nvme_kernel,,1,16
B1,Tutti-deployed,1,0.134,274,4096,256,97,103.42,312.649,1122304,true,gpu_nvme_kernel,,1,16
B1,Tutti-deployed,1,0.134,274,4096,256,98,109.376,345.43,1122304,true,gpu_nvme_kernel,,1,16
B1,Tutti-deployed,1,0.134,274,4096,256,99,122.716,318.89,1122304,true,gpu_nvme_kernel,,1,16
B1,Tutti-deployed,1,0.134,274,4096,256,100,105.162,308.293,1122304,true,gpu_nvme_kernel,,1,16
B1,Tutti-deployed,1,0.134,274,4096,256,101,104.091,312.794,1122304,true,gpu_nvme_kernel,,1,16
B1,Tutti-deployed,1,0.134,274,4096,256,102,122.124,353.5,1122304,true,gpu_nvme_kernel,,1,16
B1,Tutti-deployed,1,0.134,274,4096,256,103,103.567,339.692,1122304,true,gpu_nvme_kernel,,1,16
B1,Tutti-deployed,1,0.134,274,4096,256,104,103.311,318.046,1122304,true,gpu_nvme_kernel,,1,16
B1,Tutti-deployed,1,0.134,274,4096,256,105,104.278,431.76,1122304,true,gpu_nvme_kernel,,1,16
B1,Tutti-deployed,1,0.134,274,4096,256,106,102.182,311.489,1122304,true,gpu_nvme_kernel,,1,16
B1,Tutti-deployed,1,0.134,274,4096,256,107,105.047,335.219,1122304,true,gpu_nvme_kernel,,1,16
B1,Tutti-deployed,1,0.134,274,4096,256,108,105.961,313.871,1122304,true,gpu_nvme_kernel,,1,16
B1,Tutti-deployed,1,0.134,274,4096,256,109,108.912,313.794,1122304,true,gpu_nvme_kernel,,1,16
B1,Tutti-deployed,1,0.134,274,4096,256,110,104.776,309.435,1122304,true,gpu_nvme_kernel,,1,16
B1,Tutti-deployed,1,0.134,274,4096,256,111,104.084,322.851,1122304,true,gpu_nvme_kernel,,1,16
B1,Tutti-deployed,1,0.134,274,4096,256,112,117.865,316.259,1122304,true,gpu_nvme_kernel,,1,16
B1,Tutti-deployed,1,0.134,274,4096,256,113,103.042,322.083,1122304,true,gpu_nvme_kernel,,1,16
B1,Tutti-deployed,1,0.134,274,4096,256,114,131.594,322.465,1122304,true,gpu_nvme_kernel,,1,16
B1,Tutti-deployed,1,0.134,274,4096,256,115,105.605,367.826,1122304,true,gpu_nvme_kernel,,1,16
B1,Tutti-deployed,1,0.134,274,4096,256,116,102.782,306.276,1122304,true,gpu_nvme_kernel,,1,16
B1,Tutti-deployed,1,0.134,274,4096,256,117,120.062,318.491,1122304,true,gpu_nvme_kernel,,1,16
B1,Tutti-deployed,1,0.134,274,4096,256,118,103.455,334.466,1122304,true,gpu_nvme_kernel,,1,16
B1,Tutti-deployed,1,0.134,274,4096,256,119,103.75,310.736,1122304,true,gpu_nvme_kernel,,1,16
B1,Tutti-deployed,1,0.134,274,4096,256,120,101.378,335.246,1122304,true,gpu_nvme_kernel,,1,16
B1,Tutti-deployed,1,0.134,274,4096,256,121,101.831,311.057,1122304,true,gpu_nvme_kernel,,1,16
B1,Tutti-deployed,1,0.134,274,4096,256,122,103.599,313.797,1122304,true,gpu_nvme_kernel,,1,16
B1,Tutti-deployed,1,0.134,274,4096,256,123,101.396,325.07,1122304,true,gpu_nvme_kernel,,1,16
B1,Tutti-deployed,1,0.134,274,4096,256,124,103.074,302.996,1122304,true,gpu_nvme_kernel,,1,16
B1,Tutti-deployed,1,0.134,274,4096,256,125,103.087,307.771,1122304,true,gpu_nvme_kernel,,1,16
B1,Tutti-deployed,1,0.134,274,4096,256,126,103.318,372.201,1122304,true,gpu_nvme_kernel,,1,16
B1,Tutti-deployed,1,0.134,274,4096,256,127,102.754,362.43,1122304,true,gpu_nvme_kernel,,1,16
B1,Tutti-deployed,1,0.134,274,4096,256,128,101.82,302.084,1122304,true,gpu_nvme_kernel,,1,16
B1,Tutti-deployed,1,0.134,274,4096,256,129,114.408,307.552,1122304,true,gpu_nvme_kernel,,1,16
B1,Tutti-deployed,1,0.134,274,4096,256,130,101.531,326.728,1122304,true,gpu_nvme_kernel,,1,16
B1,Tutti-deployed,1,0.134,274,4096,256,131,101.024,291.297,1122304,true,gpu_nvme_kernel,,1,16
B1,Tutti-deployed,1,0.134,274,4096,256,132,101.064,315.091,1122304,true,gpu_nvme_kernel,,1,16
B1,Tutti-deployed,1,0.134,274,4096,256,133,101.482,315.871,1122304,true,gpu_nvme_kernel,,1,16
B1,Tutti-deployed,1,0.134,274,4096,256,134,100.762,309.717,1122304,true,gpu_nvme_kernel,,1,16
B1,Tutti-deployed,1,0.134,274,4096,256,135,109.228,299.562,1122304,true,gpu_nvme_kernel,,1,16
B1,Tutti-deployed,1,0.134,274,4096,256,136,101.527,305.714,1122304,true,gpu_nvme_kernel,,1,16
B1,Tutti-deployed,1,0.134,274,4096,256,137,103.761,317.078,1122304,true,gpu_nvme_kernel,,1,16
B1,Tutti-deployed,1,0.134,274,4096,256,138,102.301,315.374,1122304,true,gpu_nvme_kernel,,1,16
B1,Tutti-deployed,1,0.134,274,4096,256,139,102.564,302.292,1122304,true,gpu_nvme_kernel,,1,16
B1,Tutti-deployed,1,0.134,274,4096,256,140,101.288,308.658,1122304,true,gpu_nvme_kernel,,1,16
B1,Tutti-deployed,1,0.134,274,4096,256,141,101.989,312.824,1122304,true,gpu_nvme_kernel,,1,16
B1,Tutti-deployed,1,0.134,274,4096,256,142,102.621,340.822,1122304,true,gpu_nvme_kernel,,1,16
B1,Tutti-deployed,1,0.134,274,4096,256,143,101.054,328.953,1122304,true,gpu_nvme_kernel,,1,16
B1,Tutti-deployed,1,0.134,274,4096,256,144,102.159,326.93,1122304,true,gpu_nvme_kernel,,1,16
B1,Tutti-deployed,1,0.134,274,4096,256,145,100.897,308.742,1122304,true,gpu_nvme_kernel,,1,16
B1,Tutti-deployed,1,0.134,274,4096,256,146,114.709,346.593,1122304,true,gpu_nvme_kernel,,1,16
B1,Tutti-deployed,1,0.134,274,4096,256,147,89.006,350.481,1122304,true,gpu_nvme_kernel,,1,16
B1,Tutti-deployed,1,0.134,274,4096,256,148,88.302,298.79,1122304,true,gpu_nvme_kernel,,1,16
B1,Tutti-deployed,1,0.134,274,4096,256,149,90.37,332.545,1122304,true,gpu_nvme_kernel,,1,16
B1,Tutti-deployed,1,0.134,274,4096,256,150,88.572,306.898,1122304,true,gpu_nvme_kernel,,1,16
B1,Tutti-deployed,1,0.134,274,4096,256,151,89.495,320.479,1122304,true,gpu_nvme_kernel,,1,16
B1,Tutti-deployed,1,0.134,274,4096,256,152,89.614,335.796,1122304,true,gpu_nvme_kernel,,1,16
B1,Tutti-deployed,1,0.134,274,4096,256,153,89.583,312.755,1122304,true,gpu_nvme_kernel,,1,16
B1,Tutti-deployed,1,0.134,274,4096,256,154,89.238,321.3,1122304,true,gpu_nvme_kernel,,1,16
B1,Tutti-deployed,1,0.134,274,4096,256,155,88.706,324.219,1122304,true,gpu_nvme_kernel,,1,16
B1,Tutti-deployed,1,0.134,274,4096,256,156,100.729,357.111,1122304,true,gpu_nvme_kernel,,1,16
B1,Tutti-deployed,1,0.134,274,4096,256,157,89.568,305.456,1122304,true,gpu_nvme_kernel,,1,16
B1,Tutti-deployed,1,0.134,274,4096,256,158,87.938,314.497,1122304,true,gpu_nvme_kernel,,1,16
B1,Tutti-deployed,1,0.134,274,4096,256,159,87.436,297.72,1122304,true,gpu_nvme_kernel,,1,16
B1,Tutti-deployed,1,0.134,274,4096,256,160,87.227,354.216,1122304,true,gpu_nvme_kernel,,1,16
B1,Tutti-deployed,1,0.134,274,4096,256,161,88.726,294.322,1122304,true,gpu_nvme_kernel,,1,16
B1,Tutti-deployed,1,0.134,274,4096,256,162,89.642,328.935,1122304,true,gpu_nvme_kernel,,1,16
B1,Tutti-deployed,1,0.134,274,4096,256,163,92.033,305.376,1122304,true,gpu_nvme_kernel,,1,16
B1,Tutti-deployed,1,0.134,274,4096,256,164,88.881,347.786,1122304,true,gpu_nvme_kernel,,1,16
B1,Tutti-deployed,1,0.134,274,4096,256,165,88.689,303.56,1122304,true,gpu_nvme_kernel,,1,16
B1,Tutti-deployed,1,0.134,274,4096,256,166,159.61,356.841,1122304,true,gpu_nvme_kernel,,1,16
B1,Tutti-deployed,1,0.134,274,4096,256,167,86.845,306.108,1122304,true,gpu_nvme_kernel,,1,16
B1,Tutti-deployed,1,0.134,274,4096,256,168,85.489,357.366,1122304,true,gpu_nvme_kernel,,1,16
B1,Tutti-deployed,1,0.134,274,4096,256,169,85.471,347.741,1122304,true,gpu_nvme_kernel,,1,16
B1,Tutti-deployed,1,0.134,274,4096,256,170,86.3,297.749,1122304,true,gpu_nvme_kernel,,1,16
B1,Tutti-deployed,1,0.134,274,4096,256,171,88.311,310.954,1122304,true,gpu_nvme_kernel,,1,16
B1,Tutti-deployed,1,0.134,274,4096,256,172,96.049,298.13,1122304,true,gpu_nvme_kernel,,1,16
B1,Tutti-deployed,1,0.134,274,4096,256,173,101.171,323.437,1122304,true,gpu_nvme_kernel,,1,16
B1,Tutti-deployed,1,0.134,274,4096,256,174,89.108,298.346,1122304,true,gpu_nvme_kernel,,1,16
B1,Tutti-deployed,1,0.134,274,4096,256,175,100.877,323.92,1122304,true,gpu_nvme_kernel,,1,16
B1,Tutti-deployed,1,0.134,274,4096,256,176,90.206,322.355,1122304,true,gpu_nvme_kernel,,1,16
B1,Tutti-deployed,1,0.134,274,4096,256,177,93.042,303.675,1122304,true,gpu_nvme_kernel,,1,16
B1,Tutti-deployed,1,0.134,274,4096,256,178,89.108,317.812,1122304,true,gpu_nvme_kernel,,1,16
B1,Tutti-deployed,1,0.134,274,4096,256,179,90.274,306.19,1122304,true,gpu_nvme_kernel,,1,16
B1,Tutti-deployed,1,0.134,274,4096,256,180,93.479,289.935,1122304,true,gpu_nvme_kernel,,1,16
B1,Tutti-deployed,1,0.134,274,4096,256,181,95.682,355.458,1122304,true,gpu_nvme_kernel,,1,16
B1,Tutti-deployed,1,0.134,274,4096,256,182,90.642,334.819,1122304,true,gpu_nvme_kernel,,1,16
B1,Tutti-deployed,1,0.134,274,4096,256,183,89.07,336.297,1122304,true,gpu_nvme_kernel,,1,16
B1,Tutti-deployed,1,0.134,274,4096,256,184,89.287,331.25,1122304,true,gpu_nvme_kernel,,1,16
B1,Tutti-deployed,1,0.134,274,4096,256,185,89.65,305.326,1122304,true,gpu_nvme_kernel,,1,16
B1,Tutti-deployed,1,0.134,274,4096,256,186,92.565,315.037,1122304,true,gpu_nvme_kernel,,1,16
B1,Tutti-deployed,1,0.134,274,4096,256,187,89.029,325.81,1122304,true,gpu_nvme_kernel,,1,16
B1,Tutti-deployed,1,0.134,274,4096,256,188,88.979,335.215,1122304,true,gpu_nvme_kernel,,1,16
B1,Tutti-deployed,1,0.134,274,4096,256,189,89.609,309.758,1122304,true,gpu_nvme_kernel,,1,16
B1,Tutti-deployed,1,0.134,274,4096,256,190,92.916,323.429,1122304,true,gpu_nvme_kernel,,1,16
B1,Tutti-deployed,1,0.134,274,4096,256,191,88.43,326.043,1122304,true,gpu_nvme_kernel,,1,16
B1,Tutti-deployed,1,0.134,274,4096,256,192,91.434,326.503,1122304,true,gpu_nvme_kernel,,1,16
B1,Tutti-deployed,1,0.134,274,4096,256,193,89.107,307.984,1122304,true,gpu_nvme_kernel,,1,16
B1,Tutti-deployed,1,0.134,274,4096,256,194,88.881,359.74,1122304,true,gpu_nvme_kernel,,1,16
B1,Tutti-deployed,1,0.134,274,4096,256,195,92.037,346.251,1122304,true,gpu_nvme_kernel,,1,16
B1,Tutti-deployed,1,0.134,274,4096,256,196,93.37,368.49,1122304,true,gpu_nvme_kernel,,1,16
B1,Tutti-deployed,1,0.134,274,4096,256,197,88.154,335.664,1122304,true,gpu_nvme_kernel,,1,16
B1,Tutti-deployed,1,0.134,274,4096,256,198,89.304,298.974,1122304,true,gpu_nvme_kernel,,1,16
B1,Tutti-deployed,1,0.134,274,4096,256,199,86.614,289.919,1122304,true,gpu_nvme_kernel,,1,16
B1,Tutti-deployed,1,0.134,274,4096,256,0,89.58,311.052,1122304,true,gpu_nvme_kernel,,3,16
B1,Tutti-deployed,1,0.3,614,4096,256,0,192.159,548.794,2514944,true,gpu_nvme_kernel,,2,16
B1,Tutti-deployed,1,0.3,614,4096,256,0,191.188,617.07,2514944,true,gpu_nvme_kernel,,0,16
B1,Tutti-deployed,1,0.3,614,4096,256,1,188.453,559.537,2514944,true,gpu_nvme_kernel,,0,16
B1,Tutti-deployed,1,0.3,614,4096,256,2,189.587,577.057,2514944,true,gpu_nvme_kernel,,0,16
B1,Tutti-deployed,1,0.3,614,4096,256,3,198.05,566.788,2514944,true,gpu_nvme_kernel,,0,16
B1,Tutti-deployed,1,0.3,614,4096,256,4,191.252,599.349,2514944,true,gpu_nvme_kernel,,0,16
B1,Tutti-deployed,1,0.3,614,4096,256,5,188.11,591.533,2514944,true,gpu_nvme_kernel,,0,16
B1,Tutti-deployed,1,0.3,614,4096,256,6,188.773,561.608,2514944,true,gpu_nvme_kernel,,0,16
B1,Tutti-deployed,1,0.3,614,4096,256,7,189.351,598.882,2514944,true,gpu_nvme_kernel,,0,16
B1,Tutti-deployed,1,0.3,614,4096,256,8,186.062,598.09,2514944,true,gpu_nvme_kernel,,0,16
B1,Tutti-deployed,1,0.3,614,4096,256,9,199.86,587.978,2514944,true,gpu_nvme_kernel,,0,16
B1,Tutti-deployed,1,0.3,614,4096,256,0,192.433,618.235,2514944,true,gpu_nvme_kernel,,1,16
B1,Tutti-deployed,1,0.3,614,4096,256,1,190.523,639.336,2514944,true,gpu_nvme_kernel,,1,16
B1,Tutti-deployed,1,0.3,614,4096,256,2,190.126,604.861,2514944,true,gpu_nvme_kernel,,1,16
B1,Tutti-deployed,1,0.3,614,4096,256,3,187.759,605.365,2514944,true,gpu_nvme_kernel,,1,16
B1,Tutti-deployed,1,0.3,614,4096,256,4,188.161,595.964,2514944,true,gpu_nvme_kernel,,1,16
B1,Tutti-deployed,1,0.3,614,4096,256,5,190.001,574.795,2514944,true,gpu_nvme_kernel,,1,16
B1,Tutti-deployed,1,0.3,614,4096,256,6,196.087,725.911,2514944,true,gpu_nvme_kernel,,1,16
B1,Tutti-deployed,1,0.3,614,4096,256,7,189.909,572.468,2514944,true,gpu_nvme_kernel,,1,16
B1,Tutti-deployed,1,0.3,614,4096,256,8,212.128,587.91,2514944,true,gpu_nvme_kernel,,1,16
B1,Tutti-deployed,1,0.3,614,4096,256,9,190.92,606.692,2514944,true,gpu_nvme_kernel,,1,16
B1,Tutti-deployed,1,0.3,614,4096,256,10,190.817,547.912,2514944,true,gpu_nvme_kernel,,1,16
B1,Tutti-deployed,1,0.3,614,4096,256,11,195.006,557.934,2514944,true,gpu_nvme_kernel,,1,16
B1,Tutti-deployed,1,0.3,614,4096,256,12,188.594,568.085,2514944,true,gpu_nvme_kernel,,1,16
B1,Tutti-deployed,1,0.3,614,4096,256,13,188.776,605.866,2514944,true,gpu_nvme_kernel,,1,16
B1,Tutti-deployed,1,0.3,614,4096,256,14,197.05,586.968,2514944,true,gpu_nvme_kernel,,1,16
B1,Tutti-deployed,1,0.3,614,4096,256,15,189.502,591.885,2514944,true,gpu_nvme_kernel,,1,16
B1,Tutti-deployed,1,0.3,614,4096,256,16,191.566,563.49,2514944,true,gpu_nvme_kernel,,1,16
B1,Tutti-deployed,1,0.3,614,4096,256,17,189.464,590.148,2514944,true,gpu_nvme_kernel,,1,16
B1,Tutti-deployed,1,0.3,614,4096,256,18,189.114,577.13,2514944,true,gpu_nvme_kernel,,1,16
B1,Tutti-deployed,1,0.3,614,4096,256,19,194.908,581.857,2514944,true,gpu_nvme_kernel,,1,16
B1,Tutti-deployed,1,0.3,614,4096,256,20,189.588,609.172,2514944,true,gpu_nvme_kernel,,1,16
B1,Tutti-deployed,1,0.3,614,4096,256,21,188.574,616.055,2514944,true,gpu_nvme_kernel,,1,16
B1,Tutti-deployed,1,0.3,614,4096,256,22,189.647,577.65,2514944,true,gpu_nvme_kernel,,1,16
B1,Tutti-deployed,1,0.3,614,4096,256,23,185.891,636.131,2514944,true,gpu_nvme_kernel,,1,16
B1,Tutti-deployed,1,0.3,614,4096,256,24,203.466,586.688,2514944,true,gpu_nvme_kernel,,1,16
B1,Tutti-deployed,1,0.3,614,4096,256,25,188.409,563.482,2514944,true,gpu_nvme_kernel,,1,16
B1,Tutti-deployed,1,0.3,614,4096,256,26,188.197,642.182,2514944,true,gpu_nvme_kernel,,1,16
B1,Tutti-deployed,1,0.3,614,4096,256,27,192.903,609.353,2514944,true,gpu_nvme_kernel,,1,16
B1,Tutti-deployed,1,0.3,614,4096,256,28,186.908,570.193,2514944,true,gpu_nvme_kernel,,1,16
B1,Tutti-deployed,1,0.3,614,4096,256,29,188.689,553.208,2514944,true,gpu_nvme_kernel,,1,16
B1,Tutti-deployed,1,0.3,614,4096,256,30,190.66,547.366,2514944,true,gpu_nvme_kernel,,1,16
B1,Tutti-deployed,1,0.3,614,4096,256,31,194.195,591.421,2514944,true,gpu_nvme_kernel,,1,16
B1,Tutti-deployed,1,0.3,614,4096,256,32,195.294,599.024,2514944,true,gpu_nvme_kernel,,1,16
B1,Tutti-deployed,1,0.3,614,4096,256,33,188.982,570.873,2514944,true,gpu_nvme_kernel,,1,16
B1,Tutti-deployed,1,0.3,614,4096,256,34,194.016,620.775,2514944,true,gpu_nvme_kernel,,1,16
B1,Tutti-deployed,1,0.3,614,4096,256,35,188.58,655.612,2514944,true,gpu_nvme_kernel,,1,16
B1,Tutti-deployed,1,0.3,614,4096,256,36,191.611,609.13,2514944,true,gpu_nvme_kernel,,1,16
B1,Tutti-deployed,1,0.3,614,4096,256,37,198.646,574.439,2514944,true,gpu_nvme_kernel,,1,16
B1,Tutti-deployed,1,0.3,614,4096,256,38,189.478,584.478,2514944,true,gpu_nvme_kernel,,1,16
B1,Tutti-deployed,1,0.3,614,4096,256,39,189.76,609.774,2514944,true,gpu_nvme_kernel,,1,16
B1,Tutti-deployed,1,0.3,614,4096,256,40,197.42,563.357,2514944,true,gpu_nvme_kernel,,1,16
B1,Tutti-deployed,1,0.3,614,4096,256,41,203.663,585.98,2514944,true,gpu_nvme_kernel,,1,16
B1,Tutti-deployed,1,0.3,614,4096,256,42,193.015,613.542,2514944,true,gpu_nvme_kernel,,1,16
B1,Tutti-deployed,1,0.3,614,4096,256,43,193.024,601.679,2514944,true,gpu_nvme_kernel,,1,16
B1,Tutti-deployed,1,0.3,614,4096,256,44,198.106,586.506,2514944,true,gpu_nvme_kernel,,1,16
B1,Tutti-deployed,1,0.3,614,4096,256,45,188.966,581.86,2514944,true,gpu_nvme_kernel,,1,16
B1,Tutti-deployed,1,0.3,614,4096,256,46,191.615,559.47,2514944,true,gpu_nvme_kernel,,1,16
B1,Tutti-deployed,1,0.3,614,4096,256,47,197.417,610.973,2514944,true,gpu_nvme_kernel,,1,16
B1,Tutti-deployed,1,0.3,614,4096,256,48,201.047,573.063,2514944,true,gpu_nvme_kernel,,1,16
B1,Tutti-deployed,1,0.3,614,4096,256,49,192.335,606.397,2514944,true,gpu_nvme_kernel,,1,16
B1,Tutti-deployed,1,0.3,614,4096,256,50,197.289,585.066,2514944,true,gpu_nvme_kernel,,1,16
B1,Tutti-deployed,1,0.3,614,4096,256,51,196.584,615.522,2514944,true,gpu_nvme_kernel,,1,16
B1,Tutti-deployed,1,0.3,614,4096,256,52,194.566,557.881,2514944,true,gpu_nvme_kernel,,1,16
B1,Tutti-deployed,1,0.3,614,4096,256,53,198.023,624.237,2514944,true,gpu_nvme_kernel,,1,16
B1,Tutti-deployed,1,0.3,614,4096,256,54,195.525,576.67,2514944,true,gpu_nvme_kernel,,1,16
B1,Tutti-deployed,1,0.3,614,4096,256,55,193.448,567.936,2514944,true,gpu_nvme_kernel,,1,16
B1,Tutti-deployed,1,0.3,614,4096,256,56,192.784,619.093,2514944,true,gpu_nvme_kernel,,1,16
B1,Tutti-deployed,1,0.3,614,4096,256,57,200.017,586.846,2514944,true,gpu_nvme_kernel,,1,16
B1,Tutti-deployed,1,0.3,614,4096,256,58,196.765,568.438,2514944,true,gpu_nvme_kernel,,1,16
B1,Tutti-deployed,1,0.3,614,4096,256,59,197.615,630.947,2514944,true,gpu_nvme_kernel,,1,16
B1,Tutti-deployed,1,0.3,614,4096,256,60,196.654,621.878,2514944,true,gpu_nvme_kernel,,1,16
B1,Tutti-deployed,1,0.3,614,4096,256,61,206.929,550.756,2514944,true,gpu_nvme_kernel,,1,16
B1,Tutti-deployed,1,0.3,614,4096,256,62,200.368,611.685,2514944,true,gpu_nvme_kernel,,1,16
B1,Tutti-deployed,1,0.3,614,4096,256,63,209.236,570.339,2514944,true,gpu_nvme_kernel,,1,16
B1,Tutti-deployed,1,0.3,614,4096,256,64,204.918,612.311,2514944,true,gpu_nvme_kernel,,1,16
B1,Tutti-deployed,1,0.3,614,4096,256,65,198.616,574.115,2514944,true,gpu_nvme_kernel,,1,16
B1,Tutti-deployed,1,0.3,614,4096,256,66,207.522,583.839,2514944,true,gpu_nvme_kernel,,1,16
B1,Tutti-deployed,1,0.3,614,4096,256,67,194.035,557.171,2514944,true,gpu_nvme_kernel,,1,16
B1,Tutti-deployed,1,0.3,614,4096,256,68,195.553,586.408,2514944,true,gpu_nvme_kernel,,1,16
B1,Tutti-deployed,1,0.3,614,4096,256,69,195.032,575.149,2514944,true,gpu_nvme_kernel,,1,16
B1,Tutti-deployed,1,0.3,614,4096,256,70,197.342,623.218,2514944,true,gpu_nvme_kernel,,1,16
B1,Tutti-deployed,1,0.3,614,4096,256,71,194.571,578.374,2514944,true,gpu_nvme_kernel,,1,16
B1,Tutti-deployed,1,0.3,614,4096,256,72,196.134,588.982,2514944,true,gpu_nvme_kernel,,1,16
B1,Tutti-deployed,1,0.3,614,4096,256,73,196.753,588.117,2514944,true,gpu_nvme_kernel,,1,16
B1,Tutti-deployed,1,0.3,614,4096,256,74,193.936,556.736,2514944,true,gpu_nvme_kernel,,1,16
B1,Tutti-deployed,1,0.3,614,4096,256,75,196.571,606.966,2514944,true,gpu_nvme_kernel,,1,16
B1,Tutti-deployed,1,0.3,614,4096,256,76,195.204,569.869,2514944,true,gpu_nvme_kernel,,1,16
B1,Tutti-deployed,1,0.3,614,4096,256,77,197.201,672.376,2514944,true,gpu_nvme_kernel,,1,16
B1,Tutti-deployed,1,0.3,614,4096,256,78,196.335,635.194,2514944,true,gpu_nvme_kernel,,1,16
B1,Tutti-deployed,1,0.3,614,4096,256,79,195.713,575.283,2514944,true,gpu_nvme_kernel,,1,16
B1,Tutti-deployed,1,0.3,614,4096,256,80,198.084,563.385,2514944,true,gpu_nvme_kernel,,1,16
B1,Tutti-deployed,1,0.3,614,4096,256,81,205.704,589.483,2514944,true,gpu_nvme_kernel,,1,16
B1,Tutti-deployed,1,0.3,614,4096,256,82,198.147,647.256,2514944,true,gpu_nvme_kernel,,1,16
B1,Tutti-deployed,1,0.3,614,4096,256,83,195.646,634.943,2514944,true,gpu_nvme_kernel,,1,16
B1,Tutti-deployed,1,0.3,614,4096,256,84,198.424,618.149,2514944,true,gpu_nvme_kernel,,1,16
B1,Tutti-deployed,1,0.3,614,4096,256,85,205.862,606.043,2514944,true,gpu_nvme_kernel,,1,16
B1,Tutti-deployed,1,0.3,614,4096,256,86,195.586,564.266,2514944,true,gpu_nvme_kernel,,1,16
B1,Tutti-deployed,1,0.3,614,4096,256,87,195.977,579.805,2514944,true,gpu_nvme_kernel,,1,16
B1,Tutti-deployed,1,0.3,614,4096,256,88,198.258,595.089,2514944,true,gpu_nvme_kernel,,1,16
B1,Tutti-deployed,1,0.3,614,4096,256,89,195.64,593.244,2514944,true,gpu_nvme_kernel,,1,16
B1,Tutti-deployed,1,0.3,614,4096,256,90,194.281,631.03,2514944,true,gpu_nvme_kernel,,1,16
B1,Tutti-deployed,1,0.3,614,4096,256,91,197.886,579.59,2514944,true,gpu_nvme_kernel,,1,16
B1,Tutti-deployed,1,0.3,614,4096,256,92,193.865,646.774,2514944,true,gpu_nvme_kernel,,1,16
B1,Tutti-deployed,1,0.3,614,4096,256,93,196.862,567.65,2514944,true,gpu_nvme_kernel,,1,16
B1,Tutti-deployed,1,0.3,614,4096,256,94,196.745,550.171,2514944,true,gpu_nvme_kernel,,1,16
B1,Tutti-deployed,1,0.3,614,4096,256,95,196.599,608.708,2514944,true,gpu_nvme_kernel,,1,16
B1,Tutti-deployed,1,0.3,614,4096,256,96,195.595,599.969,2514944,true,gpu_nvme_kernel,,1,16
B1,Tutti-deployed,1,0.3,614,4096,256,97,195.27,566.789,2514944,true,gpu_nvme_kernel,,1,16
B1,Tutti-deployed,1,0.3,614,4096,256,98,206.131,555.481,2514944,true,gpu_nvme_kernel,,1,16
B1,Tutti-deployed,1,0.3,614,4096,256,99,197.983,601.687,2514944,true,gpu_nvme_kernel,,1,16
B1,Tutti-deployed,1,0.3,614,4096,256,100,196.674,620.22,2514944,true,gpu_nvme_kernel,,1,16
B1,Tutti-deployed,1,0.3,614,4096,256,101,194.992,566.673,2514944,true,gpu_nvme_kernel,,1,16
B1,Tutti-deployed,1,0.3,614,4096,256,102,197.816,592.597,2514944,true,gpu_nvme_kernel,,1,16
B1,Tutti-deployed,1,0.3,614,4096,256,103,195.065,611.096,2514944,true,gpu_nvme_kernel,,1,16
B1,Tutti-deployed,1,0.3,614,4096,256,104,194.891,564.431,2514944,true,gpu_nvme_kernel,,1,16
B1,Tutti-deployed,1,0.3,614,4096,256,105,197.809,561.781,2514944,true,gpu_nvme_kernel,,1,16
B1,Tutti-deployed,1,0.3,614,4096,256,106,198.832,658.923,2514944,true,gpu_nvme_kernel,,1,16
B1,Tutti-deployed,1,0.3,614,4096,256,107,198.627,582.952,2514944,true,gpu_nvme_kernel,,1,16
B1,Tutti-deployed,1,0.3,614,4096,256,108,198.748,565.057,2514944,true,gpu_nvme_kernel,,1,16
B1,Tutti-deployed,1,0.3,614,4096,256,109,192.46,594.432,2514944,true,gpu_nvme_kernel,,1,16
B1,Tutti-deployed,1,0.3,614,4096,256,110,196.538,568.422,2514944,true,gpu_nvme_kernel,,1,16
B1,Tutti-deployed,1,0.3,614,4096,256,111,197.752,573.827,2514944,true,gpu_nvme_kernel,,1,16
B1,Tutti-deployed,1,0.3,614,4096,256,112,196.983,552.874,2514944,true,gpu_nvme_kernel,,1,16
B1,Tutti-deployed,1,0.3,614,4096,256,113,205.896,592.093,2514944,true,gpu_nvme_kernel,,1,16
B1,Tutti-deployed,1,0.3,614,4096,256,114,195.876,566.159,2514944,true,gpu_nvme_kernel,,1,16
B1,Tutti-deployed,1,0.3,614,4096,256,115,197.57,604.17,2514944,true,gpu_nvme_kernel,,1,16
B1,Tutti-deployed,1,0.3,614,4096,256,116,202.136,539.187,2514944,true,gpu_nvme_kernel,,1,16
B1,Tutti-deployed,1,0.3,614,4096,256,117,194.552,623.403,2514944,true,gpu_nvme_kernel,,1,16
B1,Tutti-deployed,1,0.3,614,4096,256,118,196.781,575.759,2514944,true,gpu_nvme_kernel,,1,16
B1,Tutti-deployed,1,0.3,614,4096,256,119,205.498,627.266,2514944,true,gpu_nvme_kernel,,1,16
B1,Tutti-deployed,1,0.3,614,4096,256,120,197.444,568.162,2514944,true,gpu_nvme_kernel,,1,16
B1,Tutti-deployed,1,0.3,614,4096,256,121,203.993,600.476,2514944,true,gpu_nvme_kernel,,1,16
B1,Tutti-deployed,1,0.3,614,4096,256,122,196.701,556.381,2514944,true,gpu_nvme_kernel,,1,16
B1,Tutti-deployed,1,0.3,614,4096,256,123,196.249,632.488,2514944,true,gpu_nvme_kernel,,1,16
B1,Tutti-deployed,1,0.3,614,4096,256,124,204.061,555.103,2514944,true,gpu_nvme_kernel,,1,16
B1,Tutti-deployed,1,0.3,614,4096,256,125,200.242,568.039,2514944,true,gpu_nvme_kernel,,1,16
B1,Tutti-deployed,1,0.3,614,4096,256,126,195.941,584.972,2514944,true,gpu_nvme_kernel,,1,16
B1,Tutti-deployed,1,0.3,614,4096,256,127,195.764,575.794,2514944,true,gpu_nvme_kernel,,1,16
B1,Tutti-deployed,1,0.3,614,4096,256,128,193.514,595.021,2514944,true,gpu_nvme_kernel,,1,16
B1,Tutti-deployed,1,0.3,614,4096,256,129,198.261,561.041,2514944,true,gpu_nvme_kernel,,1,16
B1,Tutti-deployed,1,0.3,614,4096,256,130,206.979,595.959,2514944,true,gpu_nvme_kernel,,1,16
B1,Tutti-deployed,1,0.3,614,4096,256,131,196.035,678.028,2514944,true,gpu_nvme_kernel,,1,16
B1,Tutti-deployed,1,0.3,614,4096,256,132,200.958,599.25,2514944,true,gpu_nvme_kernel,,1,16
B1,Tutti-deployed,1,0.3,614,4096,256,133,197.115,616.137,2514944,true,gpu_nvme_kernel,,1,16
B1,Tutti-deployed,1,0.3,614,4096,256,134,195.718,572.465,2514944,true,gpu_nvme_kernel,,1,16
B1,Tutti-deployed,1,0.3,614,4096,256,135,194.947,564.427,2514944,true,gpu_nvme_kernel,,1,16
B1,Tutti-deployed,1,0.3,614,4096,256,136,194.62,599.17,2514944,true,gpu_nvme_kernel,,1,16
B1,Tutti-deployed,1,0.3,614,4096,256,137,196.273,563.024,2514944,true,gpu_nvme_kernel,,1,16
B1,Tutti-deployed,1,0.3,614,4096,256,138,196.031,562.46,2514944,true,gpu_nvme_kernel,,1,16
B1,Tutti-deployed,1,0.3,614,4096,256,139,196.144,596.911,2514944,true,gpu_nvme_kernel,,1,16
B1,Tutti-deployed,1,0.3,614,4096,256,140,194.02,566.038,2514944,true,gpu_nvme_kernel,,1,16
B1,Tutti-deployed,1,0.3,614,4096,256,141,202.064,566.03,2514944,true,gpu_nvme_kernel,,1,16
B1,Tutti-deployed,1,0.3,614,4096,256,142,196.282,595.896,2514944,true,gpu_nvme_kernel,,1,16
B1,Tutti-deployed,1,0.3,614,4096,256,143,198.416,561.779,2514944,true,gpu_nvme_kernel,,1,16
B1,Tutti-deployed,1,0.3,614,4096,256,144,196.853,576.157,2514944,true,gpu_nvme_kernel,,1,16
B1,Tutti-deployed,1,0.3,614,4096,256,145,199.641,622.431,2514944,true,gpu_nvme_kernel,,1,16
B1,Tutti-deployed,1,0.3,614,4096,256,146,201.527,581.924,2514944,true,gpu_nvme_kernel,,1,16
B1,Tutti-deployed,1,0.3,614,4096,256,147,196.162,562.813,2514944,true,gpu_nvme_kernel,,1,16
B1,Tutti-deployed,1,0.3,614,4096,256,148,196.647,706.079,2514944,true,gpu_nvme_kernel,,1,16
B1,Tutti-deployed,1,0.3,614,4096,256,149,199.701,595.564,2514944,true,gpu_nvme_kernel,,1,16
B1,Tutti-deployed,1,0.3,614,4096,256,150,200.219,608.555,2514944,true,gpu_nvme_kernel,,1,16
B1,Tutti-deployed,1,0.3,614,4096,256,151,196.695,647.905,2514944,true,gpu_nvme_kernel,,1,16
B1,Tutti-deployed,1,0.3,614,4096,256,152,204.855,601.115,2514944,true,gpu_nvme_kernel,,1,16
B1,Tutti-deployed,1,0.3,614,4096,256,153,198.734,554.049,2514944,true,gpu_nvme_kernel,,1,16
B1,Tutti-deployed,1,0.3,614,4096,256,154,195.739,616.809,2514944,true,gpu_nvme_kernel,,1,16
B1,Tutti-deployed,1,0.3,614,4096,256,155,778.734,991.149,2514944,true,gpu_nvme_kernel,,1,16
B1,Tutti-deployed,1,0.3,614,4096,256,156,264.317,602.9,2514944,true,gpu_nvme_kernel,,1,16
B1,Tutti-deployed,1,0.3,614,4096,256,157,229.343,631.313,2514944,true,gpu_nvme_kernel,,1,16
B1,Tutti-deployed,1,0.3,614,4096,256,158,230.819,604.689,2514944,true,gpu_nvme_kernel,,1,16
B1,Tutti-deployed,1,0.3,614,4096,256,159,243.339,606.613,2514944,true,gpu_nvme_kernel,,1,16
B1,Tutti-deployed,1,0.3,614,4096,256,160,226.32,571.237,2514944,true,gpu_nvme_kernel,,1,16
B1,Tutti-deployed,1,0.3,614,4096,256,161,224.95,591.549,2514944,true,gpu_nvme_kernel,,1,16
B1,Tutti-deployed,1,0.3,614,4096,256,162,227.448,582.15,2514944,true,gpu_nvme_kernel,,1,16
B1,Tutti-deployed,1,0.3,614,4096,256,163,226.888,602.655,2514944,true,gpu_nvme_kernel,,1,16
B1,Tutti-deployed,1,0.3,614,4096,256,164,227.221,568.296,2514944,true,gpu_nvme_kernel,,1,16
B1,Tutti-deployed,1,0.3,614,4096,256,165,222.196,604.969,2514944,true,gpu_nvme_kernel,,1,16
B1,Tutti-deployed,1,0.3,614,4096,256,166,226.804,598.262,2514944,true,gpu_nvme_kernel,,1,16
B1,Tutti-deployed,1,0.3,614,4096,256,167,224.253,571.232,2514944,true,gpu_nvme_kernel,,1,16
B1,Tutti-deployed,1,0.3,614,4096,256,168,222.586,586.748,2514944,true,gpu_nvme_kernel,,1,16
B1,Tutti-deployed,1,0.3,614,4096,256,169,225.164,556.54,2514944,true,gpu_nvme_kernel,,1,16
B1,Tutti-deployed,1,0.3,614,4096,256,170,226.777,609.804,2514944,true,gpu_nvme_kernel,,1,16
B1,Tutti-deployed,1,0.3,614,4096,256,171,228.538,584.996,2514944,true,gpu_nvme_kernel,,1,16
B1,Tutti-deployed,1,0.3,614,4096,256,172,226.251,589.779,2514944,true,gpu_nvme_kernel,,1,16
B1,Tutti-deployed,1,0.3,614,4096,256,173,224.345,556.033,2514944,true,gpu_nvme_kernel,,1,16
B1,Tutti-deployed,1,0.3,614,4096,256,174,232.026,609.097,2514944,true,gpu_nvme_kernel,,1,16
B1,Tutti-deployed,1,0.3,614,4096,256,175,229.298,570.133,2514944,true,gpu_nvme_kernel,,1,16
B1,Tutti-deployed,1,0.3,614,4096,256,176,223.668,565.398,2514944,true,gpu_nvme_kernel,,1,16
B1,Tutti-deployed,1,0.3,614,4096,256,177,227.688,624.677,2514944,true,gpu_nvme_kernel,,1,16
B1,Tutti-deployed,1,0.3,614,4096,256,178,226.663,569.264,2514944,true,gpu_nvme_kernel,,1,16
B1,Tutti-deployed,1,0.3,614,4096,256,179,224.501,567.132,2514944,true,gpu_nvme_kernel,,1,16
B1,Tutti-deployed,1,0.3,614,4096,256,180,226.056,574.764,2514944,true,gpu_nvme_kernel,,1,16
B1,Tutti-deployed,1,0.3,614,4096,256,181,225.266,551.406,2514944,true,gpu_nvme_kernel,,1,16
B1,Tutti-deployed,1,0.3,614,4096,256,182,225.739,574.051,2514944,true,gpu_nvme_kernel,,1,16
B1,Tutti-deployed,1,0.3,614,4096,256,183,235.548,586.164,2514944,true,gpu_nvme_kernel,,1,16
B1,Tutti-deployed,1,0.3,614,4096,256,184,225.184,548.843,2514944,true,gpu_nvme_kernel,,1,16
B1,Tutti-deployed,1,0.3,614,4096,256,185,226.08,584.805,2514944,true,gpu_nvme_kernel,,1,16
B1,Tutti-deployed,1,0.3,614,4096,256,186,235.415,595.868,2514944,true,gpu_nvme_kernel,,1,16
B1,Tutti-deployed,1,0.3,614,4096,256,187,224.393,566.228,2514944,true,gpu_nvme_kernel,,1,16
B1,Tutti-deployed,1,0.3,614,4096,256,188,224.182,589.83,2514944,true,gpu_nvme_kernel,,1,16
B1,Tutti-deployed,1,0.3,614,4096,256,189,236.69,584.823,2514944,true,gpu_nvme_kernel,,1,16
B1,Tutti-deployed,1,0.3,614,4096,256,190,228.631,543.804,2514944,true,gpu_nvme_kernel,,1,16
B1,Tutti-deployed,1,0.3,614,4096,256,191,223.74,583.409,2514944,true,gpu_nvme_kernel,,1,16
B1,Tutti-deployed,1,0.3,614,4096,256,192,235.891,585.94,2514944,true,gpu_nvme_kernel,,1,16
B1,Tutti-deployed,1,0.3,614,4096,256,193,227.432,605.519,2514944,true,gpu_nvme_kernel,,1,16
B1,Tutti-deployed,1,0.3,614,4096,256,194,224.11,588.425,2514944,true,gpu_nvme_kernel,,1,16
B1,Tutti-deployed,1,0.3,614,4096,256,195,232.673,600.697,2514944,true,gpu_nvme_kernel,,1,16
B1,Tutti-deployed,1,0.3,614,4096,256,196,227.736,565.896,2514944,true,gpu_nvme_kernel,,1,16
B1,Tutti-deployed,1,0.3,614,4096,256,197,225.847,554.559,2514944,true,gpu_nvme_kernel,,1,16
B1,Tutti-deployed,1,0.3,614,4096,256,198,226.176,645.013,2514944,true,gpu_nvme_kernel,,1,16
B1,Tutti-deployed,1,0.3,614,4096,256,199,227.29,581.355,2514944,true,gpu_nvme_kernel,,1,16
B1,Tutti-deployed,1,0.3,614,4096,256,0,224.614,570.069,2514944,true,gpu_nvme_kernel,,3,16
B1,Tutti-deployed,4,0.067,549,4096,256,0,208.877,541.327,2248704,true,gpu_nvme_kernel,,2,16
B1,Tutti-deployed,4,0.067,549,4096,256,0,207.113,540.462,2248704,true,gpu_nvme_kernel,,0,16
B1,Tutti-deployed,4,0.067,549,4096,256,1,203.068,570.316,2248704,true,gpu_nvme_kernel,,0,16
B1,Tutti-deployed,4,0.067,549,4096,256,2,204.082,539.408,2248704,true,gpu_nvme_kernel,,0,16
B1,Tutti-deployed,4,0.067,549,4096,256,3,201.444,575.404,2248704,true,gpu_nvme_kernel,,0,16
B1,Tutti-deployed,4,0.067,549,4096,256,4,199.937,514.251,2248704,true,gpu_nvme_kernel,,0,16
B1,Tutti-deployed,4,0.067,549,4096,256,5,204.941,562.113,2248704,true,gpu_nvme_kernel,,0,16
B1,Tutti-deployed,4,0.067,549,4096,256,6,205.748,530.831,2248704,true,gpu_nvme_kernel,,0,16
B1,Tutti-deployed,4,0.067,549,4096,256,7,216.21,553.303,2248704,true,gpu_nvme_kernel,,0,16
B1,Tutti-deployed,4,0.067,549,4096,256,8,201.036,509.332,2248704,true,gpu_nvme_kernel,,0,16
B1,Tutti-deployed,4,0.067,549,4096,256,9,202.615,524.871,2248704,true,gpu_nvme_kernel,,0,16
B1,Tutti-deployed,4,0.067,549,4096,256,0,211.726,521.89,2248704,true,gpu_nvme_kernel,,1,16
B1,Tutti-deployed,4,0.067,549,4096,256,1,203.895,588.588,2248704,true,gpu_nvme_kernel,,1,16
B1,Tutti-deployed,4,0.067,549,4096,256,2,202.506,533.841,2248704,true,gpu_nvme_kernel,,1,16
B1,Tutti-deployed,4,0.067,549,4096,256,3,226.096,607.635,2248704,true,gpu_nvme_kernel,,1,16
B1,Tutti-deployed,4,0.067,549,4096,256,4,214.961,529.192,2248704,true,gpu_nvme_kernel,,1,16
B1,Tutti-deployed,4,0.067,549,4096,256,5,203.233,550.89,2248704,true,gpu_nvme_kernel,,1,16
B1,Tutti-deployed,4,0.067,549,4096,256,6,202.159,584.574,2248704,true,gpu_nvme_kernel,,1,16
B1,Tutti-deployed,4,0.067,549,4096,256,7,211.074,521.1,2248704,true,gpu_nvme_kernel,,1,16
B1,Tutti-deployed,4,0.067,549,4096,256,8,199.987,547.764,2248704,true,gpu_nvme_kernel,,1,16
B1,Tutti-deployed,4,0.067,549,4096,256,9,200.926,519.741,2248704,true,gpu_nvme_kernel,,1,16
B1,Tutti-deployed,4,0.067,549,4096,256,10,202.123,537.561,2248704,true,gpu_nvme_kernel,,1,16
B1,Tutti-deployed,4,0.067,549,4096,256,11,203.282,541.062,2248704,true,gpu_nvme_kernel,,1,16
B1,Tutti-deployed,4,0.067,549,4096,256,12,204.383,533.481,2248704,true,gpu_nvme_kernel,,1,16
B1,Tutti-deployed,4,0.067,549,4096,256,13,176.251,538.103,2248704,true,gpu_nvme_kernel,,1,16
B1,Tutti-deployed,4,0.067,549,4096,256,14,170.821,562.816,2248704,true,gpu_nvme_kernel,,1,16
B1,Tutti-deployed,4,0.067,549,4096,256,15,185.545,553.428,2248704,true,gpu_nvme_kernel,,1,16
B1,Tutti-deployed,4,0.067,549,4096,256,16,171.409,513.619,2248704,true,gpu_nvme_kernel,,1,16
B1,Tutti-deployed,4,0.067,549,4096,256,17,173.793,514.378,2248704,true,gpu_nvme_kernel,,1,16
B1,Tutti-deployed,4,0.067,549,4096,256,18,187.159,496.639,2248704,true,gpu_nvme_kernel,,1,16
B1,Tutti-deployed,4,0.067,549,4096,256,19,174.414,545.295,2248704,true,gpu_nvme_kernel,,1,16
B1,Tutti-deployed,4,0.067,549,4096,256,20,177.261,490.374,2248704,true,gpu_nvme_kernel,,1,16
B1,Tutti-deployed,4,0.067,549,4096,256,21,176.2,482.332,2248704,true,gpu_nvme_kernel,,1,16
B1,Tutti-deployed,4,0.067,549,4096,256,22,181.079,535.935,2248704,true,gpu_nvme_kernel,,1,16
B1,Tutti-deployed,4,0.067,549,4096,256,23,170.957,495.036,2248704,true,gpu_nvme_kernel,,1,16
B1,Tutti-deployed,4,0.067,549,4096,256,24,174.293,514.761,2248704,true,gpu_nvme_kernel,,1,16
B1,Tutti-deployed,4,0.067,549,4096,256,25,172.693,524.106,2248704,true,gpu_nvme_kernel,,1,16
B1,Tutti-deployed,4,0.067,549,4096,256,26,177.848,550.846,2248704,true,gpu_nvme_kernel,,1,16
B1,Tutti-deployed,4,0.067,549,4096,256,27,178.722,553.4,2248704,true,gpu_nvme_kernel,,1,16
B1,Tutti-deployed,4,0.067,549,4096,256,28,176.129,550.044,2248704,true,gpu_nvme_kernel,,1,16
B1,Tutti-deployed,4,0.067,549,4096,256,29,179.612,561.463,2248704,true,gpu_nvme_kernel,,1,16
B1,Tutti-deployed,4,0.067,549,4096,256,30,174.54,528.116,2248704,true,gpu_nvme_kernel,,1,16
B1,Tutti-deployed,4,0.067,549,4096,256,31,174.172,544.226,2248704,true,gpu_nvme_kernel,,1,16
B1,Tutti-deployed,4,0.067,549,4096,256,32,175.423,576.708,2248704,true,gpu_nvme_kernel,,1,16
B1,Tutti-deployed,4,0.067,549,4096,256,33,175.384,512.543,2248704,true,gpu_nvme_kernel,,1,16
B1,Tutti-deployed,4,0.067,549,4096,256,34,172.736,495.576,2248704,true,gpu_nvme_kernel,,1,16
B1,Tutti-deployed,4,0.067,549,4096,256,35,171.428,513.664,2248704,true,gpu_nvme_kernel,,1,16
B1,Tutti-deployed,4,0.067,549,4096,256,36,174.948,543.339,2248704,true,gpu_nvme_kernel,,1,16
B1,Tutti-deployed,4,0.067,549,4096,256,37,176.733,531.419,2248704,true,gpu_nvme_kernel,,1,16
B1,Tutti-deployed,4,0.067,549,4096,256,38,172.258,522.983,2248704,true,gpu_nvme_kernel,,1,16
B1,Tutti-deployed,4,0.067,549,4096,256,39,177.653,508.056,2248704,true,gpu_nvme_kernel,,1,16
B1,Tutti-deployed,4,0.067,549,4096,256,40,175.626,508.867,2248704,true,gpu_nvme_kernel,,1,16
B1,Tutti-deployed,4,0.067,549,4096,256,41,176.445,542.901,2248704,true,gpu_nvme_kernel,,1,16
B1,Tutti-deployed,4,0.067,549,4096,256,42,179.894,570.922,2248704,true,gpu_nvme_kernel,,1,16
B1,Tutti-deployed,4,0.067,549,4096,256,43,181.49,516.639,2248704,true,gpu_nvme_kernel,,1,16
B1,Tutti-deployed,4,0.067,549,4096,256,44,174.012,504.966,2248704,true,gpu_nvme_kernel,,1,16
B1,Tutti-deployed,4,0.067,549,4096,256,45,173.423,561.409,2248704,true,gpu_nvme_kernel,,1,16
B1,Tutti-deployed,4,0.067,549,4096,256,46,172.611,555.897,2248704,true,gpu_nvme_kernel,,1,16
B1,Tutti-deployed,4,0.067,549,4096,256,47,182.046,509.819,2248704,true,gpu_nvme_kernel,,1,16
B1,Tutti-deployed,4,0.067,549,4096,256,48,184.112,556.616,2248704,true,gpu_nvme_kernel,,1,16
B1,Tutti-deployed,4,0.067,549,4096,256,49,172.047,532.851,2248704,true,gpu_nvme_kernel,,1,16
B1,Tutti-deployed,4,0.067,549,4096,256,50,175.019,556.7,2248704,true,gpu_nvme_kernel,,1,16
B1,Tutti-deployed,4,0.067,549,4096,256,51,170.335,494.031,2248704,true,gpu_nvme_kernel,,1,16
B1,Tutti-deployed,4,0.067,549,4096,256,52,175.179,499.784,2248704,true,gpu_nvme_kernel,,1,16
B1,Tutti-deployed,4,0.067,549,4096,256,53,179.789,501.74,2248704,true,gpu_nvme_kernel,,1,16
B1,Tutti-deployed,4,0.067,549,4096,256,54,171.674,500.649,2248704,true,gpu_nvme_kernel,,1,16
B1,Tutti-deployed,4,0.067,549,4096,256,55,169.956,521.125,2248704,true,gpu_nvme_kernel,,1,16
B1,Tutti-deployed,4,0.067,549,4096,256,56,174.969,525.419,2248704,true,gpu_nvme_kernel,,1,16
B1,Tutti-deployed,4,0.067,549,4096,256,57,175.035,538.013,2248704,true,gpu_nvme_kernel,,1,16
B1,Tutti-deployed,4,0.067,549,4096,256,58,175.888,516.056,2248704,true,gpu_nvme_kernel,,1,16
B1,Tutti-deployed,4,0.067,549,4096,256,59,175.526,542.021,2248704,true,gpu_nvme_kernel,,1,16
B1,Tutti-deployed,4,0.067,549,4096,256,60,180.689,509.105,2248704,true,gpu_nvme_kernel,,1,16
B1,Tutti-deployed,4,0.067,549,4096,256,61,172.896,526.29,2248704,true,gpu_nvme_kernel,,1,16
B1,Tutti-deployed,4,0.067,549,4096,256,62,170.732,535.977,2248704,true,gpu_nvme_kernel,,1,16
B1,Tutti-deployed,4,0.067,549,4096,256,63,170.48,529.099,2248704,true,gpu_nvme_kernel,,1,16
B1,Tutti-deployed,4,0.067,549,4096,256,64,176.951,584.634,2248704,true,gpu_nvme_kernel,,1,16
B1,Tutti-deployed,4,0.067,549,4096,256,65,175.409,577.361,2248704,true,gpu_nvme_kernel,,1,16
B1,Tutti-deployed,4,0.067,549,4096,256,66,174,510.008,2248704,true,gpu_nvme_kernel,,1,16
B1,Tutti-deployed,4,0.067,549,4096,256,67,171.355,491.949,2248704,true,gpu_nvme_kernel,,1,16
B1,Tutti-deployed,4,0.067,549,4096,256,68,179.291,624.484,2248704,true,gpu_nvme_kernel,,1,16
B1,Tutti-deployed,4,0.067,549,4096,256,69,177.597,577.802,2248704,true,gpu_nvme_kernel,,1,16
B1,Tutti-deployed,4,0.067,549,4096,256,70,174.21,494.503,2248704,true,gpu_nvme_kernel,,1,16
B1,Tutti-deployed,4,0.067,549,4096,256,71,177.34,520.351,2248704,true,gpu_nvme_kernel,,1,16
B1,Tutti-deployed,4,0.067,549,4096,256,72,171.383,508.215,2248704,true,gpu_nvme_kernel,,1,16
B1,Tutti-deployed,4,0.067,549,4096,256,73,173.729,515.285,2248704,true,gpu_nvme_kernel,,1,16
B1,Tutti-deployed,4,0.067,549,4096,256,74,176.082,564.164,2248704,true,gpu_nvme_kernel,,1,16
B1,Tutti-deployed,4,0.067,549,4096,256,75,177.035,531.942,2248704,true,gpu_nvme_kernel,,1,16
B1,Tutti-deployed,4,0.067,549,4096,256,76,173.212,535.266,2248704,true,gpu_nvme_kernel,,1,16
B1,Tutti-deployed,4,0.067,549,4096,256,77,175.978,513.289,2248704,true,gpu_nvme_kernel,,1,16
B1,Tutti-deployed,4,0.067,549,4096,256,78,174.892,501.23,2248704,true,gpu_nvme_kernel,,1,16
B1,Tutti-deployed,4,0.067,549,4096,256,79,177.612,636.34,2248704,true,gpu_nvme_kernel,,1,16
B1,Tutti-deployed,4,0.067,549,4096,256,80,176.337,541.505,2248704,true,gpu_nvme_kernel,,1,16
B1,Tutti-deployed,4,0.067,549,4096,256,81,174.965,556.978,2248704,true,gpu_nvme_kernel,,1,16
B1,Tutti-deployed,4,0.067,549,4096,256,82,175.426,540.71,2248704,true,gpu_nvme_kernel,,1,16
B1,Tutti-deployed,4,0.067,549,4096,256,83,172.761,516.302,2248704,true,gpu_nvme_kernel,,1,16
B1,Tutti-deployed,4,0.067,549,4096,256,84,173.2,551.393,2248704,true,gpu_nvme_kernel,,1,16
B1,Tutti-deployed,4,0.067,549,4096,256,85,175.621,573.674,2248704,true,gpu_nvme_kernel,,1,16
B1,Tutti-deployed,4,0.067,549,4096,256,86,175.317,502.33,2248704,true,gpu_nvme_kernel,,1,16
B1,Tutti-deployed,4,0.067,549,4096,256,87,176.046,565.571,2248704,true,gpu_nvme_kernel,,1,16
B1,Tutti-deployed,4,0.067,549,4096,256,88,171.655,495.839,2248704,true,gpu_nvme_kernel,,1,16
B1,Tutti-deployed,4,0.067,549,4096,256,89,172.528,498.094,2248704,true,gpu_nvme_kernel,,1,16
B1,Tutti-deployed,4,0.067,549,4096,256,90,176.392,511.441,2248704,true,gpu_nvme_kernel,,1,16
B1,Tutti-deployed,4,0.067,549,4096,256,91,171.877,549.72,2248704,true,gpu_nvme_kernel,,1,16
B1,Tutti-deployed,4,0.067,549,4096,256,92,174.544,593.513,2248704,true,gpu_nvme_kernel,,1,16
B1,Tutti-deployed,4,0.067,549,4096,256,93,172.466,496.725,2248704,true,gpu_nvme_kernel,,1,16
B1,Tutti-deployed,4,0.067,549,4096,256,94,173.822,509.5,2248704,true,gpu_nvme_kernel,,1,16
B1,Tutti-deployed,4,0.067,549,4096,256,95,177.369,541.111,2248704,true,gpu_nvme_kernel,,1,16
B1,Tutti-deployed,4,0.067,549,4096,256,96,176.447,531.752,2248704,true,gpu_nvme_kernel,,1,16
B1,Tutti-deployed,4,0.067,549,4096,256,97,175.05,500.165,2248704,true,gpu_nvme_kernel,,1,16
B1,Tutti-deployed,4,0.067,549,4096,256,98,171.563,527.632,2248704,true,gpu_nvme_kernel,,1,16
B1,Tutti-deployed,4,0.067,549,4096,256,99,173.047,530.392,2248704,true,gpu_nvme_kernel,,1,16
B1,Tutti-deployed,4,0.067,549,4096,256,100,179.033,552.24,2248704,true,gpu_nvme_kernel,,1,16
B1,Tutti-deployed,4,0.067,549,4096,256,101,171.42,547.731,2248704,true,gpu_nvme_kernel,,1,16
B1,Tutti-deployed,4,0.067,549,4096,256,102,170.088,539.814,2248704,true,gpu_nvme_kernel,,1,16
B1,Tutti-deployed,4,0.067,549,4096,256,103,184.805,527.879,2248704,true,gpu_nvme_kernel,,1,16
B1,Tutti-deployed,4,0.067,549,4096,256,104,171.327,546.204,2248704,true,gpu_nvme_kernel,,1,16
B1,Tutti-deployed,4,0.067,549,4096,256,105,169.018,511.006,2248704,true,gpu_nvme_kernel,,1,16
B1,Tutti-deployed,4,0.067,549,4096,256,106,173.732,489.083,2248704,true,gpu_nvme_kernel,,1,16
B1,Tutti-deployed,4,0.067,549,4096,256,107,176.733,511.479,2248704,true,gpu_nvme_kernel,,1,16
B1,Tutti-deployed,4,0.067,549,4096,256,108,170.978,565.383,2248704,true,gpu_nvme_kernel,,1,16
B1,Tutti-deployed,4,0.067,549,4096,256,109,178.805,532.09,2248704,true,gpu_nvme_kernel,,1,16
B1,Tutti-deployed,4,0.067,549,4096,256,110,176.344,493.422,2248704,true,gpu_nvme_kernel,,1,16
B1,Tutti-deployed,4,0.067,549,4096,256,111,172.629,551.668,2248704,true,gpu_nvme_kernel,,1,16
B1,Tutti-deployed,4,0.067,549,4096,256,112,173.135,554.06,2248704,true,gpu_nvme_kernel,,1,16
B1,Tutti-deployed,4,0.067,549,4096,256,113,171.055,530.727,2248704,true,gpu_nvme_kernel,,1,16
B1,Tutti-deployed,4,0.067,549,4096,256,114,181.254,498.919,2248704,true,gpu_nvme_kernel,,1,16
B1,Tutti-deployed,4,0.067,549,4096,256,115,172.768,562.064,2248704,true,gpu_nvme_kernel,,1,16
B1,Tutti-deployed,4,0.067,549,4096,256,116,178.778,563.494,2248704,true,gpu_nvme_kernel,,1,16
B1,Tutti-deployed,4,0.067,549,4096,256,117,185.475,527.658,2248704,true,gpu_nvme_kernel,,1,16
B1,Tutti-deployed,4,0.067,549,4096,256,118,174.178,546.879,2248704,true,gpu_nvme_kernel,,1,16
B1,Tutti-deployed,4,0.067,549,4096,256,119,177.486,510.285,2248704,true,gpu_nvme_kernel,,1,16
B1,Tutti-deployed,4,0.067,549,4096,256,120,169.793,547.657,2248704,true,gpu_nvme_kernel,,1,16
B1,Tutti-deployed,4,0.067,549,4096,256,121,171.585,529.737,2248704,true,gpu_nvme_kernel,,1,16
B1,Tutti-deployed,4,0.067,549,4096,256,122,176.65,491.117,2248704,true,gpu_nvme_kernel,,1,16
B1,Tutti-deployed,4,0.067,549,4096,256,123,169.052,544.766,2248704,true,gpu_nvme_kernel,,1,16
B1,Tutti-deployed,4,0.067,549,4096,256,124,173.626,494.536,2248704,true,gpu_nvme_kernel,,1,16
B1,Tutti-deployed,4,0.067,549,4096,256,125,170.925,525.719,2248704,true,gpu_nvme_kernel,,1,16
B1,Tutti-deployed,4,0.067,549,4096,256,126,171.226,503.088,2248704,true,gpu_nvme_kernel,,1,16
B1,Tutti-deployed,4,0.067,549,4096,256,127,172.996,502.924,2248704,true,gpu_nvme_kernel,,1,16
B1,Tutti-deployed,4,0.067,549,4096,256,128,175.5,543.307,2248704,true,gpu_nvme_kernel,,1,16
B1,Tutti-deployed,4,0.067,549,4096,256,129,173.985,496.913,2248704,true,gpu_nvme_kernel,,1,16
B1,Tutti-deployed,4,0.067,549,4096,256,130,170.485,502.699,2248704,true,gpu_nvme_kernel,,1,16
B1,Tutti-deployed,4,0.067,549,4096,256,131,176.663,499.383,2248704,true,gpu_nvme_kernel,,1,16
B1,Tutti-deployed,4,0.067,549,4096,256,132,178.334,564.081,2248704,true,gpu_nvme_kernel,,1,16
B1,Tutti-deployed,4,0.067,549,4096,256,133,170.378,532.472,2248704,true,gpu_nvme_kernel,,1,16
B1,Tutti-deployed,4,0.067,549,4096,256,134,180.683,523.768,2248704,true,gpu_nvme_kernel,,1,16
B1,Tutti-deployed,4,0.067,549,4096,256,135,175.597,603.453,2248704,true,gpu_nvme_kernel,,1,16
B1,Tutti-deployed,4,0.067,549,4096,256,136,170.72,525.034,2248704,true,gpu_nvme_kernel,,1,16
B1,Tutti-deployed,4,0.067,549,4096,256,137,171.656,509.661,2248704,true,gpu_nvme_kernel,,1,16
B1,Tutti-deployed,4,0.067,549,4096,256,138,174.455,511.659,2248704,true,gpu_nvme_kernel,,1,16
B1,Tutti-deployed,4,0.067,549,4096,256,139,173.747,516.05,2248704,true,gpu_nvme_kernel,,1,16
B1,Tutti-deployed,4,0.067,549,4096,256,140,170.509,517.167,2248704,true,gpu_nvme_kernel,,1,16
B1,Tutti-deployed,4,0.067,549,4096,256,141,172.795,513.972,2248704,true,gpu_nvme_kernel,,1,16
B1,Tutti-deployed,4,0.067,549,4096,256,142,176.371,541.361,2248704,true,gpu_nvme_kernel,,1,16
B1,Tutti-deployed,4,0.067,549,4096,256,143,170.405,504.912,2248704,true,gpu_nvme_kernel,,1,16
B1,Tutti-deployed,4,0.067,549,4096,256,144,172.325,595.861,2248704,true,gpu_nvme_kernel,,1,16
B1,Tutti-deployed,4,0.067,549,4096,256,145,179.096,660.821,2248704,true,gpu_nvme_kernel,,1,16
B1,Tutti-deployed,4,0.067,549,4096,256,146,172.029,528.482,2248704,true,gpu_nvme_kernel,,1,16
B1,Tutti-deployed,4,0.067,549,4096,256,147,173.345,504.765,2248704,true,gpu_nvme_kernel,,1,16
B1,Tutti-deployed,4,0.067,549,4096,256,148,176.354,524.816,2248704,true,gpu_nvme_kernel,,1,16
B1,Tutti-deployed,4,0.067,549,4096,256,149,170.677,617.166,2248704,true,gpu_nvme_kernel,,1,16
B1,Tutti-deployed,4,0.067,549,4096,256,150,172.517,585.351,2248704,true,gpu_nvme_kernel,,1,16
B1,Tutti-deployed,4,0.067,549,4096,256,151,173.803,540.155,2248704,true,gpu_nvme_kernel,,1,16
B1,Tutti-deployed,4,0.067,549,4096,256,152,172.35,508.667,2248704,true,gpu_nvme_kernel,,1,16
B1,Tutti-deployed,4,0.067,549,4096,256,153,261.703,548.375,2248704,true,gpu_nvme_kernel,,1,16
B1,Tutti-deployed,4,0.067,549,4096,256,154,178.262,533.795,2248704,true,gpu_nvme_kernel,,1,16
B1,Tutti-deployed,4,0.067,549,4096,256,155,176.187,498.416,2248704,true,gpu_nvme_kernel,,1,16
B1,Tutti-deployed,4,0.067,549,4096,256,156,184.699,529.345,2248704,true,gpu_nvme_kernel,,1,16
B1,Tutti-deployed,4,0.067,549,4096,256,157,174.765,485.135,2248704,true,gpu_nvme_kernel,,1,16
B1,Tutti-deployed,4,0.067,549,4096,256,158,190.475,519.592,2248704,true,gpu_nvme_kernel,,1,16
B1,Tutti-deployed,4,0.067,549,4096,256,159,171.913,569.982,2248704,true,gpu_nvme_kernel,,1,16
B1,Tutti-deployed,4,0.067,549,4096,256,160,185.548,502.384,2248704,true,gpu_nvme_kernel,,1,16
B1,Tutti-deployed,4,0.067,549,4096,256,161,172.75,527.77,2248704,true,gpu_nvme_kernel,,1,16
B1,Tutti-deployed,4,0.067,549,4096,256,162,176.249,528.994,2248704,true,gpu_nvme_kernel,,1,16
B1,Tutti-deployed,4,0.067,549,4096,256,163,183.101,543.642,2248704,true,gpu_nvme_kernel,,1,16
B1,Tutti-deployed,4,0.067,549,4096,256,164,173.563,590.738,2248704,true,gpu_nvme_kernel,,1,16
B1,Tutti-deployed,4,0.067,549,4096,256,165,186.66,523.415,2248704,true,gpu_nvme_kernel,,1,16
B1,Tutti-deployed,4,0.067,549,4096,256,166,175.224,583.289,2248704,true,gpu_nvme_kernel,,1,16
B1,Tutti-deployed,4,0.067,549,4096,256,167,183.574,505.642,2248704,true,gpu_nvme_kernel,,1,16
B1,Tutti-deployed,4,0.067,549,4096,256,168,180.764,525.348,2248704,true,gpu_nvme_kernel,,1,16
B1,Tutti-deployed,4,0.067,549,4096,256,169,183.06,520.344,2248704,true,gpu_nvme_kernel,,1,16
B1,Tutti-deployed,4,0.067,549,4096,256,170,172.26,552.004,2248704,true,gpu_nvme_kernel,,1,16
B1,Tutti-deployed,4,0.067,549,4096,256,171,174.136,583.23,2248704,true,gpu_nvme_kernel,,1,16
B1,Tutti-deployed,4,0.067,549,4096,256,172,190.898,551.903,2248704,true,gpu_nvme_kernel,,1,16
B1,Tutti-deployed,4,0.067,549,4096,256,173,169.857,511.995,2248704,true,gpu_nvme_kernel,,1,16
B1,Tutti-deployed,4,0.067,549,4096,256,174,184.736,542.342,2248704,true,gpu_nvme_kernel,,1,16
B1,Tutti-deployed,4,0.067,549,4096,256,175,170.891,526.88,2248704,true,gpu_nvme_kernel,,1,16
B1,Tutti-deployed,4,0.067,549,4096,256,176,182.755,481.822,2248704,true,gpu_nvme_kernel,,1,16
B1,Tutti-deployed,4,0.067,549,4096,256,177,173.303,611.745,2248704,true,gpu_nvme_kernel,,1,16
B1,Tutti-deployed,4,0.067,549,4096,256,178,169.764,506.567,2248704,true,gpu_nvme_kernel,,1,16
B1,Tutti-deployed,4,0.067,549,4096,256,179,176.114,599.872,2248704,true,gpu_nvme_kernel,,1,16
B1,Tutti-deployed,4,0.067,549,4096,256,180,171.324,524.293,2248704,true,gpu_nvme_kernel,,1,16
B1,Tutti-deployed,4,0.067,549,4096,256,181,172.415,510.015,2248704,true,gpu_nvme_kernel,,1,16
B1,Tutti-deployed,4,0.067,549,4096,256,182,174.348,512.678,2248704,true,gpu_nvme_kernel,,1,16
B1,Tutti-deployed,4,0.067,549,4096,256,183,172.102,519.317,2248704,true,gpu_nvme_kernel,,1,16
B1,Tutti-deployed,4,0.067,549,4096,256,184,182.829,523.877,2248704,true,gpu_nvme_kernel,,1,16
B1,Tutti-deployed,4,0.067,549,4096,256,185,170.64,523.787,2248704,true,gpu_nvme_kernel,,1,16
B1,Tutti-deployed,4,0.067,549,4096,256,186,171.523,533.565,2248704,true,gpu_nvme_kernel,,1,16
B1,Tutti-deployed,4,0.067,549,4096,256,187,169.378,525.129,2248704,true,gpu_nvme_kernel,,1,16
B1,Tutti-deployed,4,0.067,549,4096,256,188,172.411,503.356,2248704,true,gpu_nvme_kernel,,1,16
B1,Tutti-deployed,4,0.067,549,4096,256,189,168.986,509.396,2248704,true,gpu_nvme_kernel,,1,16
B1,Tutti-deployed,4,0.067,549,4096,256,190,172.004,562.508,2248704,true,gpu_nvme_kernel,,1,16
B1,Tutti-deployed,4,0.067,549,4096,256,191,175.667,560.935,2248704,true,gpu_nvme_kernel,,1,16
B1,Tutti-deployed,4,0.067,549,4096,256,192,172.443,554.927,2248704,true,gpu_nvme_kernel,,1,16
B1,Tutti-deployed,4,0.067,549,4096,256,193,173.091,523.414,2248704,true,gpu_nvme_kernel,,1,16
B1,Tutti-deployed,4,0.067,549,4096,256,194,175.194,532.905,2248704,true,gpu_nvme_kernel,,1,16
B1,Tutti-deployed,4,0.067,549,4096,256,195,170.691,534.581,2248704,true,gpu_nvme_kernel,,1,16
B1,Tutti-deployed,4,0.067,549,4096,256,196,174.701,518.086,2248704,true,gpu_nvme_kernel,,1,16
B1,Tutti-deployed,4,0.067,549,4096,256,197,173.946,564.516,2248704,true,gpu_nvme_kernel,,1,16
B1,Tutti-deployed,4,0.067,549,4096,256,198,171.268,501.532,2248704,true,gpu_nvme_kernel,,1,16
B1,Tutti-deployed,4,0.067,549,4096,256,199,170.507,530.763,2248704,true,gpu_nvme_kernel,,1,16
B1,Tutti-deployed,4,0.067,549,4096,256,0,171.081,554.717,2248704,true,gpu_nvme_kernel,,3,16
B1,Tutti-deployed,4,0.134,1098,4096,256,0,347.474,888.686,4497408,true,gpu_nvme_kernel,,2,16
B1,Tutti-deployed,4,0.134,1098,4096,256,0,339.232,960.002,4497408,true,gpu_nvme_kernel,,0,16
B1,Tutti-deployed,4,0.134,1098,4096,256,1,340.501,911.194,4497408,true,gpu_nvme_kernel,,0,16
B1,Tutti-deployed,4,0.134,1098,4096,256,2,336.718,919.581,4497408,true,gpu_nvme_kernel,,0,16
B1,Tutti-deployed,4,0.134,1098,4096,256,3,342.028,936.373,4497408,true,gpu_nvme_kernel,,0,16
B1,Tutti-deployed,4,0.134,1098,4096,256,4,338.714,917.945,4497408,true,gpu_nvme_kernel,,0,16
B1,Tutti-deployed,4,0.134,1098,4096,256,5,347.217,921.539,4497408,true,gpu_nvme_kernel,,0,16
B1,Tutti-deployed,4,0.134,1098,4096,256,6,351.345,961,4497408,true,gpu_nvme_kernel,,0,16
B1,Tutti-deployed,4,0.134,1098,4096,256,7,352.962,942.467,4497408,true,gpu_nvme_kernel,,0,16
B1,Tutti-deployed,4,0.134,1098,4096,256,8,340.953,938.6,4497408,true,gpu_nvme_kernel,,0,16
B1,Tutti-deployed,4,0.134,1098,4096,256,9,335.948,899.564,4497408,true,gpu_nvme_kernel,,0,16
B1,Tutti-deployed,4,0.134,1098,4096,256,0,346.9,914.528,4497408,true,gpu_nvme_kernel,,1,16
B1,Tutti-deployed,4,0.134,1098,4096,256,1,346.023,970.996,4497408,true,gpu_nvme_kernel,,1,16
B1,Tutti-deployed,4,0.134,1098,4096,256,2,340.823,953.775,4497408,true,gpu_nvme_kernel,,1,16
B1,Tutti-deployed,4,0.134,1098,4096,256,3,341.458,911.605,4497408,true,gpu_nvme_kernel,,1,16
B1,Tutti-deployed,4,0.134,1098,4096,256,4,341.951,907.159,4497408,true,gpu_nvme_kernel,,1,16
B1,Tutti-deployed,4,0.134,1098,4096,256,5,336.636,987.88,4497408,true,gpu_nvme_kernel,,1,16
B1,Tutti-deployed,4,0.134,1098,4096,256,6,339.146,893.824,4497408,true,gpu_nvme_kernel,,1,16
B1,Tutti-deployed,4,0.134,1098,4096,256,7,341.077,946.478,4497408,true,gpu_nvme_kernel,,1,16
B1,Tutti-deployed,4,0.134,1098,4096,256,8,343.482,942.321,4497408,true,gpu_nvme_kernel,,1,16
B1,Tutti-deployed,4,0.134,1098,4096,256,9,338.078,959.012,4497408,true,gpu_nvme_kernel,,1,16
B1,Tutti-deployed,4,0.134,1098,4096,256,10,336.364,950.064,4497408,true,gpu_nvme_kernel,,1,16
B1,Tutti-deployed,4,0.134,1098,4096,256,11,340.224,1001.224,4497408,true,gpu_nvme_kernel,,1,16
B1,Tutti-deployed,4,0.134,1098,4096,256,12,348.116,959.245,4497408,true,gpu_nvme_kernel,,1,16
B1,Tutti-deployed,4,0.134,1098,4096,256,13,332.581,949.334,4497408,true,gpu_nvme_kernel,,1,16
B1,Tutti-deployed,4,0.134,1098,4096,256,14,333.919,912.387,4497408,true,gpu_nvme_kernel,,1,16
B1,Tutti-deployed,4,0.134,1098,4096,256,15,341.952,967.917,4497408,true,gpu_nvme_kernel,,1,16
B1,Tutti-deployed,4,0.134,1098,4096,256,16,337.19,923.592,4497408,true,gpu_nvme_kernel,,1,16
B1,Tutti-deployed,4,0.134,1098,4096,256,17,331.603,949.784,4497408,true,gpu_nvme_kernel,,1,16
B1,Tutti-deployed,4,0.134,1098,4096,256,18,330.756,923.984,4497408,true,gpu_nvme_kernel,,1,16
B1,Tutti-deployed,4,0.134,1098,4096,256,19,331.706,1076.227,4497408,true,gpu_nvme_kernel,,1,16
B1,Tutti-deployed,4,0.134,1098,4096,256,20,327.545,906.798,4497408,true,gpu_nvme_kernel,,1,16
B1,Tutti-deployed,4,0.134,1098,4096,256,21,348.459,910.283,4497408,true,gpu_nvme_kernel,,1,16
B1,Tutti-deployed,4,0.134,1098,4096,256,22,329.062,958.412,4497408,true,gpu_nvme_kernel,,1,16
B1,Tutti-deployed,4,0.134,1098,4096,256,23,339.293,1000.272,4497408,true,gpu_nvme_kernel,,1,16
B1,Tutti-deployed,4,0.134,1098,4096,256,24,330.892,1002.882,4497408,true,gpu_nvme_kernel,,1,16
B1,Tutti-deployed,4,0.134,1098,4096,256,25,341.049,945.103,4497408,true,gpu_nvme_kernel,,1,16
B1,Tutti-deployed,4,0.134,1098,4096,256,26,331.222,911.565,4497408,true,gpu_nvme_kernel,,1,16
B1,Tutti-deployed,4,0.134,1098,4096,256,27,332.111,928.809,4497408,true,gpu_nvme_kernel,,1,16
B1,Tutti-deployed,4,0.134,1098,4096,256,28,340.508,921.122,4497408,true,gpu_nvme_kernel,,1,16
B1,Tutti-deployed,4,0.134,1098,4096,256,29,341.65,974.167,4497408,true,gpu_nvme_kernel,,1,16
B1,Tutti-deployed,4,0.134,1098,4096,256,30,339.438,948.633,4497408,true,gpu_nvme_kernel,,1,16
B1,Tutti-deployed,4,0.134,1098,4096,256,31,330.664,928.476,4497408,true,gpu_nvme_kernel,,1,16
B1,Tutti-deployed,4,0.134,1098,4096,256,32,334.474,960.888,4497408,true,gpu_nvme_kernel,,1,16
B1,Tutti-deployed,4,0.134,1098,4096,256,33,328.573,987.845,4497408,true,gpu_nvme_kernel,,1,16
B1,Tutti-deployed,4,0.134,1098,4096,256,34,335.287,918.797,4497408,true,gpu_nvme_kernel,,1,16
B1,Tutti-deployed,4,0.134,1098,4096,256,35,328.601,933.665,4497408,true,gpu_nvme_kernel,,1,16
B1,Tutti-deployed,4,0.134,1098,4096,256,36,330.615,967.198,4497408,true,gpu_nvme_kernel,,1,16
B1,Tutti-deployed,4,0.134,1098,4096,256,37,329.199,911.292,4497408,true,gpu_nvme_kernel,,1,16
B1,Tutti-deployed,4,0.134,1098,4096,256,38,328.629,991.59,4497408,true,gpu_nvme_kernel,,1,16
B1,Tutti-deployed,4,0.134,1098,4096,256,39,345.91,964.019,4497408,true,gpu_nvme_kernel,,1,16
B1,Tutti-deployed,4,0.134,1098,4096,256,40,334.145,945.139,4497408,true,gpu_nvme_kernel,,1,16
B1,Tutti-deployed,4,0.134,1098,4096,256,41,334.568,985.623,4497408,true,gpu_nvme_kernel,,1,16
B1,Tutti-deployed,4,0.134,1098,4096,256,42,337.458,922.54,4497408,true,gpu_nvme_kernel,,1,16
B1,Tutti-deployed,4,0.134,1098,4096,256,43,342.418,922.569,4497408,true,gpu_nvme_kernel,,1,16
B1,Tutti-deployed,4,0.134,1098,4096,256,44,333.577,951.868,4497408,true,gpu_nvme_kernel,,1,16
B1,Tutti-deployed,4,0.134,1098,4096,256,45,332.848,965.955,4497408,true,gpu_nvme_kernel,,1,16
B1,Tutti-deployed,4,0.134,1098,4096,256,46,338.163,993.326,4497408,true,gpu_nvme_kernel,,1,16
B1,Tutti-deployed,4,0.134,1098,4096,256,47,333.335,924.881,4497408,true,gpu_nvme_kernel,,1,16
B1,Tutti-deployed,4,0.134,1098,4096,256,48,332.32,1081.081,4497408,true,gpu_nvme_kernel,,1,16
B1,Tutti-deployed,4,0.134,1098,4096,256,49,331.369,943.696,4497408,true,gpu_nvme_kernel,,1,16
B1,Tutti-deployed,4,0.134,1098,4096,256,50,336.268,1020.132,4497408,true,gpu_nvme_kernel,,1,16
B1,Tutti-deployed,4,0.134,1098,4096,256,51,331.106,973.16,4497408,true,gpu_nvme_kernel,,1,16
B1,Tutti-deployed,4,0.134,1098,4096,256,52,330.719,937.002,4497408,true,gpu_nvme_kernel,,1,16
B1,Tutti-deployed,4,0.134,1098,4096,256,53,338.694,962.835,4497408,true,gpu_nvme_kernel,,1,16
B1,Tutti-deployed,4,0.134,1098,4096,256,54,333.277,896.865,4497408,true,gpu_nvme_kernel,,1,16
B1,Tutti-deployed,4,0.134,1098,4096,256,55,331.248,970.795,4497408,true,gpu_nvme_kernel,,1,16
B1,Tutti-deployed,4,0.134,1098,4096,256,56,327.178,913.532,4497408,true,gpu_nvme_kernel,,1,16
B1,Tutti-deployed,4,0.134,1098,4096,256,57,330.016,924.626,4497408,true,gpu_nvme_kernel,,1,16
B1,Tutti-deployed,4,0.134,1098,4096,256,58,332.377,956.968,4497408,true,gpu_nvme_kernel,,1,16
B1,Tutti-deployed,4,0.134,1098,4096,256,59,330.058,912.374,4497408,true,gpu_nvme_kernel,,1,16
B1,Tutti-deployed,4,0.134,1098,4096,256,60,334.209,1016.805,4497408,true,gpu_nvme_kernel,,1,16
B1,Tutti-deployed,4,0.134,1098,4096,256,61,338.995,926.584,4497408,true,gpu_nvme_kernel,,1,16
B1,Tutti-deployed,4,0.134,1098,4096,256,62,331.666,889.882,4497408,true,gpu_nvme_kernel,,1,16
B1,Tutti-deployed,4,0.134,1098,4096,256,63,339.789,916.339,4497408,true,gpu_nvme_kernel,,1,16
B1,Tutti-deployed,4,0.134,1098,4096,256,64,333.236,902.398,4497408,true,gpu_nvme_kernel,,1,16
B1,Tutti-deployed,4,0.134,1098,4096,256,65,329.098,908.021,4497408,true,gpu_nvme_kernel,,1,16
B1,Tutti-deployed,4,0.134,1098,4096,256,66,331.754,962.968,4497408,true,gpu_nvme_kernel,,1,16
B1,Tutti-deployed,4,0.134,1098,4096,256,67,332.416,955.673,4497408,true,gpu_nvme_kernel,,1,16
B1,Tutti-deployed,4,0.134,1098,4096,256,68,340.506,994.211,4497408,true,gpu_nvme_kernel,,1,16
B1,Tutti-deployed,4,0.134,1098,4096,256,69,343.564,927.755,4497408,true,gpu_nvme_kernel,,1,16
B1,Tutti-deployed,4,0.134,1098,4096,256,70,339.752,951.296,4497408,true,gpu_nvme_kernel,,1,16
B1,Tutti-deployed,4,0.134,1098,4096,256,71,328.409,950.872,4497408,true,gpu_nvme_kernel,,1,16
B1,Tutti-deployed,4,0.134,1098,4096,256,72,330.347,925,4497408,true,gpu_nvme_kernel,,1,16
B1,Tutti-deployed,4,0.134,1098,4096,256,73,329.163,912.27,4497408,true,gpu_nvme_kernel,,1,16
B1,Tutti-deployed,4,0.134,1098,4096,256,74,334.516,964.567,4497408,true,gpu_nvme_kernel,,1,16
B1,Tutti-deployed,4,0.134,1098,4096,256,75,343.745,942.772,4497408,true,gpu_nvme_kernel,,1,16
B1,Tutti-deployed,4,0.134,1098,4096,256,76,338.892,919.615,4497408,true,gpu_nvme_kernel,,1,16
B1,Tutti-deployed,4,0.134,1098,4096,256,77,349.504,969.201,4497408,true,gpu_nvme_kernel,,1,16
B1,Tutti-deployed,4,0.134,1098,4096,256,78,335.042,912.805,4497408,true,gpu_nvme_kernel,,1,16
B1,Tutti-deployed,4,0.134,1098,4096,256,79,331.401,905.358,4497408,true,gpu_nvme_kernel,,1,16
B1,Tutti-deployed,4,0.134,1098,4096,256,80,338.75,899.637,4497408,true,gpu_nvme_kernel,,1,16
B1,Tutti-deployed,4,0.134,1098,4096,256,81,337.525,987.465,4497408,true,gpu_nvme_kernel,,1,16
B1,Tutti-deployed,4,0.134,1098,4096,256,82,332.934,997.167,4497408,true,gpu_nvme_kernel,,1,16
B1,Tutti-deployed,4,0.134,1098,4096,256,83,346.112,918.595,4497408,true,gpu_nvme_kernel,,1,16
B1,Tutti-deployed,4,0.134,1098,4096,256,84,342.08,994.75,4497408,true,gpu_nvme_kernel,,1,16
B1,Tutti-deployed,4,0.134,1098,4096,256,85,330.64,950.285,4497408,true,gpu_nvme_kernel,,1,16
B1,Tutti-deployed,4,0.134,1098,4096,256,86,332.516,926.759,4497408,true,gpu_nvme_kernel,,1,16
B1,Tutti-deployed,4,0.134,1098,4096,256,87,334.876,898.791,4497408,true,gpu_nvme_kernel,,1,16
B1,Tutti-deployed,4,0.134,1098,4096,256,88,331.358,893.315,4497408,true,gpu_nvme_kernel,,1,16
B1,Tutti-deployed,4,0.134,1098,4096,256,89,325.761,916.293,4497408,true,gpu_nvme_kernel,,1,16
B1,Tutti-deployed,4,0.134,1098,4096,256,90,331.169,897.821,4497408,true,gpu_nvme_kernel,,1,16
B1,Tutti-deployed,4,0.134,1098,4096,256,91,345,915.308,4497408,true,gpu_nvme_kernel,,1,16
B1,Tutti-deployed,4,0.134,1098,4096,256,92,327.85,1034.152,4497408,true,gpu_nvme_kernel,,1,16
B1,Tutti-deployed,4,0.134,1098,4096,256,93,331.293,926.012,4497408,true,gpu_nvme_kernel,,1,16
B1,Tutti-deployed,4,0.134,1098,4096,256,94,331.259,986.053,4497408,true,gpu_nvme_kernel,,1,16
B1,Tutti-deployed,4,0.134,1098,4096,256,95,332.942,914.54,4497408,true,gpu_nvme_kernel,,1,16
B1,Tutti-deployed,4,0.134,1098,4096,256,96,342,909.585,4497408,true,gpu_nvme_kernel,,1,16
B1,Tutti-deployed,4,0.134,1098,4096,256,97,338.761,952.367,4497408,true,gpu_nvme_kernel,,1,16
B1,Tutti-deployed,4,0.134,1098,4096,256,98,340.372,940.97,4497408,true,gpu_nvme_kernel,,1,16
B1,Tutti-deployed,4,0.134,1098,4096,256,99,330.722,965.013,4497408,true,gpu_nvme_kernel,,1,16
B1,Tutti-deployed,4,0.134,1098,4096,256,100,331.466,923.432,4497408,true,gpu_nvme_kernel,,1,16
B1,Tutti-deployed,4,0.134,1098,4096,256,101,329.982,930.243,4497408,true,gpu_nvme_kernel,,1,16
B1,Tutti-deployed,4,0.134,1098,4096,256,102,333.221,942.107,4497408,true,gpu_nvme_kernel,,1,16
B1,Tutti-deployed,4,0.134,1098,4096,256,103,339.351,884.231,4497408,true,gpu_nvme_kernel,,1,16
B1,Tutti-deployed,4,0.134,1098,4096,256,104,348.536,934.528,4497408,true,gpu_nvme_kernel,,1,16
B1,Tutti-deployed,4,0.134,1098,4096,256,105,328.095,906.592,4497408,true,gpu_nvme_kernel,,1,16
B1,Tutti-deployed,4,0.134,1098,4096,256,106,330.391,940.997,4497408,true,gpu_nvme_kernel,,1,16
B1,Tutti-deployed,4,0.134,1098,4096,256,107,328.304,994.095,4497408,true,gpu_nvme_kernel,,1,16
B1,Tutti-deployed,4,0.134,1098,4096,256,108,332.402,979.171,4497408,true,gpu_nvme_kernel,,1,16
B1,Tutti-deployed,4,0.134,1098,4096,256,109,327.383,917.473,4497408,true,gpu_nvme_kernel,,1,16
B1,Tutti-deployed,4,0.134,1098,4096,256,110,326.978,938.452,4497408,true,gpu_nvme_kernel,,1,16
B1,Tutti-deployed,4,0.134,1098,4096,256,111,343.808,941.641,4497408,true,gpu_nvme_kernel,,1,16
B1,Tutti-deployed,4,0.134,1098,4096,256,112,331.756,924.038,4497408,true,gpu_nvme_kernel,,1,16
B1,Tutti-deployed,4,0.134,1098,4096,256,113,330.137,947.116,4497408,true,gpu_nvme_kernel,,1,16
B1,Tutti-deployed,4,0.134,1098,4096,256,114,332.839,926.912,4497408,true,gpu_nvme_kernel,,1,16
B1,Tutti-deployed,4,0.134,1098,4096,256,115,326.981,916.427,4497408,true,gpu_nvme_kernel,,1,16
B1,Tutti-deployed,4,0.134,1098,4096,256,116,344.63,913.406,4497408,true,gpu_nvme_kernel,,1,16
B1,Tutti-deployed,4,0.134,1098,4096,256,117,329.194,967.113,4497408,true,gpu_nvme_kernel,,1,16
B1,Tutti-deployed,4,0.134,1098,4096,256,118,332.985,916.314,4497408,true,gpu_nvme_kernel,,1,16
B1,Tutti-deployed,4,0.134,1098,4096,256,119,325.62,1041.294,4497408,true,gpu_nvme_kernel,,1,16
B1,Tutti-deployed,4,0.134,1098,4096,256,120,332.576,1067.844,4497408,true,gpu_nvme_kernel,,1,16
B1,Tutti-deployed,4,0.134,1098,4096,256,121,335.587,1055.318,4497408,true,gpu_nvme_kernel,,1,16
B1,Tutti-deployed,4,0.134,1098,4096,256,122,330.12,940.985,4497408,true,gpu_nvme_kernel,,1,16
B1,Tutti-deployed,4,0.134,1098,4096,256,123,434.321,1008.973,4497408,true,gpu_nvme_kernel,,1,16
B1,Tutti-deployed,4,0.134,1098,4096,256,124,336.625,952.502,4497408,true,gpu_nvme_kernel,,1,16
B1,Tutti-deployed,4,0.134,1098,4096,256,125,353.41,931.387,4497408,true,gpu_nvme_kernel,,1,16
B1,Tutti-deployed,4,0.134,1098,4096,256,126,330.414,922.483,4497408,true,gpu_nvme_kernel,,1,16
B1,Tutti-deployed,4,0.134,1098,4096,256,127,335.189,905.816,4497408,true,gpu_nvme_kernel,,1,16
B1,Tutti-deployed,4,0.134,1098,4096,256,128,337.141,977.426,4497408,true,gpu_nvme_kernel,,1,16
B1,Tutti-deployed,4,0.134,1098,4096,256,129,332.612,952.727,4497408,true,gpu_nvme_kernel,,1,16
B1,Tutti-deployed,4,0.134,1098,4096,256,130,327.981,968.297,4497408,true,gpu_nvme_kernel,,1,16
B1,Tutti-deployed,4,0.134,1098,4096,256,131,329.436,934.087,4497408,true,gpu_nvme_kernel,,1,16
B1,Tutti-deployed,4,0.134,1098,4096,256,132,344.298,920.351,4497408,true,gpu_nvme_kernel,,1,16
B1,Tutti-deployed,4,0.134,1098,4096,256,133,340.827,981.766,4497408,true,gpu_nvme_kernel,,1,16
B1,Tutti-deployed,4,0.134,1098,4096,256,134,332.508,898.259,4497408,true,gpu_nvme_kernel,,1,16
B1,Tutti-deployed,4,0.134,1098,4096,256,135,335.381,920.884,4497408,true,gpu_nvme_kernel,,1,16
B1,Tutti-deployed,4,0.134,1098,4096,256,136,328.171,912.773,4497408,true,gpu_nvme_kernel,,1,16
B1,Tutti-deployed,4,0.134,1098,4096,256,137,338.516,915.826,4497408,true,gpu_nvme_kernel,,1,16
B1,Tutti-deployed,4,0.134,1098,4096,256,138,332.799,920.076,4497408,true,gpu_nvme_kernel,,1,16
B1,Tutti-deployed,4,0.134,1098,4096,256,139,337.306,933.318,4497408,true,gpu_nvme_kernel,,1,16
B1,Tutti-deployed,4,0.134,1098,4096,256,140,332.682,928.825,4497408,true,gpu_nvme_kernel,,1,16
B1,Tutti-deployed,4,0.134,1098,4096,256,141,346.253,909.763,4497408,true,gpu_nvme_kernel,,1,16
B1,Tutti-deployed,4,0.134,1098,4096,256,142,326.997,950.629,4497408,true,gpu_nvme_kernel,,1,16
B1,Tutti-deployed,4,0.134,1098,4096,256,143,338.121,879.514,4497408,true,gpu_nvme_kernel,,1,16
B1,Tutti-deployed,4,0.134,1098,4096,256,144,339.727,965.835,4497408,true,gpu_nvme_kernel,,1,16
B1,Tutti-deployed,4,0.134,1098,4096,256,145,340.228,971.119,4497408,true,gpu_nvme_kernel,,1,16
B1,Tutti-deployed,4,0.134,1098,4096,256,146,343.626,914.396,4497408,true,gpu_nvme_kernel,,1,16
B1,Tutti-deployed,4,0.134,1098,4096,256,147,330.791,889.449,4497408,true,gpu_nvme_kernel,,1,16
B1,Tutti-deployed,4,0.134,1098,4096,256,148,327.152,989.13,4497408,true,gpu_nvme_kernel,,1,16
B1,Tutti-deployed,4,0.134,1098,4096,256,149,338.798,915.039,4497408,true,gpu_nvme_kernel,,1,16
B1,Tutti-deployed,4,0.134,1098,4096,256,150,345.947,893.868,4497408,true,gpu_nvme_kernel,,1,16
B1,Tutti-deployed,4,0.134,1098,4096,256,151,339.74,942.801,4497408,true,gpu_nvme_kernel,,1,16
B1,Tutti-deployed,4,0.134,1098,4096,256,152,328.601,997.772,4497408,true,gpu_nvme_kernel,,1,16
B1,Tutti-deployed,4,0.134,1098,4096,256,153,331.778,958.664,4497408,true,gpu_nvme_kernel,,1,16
B1,Tutti-deployed,4,0.134,1098,4096,256,154,331.782,986.137,4497408,true,gpu_nvme_kernel,,1,16
B1,Tutti-deployed,4,0.134,1098,4096,256,155,337.568,923.063,4497408,true,gpu_nvme_kernel,,1,16
B1,Tutti-deployed,4,0.134,1098,4096,256,156,332.493,931.703,4497408,true,gpu_nvme_kernel,,1,16
B1,Tutti-deployed,4,0.134,1098,4096,256,157,330.407,952.672,4497408,true,gpu_nvme_kernel,,1,16
B1,Tutti-deployed,4,0.134,1098,4096,256,158,332.852,966.714,4497408,true,gpu_nvme_kernel,,1,16
B1,Tutti-deployed,4,0.134,1098,4096,256,159,332.506,934.75,4497408,true,gpu_nvme_kernel,,1,16
B1,Tutti-deployed,4,0.134,1098,4096,256,160,327.999,903.945,4497408,true,gpu_nvme_kernel,,1,16
B1,Tutti-deployed,4,0.134,1098,4096,256,161,332.318,905.444,4497408,true,gpu_nvme_kernel,,1,16
B1,Tutti-deployed,4,0.134,1098,4096,256,162,336.766,926.643,4497408,true,gpu_nvme_kernel,,1,16
B1,Tutti-deployed,4,0.134,1098,4096,256,163,326.399,904.832,4497408,true,gpu_nvme_kernel,,1,16
B1,Tutti-deployed,4,0.134,1098,4096,256,164,324.995,925.919,4497408,true,gpu_nvme_kernel,,1,16
B1,Tutti-deployed,4,0.134,1098,4096,256,165,341.559,936.736,4497408,true,gpu_nvme_kernel,,1,16
B1,Tutti-deployed,4,0.134,1098,4096,256,166,328.632,945.34,4497408,true,gpu_nvme_kernel,,1,16
B1,Tutti-deployed,4,0.134,1098,4096,256,167,332.992,939.764,4497408,true,gpu_nvme_kernel,,1,16
B1,Tutti-deployed,4,0.134,1098,4096,256,168,333.372,906.141,4497408,true,gpu_nvme_kernel,,1,16
B1,Tutti-deployed,4,0.134,1098,4096,256,169,326.815,927.406,4497408,true,gpu_nvme_kernel,,1,16
B1,Tutti-deployed,4,0.134,1098,4096,256,170,325.567,945.014,4497408,true,gpu_nvme_kernel,,1,16
B1,Tutti-deployed,4,0.134,1098,4096,256,171,326.987,893.015,4497408,true,gpu_nvme_kernel,,1,16
B1,Tutti-deployed,4,0.134,1098,4096,256,172,341.738,953.372,4497408,true,gpu_nvme_kernel,,1,16
B1,Tutti-deployed,4,0.134,1098,4096,256,173,331.078,923.513,4497408,true,gpu_nvme_kernel,,1,16
B1,Tutti-deployed,4,0.134,1098,4096,256,174,327.089,915.151,4497408,true,gpu_nvme_kernel,,1,16
B1,Tutti-deployed,4,0.134,1098,4096,256,175,326.702,928.074,4497408,true,gpu_nvme_kernel,,1,16
B1,Tutti-deployed,4,0.134,1098,4096,256,176,332.842,1032.997,4497408,true,gpu_nvme_kernel,,1,16
B1,Tutti-deployed,4,0.134,1098,4096,256,177,329.214,999.815,4497408,true,gpu_nvme_kernel,,1,16
B1,Tutti-deployed,4,0.134,1098,4096,256,178,327.676,893.431,4497408,true,gpu_nvme_kernel,,1,16
B1,Tutti-deployed,4,0.134,1098,4096,256,179,346.198,919.789,4497408,true,gpu_nvme_kernel,,1,16
B1,Tutti-deployed,4,0.134,1098,4096,256,180,334.209,926.962,4497408,true,gpu_nvme_kernel,,1,16
B1,Tutti-deployed,4,0.134,1098,4096,256,181,331.301,935.972,4497408,true,gpu_nvme_kernel,,1,16
B1,Tutti-deployed,4,0.134,1098,4096,256,182,329.001,1008.447,4497408,true,gpu_nvme_kernel,,1,16
B1,Tutti-deployed,4,0.134,1098,4096,256,183,337.185,893.34,4497408,true,gpu_nvme_kernel,,1,16
B1,Tutti-deployed,4,0.134,1098,4096,256,184,338.636,928.043,4497408,true,gpu_nvme_kernel,,1,16
B1,Tutti-deployed,4,0.134,1098,4096,256,185,330.221,939.791,4497408,true,gpu_nvme_kernel,,1,16
B1,Tutti-deployed,4,0.134,1098,4096,256,186,337.217,911.449,4497408,true,gpu_nvme_kernel,,1,16
B1,Tutti-deployed,4,0.134,1098,4096,256,187,333.809,1028.549,4497408,true,gpu_nvme_kernel,,1,16
B1,Tutti-deployed,4,0.134,1098,4096,256,188,329.588,929.288,4497408,true,gpu_nvme_kernel,,1,16
B1,Tutti-deployed,4,0.134,1098,4096,256,189,344.569,897.728,4497408,true,gpu_nvme_kernel,,1,16
B1,Tutti-deployed,4,0.134,1098,4096,256,190,330.236,932.286,4497408,true,gpu_nvme_kernel,,1,16
B1,Tutti-deployed,4,0.134,1098,4096,256,191,330.471,997.71,4497408,true,gpu_nvme_kernel,,1,16
B1,Tutti-deployed,4,0.134,1098,4096,256,192,332.482,983.196,4497408,true,gpu_nvme_kernel,,1,16
B1,Tutti-deployed,4,0.134,1098,4096,256,193,340.511,914.973,4497408,true,gpu_nvme_kernel,,1,16
B1,Tutti-deployed,4,0.134,1098,4096,256,194,344.579,982.444,4497408,true,gpu_nvme_kernel,,1,16
B1,Tutti-deployed,4,0.134,1098,4096,256,195,335.008,908.218,4497408,true,gpu_nvme_kernel,,1,16
B1,Tutti-deployed,4,0.134,1098,4096,256,196,328.116,931.128,4497408,true,gpu_nvme_kernel,,1,16
B1,Tutti-deployed,4,0.134,1098,4096,256,197,333.215,904.583,4497408,true,gpu_nvme_kernel,,1,16
B1,Tutti-deployed,4,0.134,1098,4096,256,198,327.946,1022.085,4497408,true,gpu_nvme_kernel,,1,16
B1,Tutti-deployed,4,0.134,1098,4096,256,199,326.706,1008.421,4497408,true,gpu_nvme_kernel,,1,16
B1,Tutti-deployed,4,0.134,1098,4096,256,0,349.45,960.333,4497408,true,gpu_nvme_kernel,,3,16
B1,Tutti-deployed,4,0.3,2458,4096,256,0,738.911,1958.384,10067968,true,gpu_nvme_kernel,,2,16
B1,Tutti-deployed,4,0.3,2458,4096,256,0,738.926,2007.837,10067968,true,gpu_nvme_kernel,,0,16
B1,Tutti-deployed,4,0.3,2458,4096,256,1,736.671,1945.085,10067968,true,gpu_nvme_kernel,,0,16
B1,Tutti-deployed,4,0.3,2458,4096,256,2,742.216,1931.452,10067968,true,gpu_nvme_kernel,,0,16
B1,Tutti-deployed,4,0.3,2458,4096,256,3,747.821,1937.692,10067968,true,gpu_nvme_kernel,,0,16
B1,Tutti-deployed,4,0.3,2458,4096,256,4,736.605,1922.239,10067968,true,gpu_nvme_kernel,,0,16
B1,Tutti-deployed,4,0.3,2458,4096,256,5,741.139,1986.244,10067968,true,gpu_nvme_kernel,,0,16
B1,Tutti-deployed,4,0.3,2458,4096,256,6,749.988,1911.86,10067968,true,gpu_nvme_kernel,,0,16
B1,Tutti-deployed,4,0.3,2458,4096,256,7,732.37,1923.218,10067968,true,gpu_nvme_kernel,,0,16
B1,Tutti-deployed,4,0.3,2458,4096,256,8,731.288,1966.148,10067968,true,gpu_nvme_kernel,,0,16
B1,Tutti-deployed,4,0.3,2458,4096,256,9,742.839,1950.89,10067968,true,gpu_nvme_kernel,,0,16
B1,Tutti-deployed,4,0.3,2458,4096,256,0,730.941,1903.396,10067968,true,gpu_nvme_kernel,,1,16
B1,Tutti-deployed,4,0.3,2458,4096,256,1,735.93,1972.249,10067968,true,gpu_nvme_kernel,,1,16
B1,Tutti-deployed,4,0.3,2458,4096,256,2,745.02,2007.847,10067968,true,gpu_nvme_kernel,,1,16
B1,Tutti-deployed,4,0.3,2458,4096,256,3,743.517,1935.512,10067968,true,gpu_nvme_kernel,,1,16
B1,Tutti-deployed,4,0.3,2458,4096,256,4,734.093,1966.926,10067968,true,gpu_nvme_kernel,,1,16
B1,Tutti-deployed,4,0.3,2458,4096,256,5,727.277,2054.573,10067968,true,gpu_nvme_kernel,,1,16
B1,Tutti-deployed,4,0.3,2458,4096,256,6,738.296,2083.322,10067968,true,gpu_nvme_kernel,,1,16
B1,Tutti-deployed,4,0.3,2458,4096,256,7,739.453,1956.17,10067968,true,gpu_nvme_kernel,,1,16
B1,Tutti-deployed,4,0.3,2458,4096,256,8,733.354,1964.421,10067968,true,gpu_nvme_kernel,,1,16
B1,Tutti-deployed,4,0.3,2458,4096,256,9,738.383,1955.533,10067968,true,gpu_nvme_kernel,,1,16
B1,Tutti-deployed,4,0.3,2458,4096,256,10,729.823,1950.199,10067968,true,gpu_nvme_kernel,,1,16
B1,Tutti-deployed,4,0.3,2458,4096,256,11,739.944,1966.515,10067968,true,gpu_nvme_kernel,,1,16
B1,Tutti-deployed,4,0.3,2458,4096,256,12,744.894,1976.279,10067968,true,gpu_nvme_kernel,,1,16
B1,Tutti-deployed,4,0.3,2458,4096,256,13,738.311,1977.139,10067968,true,gpu_nvme_kernel,,1,16
B1,Tutti-deployed,4,0.3,2458,4096,256,14,740.981,2035.284,10067968,true,gpu_nvme_kernel,,1,16
B1,Tutti-deployed,4,0.3,2458,4096,256,15,734.881,2043.557,10067968,true,gpu_nvme_kernel,,1,16
B1,Tutti-deployed,4,0.3,2458,4096,256,16,749.57,1948.121,10067968,true,gpu_nvme_kernel,,1,16
B1,Tutti-deployed,4,0.3,2458,4096,256,17,734.742,2037.64,10067968,true,gpu_nvme_kernel,,1,16
B1,Tutti-deployed,4,0.3,2458,4096,256,18,734.295,1984.92,10067968,true,gpu_nvme_kernel,,1,16
B1,Tutti-deployed,4,0.3,2458,4096,256,19,732.925,2059.996,10067968,true,gpu_nvme_kernel,,1,16
B1,Tutti-deployed,4,0.3,2458,4096,256,20,749.444,1950.154,10067968,true,gpu_nvme_kernel,,1,16
B1,Tutti-deployed,4,0.3,2458,4096,256,21,723.61,1937.714,10067968,true,gpu_nvme_kernel,,1,16
B1,Tutti-deployed,4,0.3,2458,4096,256,22,730.837,1918.398,10067968,true,gpu_nvme_kernel,,1,16
B1,Tutti-deployed,4,0.3,2458,4096,256,23,731.027,1976.661,10067968,true,gpu_nvme_kernel,,1,16
B1,Tutti-deployed,4,0.3,2458,4096,256,24,734.183,2025.676,10067968,true,gpu_nvme_kernel,,1,16
B1,Tutti-deployed,4,0.3,2458,4096,256,25,736.323,2040.424,10067968,true,gpu_nvme_kernel,,1,16
B1,Tutti-deployed,4,0.3,2458,4096,256,26,727.936,1958.901,10067968,true,gpu_nvme_kernel,,1,16
B1,Tutti-deployed,4,0.3,2458,4096,256,27,737.309,1941.675,10067968,true,gpu_nvme_kernel,,1,16
B1,Tutti-deployed,4,0.3,2458,4096,256,28,738.157,1922.586,10067968,true,gpu_nvme_kernel,,1,16
B1,Tutti-deployed,4,0.3,2458,4096,256,29,734.364,1983.985,10067968,true,gpu_nvme_kernel,,1,16
B1,Tutti-deployed,4,0.3,2458,4096,256,30,746.421,1850.328,10067968,true,gpu_nvme_kernel,,1,16
B1,Tutti-deployed,4,0.3,2458,4096,256,31,749.081,1891.597,10067968,true,gpu_nvme_kernel,,1,16
B1,Tutti-deployed,4,0.3,2458,4096,256,32,732.217,2001.209,10067968,true,gpu_nvme_kernel,,1,16
B1,Tutti-deployed,4,0.3,2458,4096,256,33,743.436,1944.474,10067968,true,gpu_nvme_kernel,,1,16
B1,Tutti-deployed,4,0.3,2458,4096,256,34,743.859,1952.967,10067968,true,gpu_nvme_kernel,,1,16
B1,Tutti-deployed,4,0.3,2458,4096,256,35,728.325,1948.219,10067968,true,gpu_nvme_kernel,,1,16
B1,Tutti-deployed,4,0.3,2458,4096,256,36,727.987,1981.485,10067968,true,gpu_nvme_kernel,,1,16
B1,Tutti-deployed,4,0.3,2458,4096,256,37,733.114,2063.783,10067968,true,gpu_nvme_kernel,,1,16
B1,Tutti-deployed,4,0.3,2458,4096,256,38,731.119,1964.925,10067968,true,gpu_nvme_kernel,,1,16
B1,Tutti-deployed,4,0.3,2458,4096,256,39,752.391,1964.611,10067968,true,gpu_nvme_kernel,,1,16
B1,Tutti-deployed,4,0.3,2458,4096,256,40,747.335,2043.575,10067968,true,gpu_nvme_kernel,,1,16
B1,Tutti-deployed,4,0.3,2458,4096,256,41,738.015,2005.341,10067968,true,gpu_nvme_kernel,,1,16
B1,Tutti-deployed,4,0.3,2458,4096,256,42,743.329,1924.759,10067968,true,gpu_nvme_kernel,,1,16
B1,Tutti-deployed,4,0.3,2458,4096,256,43,749.168,1984.926,10067968,true,gpu_nvme_kernel,,1,16
B1,Tutti-deployed,4,0.3,2458,4096,256,44,741.376,1895.231,10067968,true,gpu_nvme_kernel,,1,16
B1,Tutti-deployed,4,0.3,2458,4096,256,45,729.149,1957.343,10067968,true,gpu_nvme_kernel,,1,16
B1,Tutti-deployed,4,0.3,2458,4096,256,46,737.617,1981.192,10067968,true,gpu_nvme_kernel,,1,16
B1,Tutti-deployed,4,0.3,2458,4096,256,47,737.255,1913.885,10067968,true,gpu_nvme_kernel,,1,16
B1,Tutti-deployed,4,0.3,2458,4096,256,48,737.649,1987.883,10067968,true,gpu_nvme_kernel,,1,16
B1,Tutti-deployed,4,0.3,2458,4096,256,49,733.259,1975.702,10067968,true,gpu_nvme_kernel,,1,16
B1,Tutti-deployed,4,0.3,2458,4096,256,50,740.542,2018.775,10067968,true,gpu_nvme_kernel,,1,16
B1,Tutti-deployed,4,0.3,2458,4096,256,51,730.552,2014.275,10067968,true,gpu_nvme_kernel,,1,16
B1,Tutti-deployed,4,0.3,2458,4096,256,52,727.494,1915.238,10067968,true,gpu_nvme_kernel,,1,16
B1,Tutti-deployed,4,0.3,2458,4096,256,53,729.68,1905.346,10067968,true,gpu_nvme_kernel,,1,16
B1,Tutti-deployed,4,0.3,2458,4096,256,54,725.69,1948.407,10067968,true,gpu_nvme_kernel,,1,16
B1,Tutti-deployed,4,0.3,2458,4096,256,55,737.686,2005.292,10067968,true,gpu_nvme_kernel,,1,16
B1,Tutti-deployed,4,0.3,2458,4096,256,56,741.201,1944.149,10067968,true,gpu_nvme_kernel,,1,16
B1,Tutti-deployed,4,0.3,2458,4096,256,57,730.81,2052.267,10067968,true,gpu_nvme_kernel,,1,16
B1,Tutti-deployed,4,0.3,2458,4096,256,58,739.707,1987.303,10067968,true,gpu_nvme_kernel,,1,16
B1,Tutti-deployed,4,0.3,2458,4096,256,59,735.141,1968.39,10067968,true,gpu_nvme_kernel,,1,16
B1,Tutti-deployed,4,0.3,2458,4096,256,60,734.881,1935.736,10067968,true,gpu_nvme_kernel,,1,16
B1,Tutti-deployed,4,0.3,2458,4096,256,61,739.357,1992.284,10067968,true,gpu_nvme_kernel,,1,16
B1,Tutti-deployed,4,0.3,2458,4096,256,62,730.597,1996.463,10067968,true,gpu_nvme_kernel,,1,16
B1,Tutti-deployed,4,0.3,2458,4096,256,63,727.74,1947.68,10067968,true,gpu_nvme_kernel,,1,16
B1,Tutti-deployed,4,0.3,2458,4096,256,64,734.41,2017.339,10067968,true,gpu_nvme_kernel,,1,16
B1,Tutti-deployed,4,0.3,2458,4096,256,65,731.017,1994.537,10067968,true,gpu_nvme_kernel,,1,16
B1,Tutti-deployed,4,0.3,2458,4096,256,66,727.765,1905.713,10067968,true,gpu_nvme_kernel,,1,16
B1,Tutti-deployed,4,0.3,2458,4096,256,67,740.46,1988.137,10067968,true,gpu_nvme_kernel,,1,16
B1,Tutti-deployed,4,0.3,2458,4096,256,68,733.738,1967.943,10067968,true,gpu_nvme_kernel,,1,16
B1,Tutti-deployed,4,0.3,2458,4096,256,69,732.142,1956.806,10067968,true,gpu_nvme_kernel,,1,16
B1,Tutti-deployed,4,0.3,2458,4096,256,70,740.277,2014.899,10067968,true,gpu_nvme_kernel,,1,16
B1,Tutti-deployed,4,0.3,2458,4096,256,71,743.759,1939.881,10067968,true,gpu_nvme_kernel,,1,16
B1,Tutti-deployed,4,0.3,2458,4096,256,72,738.406,1994.251,10067968,true,gpu_nvme_kernel,,1,16
B1,Tutti-deployed,4,0.3,2458,4096,256,73,733.852,2023.162,10067968,true,gpu_nvme_kernel,,1,16
B1,Tutti-deployed,4,0.3,2458,4096,256,74,732.566,1939.912,10067968,true,gpu_nvme_kernel,,1,16
B1,Tutti-deployed,4,0.3,2458,4096,256,75,742.446,1975.327,10067968,true,gpu_nvme_kernel,,1,16
B1,Tutti-deployed,4,0.3,2458,4096,256,76,736.361,1960.033,10067968,true,gpu_nvme_kernel,,1,16
B1,Tutti-deployed,4,0.3,2458,4096,256,77,734.56,1917.953,10067968,true,gpu_nvme_kernel,,1,16
B1,Tutti-deployed,4,0.3,2458,4096,256,78,728.103,1962.52,10067968,true,gpu_nvme_kernel,,1,16
B1,Tutti-deployed,4,0.3,2458,4096,256,79,732.869,2024.049,10067968,true,gpu_nvme_kernel,,1,16
B1,Tutti-deployed,4,0.3,2458,4096,256,80,728.687,2012.132,10067968,true,gpu_nvme_kernel,,1,16
B1,Tutti-deployed,4,0.3,2458,4096,256,81,736.387,1957.739,10067968,true,gpu_nvme_kernel,,1,16
B1,Tutti-deployed,4,0.3,2458,4096,256,82,730.53,2011.821,10067968,true,gpu_nvme_kernel,,1,16
B1,Tutti-deployed,4,0.3,2458,4096,256,83,742.374,1950.013,10067968,true,gpu_nvme_kernel,,1,16
B1,Tutti-deployed,4,0.3,2458,4096,256,84,739.791,1965.17,10067968,true,gpu_nvme_kernel,,1,16
B1,Tutti-deployed,4,0.3,2458,4096,256,85,728.683,2027.395,10067968,true,gpu_nvme_kernel,,1,16
B1,Tutti-deployed,4,0.3,2458,4096,256,86,734.144,1969.162,10067968,true,gpu_nvme_kernel,,1,16
B1,Tutti-deployed,4,0.3,2458,4096,256,87,742.665,1933.642,10067968,true,gpu_nvme_kernel,,1,16
B1,Tutti-deployed,4,0.3,2458,4096,256,88,736.633,2016.218,10067968,true,gpu_nvme_kernel,,1,16
B1,Tutti-deployed,4,0.3,2458,4096,256,89,742.668,2026.299,10067968,true,gpu_nvme_kernel,,1,16
B1,Tutti-deployed,4,0.3,2458,4096,256,90,737.698,2001.868,10067968,true,gpu_nvme_kernel,,1,16
B1,Tutti-deployed,4,0.3,2458,4096,256,91,731.327,1949.32,10067968,true,gpu_nvme_kernel,,1,16
B1,Tutti-deployed,4,0.3,2458,4096,256,92,739.718,1969.062,10067968,true,gpu_nvme_kernel,,1,16
B1,Tutti-deployed,4,0.3,2458,4096,256,93,738.873,1896.704,10067968,true,gpu_nvme_kernel,,1,16
B1,Tutti-deployed,4,0.3,2458,4096,256,94,745.703,1921.611,10067968,true,gpu_nvme_kernel,,1,16
B1,Tutti-deployed,4,0.3,2458,4096,256,95,754.019,1989.043,10067968,true,gpu_nvme_kernel,,1,16
B1,Tutti-deployed,4,0.3,2458,4096,256,96,738.708,2000.33,10067968,true,gpu_nvme_kernel,,1,16
B1,Tutti-deployed,4,0.3,2458,4096,256,97,731.808,1970.826,10067968,true,gpu_nvme_kernel,,1,16
B1,Tutti-deployed,4,0.3,2458,4096,256,98,755.565,1939.556,10067968,true,gpu_nvme_kernel,,1,16
B1,Tutti-deployed,4,0.3,2458,4096,256,99,734.589,1954.747,10067968,true,gpu_nvme_kernel,,1,16
B1,Tutti-deployed,4,0.3,2458,4096,256,100,733.975,1910.168,10067968,true,gpu_nvme_kernel,,1,16
B1,Tutti-deployed,4,0.3,2458,4096,256,101,742.009,1943.669,10067968,true,gpu_nvme_kernel,,1,16
B1,Tutti-deployed,4,0.3,2458,4096,256,102,732.976,2010.912,10067968,true,gpu_nvme_kernel,,1,16
B1,Tutti-deployed,4,0.3,2458,4096,256,103,730.255,2012.346,10067968,true,gpu_nvme_kernel,,1,16
B1,Tutti-deployed,4,0.3,2458,4096,256,104,729.27,1984.828,10067968,true,gpu_nvme_kernel,,1,16
B1,Tutti-deployed,4,0.3,2458,4096,256,105,742.358,1988.906,10067968,true,gpu_nvme_kernel,,1,16
B1,Tutti-deployed,4,0.3,2458,4096,256,106,753.093,1920.629,10067968,true,gpu_nvme_kernel,,1,16
B1,Tutti-deployed,4,0.3,2458,4096,256,107,737.762,2041.744,10067968,true,gpu_nvme_kernel,,1,16
B1,Tutti-deployed,4,0.3,2458,4096,256,108,733.194,1976.523,10067968,true,gpu_nvme_kernel,,1,16
B1,Tutti-deployed,4,0.3,2458,4096,256,109,741.016,2052.349,10067968,true,gpu_nvme_kernel,,1,16
B1,Tutti-deployed,4,0.3,2458,4096,256,110,746.153,1989.289,10067968,true,gpu_nvme_kernel,,1,16
B1,Tutti-deployed,4,0.3,2458,4096,256,111,740.798,1985.37,10067968,true,gpu_nvme_kernel,,1,16
B1,Tutti-deployed,4,0.3,2458,4096,256,112,736.378,1973.741,10067968,true,gpu_nvme_kernel,,1,16
B1,Tutti-deployed,4,0.3,2458,4096,256,113,741.764,1933.463,10067968,true,gpu_nvme_kernel,,1,16
B1,Tutti-deployed,4,0.3,2458,4096,256,114,737.236,1916.283,10067968,true,gpu_nvme_kernel,,1,16
B1,Tutti-deployed,4,0.3,2458,4096,256,115,734.922,2014.449,10067968,true,gpu_nvme_kernel,,1,16
B1,Tutti-deployed,4,0.3,2458,4096,256,116,741.997,1961.513,10067968,true,gpu_nvme_kernel,,1,16
B1,Tutti-deployed,4,0.3,2458,4096,256,117,736.029,1962.491,10067968,true,gpu_nvme_kernel,,1,16
B1,Tutti-deployed,4,0.3,2458,4096,256,118,738.362,1972.238,10067968,true,gpu_nvme_kernel,,1,16
B1,Tutti-deployed,4,0.3,2458,4096,256,119,741.34,1941.51,10067968,true,gpu_nvme_kernel,,1,16
B1,Tutti-deployed,4,0.3,2458,4096,256,120,752.145,2005.654,10067968,true,gpu_nvme_kernel,,1,16
B1,Tutti-deployed,4,0.3,2458,4096,256,121,748.165,1929.222,10067968,true,gpu_nvme_kernel,,1,16
B1,Tutti-deployed,4,0.3,2458,4096,256,122,749.663,1937.793,10067968,true,gpu_nvme_kernel,,1,16
B1,Tutti-deployed,4,0.3,2458,4096,256,123,733.009,1973.612,10067968,true,gpu_nvme_kernel,,1,16
B1,Tutti-deployed,4,0.3,2458,4096,256,124,741.47,1936.393,10067968,true,gpu_nvme_kernel,,1,16
B1,Tutti-deployed,4,0.3,2458,4096,256,125,733.861,1893.625,10067968,true,gpu_nvme_kernel,,1,16
B1,Tutti-deployed,4,0.3,2458,4096,256,126,747.269,1957.149,10067968,true,gpu_nvme_kernel,,1,16
B1,Tutti-deployed,4,0.3,2458,4096,256,127,733.3,1932.565,10067968,true,gpu_nvme_kernel,,1,16
B1,Tutti-deployed,4,0.3,2458,4096,256,128,738.136,1918.551,10067968,true,gpu_nvme_kernel,,1,16
B1,Tutti-deployed,4,0.3,2458,4096,256,129,742.682,2017.127,10067968,true,gpu_nvme_kernel,,1,16
B1,Tutti-deployed,4,0.3,2458,4096,256,130,745.652,1922.151,10067968,true,gpu_nvme_kernel,,1,16
B1,Tutti-deployed,4,0.3,2458,4096,256,131,746.884,2011.983,10067968,true,gpu_nvme_kernel,,1,16
B1,Tutti-deployed,4,0.3,2458,4096,256,132,738.885,1929.472,10067968,true,gpu_nvme_kernel,,1,16
B1,Tutti-deployed,4,0.3,2458,4096,256,133,730.779,2012.713,10067968,true,gpu_nvme_kernel,,1,16
B1,Tutti-deployed,4,0.3,2458,4096,256,134,737.903,1911.91,10067968,true,gpu_nvme_kernel,,1,16
B1,Tutti-deployed,4,0.3,2458,4096,256,135,729.922,1880.77,10067968,true,gpu_nvme_kernel,,1,16
B1,Tutti-deployed,4,0.3,2458,4096,256,136,735.751,1931.725,10067968,true,gpu_nvme_kernel,,1,16
B1,Tutti-deployed,4,0.3,2458,4096,256,137,738.319,1942.302,10067968,true,gpu_nvme_kernel,,1,16
B1,Tutti-deployed,4,0.3,2458,4096,256,138,733.89,2015.898,10067968,true,gpu_nvme_kernel,,1,16
B1,Tutti-deployed,4,0.3,2458,4096,256,139,736.158,2030.032,10067968,true,gpu_nvme_kernel,,1,16
B1,Tutti-deployed,4,0.3,2458,4096,256,140,750.91,1922.064,10067968,true,gpu_nvme_kernel,,1,16
B1,Tutti-deployed,4,0.3,2458,4096,256,141,739.501,2175.568,10067968,true,gpu_nvme_kernel,,1,16
B1,Tutti-deployed,4,0.3,2458,4096,256,142,725.996,2028.459,10067968,true,gpu_nvme_kernel,,1,16
B1,Tutti-deployed,4,0.3,2458,4096,256,143,741.138,1991.751,10067968,true,gpu_nvme_kernel,,1,16
B1,Tutti-deployed,4,0.3,2458,4096,256,144,738.55,1943.697,10067968,true,gpu_nvme_kernel,,1,16
B1,Tutti-deployed,4,0.3,2458,4096,256,145,738.658,1941.99,10067968,true,gpu_nvme_kernel,,1,16
B1,Tutti-deployed,4,0.3,2458,4096,256,146,732.256,1995.545,10067968,true,gpu_nvme_kernel,,1,16
B1,Tutti-deployed,4,0.3,2458,4096,256,147,730.731,1899.223,10067968,true,gpu_nvme_kernel,,1,16
B1,Tutti-deployed,4,0.3,2458,4096,256,148,741.359,1996.277,10067968,true,gpu_nvme_kernel,,1,16
B1,Tutti-deployed,4,0.3,2458,4096,256,149,738.532,1943.781,10067968,true,gpu_nvme_kernel,,1,16
B1,Tutti-deployed,4,0.3,2458,4096,256,150,733.247,1913.028,10067968,true,gpu_nvme_kernel,,1,16
B1,Tutti-deployed,4,0.3,2458,4096,256,151,736.793,2055.156,10067968,true,gpu_nvme_kernel,,1,16
B1,Tutti-deployed,4,0.3,2458,4096,256,152,736.063,1946.996,10067968,true,gpu_nvme_kernel,,1,16
B1,Tutti-deployed,4,0.3,2458,4096,256,153,729.938,1948.365,10067968,true,gpu_nvme_kernel,,1,16
B1,Tutti-deployed,4,0.3,2458,4096,256,154,737.12,2013.517,10067968,true,gpu_nvme_kernel,,1,16
B1,Tutti-deployed,4,0.3,2458,4096,256,155,732.519,1971.127,10067968,true,gpu_nvme_kernel,,1,16
B1,Tutti-deployed,4,0.3,2458,4096,256,156,740.606,1948.369,10067968,true,gpu_nvme_kernel,,1,16
B1,Tutti-deployed,4,0.3,2458,4096,256,157,751.492,1913.189,10067968,true,gpu_nvme_kernel,,1,16
B1,Tutti-deployed,4,0.3,2458,4096,256,158,744.616,1939.427,10067968,true,gpu_nvme_kernel,,1,16
B1,Tutti-deployed,4,0.3,2458,4096,256,159,737.851,1999.403,10067968,true,gpu_nvme_kernel,,1,16
B1,Tutti-deployed,4,0.3,2458,4096,256,160,738.564,1981.234,10067968,true,gpu_nvme_kernel,,1,16
B1,Tutti-deployed,4,0.3,2458,4096,256,161,727.157,2042.355,10067968,true,gpu_nvme_kernel,,1,16
B1,Tutti-deployed,4,0.3,2458,4096,256,162,732.262,2011.322,10067968,true,gpu_nvme_kernel,,1,16
B1,Tutti-deployed,4,0.3,2458,4096,256,163,730.768,2019.933,10067968,true,gpu_nvme_kernel,,1,16
B1,Tutti-deployed,4,0.3,2458,4096,256,164,730.452,1904.24,10067968,true,gpu_nvme_kernel,,1,16
B1,Tutti-deployed,4,0.3,2458,4096,256,165,734.931,1959.153,10067968,true,gpu_nvme_kernel,,1,16
B1,Tutti-deployed,4,0.3,2458,4096,256,166,743.206,1927.702,10067968,true,gpu_nvme_kernel,,1,16
B1,Tutti-deployed,4,0.3,2458,4096,256,167,733.816,2094.439,10067968,true,gpu_nvme_kernel,,1,16
B1,Tutti-deployed,4,0.3,2458,4096,256,168,736.985,1911.721,10067968,true,gpu_nvme_kernel,,1,16
B1,Tutti-deployed,4,0.3,2458,4096,256,169,729.159,1912.22,10067968,true,gpu_nvme_kernel,,1,16
B1,Tutti-deployed,4,0.3,2458,4096,256,170,731.387,2064.7,10067968,true,gpu_nvme_kernel,,1,16
B1,Tutti-deployed,4,0.3,2458,4096,256,171,744.768,1893.761,10067968,true,gpu_nvme_kernel,,1,16
B1,Tutti-deployed,4,0.3,2458,4096,256,172,732.313,1987.942,10067968,true,gpu_nvme_kernel,,1,16
B1,Tutti-deployed,4,0.3,2458,4096,256,173,754.789,1921.861,10067968,true,gpu_nvme_kernel,,1,16
B1,Tutti-deployed,4,0.3,2458,4096,256,174,736.92,1946.657,10067968,true,gpu_nvme_kernel,,1,16
B1,Tutti-deployed,4,0.3,2458,4096,256,175,731.447,1954.834,10067968,true,gpu_nvme_kernel,,1,16
B1,Tutti-deployed,4,0.3,2458,4096,256,176,735.86,1971.679,10067968,true,gpu_nvme_kernel,,1,16
B1,Tutti-deployed,4,0.3,2458,4096,256,177,726.41,2013.586,10067968,true,gpu_nvme_kernel,,1,16
B1,Tutti-deployed,4,0.3,2458,4096,256,178,739.549,1936.265,10067968,true,gpu_nvme_kernel,,1,16
B1,Tutti-deployed,4,0.3,2458,4096,256,179,731.347,1900.305,10067968,true,gpu_nvme_kernel,,1,16
B1,Tutti-deployed,4,0.3,2458,4096,256,180,741.693,1998.933,10067968,true,gpu_nvme_kernel,,1,16
B1,Tutti-deployed,4,0.3,2458,4096,256,181,877.571,1958.962,10067968,true,gpu_nvme_kernel,,1,16
B1,Tutti-deployed,4,0.3,2458,4096,256,182,853.741,2008.457,10067968,true,gpu_nvme_kernel,,1,16
B1,Tutti-deployed,4,0.3,2458,4096,256,183,853.305,1939.122,10067968,true,gpu_nvme_kernel,,1,16
B1,Tutti-deployed,4,0.3,2458,4096,256,184,852.993,2010.428,10067968,true,gpu_nvme_kernel,,1,16
B1,Tutti-deployed,4,0.3,2458,4096,256,185,851.562,2011.411,10067968,true,gpu_nvme_kernel,,1,16
B1,Tutti-deployed,4,0.3,2458,4096,256,186,851.222,1937.997,10067968,true,gpu_nvme_kernel,,1,16
B1,Tutti-deployed,4,0.3,2458,4096,256,187,875.042,1939.578,10067968,true,gpu_nvme_kernel,,1,16
B1,Tutti-deployed,4,0.3,2458,4096,256,188,854.603,1982.537,10067968,true,gpu_nvme_kernel,,1,16
B1,Tutti-deployed,4,0.3,2458,4096,256,189,841.959,1985.256,10067968,true,gpu_nvme_kernel,,1,16
B1,Tutti-deployed,4,0.3,2458,4096,256,190,848.098,1958.399,10067968,true,gpu_nvme_kernel,,1,16
B1,Tutti-deployed,4,0.3,2458,4096,256,191,856.436,1925.334,10067968,true,gpu_nvme_kernel,,1,16
B1,Tutti-deployed,4,0.3,2458,4096,256,192,845.326,1993.651,10067968,true,gpu_nvme_kernel,,1,16
B1,Tutti-deployed,4,0.3,2458,4096,256,193,847.711,1963.072,10067968,true,gpu_nvme_kernel,,1,16
B1,Tutti-deployed,4,0.3,2458,4096,256,194,852.21,2015.89,10067968,true,gpu_nvme_kernel,,1,16
B1,Tutti-deployed,4,0.3,2458,4096,256,195,848.77,1935.653,10067968,true,gpu_nvme_kernel,,1,16
B1,Tutti-deployed,4,0.3,2458,4096,256,196,844.487,2054.532,10067968,true,gpu_nvme_kernel,,1,16
B1,Tutti-deployed,4,0.3,2458,4096,256,197,846.159,1999.686,10067968,true,gpu_nvme_kernel,,1,16
B1,Tutti-deployed,4,0.3,2458,4096,256,198,852.921,1897.238,10067968,true,gpu_nvme_kernel,,1,16
B1,Tutti-deployed,4,0.3,2458,4096,256,199,864.544,2015.341,10067968,true,gpu_nvme_kernel,,1,16
B1,Tutti-deployed,4,0.3,2458,4096,256,0,861.669,1876.863,10067968,true,gpu_nvme_kernel,,3,16
B1,Tutti-deployed,16,0.067,2195,4096,256,0,771.736,1786.523,8990720,true,gpu_nvme_kernel,,2,16
B1,Tutti-deployed,16,0.067,2195,4096,256,0,769.527,1854.401,8990720,true,gpu_nvme_kernel,,0,16
B1,Tutti-deployed,16,0.067,2195,4096,256,1,757.203,1761.385,8990720,true,gpu_nvme_kernel,,0,16
B1,Tutti-deployed,16,0.067,2195,4096,256,2,761.196,1750.766,8990720,true,gpu_nvme_kernel,,0,16
B1,Tutti-deployed,16,0.067,2195,4096,256,3,761.036,1773.147,8990720,true,gpu_nvme_kernel,,0,16
B1,Tutti-deployed,16,0.067,2195,4096,256,4,764.949,1781.193,8990720,true,gpu_nvme_kernel,,0,16
B1,Tutti-deployed,16,0.067,2195,4096,256,5,767.831,1820.496,8990720,true,gpu_nvme_kernel,,0,16
B1,Tutti-deployed,16,0.067,2195,4096,256,6,755.532,1949.605,8990720,true,gpu_nvme_kernel,,0,16
B1,Tutti-deployed,16,0.067,2195,4096,256,7,758.804,1755.841,8990720,true,gpu_nvme_kernel,,0,16
B1,Tutti-deployed,16,0.067,2195,4096,256,8,755.338,1786.968,8990720,true,gpu_nvme_kernel,,0,16
B1,Tutti-deployed,16,0.067,2195,4096,256,9,760.306,1733.156,8990720,true,gpu_nvme_kernel,,0,16
B1,Tutti-deployed,16,0.067,2195,4096,256,0,763.708,1776.862,8990720,true,gpu_nvme_kernel,,1,16
B1,Tutti-deployed,16,0.067,2195,4096,256,1,762.069,1774.061,8990720,true,gpu_nvme_kernel,,1,16
B1,Tutti-deployed,16,0.067,2195,4096,256,2,758.484,1940.971,8990720,true,gpu_nvme_kernel,,1,16
B1,Tutti-deployed,16,0.067,2195,4096,256,3,764.549,1736.285,8990720,true,gpu_nvme_kernel,,1,16
B1,Tutti-deployed,16,0.067,2195,4096,256,4,771.454,1887.323,8990720,true,gpu_nvme_kernel,,1,16
B1,Tutti-deployed,16,0.067,2195,4096,256,5,764.91,1744.498,8990720,true,gpu_nvme_kernel,,1,16
B1,Tutti-deployed,16,0.067,2195,4096,256,6,769.345,1844.425,8990720,true,gpu_nvme_kernel,,1,16
B1,Tutti-deployed,16,0.067,2195,4096,256,7,769.652,1760.919,8990720,true,gpu_nvme_kernel,,1,16
B1,Tutti-deployed,16,0.067,2195,4096,256,8,768.709,1745.763,8990720,true,gpu_nvme_kernel,,1,16
B1,Tutti-deployed,16,0.067,2195,4096,256,9,771.743,1837.658,8990720,true,gpu_nvme_kernel,,1,16
B1,Tutti-deployed,16,0.067,2195,4096,256,10,770.1,1668.277,8990720,true,gpu_nvme_kernel,,1,16
B1,Tutti-deployed,16,0.067,2195,4096,256,11,1392.392,2085.494,8990720,true,gpu_nvme_kernel,,1,16
B1,Tutti-deployed,16,0.067,2195,4096,256,12,776.437,1815.973,8990720,true,gpu_nvme_kernel,,1,16
B1,Tutti-deployed,16,0.067,2195,4096,256,13,756.955,1769.441,8990720,true,gpu_nvme_kernel,,1,16
B1,Tutti-deployed,16,0.067,2195,4096,256,14,759.104,1732.855,8990720,true,gpu_nvme_kernel,,1,16
B1,Tutti-deployed,16,0.067,2195,4096,256,15,777.172,1730.595,8990720,true,gpu_nvme_kernel,,1,16
B1,Tutti-deployed,16,0.067,2195,4096,256,16,857.952,1915.73,8990720,true,gpu_nvme_kernel,,1,16
B1,Tutti-deployed,16,0.067,2195,4096,256,17,777.811,1702.805,8990720,true,gpu_nvme_kernel,,1,16
B1,Tutti-deployed,16,0.067,2195,4096,256,18,782.894,1714.948,8990720,true,gpu_nvme_kernel,,1,16
B1,Tutti-deployed,16,0.067,2195,4096,256,19,795.374,1821.05,8990720,true,gpu_nvme_kernel,,1,16
B1,Tutti-deployed,16,0.067,2195,4096,256,20,765.555,1727.56,8990720,true,gpu_nvme_kernel,,1,16
B1,Tutti-deployed,16,0.067,2195,4096,256,21,764.88,1790.449,8990720,true,gpu_nvme_kernel,,1,16
B1,Tutti-deployed,16,0.067,2195,4096,256,22,769.038,1743.586,8990720,true,gpu_nvme_kernel,,1,16
B1,Tutti-deployed,16,0.067,2195,4096,256,23,768.869,1742.756,8990720,true,gpu_nvme_kernel,,1,16
B1,Tutti-deployed,16,0.067,2195,4096,256,24,760.331,1773.955,8990720,true,gpu_nvme_kernel,,1,16
B1,Tutti-deployed,16,0.067,2195,4096,256,25,766.934,1738.39,8990720,true,gpu_nvme_kernel,,1,16
B1,Tutti-deployed,16,0.067,2195,4096,256,26,759.76,1806.677,8990720,true,gpu_nvme_kernel,,1,16
B1,Tutti-deployed,16,0.067,2195,4096,256,27,757.189,1825.176,8990720,true,gpu_nvme_kernel,,1,16
B1,Tutti-deployed,16,0.067,2195,4096,256,28,765.031,1770.876,8990720,true,gpu_nvme_kernel,,1,16
B1,Tutti-deployed,16,0.067,2195,4096,256,29,767.443,1785.186,8990720,true,gpu_nvme_kernel,,1,16
B1,Tutti-deployed,16,0.067,2195,4096,256,30,761.164,1715.344,8990720,true,gpu_nvme_kernel,,1,16
B1,Tutti-deployed,16,0.067,2195,4096,256,31,757.639,1877.785,8990720,true,gpu_nvme_kernel,,1,16
B1,Tutti-deployed,16,0.067,2195,4096,256,32,900.466,1901.677,8990720,true,gpu_nvme_kernel,,1,16
B1,Tutti-deployed,16,0.067,2195,4096,256,33,775.722,1789.435,8990720,true,gpu_nvme_kernel,,1,16
B1,Tutti-deployed,16,0.067,2195,4096,256,34,770.226,1864.295,8990720,true,gpu_nvme_kernel,,1,16
B1,Tutti-deployed,16,0.067,2195,4096,256,35,770.26,1749.796,8990720,true,gpu_nvme_kernel,,1,16
B1,Tutti-deployed,16,0.067,2195,4096,256,36,759.02,1715.792,8990720,true,gpu_nvme_kernel,,1,16
B1,Tutti-deployed,16,0.067,2195,4096,256,37,768.551,1687.451,8990720,true,gpu_nvme_kernel,,1,16
B1,Tutti-deployed,16,0.067,2195,4096,256,38,765.525,1860.041,8990720,true,gpu_nvme_kernel,,1,16
B1,Tutti-deployed,16,0.067,2195,4096,256,39,788.232,1782.757,8990720,true,gpu_nvme_kernel,,1,16
B1,Tutti-deployed,16,0.067,2195,4096,256,40,752.814,1783.896,8990720,true,gpu_nvme_kernel,,1,16
B1,Tutti-deployed,16,0.067,2195,4096,256,41,761.961,1777.613,8990720,true,gpu_nvme_kernel,,1,16
B1,Tutti-deployed,16,0.067,2195,4096,256,42,766.469,1742.286,8990720,true,gpu_nvme_kernel,,1,16
B1,Tutti-deployed,16,0.067,2195,4096,256,43,774.314,1817.834,8990720,true,gpu_nvme_kernel,,1,16
B1,Tutti-deployed,16,0.067,2195,4096,256,44,760.429,1777.345,8990720,true,gpu_nvme_kernel,,1,16
B1,Tutti-deployed,16,0.067,2195,4096,256,45,753.039,1757.518,8990720,true,gpu_nvme_kernel,,1,16
B1,Tutti-deployed,16,0.067,2195,4096,256,46,769.826,1721.909,8990720,true,gpu_nvme_kernel,,1,16
B1,Tutti-deployed,16,0.067,2195,4096,256,47,767.273,1770.589,8990720,true,gpu_nvme_kernel,,1,16
B1,Tutti-deployed,16,0.067,2195,4096,256,48,764.12,1792.242,8990720,true,gpu_nvme_kernel,,1,16
B1,Tutti-deployed,16,0.067,2195,4096,256,49,777.014,1743.139,8990720,true,gpu_nvme_kernel,,1,16
B1,Tutti-deployed,16,0.067,2195,4096,256,50,755.832,1778.19,8990720,true,gpu_nvme_kernel,,1,16
B1,Tutti-deployed,16,0.067,2195,4096,256,51,763.492,1781.182,8990720,true,gpu_nvme_kernel,,1,16
B1,Tutti-deployed,16,0.067,2195,4096,256,52,776.04,1866.443,8990720,true,gpu_nvme_kernel,,1,16
B1,Tutti-deployed,16,0.067,2195,4096,256,53,763.05,1757.997,8990720,true,gpu_nvme_kernel,,1,16
B1,Tutti-deployed,16,0.067,2195,4096,256,54,764.059,1789.706,8990720,true,gpu_nvme_kernel,,1,16
B1,Tutti-deployed,16,0.067,2195,4096,256,55,751.212,1776.612,8990720,true,gpu_nvme_kernel,,1,16
B1,Tutti-deployed,16,0.067,2195,4096,256,56,759.03,1770.701,8990720,true,gpu_nvme_kernel,,1,16
B1,Tutti-deployed,16,0.067,2195,4096,256,57,757.612,1762.419,8990720,true,gpu_nvme_kernel,,1,16
B1,Tutti-deployed,16,0.067,2195,4096,256,58,777.025,1812.736,8990720,true,gpu_nvme_kernel,,1,16
B1,Tutti-deployed,16,0.067,2195,4096,256,59,751.591,1879.535,8990720,true,gpu_nvme_kernel,,1,16
B1,Tutti-deployed,16,0.067,2195,4096,256,60,759.12,1805.569,8990720,true,gpu_nvme_kernel,,1,16
B1,Tutti-deployed,16,0.067,2195,4096,256,61,764.575,1783.366,8990720,true,gpu_nvme_kernel,,1,16
B1,Tutti-deployed,16,0.067,2195,4096,256,62,769.135,1800.066,8990720,true,gpu_nvme_kernel,,1,16
B1,Tutti-deployed,16,0.067,2195,4096,256,63,751.691,1700.587,8990720,true,gpu_nvme_kernel,,1,16
B1,Tutti-deployed,16,0.067,2195,4096,256,64,762.752,1726.179,8990720,true,gpu_nvme_kernel,,1,16
B1,Tutti-deployed,16,0.067,2195,4096,256,65,760.35,1761.793,8990720,true,gpu_nvme_kernel,,1,16
B1,Tutti-deployed,16,0.067,2195,4096,256,66,762.275,1725.557,8990720,true,gpu_nvme_kernel,,1,16
B1,Tutti-deployed,16,0.067,2195,4096,256,67,757.26,1777.454,8990720,true,gpu_nvme_kernel,,1,16
B1,Tutti-deployed,16,0.067,2195,4096,256,68,748.25,1915.237,8990720,true,gpu_nvme_kernel,,1,16
B1,Tutti-deployed,16,0.067,2195,4096,256,69,757.663,1769.325,8990720,true,gpu_nvme_kernel,,1,16
B1,Tutti-deployed,16,0.067,2195,4096,256,70,751.91,1761.892,8990720,true,gpu_nvme_kernel,,1,16
B1,Tutti-deployed,16,0.067,2195,4096,256,71,772.805,1727.616,8990720,true,gpu_nvme_kernel,,1,16
B1,Tutti-deployed,16,0.067,2195,4096,256,72,767.016,1723.248,8990720,true,gpu_nvme_kernel,,1,16
B1,Tutti-deployed,16,0.067,2195,4096,256,73,749.766,1806.994,8990720,true,gpu_nvme_kernel,,1,16
B1,Tutti-deployed,16,0.067,2195,4096,256,74,764.697,1788.909,8990720,true,gpu_nvme_kernel,,1,16
B1,Tutti-deployed,16,0.067,2195,4096,256,75,778.934,1716.811,8990720,true,gpu_nvme_kernel,,1,16
B1,Tutti-deployed,16,0.067,2195,4096,256,76,788.858,1780.933,8990720,true,gpu_nvme_kernel,,1,16
B1,Tutti-deployed,16,0.067,2195,4096,256,77,766.756,1805.643,8990720,true,gpu_nvme_kernel,,1,16
B1,Tutti-deployed,16,0.067,2195,4096,256,78,764.723,1778.036,8990720,true,gpu_nvme_kernel,,1,16
B1,Tutti-deployed,16,0.067,2195,4096,256,79,769.038,1773.671,8990720,true,gpu_nvme_kernel,,1,16
B1,Tutti-deployed,16,0.067,2195,4096,256,80,764.701,1737.672,8990720,true,gpu_nvme_kernel,,1,16
B1,Tutti-deployed,16,0.067,2195,4096,256,81,751.586,1739.267,8990720,true,gpu_nvme_kernel,,1,16
B1,Tutti-deployed,16,0.067,2195,4096,256,82,759.479,1744.075,8990720,true,gpu_nvme_kernel,,1,16
B1,Tutti-deployed,16,0.067,2195,4096,256,83,768.207,1713.827,8990720,true,gpu_nvme_kernel,,1,16
B1,Tutti-deployed,16,0.067,2195,4096,256,84,761.622,1759.286,8990720,true,gpu_nvme_kernel,,1,16
B1,Tutti-deployed,16,0.067,2195,4096,256,85,763.78,1887.954,8990720,true,gpu_nvme_kernel,,1,16
B1,Tutti-deployed,16,0.067,2195,4096,256,86,764.847,1746.237,8990720,true,gpu_nvme_kernel,,1,16
B1,Tutti-deployed,16,0.067,2195,4096,256,87,756.162,1815.876,8990720,true,gpu_nvme_kernel,,1,16
B1,Tutti-deployed,16,0.067,2195,4096,256,88,763.002,1772.712,8990720,true,gpu_nvme_kernel,,1,16
B1,Tutti-deployed,16,0.067,2195,4096,256,89,753.331,1890.013,8990720,true,gpu_nvme_kernel,,1,16
B1,Tutti-deployed,16,0.067,2195,4096,256,90,750.575,1738.3,8990720,true,gpu_nvme_kernel,,1,16
B1,Tutti-deployed,16,0.067,2195,4096,256,91,751.394,1737.56,8990720,true,gpu_nvme_kernel,,1,16
B1,Tutti-deployed,16,0.067,2195,4096,256,92,758.036,1769.141,8990720,true,gpu_nvme_kernel,,1,16
B1,Tutti-deployed,16,0.067,2195,4096,256,93,775.621,1777.214,8990720,true,gpu_nvme_kernel,,1,16
B1,Tutti-deployed,16,0.067,2195,4096,256,94,750.455,1874.736,8990720,true,gpu_nvme_kernel,,1,16
B1,Tutti-deployed,16,0.067,2195,4096,256,95,760.226,1814.141,8990720,true,gpu_nvme_kernel,,1,16
B1,Tutti-deployed,16,0.067,2195,4096,256,96,762.98,1774.544,8990720,true,gpu_nvme_kernel,,1,16
B1,Tutti-deployed,16,0.067,2195,4096,256,97,766.407,1780.116,8990720,true,gpu_nvme_kernel,,1,16
B1,Tutti-deployed,16,0.067,2195,4096,256,98,764.261,1786.13,8990720,true,gpu_nvme_kernel,,1,16
B1,Tutti-deployed,16,0.067,2195,4096,256,99,761.916,1752.067,8990720,true,gpu_nvme_kernel,,1,16
B1,Tutti-deployed,16,0.067,2195,4096,256,100,763.385,1764.025,8990720,true,gpu_nvme_kernel,,1,16
B1,Tutti-deployed,16,0.067,2195,4096,256,101,755.657,1798.405,8990720,true,gpu_nvme_kernel,,1,16
B1,Tutti-deployed,16,0.067,2195,4096,256,102,755.711,1773.456,8990720,true,gpu_nvme_kernel,,1,16
B1,Tutti-deployed,16,0.067,2195,4096,256,103,766.706,1754.3,8990720,true,gpu_nvme_kernel,,1,16
B1,Tutti-deployed,16,0.067,2195,4096,256,104,750.64,1781.281,8990720,true,gpu_nvme_kernel,,1,16
B1,Tutti-deployed,16,0.067,2195,4096,256,105,763.076,1804.968,8990720,true,gpu_nvme_kernel,,1,16
B1,Tutti-deployed,16,0.067,2195,4096,256,106,758.3,1761.885,8990720,true,gpu_nvme_kernel,,1,16
B1,Tutti-deployed,16,0.067,2195,4096,256,107,764.836,1791.93,8990720,true,gpu_nvme_kernel,,1,16
B1,Tutti-deployed,16,0.067,2195,4096,256,108,775.124,1733.62,8990720,true,gpu_nvme_kernel,,1,16
B1,Tutti-deployed,16,0.067,2195,4096,256,109,763.07,1833.189,8990720,true,gpu_nvme_kernel,,1,16
B1,Tutti-deployed,16,0.067,2195,4096,256,110,753.321,1840.665,8990720,true,gpu_nvme_kernel,,1,16
B1,Tutti-deployed,16,0.067,2195,4096,256,111,772.801,1883.027,8990720,true,gpu_nvme_kernel,,1,16
B1,Tutti-deployed,16,0.067,2195,4096,256,112,755.759,1755.965,8990720,true,gpu_nvme_kernel,,1,16
B1,Tutti-deployed,16,0.067,2195,4096,256,113,761.58,1715.677,8990720,true,gpu_nvme_kernel,,1,16
B1,Tutti-deployed,16,0.067,2195,4096,256,114,752.085,1732.978,8990720,true,gpu_nvme_kernel,,1,16
B1,Tutti-deployed,16,0.067,2195,4096,256,115,762.157,1747.781,8990720,true,gpu_nvme_kernel,,1,16
B1,Tutti-deployed,16,0.067,2195,4096,256,116,756.381,1771.809,8990720,true,gpu_nvme_kernel,,1,16
B1,Tutti-deployed,16,0.067,2195,4096,256,117,764.937,1801.906,8990720,true,gpu_nvme_kernel,,1,16
B1,Tutti-deployed,16,0.067,2195,4096,256,118,751.721,1810.344,8990720,true,gpu_nvme_kernel,,1,16
B1,Tutti-deployed,16,0.067,2195,4096,256,119,758.619,1770.886,8990720,true,gpu_nvme_kernel,,1,16
B1,Tutti-deployed,16,0.067,2195,4096,256,120,760.754,1766.994,8990720,true,gpu_nvme_kernel,,1,16
B1,Tutti-deployed,16,0.067,2195,4096,256,121,756.246,1749.933,8990720,true,gpu_nvme_kernel,,1,16
B1,Tutti-deployed,16,0.067,2195,4096,256,122,761.015,1778.114,8990720,true,gpu_nvme_kernel,,1,16
B1,Tutti-deployed,16,0.067,2195,4096,256,123,763.279,1835.95,8990720,true,gpu_nvme_kernel,,1,16
B1,Tutti-deployed,16,0.067,2195,4096,256,124,771.071,1758.67,8990720,true,gpu_nvme_kernel,,1,16
B1,Tutti-deployed,16,0.067,2195,4096,256,125,758.076,1792.83,8990720,true,gpu_nvme_kernel,,1,16
B1,Tutti-deployed,16,0.067,2195,4096,256,126,767.904,1722.592,8990720,true,gpu_nvme_kernel,,1,16
B1,Tutti-deployed,16,0.067,2195,4096,256,127,759.676,1737.118,8990720,true,gpu_nvme_kernel,,1,16
B1,Tutti-deployed,16,0.067,2195,4096,256,128,753.784,1740.666,8990720,true,gpu_nvme_kernel,,1,16
B1,Tutti-deployed,16,0.067,2195,4096,256,129,752.573,1776.443,8990720,true,gpu_nvme_kernel,,1,16
B1,Tutti-deployed,16,0.067,2195,4096,256,130,754.483,1796.939,8990720,true,gpu_nvme_kernel,,1,16
B1,Tutti-deployed,16,0.067,2195,4096,256,131,756.647,1822.813,8990720,true,gpu_nvme_kernel,,1,16
B1,Tutti-deployed,16,0.067,2195,4096,256,132,755.612,1772.209,8990720,true,gpu_nvme_kernel,,1,16
B1,Tutti-deployed,16,0.067,2195,4096,256,133,772.641,1760.248,8990720,true,gpu_nvme_kernel,,1,16
B1,Tutti-deployed,16,0.067,2195,4096,256,134,751.3,1772.081,8990720,true,gpu_nvme_kernel,,1,16
B1,Tutti-deployed,16,0.067,2195,4096,256,135,754.049,1872.578,8990720,true,gpu_nvme_kernel,,1,16
B1,Tutti-deployed,16,0.067,2195,4096,256,136,792.218,1765.631,8990720,true,gpu_nvme_kernel,,1,16
B1,Tutti-deployed,16,0.067,2195,4096,256,137,758.699,1872.943,8990720,true,gpu_nvme_kernel,,1,16
B1,Tutti-deployed,16,0.067,2195,4096,256,138,764.759,1841.673,8990720,true,gpu_nvme_kernel,,1,16
B1,Tutti-deployed,16,0.067,2195,4096,256,139,764.409,1710.714,8990720,true,gpu_nvme_kernel,,1,16
B1,Tutti-deployed,16,0.067,2195,4096,256,140,772.605,1737.752,8990720,true,gpu_nvme_kernel,,1,16
B1,Tutti-deployed,16,0.067,2195,4096,256,141,768.55,1797.624,8990720,true,gpu_nvme_kernel,,1,16
B1,Tutti-deployed,16,0.067,2195,4096,256,142,756.572,1777.294,8990720,true,gpu_nvme_kernel,,1,16
B1,Tutti-deployed,16,0.067,2195,4096,256,143,760.877,1739.562,8990720,true,gpu_nvme_kernel,,1,16
B1,Tutti-deployed,16,0.067,2195,4096,256,144,771.131,1795.712,8990720,true,gpu_nvme_kernel,,1,16
B1,Tutti-deployed,16,0.067,2195,4096,256,145,773.732,1806.456,8990720,true,gpu_nvme_kernel,,1,16
B1,Tutti-deployed,16,0.067,2195,4096,256,146,754.361,1846.672,8990720,true,gpu_nvme_kernel,,1,16
B1,Tutti-deployed,16,0.067,2195,4096,256,147,751.672,1841.787,8990720,true,gpu_nvme_kernel,,1,16
B1,Tutti-deployed,16,0.067,2195,4096,256,148,771.769,1762.043,8990720,true,gpu_nvme_kernel,,1,16
B1,Tutti-deployed,16,0.067,2195,4096,256,149,757.551,1737.767,8990720,true,gpu_nvme_kernel,,1,16
B1,Tutti-deployed,16,0.067,2195,4096,256,150,765.105,1807.515,8990720,true,gpu_nvme_kernel,,1,16
B1,Tutti-deployed,16,0.067,2195,4096,256,151,753.372,1768.667,8990720,true,gpu_nvme_kernel,,1,16
B1,Tutti-deployed,16,0.067,2195,4096,256,152,760.148,1817.205,8990720,true,gpu_nvme_kernel,,1,16
B1,Tutti-deployed,16,0.067,2195,4096,256,153,757.945,1710.582,8990720,true,gpu_nvme_kernel,,1,16
B1,Tutti-deployed,16,0.067,2195,4096,256,154,761.101,1752.324,8990720,true,gpu_nvme_kernel,,1,16
B1,Tutti-deployed,16,0.067,2195,4096,256,155,770.577,1743.629,8990720,true,gpu_nvme_kernel,,1,16
B1,Tutti-deployed,16,0.067,2195,4096,256,156,755.378,1852.076,8990720,true,gpu_nvme_kernel,,1,16
B1,Tutti-deployed,16,0.067,2195,4096,256,157,760.909,1799.325,8990720,true,gpu_nvme_kernel,,1,16
B1,Tutti-deployed,16,0.067,2195,4096,256,158,749.041,1801.08,8990720,true,gpu_nvme_kernel,,1,16
B1,Tutti-deployed,16,0.067,2195,4096,256,159,784.895,1826.541,8990720,true,gpu_nvme_kernel,,1,16
B1,Tutti-deployed,16,0.067,2195,4096,256,160,751.523,1853.672,8990720,true,gpu_nvme_kernel,,1,16
B1,Tutti-deployed,16,0.067,2195,4096,256,161,750.288,1793.545,8990720,true,gpu_nvme_kernel,,1,16
B1,Tutti-deployed,16,0.067,2195,4096,256,162,759.057,1700.227,8990720,true,gpu_nvme_kernel,,1,16
B1,Tutti-deployed,16,0.067,2195,4096,256,163,773.584,1768.498,8990720,true,gpu_nvme_kernel,,1,16
B1,Tutti-deployed,16,0.067,2195,4096,256,164,761.546,1801.007,8990720,true,gpu_nvme_kernel,,1,16
B1,Tutti-deployed,16,0.067,2195,4096,256,165,763.966,1826.85,8990720,true,gpu_nvme_kernel,,1,16
B1,Tutti-deployed,16,0.067,2195,4096,256,166,771.066,1777.254,8990720,true,gpu_nvme_kernel,,1,16
B1,Tutti-deployed,16,0.067,2195,4096,256,167,765.145,1855.592,8990720,true,gpu_nvme_kernel,,1,16
B1,Tutti-deployed,16,0.067,2195,4096,256,168,762.729,1757.862,8990720,true,gpu_nvme_kernel,,1,16
B1,Tutti-deployed,16,0.067,2195,4096,256,169,754.104,1853.814,8990720,true,gpu_nvme_kernel,,1,16
B1,Tutti-deployed,16,0.067,2195,4096,256,170,766.783,1754.122,8990720,true,gpu_nvme_kernel,,1,16
B1,Tutti-deployed,16,0.067,2195,4096,256,171,758.288,1765.526,8990720,true,gpu_nvme_kernel,,1,16
B1,Tutti-deployed,16,0.067,2195,4096,256,172,766.469,1741.423,8990720,true,gpu_nvme_kernel,,1,16
B1,Tutti-deployed,16,0.067,2195,4096,256,173,755.729,1764.57,8990720,true,gpu_nvme_kernel,,1,16
B1,Tutti-deployed,16,0.067,2195,4096,256,174,785.01,1766.681,8990720,true,gpu_nvme_kernel,,1,16
B1,Tutti-deployed,16,0.067,2195,4096,256,175,762.041,1836.013,8990720,true,gpu_nvme_kernel,,1,16
B1,Tutti-deployed,16,0.067,2195,4096,256,176,770.591,1795.622,8990720,true,gpu_nvme_kernel,,1,16
B1,Tutti-deployed,16,0.067,2195,4096,256,177,768.048,1753.399,8990720,true,gpu_nvme_kernel,,1,16
B1,Tutti-deployed,16,0.067,2195,4096,256,178,767.901,1727.367,8990720,true,gpu_nvme_kernel,,1,16
B1,Tutti-deployed,16,0.067,2195,4096,256,179,755.4,1874.053,8990720,true,gpu_nvme_kernel,,1,16
B1,Tutti-deployed,16,0.067,2195,4096,256,180,764.851,1821.214,8990720,true,gpu_nvme_kernel,,1,16
B1,Tutti-deployed,16,0.067,2195,4096,256,181,767.988,1800.289,8990720,true,gpu_nvme_kernel,,1,16
B1,Tutti-deployed,16,0.067,2195,4096,256,182,754.637,1789.23,8990720,true,gpu_nvme_kernel,,1,16
B1,Tutti-deployed,16,0.067,2195,4096,256,183,763.39,1749.204,8990720,true,gpu_nvme_kernel,,1,16
B1,Tutti-deployed,16,0.067,2195,4096,256,184,762.613,1813.112,8990720,true,gpu_nvme_kernel,,1,16
B1,Tutti-deployed,16,0.067,2195,4096,256,185,754.607,1822.302,8990720,true,gpu_nvme_kernel,,1,16
B1,Tutti-deployed,16,0.067,2195,4096,256,186,758.112,1759.642,8990720,true,gpu_nvme_kernel,,1,16
B1,Tutti-deployed,16,0.067,2195,4096,256,187,768.023,1825.877,8990720,true,gpu_nvme_kernel,,1,16
B1,Tutti-deployed,16,0.067,2195,4096,256,188,751.746,1754.831,8990720,true,gpu_nvme_kernel,,1,16
B1,Tutti-deployed,16,0.067,2195,4096,256,189,765.184,1817.054,8990720,true,gpu_nvme_kernel,,1,16
B1,Tutti-deployed,16,0.067,2195,4096,256,190,762.262,1794.027,8990720,true,gpu_nvme_kernel,,1,16
B1,Tutti-deployed,16,0.067,2195,4096,256,191,762.248,1775.632,8990720,true,gpu_nvme_kernel,,1,16
B1,Tutti-deployed,16,0.067,2195,4096,256,192,770.394,1731.17,8990720,true,gpu_nvme_kernel,,1,16
B1,Tutti-deployed,16,0.067,2195,4096,256,193,761.707,1926.902,8990720,true,gpu_nvme_kernel,,1,16
B1,Tutti-deployed,16,0.067,2195,4096,256,194,766.534,1691.579,8990720,true,gpu_nvme_kernel,,1,16
B1,Tutti-deployed,16,0.067,2195,4096,256,195,768.945,1805.213,8990720,true,gpu_nvme_kernel,,1,16
B1,Tutti-deployed,16,0.067,2195,4096,256,196,766.805,1770.119,8990720,true,gpu_nvme_kernel,,1,16
B1,Tutti-deployed,16,0.067,2195,4096,256,197,760.728,1797.022,8990720,true,gpu_nvme_kernel,,1,16
B1,Tutti-deployed,16,0.067,2195,4096,256,198,764.242,1749.227,8990720,true,gpu_nvme_kernel,,1,16
B1,Tutti-deployed,16,0.067,2195,4096,256,199,761.926,1738.811,8990720,true,gpu_nvme_kernel,,1,16
B1,Tutti-deployed,16,0.067,2195,4096,256,0,774.022,1775.745,8990720,true,gpu_nvme_kernel,,3,16
B1,Tutti-deployed,16,0.134,4391,4096,256,0,1513.063,3356.257,17985536,true,gpu_nvme_kernel,,2,16
B1,Tutti-deployed,16,0.134,4391,4096,256,0,1533.62,3517.33,17985536,true,gpu_nvme_kernel,,0,16
B1,Tutti-deployed,16,0.134,4391,4096,256,1,1509.877,3412.307,17985536,true,gpu_nvme_kernel,,0,16
B1,Tutti-deployed,16,0.134,4391,4096,256,2,1529.101,3408.905,17985536,true,gpu_nvme_kernel,,0,16
B1,Tutti-deployed,16,0.134,4391,4096,256,3,1493.19,3351.195,17985536,true,gpu_nvme_kernel,,0,16
B1,Tutti-deployed,16,0.134,4391,4096,256,4,1532.304,3333.551,17985536,true,gpu_nvme_kernel,,0,16
B1,Tutti-deployed,16,0.134,4391,4096,256,5,1514.559,3447.424,17985536,true,gpu_nvme_kernel,,0,16
B1,Tutti-deployed,16,0.134,4391,4096,256,6,1509.643,3437.85,17985536,true,gpu_nvme_kernel,,0,16
B1,Tutti-deployed,16,0.134,4391,4096,256,7,1541.816,3437.531,17985536,true,gpu_nvme_kernel,,0,16
B1,Tutti-deployed,16,0.134,4391,4096,256,8,1513.26,3418.46,17985536,true,gpu_nvme_kernel,,0,16
B1,Tutti-deployed,16,0.134,4391,4096,256,9,1523.123,3489.731,17985536,true,gpu_nvme_kernel,,0,16
B1,Tutti-deployed,16,0.134,4391,4096,256,0,1533.379,3496.718,17985536,true,gpu_nvme_kernel,,1,16
B1,Tutti-deployed,16,0.134,4391,4096,256,1,1524.371,3623.522,17985536,true,gpu_nvme_kernel,,1,16
B1,Tutti-deployed,16,0.134,4391,4096,256,2,1524.089,3515.432,17985536,true,gpu_nvme_kernel,,1,16
B1,Tutti-deployed,16,0.134,4391,4096,256,3,1513.919,3578.289,17985536,true,gpu_nvme_kernel,,1,16
B1,Tutti-deployed,16,0.134,4391,4096,256,4,1523.314,3317.652,17985536,true,gpu_nvme_kernel,,1,16
B1,Tutti-deployed,16,0.134,4391,4096,256,5,1507.675,3466.37,17985536,true,gpu_nvme_kernel,,1,16
B1,Tutti-deployed,16,0.134,4391,4096,256,6,1515.14,3481.175,17985536,true,gpu_nvme_kernel,,1,16
B1,Tutti-deployed,16,0.134,4391,4096,256,7,1498.946,3390.294,17985536,true,gpu_nvme_kernel,,1,16
B1,Tutti-deployed,16,0.134,4391,4096,256,8,1502.991,3422.679,17985536,true,gpu_nvme_kernel,,1,16
B1,Tutti-deployed,16,0.134,4391,4096,256,9,1497.743,3478.847,17985536,true,gpu_nvme_kernel,,1,16
B1,Tutti-deployed,16,0.134,4391,4096,256,10,1508.665,3536.503,17985536,true,gpu_nvme_kernel,,1,16
B1,Tutti-deployed,16,0.134,4391,4096,256,11,1503.948,3450.053,17985536,true,gpu_nvme_kernel,,1,16
B1,Tutti-deployed,16,0.134,4391,4096,256,12,1508.624,3337.616,17985536,true,gpu_nvme_kernel,,1,16
B1,Tutti-deployed,16,0.134,4391,4096,256,13,1518.126,3480.44,17985536,true,gpu_nvme_kernel,,1,16
B1,Tutti-deployed,16,0.134,4391,4096,256,14,1509.746,3470.54,17985536,true,gpu_nvme_kernel,,1,16
B1,Tutti-deployed,16,0.134,4391,4096,256,15,1508.677,3488.094,17985536,true,gpu_nvme_kernel,,1,16
B1,Tutti-deployed,16,0.134,4391,4096,256,16,1509.581,3452.437,17985536,true,gpu_nvme_kernel,,1,16
B1,Tutti-deployed,16,0.134,4391,4096,256,17,1499.055,3546.046,17985536,true,gpu_nvme_kernel,,1,16
B1,Tutti-deployed,16,0.134,4391,4096,256,18,1502.337,3482.198,17985536,true,gpu_nvme_kernel,,1,16
B1,Tutti-deployed,16,0.134,4391,4096,256,19,1510.53,3538.338,17985536,true,gpu_nvme_kernel,,1,16
B1,Tutti-deployed,16,0.134,4391,4096,256,20,1500.485,3482.295,17985536,true,gpu_nvme_kernel,,1,16
B1,Tutti-deployed,16,0.134,4391,4096,256,21,1497.648,3498.696,17985536,true,gpu_nvme_kernel,,1,16
B1,Tutti-deployed,16,0.134,4391,4096,256,22,1504.168,3461.062,17985536,true,gpu_nvme_kernel,,1,16
B1,Tutti-deployed,16,0.134,4391,4096,256,23,1516.654,3360.6,17985536,true,gpu_nvme_kernel,,1,16
B1,Tutti-deployed,16,0.134,4391,4096,256,24,1513.664,3470.228,17985536,true,gpu_nvme_kernel,,1,16
B1,Tutti-deployed,16,0.134,4391,4096,256,25,1511.469,3430.139,17985536,true,gpu_nvme_kernel,,1,16
B1,Tutti-deployed,16,0.134,4391,4096,256,26,1490.063,3588.572,17985536,true,gpu_nvme_kernel,,1,16
B1,Tutti-deployed,16,0.134,4391,4096,256,27,1502.831,3421.148,17985536,true,gpu_nvme_kernel,,1,16
B1,Tutti-deployed,16,0.134,4391,4096,256,28,1491.75,3475.029,17985536,true,gpu_nvme_kernel,,1,16
B1,Tutti-deployed,16,0.134,4391,4096,256,29,1512.64,3422.45,17985536,true,gpu_nvme_kernel,,1,16
B1,Tutti-deployed,16,0.134,4391,4096,256,30,1501.714,3411.337,17985536,true,gpu_nvme_kernel,,1,16
B1,Tutti-deployed,16,0.134,4391,4096,256,31,1515.619,3569.028,17985536,true,gpu_nvme_kernel,,1,16
B1,Tutti-deployed,16,0.134,4391,4096,256,32,1499.079,3425.107,17985536,true,gpu_nvme_kernel,,1,16
B1,Tutti-deployed,16,0.134,4391,4096,256,33,1506.419,3511.711,17985536,true,gpu_nvme_kernel,,1,16
B1,Tutti-deployed,16,0.134,4391,4096,256,34,1493.404,3470.448,17985536,true,gpu_nvme_kernel,,1,16
B1,Tutti-deployed,16,0.134,4391,4096,256,35,1506.053,3465.68,17985536,true,gpu_nvme_kernel,,1,16
B1,Tutti-deployed,16,0.134,4391,4096,256,36,1496.925,3395.582,17985536,true,gpu_nvme_kernel,,1,16
B1,Tutti-deployed,16,0.134,4391,4096,256,37,1508.227,3528.88,17985536,true,gpu_nvme_kernel,,1,16
B1,Tutti-deployed,16,0.134,4391,4096,256,38,1515.281,3420.478,17985536,true,gpu_nvme_kernel,,1,16
B1,Tutti-deployed,16,0.134,4391,4096,256,39,1512.15,3556.979,17985536,true,gpu_nvme_kernel,,1,16
B1,Tutti-deployed,16,0.134,4391,4096,256,40,1491.985,3445.339,17985536,true,gpu_nvme_kernel,,1,16
B1,Tutti-deployed,16,0.134,4391,4096,256,41,1516.504,3396.842,17985536,true,gpu_nvme_kernel,,1,16
B1,Tutti-deployed,16,0.134,4391,4096,256,42,1502.552,3398.237,17985536,true,gpu_nvme_kernel,,1,16
B1,Tutti-deployed,16,0.134,4391,4096,256,43,1506.513,3524.588,17985536,true,gpu_nvme_kernel,,1,16
B1,Tutti-deployed,16,0.134,4391,4096,256,44,1502.062,3425.705,17985536,true,gpu_nvme_kernel,,1,16
B1,Tutti-deployed,16,0.134,4391,4096,256,45,1524.179,3390.657,17985536,true,gpu_nvme_kernel,,1,16
B1,Tutti-deployed,16,0.134,4391,4096,256,46,1513.665,3538.612,17985536,true,gpu_nvme_kernel,,1,16
B1,Tutti-deployed,16,0.134,4391,4096,256,47,1520.109,3430.26,17985536,true,gpu_nvme_kernel,,1,16
B1,Tutti-deployed,16,0.134,4391,4096,256,48,1537.106,3390.866,17985536,true,gpu_nvme_kernel,,1,16
B1,Tutti-deployed,16,0.134,4391,4096,256,49,1535.687,3487.964,17985536,true,gpu_nvme_kernel,,1,16
B1,Tutti-deployed,16,0.134,4391,4096,256,50,1516.872,3489.287,17985536,true,gpu_nvme_kernel,,1,16
B1,Tutti-deployed,16,0.134,4391,4096,256,51,1504.326,3499.071,17985536,true,gpu_nvme_kernel,,1,16
B1,Tutti-deployed,16,0.134,4391,4096,256,52,1514.381,3502.164,17985536,true,gpu_nvme_kernel,,1,16
B1,Tutti-deployed,16,0.134,4391,4096,256,53,1527.866,3331.448,17985536,true,gpu_nvme_kernel,,1,16
B1,Tutti-deployed,16,0.134,4391,4096,256,54,1505.859,3477.085,17985536,true,gpu_nvme_kernel,,1,16
B1,Tutti-deployed,16,0.134,4391,4096,256,55,1516.181,3470.711,17985536,true,gpu_nvme_kernel,,1,16
B1,Tutti-deployed,16,0.134,4391,4096,256,56,1525.106,3451.342,17985536,true,gpu_nvme_kernel,,1,16
B1,Tutti-deployed,16,0.134,4391,4096,256,57,1512.616,3440.663,17985536,true,gpu_nvme_kernel,,1,16
B1,Tutti-deployed,16,0.134,4391,4096,256,58,1512.73,3465.284,17985536,true,gpu_nvme_kernel,,1,16
B1,Tutti-deployed,16,0.134,4391,4096,256,59,1506.665,3483.329,17985536,true,gpu_nvme_kernel,,1,16
B1,Tutti-deployed,16,0.134,4391,4096,256,60,1520.682,3353.35,17985536,true,gpu_nvme_kernel,,1,16
B1,Tutti-deployed,16,0.134,4391,4096,256,61,1529.486,3545.341,17985536,true,gpu_nvme_kernel,,1,16
B1,Tutti-deployed,16,0.134,4391,4096,256,62,1531.25,3433.495,17985536,true,gpu_nvme_kernel,,1,16
B1,Tutti-deployed,16,0.134,4391,4096,256,63,1516.712,3501.188,17985536,true,gpu_nvme_kernel,,1,16
B1,Tutti-deployed,16,0.134,4391,4096,256,64,1513.245,3461.158,17985536,true,gpu_nvme_kernel,,1,16
B1,Tutti-deployed,16,0.134,4391,4096,256,65,1514.813,3395.976,17985536,true,gpu_nvme_kernel,,1,16
B1,Tutti-deployed,16,0.134,4391,4096,256,66,1513.028,3470.243,17985536,true,gpu_nvme_kernel,,1,16
B1,Tutti-deployed,16,0.134,4391,4096,256,67,1515.144,3463.92,17985536,true,gpu_nvme_kernel,,1,16
B1,Tutti-deployed,16,0.134,4391,4096,256,68,1505.918,3485.166,17985536,true,gpu_nvme_kernel,,1,16
B1,Tutti-deployed,16,0.134,4391,4096,256,69,1509.534,3559.113,17985536,true,gpu_nvme_kernel,,1,16
B1,Tutti-deployed,16,0.134,4391,4096,256,70,1515.444,3512.011,17985536,true,gpu_nvme_kernel,,1,16
B1,Tutti-deployed,16,0.134,4391,4096,256,71,1522.102,3403.829,17985536,true,gpu_nvme_kernel,,1,16
B1,Tutti-deployed,16,0.134,4391,4096,256,72,1522.642,3477.871,17985536,true,gpu_nvme_kernel,,1,16
B1,Tutti-deployed,16,0.134,4391,4096,256,73,1516.806,3470.463,17985536,true,gpu_nvme_kernel,,1,16
B1,Tutti-deployed,16,0.134,4391,4096,256,74,1519.332,3563.089,17985536,true,gpu_nvme_kernel,,1,16
B1,Tutti-deployed,16,0.134,4391,4096,256,75,1539.836,3558.667,17985536,true,gpu_nvme_kernel,,1,16
B1,Tutti-deployed,16,0.134,4391,4096,256,76,1534.908,3387.5,17985536,true,gpu_nvme_kernel,,1,16
B1,Tutti-deployed,16,0.134,4391,4096,256,77,1518.11,3482.816,17985536,true,gpu_nvme_kernel,,1,16
B1,Tutti-deployed,16,0.134,4391,4096,256,78,1518.087,3457.443,17985536,true,gpu_nvme_kernel,,1,16
B1,Tutti-deployed,16,0.134,4391,4096,256,79,1505.621,3451.263,17985536,true,gpu_nvme_kernel,,1,16
B1,Tutti-deployed,16,0.134,4391,4096,256,80,1510.58,3422.76,17985536,true,gpu_nvme_kernel,,1,16
B1,Tutti-deployed,16,0.134,4391,4096,256,81,1508.26,3415.781,17985536,true,gpu_nvme_kernel,,1,16
B1,Tutti-deployed,16,0.134,4391,4096,256,82,1507.543,3420.645,17985536,true,gpu_nvme_kernel,,1,16
B1,Tutti-deployed,16,0.134,4391,4096,256,83,1519.754,3384.415,17985536,true,gpu_nvme_kernel,,1,16
B1,Tutti-deployed,16,0.134,4391,4096,256,84,1518.261,3504.931,17985536,true,gpu_nvme_kernel,,1,16
B1,Tutti-deployed,16,0.134,4391,4096,256,85,1531.66,3455.89,17985536,true,gpu_nvme_kernel,,1,16
B1,Tutti-deployed,16,0.134,4391,4096,256,86,1514.449,3435.189,17985536,true,gpu_nvme_kernel,,1,16
B1,Tutti-deployed,16,0.134,4391,4096,256,87,1509.61,3535.148,17985536,true,gpu_nvme_kernel,,1,16
B1,Tutti-deployed,16,0.134,4391,4096,256,88,1520.157,3361.12,17985536,true,gpu_nvme_kernel,,1,16
B1,Tutti-deployed,16,0.134,4391,4096,256,89,1524.545,3431.496,17985536,true,gpu_nvme_kernel,,1,16
B1,Tutti-deployed,16,0.134,4391,4096,256,90,1529.294,3392.051,17985536,true,gpu_nvme_kernel,,1,16
B1,Tutti-deployed,16,0.134,4391,4096,256,91,1514.839,3551.833,17985536,true,gpu_nvme_kernel,,1,16
B1,Tutti-deployed,16,0.134,4391,4096,256,92,1518.331,3492.36,17985536,true,gpu_nvme_kernel,,1,16
B1,Tutti-deployed,16,0.134,4391,4096,256,93,1522.084,3454.574,17985536,true,gpu_nvme_kernel,,1,16
B1,Tutti-deployed,16,0.134,4391,4096,256,94,1504.253,3466.539,17985536,true,gpu_nvme_kernel,,1,16
B1,Tutti-deployed,16,0.134,4391,4096,256,95,1513.666,3400.035,17985536,true,gpu_nvme_kernel,,1,16
B1,Tutti-deployed,16,0.134,4391,4096,256,96,1499.774,3417.281,17985536,true,gpu_nvme_kernel,,1,16
B1,Tutti-deployed,16,0.134,4391,4096,256,97,1514.701,3414.866,17985536,true,gpu_nvme_kernel,,1,16
B1,Tutti-deployed,16,0.134,4391,4096,256,98,1512.085,3335.488,17985536,true,gpu_nvme_kernel,,1,16
B1,Tutti-deployed,16,0.134,4391,4096,256,99,1521.424,3432.719,17985536,true,gpu_nvme_kernel,,1,16
B1,Tutti-deployed,16,0.134,4391,4096,256,100,1500.646,3607.053,17985536,true,gpu_nvme_kernel,,1,16
B1,Tutti-deployed,16,0.134,4391,4096,256,101,1526.492,3504.992,17985536,true,gpu_nvme_kernel,,1,16
B1,Tutti-deployed,16,0.134,4391,4096,256,102,1522.742,3542.776,17985536,true,gpu_nvme_kernel,,1,16
B1,Tutti-deployed,16,0.134,4391,4096,256,103,1503.262,3360.986,17985536,true,gpu_nvme_kernel,,1,16
B1,Tutti-deployed,16,0.134,4391,4096,256,104,1524.367,3466.266,17985536,true,gpu_nvme_kernel,,1,16
B1,Tutti-deployed,16,0.134,4391,4096,256,105,1509.498,3386.983,17985536,true,gpu_nvme_kernel,,1,16
B1,Tutti-deployed,16,0.134,4391,4096,256,106,1501.935,3449.844,17985536,true,gpu_nvme_kernel,,1,16
B1,Tutti-deployed,16,0.134,4391,4096,256,107,1505.231,3484.979,17985536,true,gpu_nvme_kernel,,1,16
B1,Tutti-deployed,16,0.134,4391,4096,256,108,1496.615,3490.634,17985536,true,gpu_nvme_kernel,,1,16
B1,Tutti-deployed,16,0.134,4391,4096,256,109,1506.873,3519.49,17985536,true,gpu_nvme_kernel,,1,16
B1,Tutti-deployed,16,0.134,4391,4096,256,110,1513.898,3404.587,17985536,true,gpu_nvme_kernel,,1,16
B1,Tutti-deployed,16,0.134,4391,4096,256,111,1509.7,3401.96,17985536,true,gpu_nvme_kernel,,1,16
B1,Tutti-deployed,16,0.134,4391,4096,256,112,1527.323,3439.493,17985536,true,gpu_nvme_kernel,,1,16
B1,Tutti-deployed,16,0.134,4391,4096,256,113,1520.897,3429.098,17985536,true,gpu_nvme_kernel,,1,16
B1,Tutti-deployed,16,0.134,4391,4096,256,114,1527.38,3444.879,17985536,true,gpu_nvme_kernel,,1,16
B1,Tutti-deployed,16,0.134,4391,4096,256,115,1513.064,3454.91,17985536,true,gpu_nvme_kernel,,1,16
B1,Tutti-deployed,16,0.134,4391,4096,256,116,1518.593,3488.313,17985536,true,gpu_nvme_kernel,,1,16
B1,Tutti-deployed,16,0.134,4391,4096,256,117,1502.218,3398.422,17985536,true,gpu_nvme_kernel,,1,16
B1,Tutti-deployed,16,0.134,4391,4096,256,118,1524.127,3478.355,17985536,true,gpu_nvme_kernel,,1,16
B1,Tutti-deployed,16,0.134,4391,4096,256,119,1519.835,3508.305,17985536,true,gpu_nvme_kernel,,1,16
B1,Tutti-deployed,16,0.134,4391,4096,256,120,1512.88,3454.761,17985536,true,gpu_nvme_kernel,,1,16
B1,Tutti-deployed,16,0.134,4391,4096,256,121,1523.577,3452.04,17985536,true,gpu_nvme_kernel,,1,16
B1,Tutti-deployed,16,0.134,4391,4096,256,122,1511.159,3509.173,17985536,true,gpu_nvme_kernel,,1,16
B1,Tutti-deployed,16,0.134,4391,4096,256,123,1513.709,3411.927,17985536,true,gpu_nvme_kernel,,1,16
B1,Tutti-deployed,16,0.134,4391,4096,256,124,1512.529,3444.634,17985536,true,gpu_nvme_kernel,,1,16
B1,Tutti-deployed,16,0.134,4391,4096,256,125,1493.222,3567.819,17985536,true,gpu_nvme_kernel,,1,16
B1,Tutti-deployed,16,0.134,4391,4096,256,126,1506.083,3492.962,17985536,true,gpu_nvme_kernel,,1,16
B1,Tutti-deployed,16,0.134,4391,4096,256,127,1514.695,3419.161,17985536,true,gpu_nvme_kernel,,1,16
B1,Tutti-deployed,16,0.134,4391,4096,256,128,1508.353,3494.698,17985536,true,gpu_nvme_kernel,,1,16
B1,Tutti-deployed,16,0.134,4391,4096,256,129,1506.604,3410.102,17985536,true,gpu_nvme_kernel,,1,16
B1,Tutti-deployed,16,0.134,4391,4096,256,130,1510.927,3451.25,17985536,true,gpu_nvme_kernel,,1,16
B1,Tutti-deployed,16,0.134,4391,4096,256,131,1494.225,3450.373,17985536,true,gpu_nvme_kernel,,1,16
B1,Tutti-deployed,16,0.134,4391,4096,256,132,1514.769,3485.547,17985536,true,gpu_nvme_kernel,,1,16
B1,Tutti-deployed,16,0.134,4391,4096,256,133,1510.97,3399.703,17985536,true,gpu_nvme_kernel,,1,16
B1,Tutti-deployed,16,0.134,4391,4096,256,134,1519.479,3601.806,17985536,true,gpu_nvme_kernel,,1,16
B1,Tutti-deployed,16,0.134,4391,4096,256,135,1521.625,3394.68,17985536,true,gpu_nvme_kernel,,1,16
B1,Tutti-deployed,16,0.134,4391,4096,256,136,1507.49,3407.022,17985536,true,gpu_nvme_kernel,,1,16
B1,Tutti-deployed,16,0.134,4391,4096,256,137,1516.579,3382.586,17985536,true,gpu_nvme_kernel,,1,16
B1,Tutti-deployed,16,0.134,4391,4096,256,138,1512.137,3402.709,17985536,true,gpu_nvme_kernel,,1,16
B1,Tutti-deployed,16,0.134,4391,4096,256,139,1515.64,3549.304,17985536,true,gpu_nvme_kernel,,1,16
B1,Tutti-deployed,16,0.134,4391,4096,256,140,1512.736,3454.016,17985536,true,gpu_nvme_kernel,,1,16
B1,Tutti-deployed,16,0.134,4391,4096,256,141,1527.556,3394.271,17985536,true,gpu_nvme_kernel,,1,16
B1,Tutti-deployed,16,0.134,4391,4096,256,142,1519.889,3402.859,17985536,true,gpu_nvme_kernel,,1,16
B1,Tutti-deployed,16,0.134,4391,4096,256,143,1513.237,3531.258,17985536,true,gpu_nvme_kernel,,1,16
B1,Tutti-deployed,16,0.134,4391,4096,256,144,1533.994,3404.307,17985536,true,gpu_nvme_kernel,,1,16
B1,Tutti-deployed,16,0.134,4391,4096,256,145,1508.34,3467.406,17985536,true,gpu_nvme_kernel,,1,16
B1,Tutti-deployed,16,0.134,4391,4096,256,146,1517.959,3415.103,17985536,true,gpu_nvme_kernel,,1,16
B1,Tutti-deployed,16,0.134,4391,4096,256,147,1513.565,3530.277,17985536,true,gpu_nvme_kernel,,1,16
B1,Tutti-deployed,16,0.134,4391,4096,256,148,1522.473,3500.423,17985536,true,gpu_nvme_kernel,,1,16
B1,Tutti-deployed,16,0.134,4391,4096,256,149,1519.021,3399.307,17985536,true,gpu_nvme_kernel,,1,16
B1,Tutti-deployed,16,0.134,4391,4096,256,150,1518.058,3375.26,17985536,true,gpu_nvme_kernel,,1,16
B1,Tutti-deployed,16,0.134,4391,4096,256,151,1512.135,3520.424,17985536,true,gpu_nvme_kernel,,1,16
B1,Tutti-deployed,16,0.134,4391,4096,256,152,1509.002,3395.871,17985536,true,gpu_nvme_kernel,,1,16
B1,Tutti-deployed,16,0.134,4391,4096,256,153,1503.678,3506.936,17985536,true,gpu_nvme_kernel,,1,16
B1,Tutti-deployed,16,0.134,4391,4096,256,154,1510.739,3461.147,17985536,true,gpu_nvme_kernel,,1,16
B1,Tutti-deployed,16,0.134,4391,4096,256,155,1520.962,3551.73,17985536,true,gpu_nvme_kernel,,1,16
B1,Tutti-deployed,16,0.134,4391,4096,256,156,1503.294,3378.208,17985536,true,gpu_nvme_kernel,,1,16
B1,Tutti-deployed,16,0.134,4391,4096,256,157,1500.195,3478.678,17985536,true,gpu_nvme_kernel,,1,16
B1,Tutti-deployed,16,0.134,4391,4096,256,158,1519.899,3467.807,17985536,true,gpu_nvme_kernel,,1,16
B1,Tutti-deployed,16,0.134,4391,4096,256,159,1519.215,3440.87,17985536,true,gpu_nvme_kernel,,1,16
B1,Tutti-deployed,16,0.134,4391,4096,256,160,1517.154,3412.826,17985536,true,gpu_nvme_kernel,,1,16
B1,Tutti-deployed,16,0.134,4391,4096,256,161,1532.668,3424.707,17985536,true,gpu_nvme_kernel,,1,16
B1,Tutti-deployed,16,0.134,4391,4096,256,162,1502.345,3512.686,17985536,true,gpu_nvme_kernel,,1,16
B1,Tutti-deployed,16,0.134,4391,4096,256,163,1519.268,3462.603,17985536,true,gpu_nvme_kernel,,1,16
B1,Tutti-deployed,16,0.134,4391,4096,256,164,1520.312,3454.068,17985536,true,gpu_nvme_kernel,,1,16
B1,Tutti-deployed,16,0.134,4391,4096,256,165,1515.495,3485.759,17985536,true,gpu_nvme_kernel,,1,16
B1,Tutti-deployed,16,0.134,4391,4096,256,166,1312.342,3449.801,17985536,true,gpu_nvme_kernel,,1,16
B1,Tutti-deployed,16,0.134,4391,4096,256,167,1307.138,3490.128,17985536,true,gpu_nvme_kernel,,1,16
B1,Tutti-deployed,16,0.134,4391,4096,256,168,1309.624,3472.887,17985536,true,gpu_nvme_kernel,,1,16
B1,Tutti-deployed,16,0.134,4391,4096,256,169,1318.707,3403.943,17985536,true,gpu_nvme_kernel,,1,16
B1,Tutti-deployed,16,0.134,4391,4096,256,170,1311.398,3438.336,17985536,true,gpu_nvme_kernel,,1,16
B1,Tutti-deployed,16,0.134,4391,4096,256,171,1309.775,3509.162,17985536,true,gpu_nvme_kernel,,1,16
B1,Tutti-deployed,16,0.134,4391,4096,256,172,1302.272,3447.025,17985536,true,gpu_nvme_kernel,,1,16
B1,Tutti-deployed,16,0.134,4391,4096,256,173,1301.097,3443.404,17985536,true,gpu_nvme_kernel,,1,16
B1,Tutti-deployed,16,0.134,4391,4096,256,174,1309.14,3395.501,17985536,true,gpu_nvme_kernel,,1,16
B1,Tutti-deployed,16,0.134,4391,4096,256,175,1301.933,3343.35,17985536,true,gpu_nvme_kernel,,1,16
B1,Tutti-deployed,16,0.134,4391,4096,256,176,1301.778,3582.439,17985536,true,gpu_nvme_kernel,,1,16
B1,Tutti-deployed,16,0.134,4391,4096,256,177,1298.262,3480.394,17985536,true,gpu_nvme_kernel,,1,16
B1,Tutti-deployed,16,0.134,4391,4096,256,178,1310.55,3325.19,17985536,true,gpu_nvme_kernel,,1,16
B1,Tutti-deployed,16,0.134,4391,4096,256,179,1310.239,3471.021,17985536,true,gpu_nvme_kernel,,1,16
B1,Tutti-deployed,16,0.134,4391,4096,256,180,1396.616,3377.264,17985536,true,gpu_nvme_kernel,,1,16
B1,Tutti-deployed,16,0.134,4391,4096,256,181,1324.721,3354.957,17985536,true,gpu_nvme_kernel,,1,16
B1,Tutti-deployed,16,0.134,4391,4096,256,182,1299.8,3417.174,17985536,true,gpu_nvme_kernel,,1,16
B1,Tutti-deployed,16,0.134,4391,4096,256,183,1311.35,3460.542,17985536,true,gpu_nvme_kernel,,1,16
B1,Tutti-deployed,16,0.134,4391,4096,256,184,1305.844,3334.911,17985536,true,gpu_nvme_kernel,,1,16
B1,Tutti-deployed,16,0.134,4391,4096,256,185,1326.646,3457.06,17985536,true,gpu_nvme_kernel,,1,16
B1,Tutti-deployed,16,0.134,4391,4096,256,186,1315.2,3486.984,17985536,true,gpu_nvme_kernel,,1,16
B1,Tutti-deployed,16,0.134,4391,4096,256,187,1316.189,3452.607,17985536,true,gpu_nvme_kernel,,1,16
B1,Tutti-deployed,16,0.134,4391,4096,256,188,1309.628,3523.285,17985536,true,gpu_nvme_kernel,,1,16
B1,Tutti-deployed,16,0.134,4391,4096,256,189,1308.142,3418.177,17985536,true,gpu_nvme_kernel,,1,16
B1,Tutti-deployed,16,0.134,4391,4096,256,190,1305.471,3418.265,17985536,true,gpu_nvme_kernel,,1,16
B1,Tutti-deployed,16,0.134,4391,4096,256,191,1315.339,3446.951,17985536,true,gpu_nvme_kernel,,1,16
B1,Tutti-deployed,16,0.134,4391,4096,256,192,1300.923,3365.03,17985536,true,gpu_nvme_kernel,,1,16
B1,Tutti-deployed,16,0.134,4391,4096,256,193,1313.224,3360.879,17985536,true,gpu_nvme_kernel,,1,16
B1,Tutti-deployed,16,0.134,4391,4096,256,194,1301.736,3444.295,17985536,true,gpu_nvme_kernel,,1,16
B1,Tutti-deployed,16,0.134,4391,4096,256,195,1306.574,3418.892,17985536,true,gpu_nvme_kernel,,1,16
B1,Tutti-deployed,16,0.134,4391,4096,256,196,1305.488,3405.74,17985536,true,gpu_nvme_kernel,,1,16
B1,Tutti-deployed,16,0.134,4391,4096,256,197,1308.753,3360.959,17985536,true,gpu_nvme_kernel,,1,16
B1,Tutti-deployed,16,0.134,4391,4096,256,198,1305.352,3458.666,17985536,true,gpu_nvme_kernel,,1,16
B1,Tutti-deployed,16,0.134,4391,4096,256,199,1296.556,3349.292,17985536,true,gpu_nvme_kernel,,1,16
B1,Tutti-deployed,16,0.134,4391,4096,256,0,1318.577,3482.106,17985536,true,gpu_nvme_kernel,,3,16
B1,Tutti-deployed,16,0.3,9830,4096,256,0,2930.559,7584.274,40263680,true,gpu_nvme_kernel,,2,16
B1,Tutti-deployed,16,0.3,9830,4096,256,0,2916.573,7599.916,40263680,true,gpu_nvme_kernel,,0,16
B1,Tutti-deployed,16,0.3,9830,4096,256,1,2918.344,7873.504,40263680,true,gpu_nvme_kernel,,0,16
B1,Tutti-deployed,16,0.3,9830,4096,256,2,2942.093,7465.056,40263680,true,gpu_nvme_kernel,,0,16
B1,Tutti-deployed,16,0.3,9830,4096,256,3,2917.733,7515.927,40263680,true,gpu_nvme_kernel,,0,16
B1,Tutti-deployed,16,0.3,9830,4096,256,4,2912.466,7733.027,40263680,true,gpu_nvme_kernel,,0,16
B1,Tutti-deployed,16,0.3,9830,4096,256,5,2908.257,7536.914,40263680,true,gpu_nvme_kernel,,0,16
B1,Tutti-deployed,16,0.3,9830,4096,256,6,2905.973,7448.03,40263680,true,gpu_nvme_kernel,,0,16
B1,Tutti-deployed,16,0.3,9830,4096,256,7,2903.792,7585.788,40263680,true,gpu_nvme_kernel,,0,16
B1,Tutti-deployed,16,0.3,9830,4096,256,8,2901.089,7664.177,40263680,true,gpu_nvme_kernel,,0,16
B1,Tutti-deployed,16,0.3,9830,4096,256,9,2936.526,7589.106,40263680,true,gpu_nvme_kernel,,0,16
B1,Tutti-deployed,16,0.3,9830,4096,256,0,2924.253,7329.588,40263680,true,gpu_nvme_kernel,,1,16
B1,Tutti-deployed,16,0.3,9830,4096,256,1,2916.387,7361.43,40263680,true,gpu_nvme_kernel,,1,16
B1,Tutti-deployed,16,0.3,9830,4096,256,2,2906.984,7524.975,40263680,true,gpu_nvme_kernel,,1,16
B1,Tutti-deployed,16,0.3,9830,4096,256,3,2927.239,7530.985,40263680,true,gpu_nvme_kernel,,1,16
B1,Tutti-deployed,16,0.3,9830,4096,256,4,2908.167,7693.863,40263680,true,gpu_nvme_kernel,,1,16
B1,Tutti-deployed,16,0.3,9830,4096,256,5,2928.835,7437.53,40263680,true,gpu_nvme_kernel,,1,16
B1,Tutti-deployed,16,0.3,9830,4096,256,6,2937.411,7560.935,40263680,true,gpu_nvme_kernel,,1,16
B1,Tutti-deployed,16,0.3,9830,4096,256,7,2901.885,7516.191,40263680,true,gpu_nvme_kernel,,1,16
B1,Tutti-deployed,16,0.3,9830,4096,256,8,2913.557,7632.18,40263680,true,gpu_nvme_kernel,,1,16
B1,Tutti-deployed,16,0.3,9830,4096,256,9,2911.671,7660.728,40263680,true,gpu_nvme_kernel,,1,16
B1,Tutti-deployed,16,0.3,9830,4096,256,10,2930.282,7899.489,40263680,true,gpu_nvme_kernel,,1,16
B1,Tutti-deployed,16,0.3,9830,4096,256,11,2934.088,7608.529,40263680,true,gpu_nvme_kernel,,1,16
B1,Tutti-deployed,16,0.3,9830,4096,256,12,2919.951,7463.852,40263680,true,gpu_nvme_kernel,,1,16
B1,Tutti-deployed,16,0.3,9830,4096,256,13,2934.116,7434.771,40263680,true,gpu_nvme_kernel,,1,16
B1,Tutti-deployed,16,0.3,9830,4096,256,14,2907.108,7645.409,40263680,true,gpu_nvme_kernel,,1,16
B1,Tutti-deployed,16,0.3,9830,4096,256,15,2916.513,7616.604,40263680,true,gpu_nvme_kernel,,1,16
B1,Tutti-deployed,16,0.3,9830,4096,256,16,2911.693,7361.326,40263680,true,gpu_nvme_kernel,,1,16
B1,Tutti-deployed,16,0.3,9830,4096,256,17,2906.797,7437.841,40263680,true,gpu_nvme_kernel,,1,16
B1,Tutti-deployed,16,0.3,9830,4096,256,18,2926.729,7643.527,40263680,true,gpu_nvme_kernel,,1,16
B1,Tutti-deployed,16,0.3,9830,4096,256,19,2926.966,7400.93,40263680,true,gpu_nvme_kernel,,1,16
B1,Tutti-deployed,16,0.3,9830,4096,256,20,2918.217,7464.464,40263680,true,gpu_nvme_kernel,,1,16
B1,Tutti-deployed,16,0.3,9830,4096,256,21,2904.54,7478.009,40263680,true,gpu_nvme_kernel,,1,16
B1,Tutti-deployed,16,0.3,9830,4096,256,22,2913.763,7767.067,40263680,true,gpu_nvme_kernel,,1,16
B1,Tutti-deployed,16,0.3,9830,4096,256,23,2911.181,7597.407,40263680,true,gpu_nvme_kernel,,1,16
B1,Tutti-deployed,16,0.3,9830,4096,256,24,2918.575,7810.32,40263680,true,gpu_nvme_kernel,,1,16
B1,Tutti-deployed,16,0.3,9830,4096,256,25,2936.894,7490.097,40263680,true,gpu_nvme_kernel,,1,16
B1,Tutti-deployed,16,0.3,9830,4096,256,26,2925.541,7339.521,40263680,true,gpu_nvme_kernel,,1,16
B1,Tutti-deployed,16,0.3,9830,4096,256,27,2910.223,7502.539,40263680,true,gpu_nvme_kernel,,1,16
B1,Tutti-deployed,16,0.3,9830,4096,256,28,2903.48,7739.459,40263680,true,gpu_nvme_kernel,,1,16
B1,Tutti-deployed,16,0.3,9830,4096,256,29,2919.431,7697.62,40263680,true,gpu_nvme_kernel,,1,16
B1,Tutti-deployed,16,0.3,9830,4096,256,30,2910.612,7399.887,40263680,true,gpu_nvme_kernel,,1,16
B1,Tutti-deployed,16,0.3,9830,4096,256,31,2927.1,7398.536,40263680,true,gpu_nvme_kernel,,1,16
B1,Tutti-deployed,16,0.3,9830,4096,256,32,2927.54,7497.411,40263680,true,gpu_nvme_kernel,,1,16
B1,Tutti-deployed,16,0.3,9830,4096,256,33,2909.47,7656.423,40263680,true,gpu_nvme_kernel,,1,16
B1,Tutti-deployed,16,0.3,9830,4096,256,34,2913.951,7698.195,40263680,true,gpu_nvme_kernel,,1,16
B1,Tutti-deployed,16,0.3,9830,4096,256,35,2919.883,7435.833,40263680,true,gpu_nvme_kernel,,1,16
B1,Tutti-deployed,16,0.3,9830,4096,256,36,2894.4,7572.332,40263680,true,gpu_nvme_kernel,,1,16
B1,Tutti-deployed,16,0.3,9830,4096,256,37,2916.028,7495.187,40263680,true,gpu_nvme_kernel,,1,16
B1,Tutti-deployed,16,0.3,9830,4096,256,38,2929.238,7480.763,40263680,true,gpu_nvme_kernel,,1,16
B1,Tutti-deployed,16,0.3,9830,4096,256,39,2917.813,7529.423,40263680,true,gpu_nvme_kernel,,1,16
B1,Tutti-deployed,16,0.3,9830,4096,256,40,2914.854,7454.616,40263680,true,gpu_nvme_kernel,,1,16
B1,Tutti-deployed,16,0.3,9830,4096,256,41,2899.725,7634.787,40263680,true,gpu_nvme_kernel,,1,16
B1,Tutti-deployed,16,0.3,9830,4096,256,42,2910.672,7603.526,40263680,true,gpu_nvme_kernel,,1,16
B1,Tutti-deployed,16,0.3,9830,4096,256,43,2914.159,7491.367,40263680,true,gpu_nvme_kernel,,1,16
B1,Tutti-deployed,16,0.3,9830,4096,256,44,2904.915,7533.536,40263680,true,gpu_nvme_kernel,,1,16
B1,Tutti-deployed,16,0.3,9830,4096,256,45,2925.329,7530.662,40263680,true,gpu_nvme_kernel,,1,16
B1,Tutti-deployed,16,0.3,9830,4096,256,46,2926.216,7584.163,40263680,true,gpu_nvme_kernel,,1,16
B1,Tutti-deployed,16,0.3,9830,4096,256,47,2911.609,7583.105,40263680,true,gpu_nvme_kernel,,1,16
B1,Tutti-deployed,16,0.3,9830,4096,256,48,2920.871,7412.714,40263680,true,gpu_nvme_kernel,,1,16
B1,Tutti-deployed,16,0.3,9830,4096,256,49,2901.2,7631.618,40263680,true,gpu_nvme_kernel,,1,16
B1,Tutti-deployed,16,0.3,9830,4096,256,50,2925.158,7418.5,40263680,true,gpu_nvme_kernel,,1,16
B1,Tutti-deployed,16,0.3,9830,4096,256,51,2918.72,7570.854,40263680,true,gpu_nvme_kernel,,1,16
B1,Tutti-deployed,16,0.3,9830,4096,256,52,2924.215,7490.3,40263680,true,gpu_nvme_kernel,,1,16
B1,Tutti-deployed,16,0.3,9830,4096,256,53,2931.181,7662.441,40263680,true,gpu_nvme_kernel,,1,16
B1,Tutti-deployed,16,0.3,9830,4096,256,54,2918.879,7461.352,40263680,true,gpu_nvme_kernel,,1,16
B1,Tutti-deployed,16,0.3,9830,4096,256,55,2930.596,7565.644,40263680,true,gpu_nvme_kernel,,1,16
B1,Tutti-deployed,16,0.3,9830,4096,256,56,2926.495,7537.578,40263680,true,gpu_nvme_kernel,,1,16
B1,Tutti-deployed,16,0.3,9830,4096,256,57,2909.409,7689.812,40263680,true,gpu_nvme_kernel,,1,16
B1,Tutti-deployed,16,0.3,9830,4096,256,58,2938.364,7410.413,40263680,true,gpu_nvme_kernel,,1,16
B1,Tutti-deployed,16,0.3,9830,4096,256,59,2926.013,7419.94,40263680,true,gpu_nvme_kernel,,1,16
B1,Tutti-deployed,16,0.3,9830,4096,256,60,2913.83,7330.335,40263680,true,gpu_nvme_kernel,,1,16
B1,Tutti-deployed,16,0.3,9830,4096,256,61,2918.181,7522.516,40263680,true,gpu_nvme_kernel,,1,16
B1,Tutti-deployed,16,0.3,9830,4096,256,62,2915.573,7427.656,40263680,true,gpu_nvme_kernel,,1,16
B1,Tutti-deployed,16,0.3,9830,4096,256,63,2909.359,7509.418,40263680,true,gpu_nvme_kernel,,1,16
B1,Tutti-deployed,16,0.3,9830,4096,256,64,2907.367,7546.48,40263680,true,gpu_nvme_kernel,,1,16
B1,Tutti-deployed,16,0.3,9830,4096,256,65,2918.329,7535.17,40263680,true,gpu_nvme_kernel,,1,16
B1,Tutti-deployed,16,0.3,9830,4096,256,66,2926.192,7425.006,40263680,true,gpu_nvme_kernel,,1,16
B1,Tutti-deployed,16,0.3,9830,4096,256,67,2894.261,7570.869,40263680,true,gpu_nvme_kernel,,1,16
B1,Tutti-deployed,16,0.3,9830,4096,256,68,2920.867,7536.192,40263680,true,gpu_nvme_kernel,,1,16
B1,Tutti-deployed,16,0.3,9830,4096,256,69,2908.499,7689.163,40263680,true,gpu_nvme_kernel,,1,16
B1,Tutti-deployed,16,0.3,9830,4096,256,70,2910.993,7495.123,40263680,true,gpu_nvme_kernel,,1,16
B1,Tutti-deployed,16,0.3,9830,4096,256,71,2907.562,7666.843,40263680,true,gpu_nvme_kernel,,1,16
B1,Tutti-deployed,16,0.3,9830,4096,256,72,2913.104,7596.385,40263680,true,gpu_nvme_kernel,,1,16
B1,Tutti-deployed,16,0.3,9830,4096,256,73,2914.771,7528.959,40263680,true,gpu_nvme_kernel,,1,16
B1,Tutti-deployed,16,0.3,9830,4096,256,74,2920.317,7474.005,40263680,true,gpu_nvme_kernel,,1,16
B1,Tutti-deployed,16,0.3,9830,4096,256,75,2892.242,7473.533,40263680,true,gpu_nvme_kernel,,1,16
B1,Tutti-deployed,16,0.3,9830,4096,256,76,2913.89,7636.327,40263680,true,gpu_nvme_kernel,,1,16
B1,Tutti-deployed,16,0.3,9830,4096,256,77,2927.997,7471.936,40263680,true,gpu_nvme_kernel,,1,16
B1,Tutti-deployed,16,0.3,9830,4096,256,78,2913.835,7539.294,40263680,true,gpu_nvme_kernel,,1,16
B1,Tutti-deployed,16,0.3,9830,4096,256,79,2924.152,7572.4,40263680,true,gpu_nvme_kernel,,1,16
B1,Tutti-deployed,16,0.3,9830,4096,256,80,2909.753,7636.928,40263680,true,gpu_nvme_kernel,,1,16
B1,Tutti-deployed,16,0.3,9830,4096,256,81,2891.429,7543.468,40263680,true,gpu_nvme_kernel,,1,16
B1,Tutti-deployed,16,0.3,9830,4096,256,82,2911.215,7491.852,40263680,true,gpu_nvme_kernel,,1,16
B1,Tutti-deployed,16,0.3,9830,4096,256,83,2939.568,7478.726,40263680,true,gpu_nvme_kernel,,1,16
B1,Tutti-deployed,16,0.3,9830,4096,256,84,2916.186,7628.267,40263680,true,gpu_nvme_kernel,,1,16
B1,Tutti-deployed,16,0.3,9830,4096,256,85,2932.248,7569.885,40263680,true,gpu_nvme_kernel,,1,16
B1,Tutti-deployed,16,0.3,9830,4096,256,86,2925.029,7497.459,40263680,true,gpu_nvme_kernel,,1,16
B1,Tutti-deployed,16,0.3,9830,4096,256,87,2911.524,7823.528,40263680,true,gpu_nvme_kernel,,1,16
B1,Tutti-deployed,16,0.3,9830,4096,256,88,2926.651,7535.874,40263680,true,gpu_nvme_kernel,,1,16
B1,Tutti-deployed,16,0.3,9830,4096,256,89,2897.88,7422.41,40263680,true,gpu_nvme_kernel,,1,16
B1,Tutti-deployed,16,0.3,9830,4096,256,90,2914.318,7583.212,40263680,true,gpu_nvme_kernel,,1,16
B1,Tutti-deployed,16,0.3,9830,4096,256,91,2914.969,7541.664,40263680,true,gpu_nvme_kernel,,1,16
B1,Tutti-deployed,16,0.3,9830,4096,256,92,2932.955,7401.179,40263680,true,gpu_nvme_kernel,,1,16
B1,Tutti-deployed,16,0.3,9830,4096,256,93,2888.382,7323.089,40263680,true,gpu_nvme_kernel,,1,16
B1,Tutti-deployed,16,0.3,9830,4096,256,94,2904.205,7479.676,40263680,true,gpu_nvme_kernel,,1,16
B1,Tutti-deployed,16,0.3,9830,4096,256,95,2903.156,7568.947,40263680,true,gpu_nvme_kernel,,1,16
B1,Tutti-deployed,16,0.3,9830,4096,256,96,2910.239,7616.81,40263680,true,gpu_nvme_kernel,,1,16
B1,Tutti-deployed,16,0.3,9830,4096,256,97,2904.289,7542.285,40263680,true,gpu_nvme_kernel,,1,16
B1,Tutti-deployed,16,0.3,9830,4096,256,98,2906.646,7564.991,40263680,true,gpu_nvme_kernel,,1,16
B1,Tutti-deployed,16,0.3,9830,4096,256,99,2919.596,7536.859,40263680,true,gpu_nvme_kernel,,1,16
B1,Tutti-deployed,16,0.3,9830,4096,256,100,2908.5,7506.713,40263680,true,gpu_nvme_kernel,,1,16
B1,Tutti-deployed,16,0.3,9830,4096,256,101,2907.278,7496.002,40263680,true,gpu_nvme_kernel,,1,16
B1,Tutti-deployed,16,0.3,9830,4096,256,102,2912.275,7604.587,40263680,true,gpu_nvme_kernel,,1,16
B1,Tutti-deployed,16,0.3,9830,4096,256,103,2897.127,7509.6,40263680,true,gpu_nvme_kernel,,1,16
B1,Tutti-deployed,16,0.3,9830,4096,256,104,2914.906,7603.191,40263680,true,gpu_nvme_kernel,,1,16
B1,Tutti-deployed,16,0.3,9830,4096,256,105,2929.788,7421.046,40263680,true,gpu_nvme_kernel,,1,16
B1,Tutti-deployed,16,0.3,9830,4096,256,106,2905.907,7617.222,40263680,true,gpu_nvme_kernel,,1,16
B1,Tutti-deployed,16,0.3,9830,4096,256,107,2895.217,7593.547,40263680,true,gpu_nvme_kernel,,1,16
B1,Tutti-deployed,16,0.3,9830,4096,256,108,2917.684,7493.617,40263680,true,gpu_nvme_kernel,,1,16
B1,Tutti-deployed,16,0.3,9830,4096,256,109,2920.33,7494.464,40263680,true,gpu_nvme_kernel,,1,16
B1,Tutti-deployed,16,0.3,9830,4096,256,110,2890.411,7569.795,40263680,true,gpu_nvme_kernel,,1,16
B1,Tutti-deployed,16,0.3,9830,4096,256,111,2924.126,7430.682,40263680,true,gpu_nvme_kernel,,1,16
B1,Tutti-deployed,16,0.3,9830,4096,256,112,2916.139,7601.921,40263680,true,gpu_nvme_kernel,,1,16
B1,Tutti-deployed,16,0.3,9830,4096,256,113,2897.551,7789.238,40263680,true,gpu_nvme_kernel,,1,16
B1,Tutti-deployed,16,0.3,9830,4096,256,114,2902.65,7547.116,40263680,true,gpu_nvme_kernel,,1,16
B1,Tutti-deployed,16,0.3,9830,4096,256,115,2892.813,7531.47,40263680,true,gpu_nvme_kernel,,1,16
B1,Tutti-deployed,16,0.3,9830,4096,256,116,2912.609,7428.042,40263680,true,gpu_nvme_kernel,,1,16
B1,Tutti-deployed,16,0.3,9830,4096,256,117,2919.954,7584.908,40263680,true,gpu_nvme_kernel,,1,16
B1,Tutti-deployed,16,0.3,9830,4096,256,118,2915.52,7514.521,40263680,true,gpu_nvme_kernel,,1,16
B1,Tutti-deployed,16,0.3,9830,4096,256,119,2923.719,7580.606,40263680,true,gpu_nvme_kernel,,1,16
B1,Tutti-deployed,16,0.3,9830,4096,256,120,2896.849,7437.17,40263680,true,gpu_nvme_kernel,,1,16
B1,Tutti-deployed,16,0.3,9830,4096,256,121,2926.911,7623.592,40263680,true,gpu_nvme_kernel,,1,16
B1,Tutti-deployed,16,0.3,9830,4096,256,122,2895.834,7465.941,40263680,true,gpu_nvme_kernel,,1,16
B1,Tutti-deployed,16,0.3,9830,4096,256,123,2898.514,7577.977,40263680,true,gpu_nvme_kernel,,1,16
B1,Tutti-deployed,16,0.3,9830,4096,256,124,2912.333,7596.159,40263680,true,gpu_nvme_kernel,,1,16
B1,Tutti-deployed,16,0.3,9830,4096,256,125,2910.576,7510.414,40263680,true,gpu_nvme_kernel,,1,16
B1,Tutti-deployed,16,0.3,9830,4096,256,126,2917.152,7738.462,40263680,true,gpu_nvme_kernel,,1,16
B1,Tutti-deployed,16,0.3,9830,4096,256,127,2909.445,7457.963,40263680,true,gpu_nvme_kernel,,1,16
B1,Tutti-deployed,16,0.3,9830,4096,256,128,2899.205,7619.86,40263680,true,gpu_nvme_kernel,,1,16
B1,Tutti-deployed,16,0.3,9830,4096,256,129,2941.041,7425.264,40263680,true,gpu_nvme_kernel,,1,16
B1,Tutti-deployed,16,0.3,9830,4096,256,130,2906.416,7598.545,40263680,true,gpu_nvme_kernel,,1,16
B1,Tutti-deployed,16,0.3,9830,4096,256,131,2909.869,7450.571,40263680,true,gpu_nvme_kernel,,1,16
B1,Tutti-deployed,16,0.3,9830,4096,256,132,2927.934,7506.811,40263680,true,gpu_nvme_kernel,,1,16
B1,Tutti-deployed,16,0.3,9830,4096,256,133,2900.989,7442.929,40263680,true,gpu_nvme_kernel,,1,16
B1,Tutti-deployed,16,0.3,9830,4096,256,134,2918.179,7479.584,40263680,true,gpu_nvme_kernel,,1,16
B1,Tutti-deployed,16,0.3,9830,4096,256,135,2890.51,7637.906,40263680,true,gpu_nvme_kernel,,1,16
B1,Tutti-deployed,16,0.3,9830,4096,256,136,2894.99,7550.188,40263680,true,gpu_nvme_kernel,,1,16
B1,Tutti-deployed,16,0.3,9830,4096,256,137,2909.019,7552.112,40263680,true,gpu_nvme_kernel,,1,16
B1,Tutti-deployed,16,0.3,9830,4096,256,138,2910.261,7653.807,40263680,true,gpu_nvme_kernel,,1,16
B1,Tutti-deployed,16,0.3,9830,4096,256,139,2913.208,7385.234,40263680,true,gpu_nvme_kernel,,1,16
B1,Tutti-deployed,16,0.3,9830,4096,256,140,2903.264,7674.426,40263680,true,gpu_nvme_kernel,,1,16
B1,Tutti-deployed,16,0.3,9830,4096,256,141,2927.421,7400.886,40263680,true,gpu_nvme_kernel,,1,16
B1,Tutti-deployed,16,0.3,9830,4096,256,142,2912.284,7521.219,40263680,true,gpu_nvme_kernel,,1,16
B1,Tutti-deployed,16,0.3,9830,4096,256,143,2908.949,7564.406,40263680,true,gpu_nvme_kernel,,1,16
B1,Tutti-deployed,16,0.3,9830,4096,256,144,2915.878,7733.737,40263680,true,gpu_nvme_kernel,,1,16
B1,Tutti-deployed,16,0.3,9830,4096,256,145,2903.684,7489.558,40263680,true,gpu_nvme_kernel,,1,16
B1,Tutti-deployed,16,0.3,9830,4096,256,146,2899.03,7626.428,40263680,true,gpu_nvme_kernel,,1,16
B1,Tutti-deployed,16,0.3,9830,4096,256,147,2900.821,7697.007,40263680,true,gpu_nvme_kernel,,1,16
B1,Tutti-deployed,16,0.3,9830,4096,256,148,2908.566,7568.405,40263680,true,gpu_nvme_kernel,,1,16
B1,Tutti-deployed,16,0.3,9830,4096,256,149,2896.244,7611.733,40263680,true,gpu_nvme_kernel,,1,16
B1,Tutti-deployed,16,0.3,9830,4096,256,150,2920.052,7581.278,40263680,true,gpu_nvme_kernel,,1,16
B1,Tutti-deployed,16,0.3,9830,4096,256,151,2904.275,7496.511,40263680,true,gpu_nvme_kernel,,1,16
B1,Tutti-deployed,16,0.3,9830,4096,256,152,2917.99,7604.103,40263680,true,gpu_nvme_kernel,,1,16
B1,Tutti-deployed,16,0.3,9830,4096,256,153,2912.757,7604.276,40263680,true,gpu_nvme_kernel,,1,16
B1,Tutti-deployed,16,0.3,9830,4096,256,154,2923.731,7627.249,40263680,true,gpu_nvme_kernel,,1,16
B1,Tutti-deployed,16,0.3,9830,4096,256,155,2898.608,7564.722,40263680,true,gpu_nvme_kernel,,1,16
B1,Tutti-deployed,16,0.3,9830,4096,256,156,2887.779,7663.841,40263680,true,gpu_nvme_kernel,,1,16
B1,Tutti-deployed,16,0.3,9830,4096,256,157,2901.716,7571.416,40263680,true,gpu_nvme_kernel,,1,16
B1,Tutti-deployed,16,0.3,9830,4096,256,158,2915.173,7557.32,40263680,true,gpu_nvme_kernel,,1,16
B1,Tutti-deployed,16,0.3,9830,4096,256,159,2917.534,7496.828,40263680,true,gpu_nvme_kernel,,1,16
B1,Tutti-deployed,16,0.3,9830,4096,256,160,2922.056,7448.02,40263680,true,gpu_nvme_kernel,,1,16
B1,Tutti-deployed,16,0.3,9830,4096,256,161,2918.839,7483.703,40263680,true,gpu_nvme_kernel,,1,16
B1,Tutti-deployed,16,0.3,9830,4096,256,162,2911.986,7506.343,40263680,true,gpu_nvme_kernel,,1,16
B1,Tutti-deployed,16,0.3,9830,4096,256,163,2915.541,7618.113,40263680,true,gpu_nvme_kernel,,1,16
B1,Tutti-deployed,16,0.3,9830,4096,256,164,2932.152,7572.435,40263680,true,gpu_nvme_kernel,,1,16
B1,Tutti-deployed,16,0.3,9830,4096,256,165,2924.033,7688.822,40263680,true,gpu_nvme_kernel,,1,16
B1,Tutti-deployed,16,0.3,9830,4096,256,166,2899.55,7553.874,40263680,true,gpu_nvme_kernel,,1,16
B1,Tutti-deployed,16,0.3,9830,4096,256,167,2909.598,7555.836,40263680,true,gpu_nvme_kernel,,1,16
B1,Tutti-deployed,16,0.3,9830,4096,256,168,2913.921,7712.489,40263680,true,gpu_nvme_kernel,,1,16
B1,Tutti-deployed,16,0.3,9830,4096,256,169,2902.81,7586.613,40263680,true,gpu_nvme_kernel,,1,16
B1,Tutti-deployed,16,0.3,9830,4096,256,170,2913.947,7506.776,40263680,true,gpu_nvme_kernel,,1,16
B1,Tutti-deployed,16,0.3,9830,4096,256,171,2915.5,7469.367,40263680,true,gpu_nvme_kernel,,1,16
B1,Tutti-deployed,16,0.3,9830,4096,256,172,2890.167,7606.469,40263680,true,gpu_nvme_kernel,,1,16
B1,Tutti-deployed,16,0.3,9830,4096,256,173,2914.313,7303.622,40263680,true,gpu_nvme_kernel,,1,16
B1,Tutti-deployed,16,0.3,9830,4096,256,174,2915.04,7379.793,40263680,true,gpu_nvme_kernel,,1,16
B1,Tutti-deployed,16,0.3,9830,4096,256,175,2896.128,7502.448,40263680,true,gpu_nvme_kernel,,1,16
B1,Tutti-deployed,16,0.3,9830,4096,256,176,2905.908,7365.867,40263680,true,gpu_nvme_kernel,,1,16
B1,Tutti-deployed,16,0.3,9830,4096,256,177,2914.422,7666.027,40263680,true,gpu_nvme_kernel,,1,16
B1,Tutti-deployed,16,0.3,9830,4096,256,178,2920.07,7462.063,40263680,true,gpu_nvme_kernel,,1,16
B1,Tutti-deployed,16,0.3,9830,4096,256,179,2905.227,7616.128,40263680,true,gpu_nvme_kernel,,1,16
B1,Tutti-deployed,16,0.3,9830,4096,256,180,2916.315,7537.927,40263680,true,gpu_nvme_kernel,,1,16
B1,Tutti-deployed,16,0.3,9830,4096,256,181,2908.749,7452.604,40263680,true,gpu_nvme_kernel,,1,16
B1,Tutti-deployed,16,0.3,9830,4096,256,182,2912.445,7478.157,40263680,true,gpu_nvme_kernel,,1,16
B1,Tutti-deployed,16,0.3,9830,4096,256,183,2910.598,7633.879,40263680,true,gpu_nvme_kernel,,1,16
B1,Tutti-deployed,16,0.3,9830,4096,256,184,2938.952,7427.227,40263680,true,gpu_nvme_kernel,,1,16
B1,Tutti-deployed,16,0.3,9830,4096,256,185,2909.057,7431.309,40263680,true,gpu_nvme_kernel,,1,16
B1,Tutti-deployed,16,0.3,9830,4096,256,186,2900.584,7602.884,40263680,true,gpu_nvme_kernel,,1,16
B1,Tutti-deployed,16,0.3,9830,4096,256,187,2892.796,7597.661,40263680,true,gpu_nvme_kernel,,1,16
B1,Tutti-deployed,16,0.3,9830,4096,256,188,2922.937,7532.095,40263680,true,gpu_nvme_kernel,,1,16
B1,Tutti-deployed,16,0.3,9830,4096,256,189,2922.768,7447.172,40263680,true,gpu_nvme_kernel,,1,16
B1,Tutti-deployed,16,0.3,9830,4096,256,190,2923.802,7713.687,40263680,true,gpu_nvme_kernel,,1,16
B1,Tutti-deployed,16,0.3,9830,4096,256,191,2910.805,7616.225,40263680,true,gpu_nvme_kernel,,1,16
B1,Tutti-deployed,16,0.3,9830,4096,256,192,2908.696,7534.514,40263680,true,gpu_nvme_kernel,,1,16
B1,Tutti-deployed,16,0.3,9830,4096,256,193,3069.963,7658.64,40263680,true,gpu_nvme_kernel,,1,16
B1,Tutti-deployed,16,0.3,9830,4096,256,194,2901.877,7294.048,40263680,true,gpu_nvme_kernel,,1,16
B1,Tutti-deployed,16,0.3,9830,4096,256,195,2912.752,7548.259,40263680,true,gpu_nvme_kernel,,1,16
B1,Tutti-deployed,16,0.3,9830,4096,256,196,2901.88,7649.035,40263680,true,gpu_nvme_kernel,,1,16
B1,Tutti-deployed,16,0.3,9830,4096,256,197,2912.528,7528.952,40263680,true,gpu_nvme_kernel,,1,16
B1,Tutti-deployed,16,0.3,9830,4096,256,198,2889.247,7537.803,40263680,true,gpu_nvme_kernel,,1,16
B1,Tutti-deployed,16,0.3,9830,4096,256,199,2927.722,7322.647,40263680,true,gpu_nvme_kernel,,1,16
B1,Tutti-deployed,16,0.3,9830,4096,256,0,2899.544,7586.906,40263680,true,gpu_nvme_kernel,,3,16
B1,Tutti-deployed,64,0.067,8782,4096,256,0,2605.693,6735.277,35971072,true,gpu_nvme_kernel,,2,16
B1,Tutti-deployed,64,0.067,8782,4096,256,0,2623.97,6809.034,35971072,true,gpu_nvme_kernel,,0,16
B1,Tutti-deployed,64,0.067,8782,4096,256,1,2606.923,6729.025,35971072,true,gpu_nvme_kernel,,0,16
B1,Tutti-deployed,64,0.067,8782,4096,256,2,2614.988,6860.633,35971072,true,gpu_nvme_kernel,,0,16
B1,Tutti-deployed,64,0.067,8782,4096,256,3,2621.114,6763.938,35971072,true,gpu_nvme_kernel,,0,16
B1,Tutti-deployed,64,0.067,8782,4096,256,4,2601.026,6632.179,35971072,true,gpu_nvme_kernel,,0,16
B1,Tutti-deployed,64,0.067,8782,4096,256,5,2621.292,6688.157,35971072,true,gpu_nvme_kernel,,0,16
B1,Tutti-deployed,64,0.067,8782,4096,256,6,2609.289,6724.806,35971072,true,gpu_nvme_kernel,,0,16
B1,Tutti-deployed,64,0.067,8782,4096,256,7,2591.194,6729.446,35971072,true,gpu_nvme_kernel,,0,16
B1,Tutti-deployed,64,0.067,8782,4096,256,8,2577.419,6759.747,35971072,true,gpu_nvme_kernel,,0,16
B1,Tutti-deployed,64,0.067,8782,4096,256,9,2596.234,6699.283,35971072,true,gpu_nvme_kernel,,0,16
B1,Tutti-deployed,64,0.067,8782,4096,256,0,2612.946,6744.274,35971072,true,gpu_nvme_kernel,,1,16
B1,Tutti-deployed,64,0.067,8782,4096,256,1,2602.313,6756.415,35971072,true,gpu_nvme_kernel,,1,16
B1,Tutti-deployed,64,0.067,8782,4096,256,2,2595.717,6717.491,35971072,true,gpu_nvme_kernel,,1,16
B1,Tutti-deployed,64,0.067,8782,4096,256,3,2597.203,6816.761,35971072,true,gpu_nvme_kernel,,1,16
B1,Tutti-deployed,64,0.067,8782,4096,256,4,2589.676,6882.065,35971072,true,gpu_nvme_kernel,,1,16
B1,Tutti-deployed,64,0.067,8782,4096,256,5,2609.008,6811.356,35971072,true,gpu_nvme_kernel,,1,16
B1,Tutti-deployed,64,0.067,8782,4096,256,6,2591.596,6874.976,35971072,true,gpu_nvme_kernel,,1,16
B1,Tutti-deployed,64,0.067,8782,4096,256,7,2620.11,6749.515,35971072,true,gpu_nvme_kernel,,1,16
B1,Tutti-deployed,64,0.067,8782,4096,256,8,2611.194,6796.381,35971072,true,gpu_nvme_kernel,,1,16
B1,Tutti-deployed,64,0.067,8782,4096,256,9,2615.711,6589.417,35971072,true,gpu_nvme_kernel,,1,16
B1,Tutti-deployed,64,0.067,8782,4096,256,10,2598.408,6774.134,35971072,true,gpu_nvme_kernel,,1,16
B1,Tutti-deployed,64,0.067,8782,4096,256,11,2588.599,6730.355,35971072,true,gpu_nvme_kernel,,1,16
B1,Tutti-deployed,64,0.067,8782,4096,256,12,2585.851,6825.667,35971072,true,gpu_nvme_kernel,,1,16
B1,Tutti-deployed,64,0.067,8782,4096,256,13,2603.72,6763.164,35971072,true,gpu_nvme_kernel,,1,16
B1,Tutti-deployed,64,0.067,8782,4096,256,14,2596.273,6794.609,35971072,true,gpu_nvme_kernel,,1,16
B1,Tutti-deployed,64,0.067,8782,4096,256,15,2614.085,6798.107,35971072,true,gpu_nvme_kernel,,1,16
B1,Tutti-deployed,64,0.067,8782,4096,256,16,2607.418,6792.027,35971072,true,gpu_nvme_kernel,,1,16
B1,Tutti-deployed,64,0.067,8782,4096,256,17,2582.053,6819.956,35971072,true,gpu_nvme_kernel,,1,16
B1,Tutti-deployed,64,0.067,8782,4096,256,18,2599.352,6700.317,35971072,true,gpu_nvme_kernel,,1,16
B1,Tutti-deployed,64,0.067,8782,4096,256,19,2592.113,6813.485,35971072,true,gpu_nvme_kernel,,1,16
B1,Tutti-deployed,64,0.067,8782,4096,256,20,2588.385,6715.147,35971072,true,gpu_nvme_kernel,,1,16
B1,Tutti-deployed,64,0.067,8782,4096,256,21,2593.368,6745.88,35971072,true,gpu_nvme_kernel,,1,16
B1,Tutti-deployed,64,0.067,8782,4096,256,22,2596.155,6664.467,35971072,true,gpu_nvme_kernel,,1,16
B1,Tutti-deployed,64,0.067,8782,4096,256,23,2619.452,6719.589,35971072,true,gpu_nvme_kernel,,1,16
B1,Tutti-deployed,64,0.067,8782,4096,256,24,2586.21,6725.326,35971072,true,gpu_nvme_kernel,,1,16
B1,Tutti-deployed,64,0.067,8782,4096,256,25,2600.681,6808.681,35971072,true,gpu_nvme_kernel,,1,16
B1,Tutti-deployed,64,0.067,8782,4096,256,26,2589.822,6702.869,35971072,true,gpu_nvme_kernel,,1,16
B1,Tutti-deployed,64,0.067,8782,4096,256,27,2615.676,6635.828,35971072,true,gpu_nvme_kernel,,1,16
B1,Tutti-deployed,64,0.067,8782,4096,256,28,2601.095,6573.159,35971072,true,gpu_nvme_kernel,,1,16
B1,Tutti-deployed,64,0.067,8782,4096,256,29,2599.284,6823.131,35971072,true,gpu_nvme_kernel,,1,16
B1,Tutti-deployed,64,0.067,8782,4096,256,30,2609.742,6823.216,35971072,true,gpu_nvme_kernel,,1,16
B1,Tutti-deployed,64,0.067,8782,4096,256,31,2587.137,6757.686,35971072,true,gpu_nvme_kernel,,1,16
B1,Tutti-deployed,64,0.067,8782,4096,256,32,2591.957,6792.477,35971072,true,gpu_nvme_kernel,,1,16
B1,Tutti-deployed,64,0.067,8782,4096,256,33,2602.048,6736.185,35971072,true,gpu_nvme_kernel,,1,16
B1,Tutti-deployed,64,0.067,8782,4096,256,34,2601.807,6849.726,35971072,true,gpu_nvme_kernel,,1,16
B1,Tutti-deployed,64,0.067,8782,4096,256,35,2596.914,6774.567,35971072,true,gpu_nvme_kernel,,1,16
B1,Tutti-deployed,64,0.067,8782,4096,256,36,2602.681,6708.094,35971072,true,gpu_nvme_kernel,,1,16
B1,Tutti-deployed,64,0.067,8782,4096,256,37,2603.986,6710.995,35971072,true,gpu_nvme_kernel,,1,16
B1,Tutti-deployed,64,0.067,8782,4096,256,38,2605.04,6827.911,35971072,true,gpu_nvme_kernel,,1,16
B1,Tutti-deployed,64,0.067,8782,4096,256,39,2602.136,6637.657,35971072,true,gpu_nvme_kernel,,1,16
B1,Tutti-deployed,64,0.067,8782,4096,256,40,2597.02,6756.633,35971072,true,gpu_nvme_kernel,,1,16
B1,Tutti-deployed,64,0.067,8782,4096,256,41,2604.96,6636.057,35971072,true,gpu_nvme_kernel,,1,16
B1,Tutti-deployed,64,0.067,8782,4096,256,42,2756.66,6845.011,35971072,true,gpu_nvme_kernel,,1,16
B1,Tutti-deployed,64,0.067,8782,4096,256,43,3102.867,6769.637,35971072,true,gpu_nvme_kernel,,1,16
B1,Tutti-deployed,64,0.067,8782,4096,256,44,3063.648,6831.634,35971072,true,gpu_nvme_kernel,,1,16
B1,Tutti-deployed,64,0.067,8782,4096,256,45,3038.434,6786.953,35971072,true,gpu_nvme_kernel,,1,16
B1,Tutti-deployed,64,0.067,8782,4096,256,46,3054.109,6758.752,35971072,true,gpu_nvme_kernel,,1,16
B1,Tutti-deployed,64,0.067,8782,4096,256,47,3036.578,6659.636,35971072,true,gpu_nvme_kernel,,1,16
B1,Tutti-deployed,64,0.067,8782,4096,256,48,3047.612,6734.696,35971072,true,gpu_nvme_kernel,,1,16
B1,Tutti-deployed,64,0.067,8782,4096,256,49,3025.945,6866.593,35971072,true,gpu_nvme_kernel,,1,16
B1,Tutti-deployed,64,0.067,8782,4096,256,50,3038.854,6828.159,35971072,true,gpu_nvme_kernel,,1,16
B1,Tutti-deployed,64,0.067,8782,4096,256,51,3053.478,6882.601,35971072,true,gpu_nvme_kernel,,1,16
B1,Tutti-deployed,64,0.067,8782,4096,256,52,3084.088,6825.506,35971072,true,gpu_nvme_kernel,,1,16
B1,Tutti-deployed,64,0.067,8782,4096,256,53,3032.626,6714.152,35971072,true,gpu_nvme_kernel,,1,16
B1,Tutti-deployed,64,0.067,8782,4096,256,54,3021.195,6798.381,35971072,true,gpu_nvme_kernel,,1,16
B1,Tutti-deployed,64,0.067,8782,4096,256,55,3041.269,6812.897,35971072,true,gpu_nvme_kernel,,1,16
B1,Tutti-deployed,64,0.067,8782,4096,256,56,3030.93,6749.061,35971072,true,gpu_nvme_kernel,,1,16
B1,Tutti-deployed,64,0.067,8782,4096,256,57,3022.649,6995.846,35971072,true,gpu_nvme_kernel,,1,16
B1,Tutti-deployed,64,0.067,8782,4096,256,58,3030.643,6691.984,35971072,true,gpu_nvme_kernel,,1,16
B1,Tutti-deployed,64,0.067,8782,4096,256,59,3032.607,6856.924,35971072,true,gpu_nvme_kernel,,1,16
B1,Tutti-deployed,64,0.067,8782,4096,256,60,3037.717,6847.014,35971072,true,gpu_nvme_kernel,,1,16
B1,Tutti-deployed,64,0.067,8782,4096,256,61,3040.491,6709.599,35971072,true,gpu_nvme_kernel,,1,16
B1,Tutti-deployed,64,0.067,8782,4096,256,62,3021.856,6755.097,35971072,true,gpu_nvme_kernel,,1,16
B1,Tutti-deployed,64,0.067,8782,4096,256,63,3039.758,6761.358,35971072,true,gpu_nvme_kernel,,1,16
B1,Tutti-deployed,64,0.067,8782,4096,256,64,3022.777,6782.194,35971072,true,gpu_nvme_kernel,,1,16
B1,Tutti-deployed,64,0.067,8782,4096,256,65,3031.867,6771.614,35971072,true,gpu_nvme_kernel,,1,16
B1,Tutti-deployed,64,0.067,8782,4096,256,66,3050.259,6921.393,35971072,true,gpu_nvme_kernel,,1,16
B1,Tutti-deployed,64,0.067,8782,4096,256,67,3024.258,6747.555,35971072,true,gpu_nvme_kernel,,1,16
B1,Tutti-deployed,64,0.067,8782,4096,256,68,3038.361,6729.191,35971072,true,gpu_nvme_kernel,,1,16
B1,Tutti-deployed,64,0.067,8782,4096,256,69,3016.61,6786.496,35971072,true,gpu_nvme_kernel,,1,16
B1,Tutti-deployed,64,0.067,8782,4096,256,70,3033.647,6828.462,35971072,true,gpu_nvme_kernel,,1,16
B1,Tutti-deployed,64,0.067,8782,4096,256,71,3055.839,6794.16,35971072,true,gpu_nvme_kernel,,1,16
B1,Tutti-deployed,64,0.067,8782,4096,256,72,3052.146,6949.213,35971072,true,gpu_nvme_kernel,,1,16
B1,Tutti-deployed,64,0.067,8782,4096,256,73,3039.362,6829.954,35971072,true,gpu_nvme_kernel,,1,16
B1,Tutti-deployed,64,0.067,8782,4096,256,74,3042.377,6738.992,35971072,true,gpu_nvme_kernel,,1,16
B1,Tutti-deployed,64,0.067,8782,4096,256,75,3066.548,6687.415,35971072,true,gpu_nvme_kernel,,1,16
B1,Tutti-deployed,64,0.067,8782,4096,256,76,3041.418,6877.341,35971072,true,gpu_nvme_kernel,,1,16
B1,Tutti-deployed,64,0.067,8782,4096,256,77,3047.142,6795.239,35971072,true,gpu_nvme_kernel,,1,16
B1,Tutti-deployed,64,0.067,8782,4096,256,78,3018.156,6749.037,35971072,true,gpu_nvme_kernel,,1,16
B1,Tutti-deployed,64,0.067,8782,4096,256,79,3038.247,6701.523,35971072,true,gpu_nvme_kernel,,1,16
B1,Tutti-deployed,64,0.067,8782,4096,256,80,3034.207,6776.547,35971072,true,gpu_nvme_kernel,,1,16
B1,Tutti-deployed,64,0.067,8782,4096,256,81,3049.856,6786.238,35971072,true,gpu_nvme_kernel,,1,16
B1,Tutti-deployed,64,0.067,8782,4096,256,82,3038.759,6843.63,35971072,true,gpu_nvme_kernel,,1,16
B1,Tutti-deployed,64,0.067,8782,4096,256,83,3042.118,6992.062,35971072,true,gpu_nvme_kernel,,1,16
B1,Tutti-deployed,64,0.067,8782,4096,256,84,3043.223,6887.666,35971072,true,gpu_nvme_kernel,,1,16
B1,Tutti-deployed,64,0.067,8782,4096,256,85,3044.307,6644.089,35971072,true,gpu_nvme_kernel,,1,16
B1,Tutti-deployed,64,0.067,8782,4096,256,86,3064.289,6668.615,35971072,true,gpu_nvme_kernel,,1,16
B1,Tutti-deployed,64,0.067,8782,4096,256,87,3048.012,6910.374,35971072,true,gpu_nvme_kernel,,1,16
B1,Tutti-deployed,64,0.067,8782,4096,256,88,3024.746,6795.832,35971072,true,gpu_nvme_kernel,,1,16
B1,Tutti-deployed,64,0.067,8782,4096,256,89,3033.967,6767.915,35971072,true,gpu_nvme_kernel,,1,16
B1,Tutti-deployed,64,0.067,8782,4096,256,90,3024.22,6778.597,35971072,true,gpu_nvme_kernel,,1,16
B1,Tutti-deployed,64,0.067,8782,4096,256,91,3013.081,6900.224,35971072,true,gpu_nvme_kernel,,1,16
B1,Tutti-deployed,64,0.067,8782,4096,256,92,3051.858,6832.172,35971072,true,gpu_nvme_kernel,,1,16
B1,Tutti-deployed,64,0.067,8782,4096,256,93,3039.635,6743.88,35971072,true,gpu_nvme_kernel,,1,16
B1,Tutti-deployed,64,0.067,8782,4096,256,94,3025.613,6840.434,35971072,true,gpu_nvme_kernel,,1,16
B1,Tutti-deployed,64,0.067,8782,4096,256,95,3031.241,6756.857,35971072,true,gpu_nvme_kernel,,1,16
B1,Tutti-deployed,64,0.067,8782,4096,256,96,3055.069,6793.207,35971072,true,gpu_nvme_kernel,,1,16
B1,Tutti-deployed,64,0.067,8782,4096,256,97,3059.062,6825.781,35971072,true,gpu_nvme_kernel,,1,16
B1,Tutti-deployed,64,0.067,8782,4096,256,98,3038.759,7659.155,35971072,true,gpu_nvme_kernel,,1,16
B1,Tutti-deployed,64,0.067,8782,4096,256,99,3039.698,6830.092,35971072,true,gpu_nvme_kernel,,1,16
B1,Tutti-deployed,64,0.067,8782,4096,256,100,3044.972,6789.657,35971072,true,gpu_nvme_kernel,,1,16
B1,Tutti-deployed,64,0.067,8782,4096,256,101,3037.18,6712.092,35971072,true,gpu_nvme_kernel,,1,16
B1,Tutti-deployed,64,0.067,8782,4096,256,102,3022.459,6757.719,35971072,true,gpu_nvme_kernel,,1,16
B1,Tutti-deployed,64,0.067,8782,4096,256,103,3031.889,7008.02,35971072,true,gpu_nvme_kernel,,1,16
B1,Tutti-deployed,64,0.067,8782,4096,256,104,3040.558,6788.889,35971072,true,gpu_nvme_kernel,,1,16
B1,Tutti-deployed,64,0.067,8782,4096,256,105,3037.459,6699.791,35971072,true,gpu_nvme_kernel,,1,16
B1,Tutti-deployed,64,0.067,8782,4096,256,106,3053.658,6695.467,35971072,true,gpu_nvme_kernel,,1,16
B1,Tutti-deployed,64,0.067,8782,4096,256,107,3044.388,6806.209,35971072,true,gpu_nvme_kernel,,1,16
B1,Tutti-deployed,64,0.067,8782,4096,256,108,3019.478,6787.817,35971072,true,gpu_nvme_kernel,,1,16
B1,Tutti-deployed,64,0.067,8782,4096,256,109,3047.183,6867.254,35971072,true,gpu_nvme_kernel,,1,16
B1,Tutti-deployed,64,0.067,8782,4096,256,110,3028.647,6839.554,35971072,true,gpu_nvme_kernel,,1,16
B1,Tutti-deployed,64,0.067,8782,4096,256,111,3063.627,6757.361,35971072,true,gpu_nvme_kernel,,1,16
B1,Tutti-deployed,64,0.067,8782,4096,256,112,3029.263,6809.853,35971072,true,gpu_nvme_kernel,,1,16
B1,Tutti-deployed,64,0.067,8782,4096,256,113,3043.611,6725.321,35971072,true,gpu_nvme_kernel,,1,16
B1,Tutti-deployed,64,0.067,8782,4096,256,114,3019.28,6932.933,35971072,true,gpu_nvme_kernel,,1,16
B1,Tutti-deployed,64,0.067,8782,4096,256,115,3022.003,6843.384,35971072,true,gpu_nvme_kernel,,1,16
B1,Tutti-deployed,64,0.067,8782,4096,256,116,3023.774,6868.534,35971072,true,gpu_nvme_kernel,,1,16
B1,Tutti-deployed,64,0.067,8782,4096,256,117,3018.369,6701.644,35971072,true,gpu_nvme_kernel,,1,16
B1,Tutti-deployed,64,0.067,8782,4096,256,118,3037.292,6815.868,35971072,true,gpu_nvme_kernel,,1,16
B1,Tutti-deployed,64,0.067,8782,4096,256,119,3020.178,6789.615,35971072,true,gpu_nvme_kernel,,1,16
B1,Tutti-deployed,64,0.067,8782,4096,256,120,3022.294,6942.342,35971072,true,gpu_nvme_kernel,,1,16
B1,Tutti-deployed,64,0.067,8782,4096,256,121,3018.881,6699.239,35971072,true,gpu_nvme_kernel,,1,16
B1,Tutti-deployed,64,0.067,8782,4096,256,122,3036.746,6887.213,35971072,true,gpu_nvme_kernel,,1,16
B1,Tutti-deployed,64,0.067,8782,4096,256,123,3023.288,6712.02,35971072,true,gpu_nvme_kernel,,1,16
B1,Tutti-deployed,64,0.067,8782,4096,256,124,3034.031,6951.354,35971072,true,gpu_nvme_kernel,,1,16
B1,Tutti-deployed,64,0.067,8782,4096,256,125,3030.182,6780.717,35971072,true,gpu_nvme_kernel,,1,16
B1,Tutti-deployed,64,0.067,8782,4096,256,126,3045.061,6755.903,35971072,true,gpu_nvme_kernel,,1,16
B1,Tutti-deployed,64,0.067,8782,4096,256,127,3023.783,6726.082,35971072,true,gpu_nvme_kernel,,1,16
B1,Tutti-deployed,64,0.067,8782,4096,256,128,3015.011,6843.249,35971072,true,gpu_nvme_kernel,,1,16
B1,Tutti-deployed,64,0.067,8782,4096,256,129,3145.22,6827.93,35971072,true,gpu_nvme_kernel,,1,16
B1,Tutti-deployed,64,0.067,8782,4096,256,130,3053.437,6742.101,35971072,true,gpu_nvme_kernel,,1,16
B1,Tutti-deployed,64,0.067,8782,4096,256,131,3079.089,6862.633,35971072,true,gpu_nvme_kernel,,1,16
B1,Tutti-deployed,64,0.067,8782,4096,256,132,3039.431,6766.385,35971072,true,gpu_nvme_kernel,,1,16
B1,Tutti-deployed,64,0.067,8782,4096,256,133,3067.34,6612.512,35971072,true,gpu_nvme_kernel,,1,16
B1,Tutti-deployed,64,0.067,8782,4096,256,134,3083.43,6776.323,35971072,true,gpu_nvme_kernel,,1,16
B1,Tutti-deployed,64,0.067,8782,4096,256,135,3051.859,6769.016,35971072,true,gpu_nvme_kernel,,1,16
B1,Tutti-deployed,64,0.067,8782,4096,256,136,3020.838,6697.368,35971072,true,gpu_nvme_kernel,,1,16
B1,Tutti-deployed,64,0.067,8782,4096,256,137,3016.031,6788.062,35971072,true,gpu_nvme_kernel,,1,16
B1,Tutti-deployed,64,0.067,8782,4096,256,138,3032.588,7026.924,35971072,true,gpu_nvme_kernel,,1,16
B1,Tutti-deployed,64,0.067,8782,4096,256,139,3039.946,6905.448,35971072,true,gpu_nvme_kernel,,1,16
B1,Tutti-deployed,64,0.067,8782,4096,256,140,3018.327,6784.488,35971072,true,gpu_nvme_kernel,,1,16
B1,Tutti-deployed,64,0.067,8782,4096,256,141,3030.453,6843.747,35971072,true,gpu_nvme_kernel,,1,16
B1,Tutti-deployed,64,0.067,8782,4096,256,142,3038.214,6689.776,35971072,true,gpu_nvme_kernel,,1,16
B1,Tutti-deployed,64,0.067,8782,4096,256,143,3027.076,6641.58,35971072,true,gpu_nvme_kernel,,1,16
B1,Tutti-deployed,64,0.067,8782,4096,256,144,3034.757,6747.127,35971072,true,gpu_nvme_kernel,,1,16
B1,Tutti-deployed,64,0.067,8782,4096,256,145,3043.613,6860.27,35971072,true,gpu_nvme_kernel,,1,16
B1,Tutti-deployed,64,0.067,8782,4096,256,146,3048.157,6806.211,35971072,true,gpu_nvme_kernel,,1,16
B1,Tutti-deployed,64,0.067,8782,4096,256,147,3012.809,6872.12,35971072,true,gpu_nvme_kernel,,1,16
B1,Tutti-deployed,64,0.067,8782,4096,256,148,3052.058,6662.629,35971072,true,gpu_nvme_kernel,,1,16
B1,Tutti-deployed,64,0.067,8782,4096,256,149,3041.067,6782.9,35971072,true,gpu_nvme_kernel,,1,16
B1,Tutti-deployed,64,0.067,8782,4096,256,150,3027.726,6751.85,35971072,true,gpu_nvme_kernel,,1,16
B1,Tutti-deployed,64,0.067,8782,4096,256,151,3047.292,6821.663,35971072,true,gpu_nvme_kernel,,1,16
B1,Tutti-deployed,64,0.067,8782,4096,256,152,3025.854,6990.12,35971072,true,gpu_nvme_kernel,,1,16
B1,Tutti-deployed,64,0.067,8782,4096,256,153,3031.448,6800.996,35971072,true,gpu_nvme_kernel,,1,16
B1,Tutti-deployed,64,0.067,8782,4096,256,154,3039.417,6840.986,35971072,true,gpu_nvme_kernel,,1,16
B1,Tutti-deployed,64,0.067,8782,4096,256,155,3027.55,6785.578,35971072,true,gpu_nvme_kernel,,1,16
B1,Tutti-deployed,64,0.067,8782,4096,256,156,3045.792,6847.473,35971072,true,gpu_nvme_kernel,,1,16
B1,Tutti-deployed,64,0.067,8782,4096,256,157,3036.281,6679.863,35971072,true,gpu_nvme_kernel,,1,16
B1,Tutti-deployed,64,0.067,8782,4096,256,158,3021.424,6840.856,35971072,true,gpu_nvme_kernel,,1,16
B1,Tutti-deployed,64,0.067,8782,4096,256,159,3036.324,6747.182,35971072,true,gpu_nvme_kernel,,1,16
B1,Tutti-deployed,64,0.067,8782,4096,256,160,3020.339,6920.908,35971072,true,gpu_nvme_kernel,,1,16
B1,Tutti-deployed,64,0.067,8782,4096,256,161,3030.473,6810.836,35971072,true,gpu_nvme_kernel,,1,16
B1,Tutti-deployed,64,0.067,8782,4096,256,162,3026.013,6767.78,35971072,true,gpu_nvme_kernel,,1,16
B1,Tutti-deployed,64,0.067,8782,4096,256,163,3055.613,6822.371,35971072,true,gpu_nvme_kernel,,1,16
B1,Tutti-deployed,64,0.067,8782,4096,256,164,3060.921,6691.202,35971072,true,gpu_nvme_kernel,,1,16
B1,Tutti-deployed,64,0.067,8782,4096,256,165,3042.613,7090.968,35971072,true,gpu_nvme_kernel,,1,16
B1,Tutti-deployed,64,0.067,8782,4096,256,166,3033.753,6834.946,35971072,true,gpu_nvme_kernel,,1,16
B1,Tutti-deployed,64,0.067,8782,4096,256,167,3028.135,6780.481,35971072,true,gpu_nvme_kernel,,1,16
B1,Tutti-deployed,64,0.067,8782,4096,256,168,3027.818,6683.875,35971072,true,gpu_nvme_kernel,,1,16
B1,Tutti-deployed,64,0.067,8782,4096,256,169,3018.58,6947.943,35971072,true,gpu_nvme_kernel,,1,16
B1,Tutti-deployed,64,0.067,8782,4096,256,170,3045.762,6785.06,35971072,true,gpu_nvme_kernel,,1,16
B1,Tutti-deployed,64,0.067,8782,4096,256,171,2630.664,6807.664,35971072,true,gpu_nvme_kernel,,1,16
B1,Tutti-deployed,64,0.067,8782,4096,256,172,2608.927,6825.992,35971072,true,gpu_nvme_kernel,,1,16
B1,Tutti-deployed,64,0.067,8782,4096,256,173,2620.92,6668.517,35971072,true,gpu_nvme_kernel,,1,16
B1,Tutti-deployed,64,0.067,8782,4096,256,174,2588.249,6824.873,35971072,true,gpu_nvme_kernel,,1,16
B1,Tutti-deployed,64,0.067,8782,4096,256,175,2621.36,6831.524,35971072,true,gpu_nvme_kernel,,1,16
B1,Tutti-deployed,64,0.067,8782,4096,256,176,2636.471,6809.579,35971072,true,gpu_nvme_kernel,,1,16
B1,Tutti-deployed,64,0.067,8782,4096,256,177,2641.378,6786.887,35971072,true,gpu_nvme_kernel,,1,16
B1,Tutti-deployed,64,0.067,8782,4096,256,178,2634.746,6703.428,35971072,true,gpu_nvme_kernel,,1,16
B1,Tutti-deployed,64,0.067,8782,4096,256,179,2627.221,6788.294,35971072,true,gpu_nvme_kernel,,1,16
B1,Tutti-deployed,64,0.067,8782,4096,256,180,2603.127,6809.454,35971072,true,gpu_nvme_kernel,,1,16
B1,Tutti-deployed,64,0.067,8782,4096,256,181,2612.088,6815.18,35971072,true,gpu_nvme_kernel,,1,16
B1,Tutti-deployed,64,0.067,8782,4096,256,182,2610.968,6722.909,35971072,true,gpu_nvme_kernel,,1,16
B1,Tutti-deployed,64,0.067,8782,4096,256,183,2615.593,6885.308,35971072,true,gpu_nvme_kernel,,1,16
B1,Tutti-deployed,64,0.067,8782,4096,256,184,2606.746,6757.532,35971072,true,gpu_nvme_kernel,,1,16
B1,Tutti-deployed,64,0.067,8782,4096,256,185,2628.93,6708.276,35971072,true,gpu_nvme_kernel,,1,16
B1,Tutti-deployed,64,0.067,8782,4096,256,186,2643.401,6856.494,35971072,true,gpu_nvme_kernel,,1,16
B1,Tutti-deployed,64,0.067,8782,4096,256,187,2613.873,6553.568,35971072,true,gpu_nvme_kernel,,1,16
B1,Tutti-deployed,64,0.067,8782,4096,256,188,2616.441,6700.588,35971072,true,gpu_nvme_kernel,,1,16
B1,Tutti-deployed,64,0.067,8782,4096,256,189,2603.157,6902.455,35971072,true,gpu_nvme_kernel,,1,16
B1,Tutti-deployed,64,0.067,8782,4096,256,190,2612.028,6815.185,35971072,true,gpu_nvme_kernel,,1,16
B1,Tutti-deployed,64,0.067,8782,4096,256,191,2623.938,6708.799,35971072,true,gpu_nvme_kernel,,1,16
B1,Tutti-deployed,64,0.067,8782,4096,256,192,2612.03,6610.31,35971072,true,gpu_nvme_kernel,,1,16
B1,Tutti-deployed,64,0.067,8782,4096,256,193,2641.078,6765.188,35971072,true,gpu_nvme_kernel,,1,16
B1,Tutti-deployed,64,0.067,8782,4096,256,194,2616.068,6833.982,35971072,true,gpu_nvme_kernel,,1,16
B1,Tutti-deployed,64,0.067,8782,4096,256,195,2598.187,6800.009,35971072,true,gpu_nvme_kernel,,1,16
B1,Tutti-deployed,64,0.067,8782,4096,256,196,2599.389,6996.877,35971072,true,gpu_nvme_kernel,,1,16
B1,Tutti-deployed,64,0.067,8782,4096,256,197,2598.662,6866.238,35971072,true,gpu_nvme_kernel,,1,16
B1,Tutti-deployed,64,0.067,8782,4096,256,198,2623.308,6762.346,35971072,true,gpu_nvme_kernel,,1,16
B1,Tutti-deployed,64,0.067,8782,4096,256,199,2626.71,6793.946,35971072,true,gpu_nvme_kernel,,1,16
B1,Tutti-deployed,64,0.067,8782,4096,256,0,2630.59,6720.673,35971072,true,gpu_nvme_kernel,,3,16
B1,Tutti-deployed,64,0.134,17564,4096,256,0,5252.845,13439.656,71942144,true,gpu_nvme_kernel,,2,16
B1,Tutti-deployed,64,0.134,17564,4096,256,0,5215.678,13545.52,71942144,true,gpu_nvme_kernel,,0,16
B1,Tutti-deployed,64,0.134,17564,4096,256,1,5240.567,13511.742,71942144,true,gpu_nvme_kernel,,0,16
B1,Tutti-deployed,64,0.134,17564,4096,256,2,5203.33,13347.718,71942144,true,gpu_nvme_kernel,,0,16
B1,Tutti-deployed,64,0.134,17564,4096,256,3,5223.857,13356.57,71942144,true,gpu_nvme_kernel,,0,16
B1,Tutti-deployed,64,0.134,17564,4096,256,4,5206.496,13339.904,71942144,true,gpu_nvme_kernel,,0,16
B1,Tutti-deployed,64,0.134,17564,4096,256,5,5228.827,13500.231,71942144,true,gpu_nvme_kernel,,0,16
B1,Tutti-deployed,64,0.134,17564,4096,256,6,5225.248,13503.846,71942144,true,gpu_nvme_kernel,,0,16
B1,Tutti-deployed,64,0.134,17564,4096,256,7,5231.151,13467.781,71942144,true,gpu_nvme_kernel,,0,16
B1,Tutti-deployed,64,0.134,17564,4096,256,8,5205.88,13382.369,71942144,true,gpu_nvme_kernel,,0,16
B1,Tutti-deployed,64,0.134,17564,4096,256,9,5237.148,13382.079,71942144,true,gpu_nvme_kernel,,0,16
B1,Tutti-deployed,64,0.134,17564,4096,256,0,5226.851,13492.242,71942144,true,gpu_nvme_kernel,,1,16
B1,Tutti-deployed,64,0.134,17564,4096,256,1,5206.421,13646.749,71942144,true,gpu_nvme_kernel,,1,16
B1,Tutti-deployed,64,0.134,17564,4096,256,2,5224.689,13490.467,71942144,true,gpu_nvme_kernel,,1,16
B1,Tutti-deployed,64,0.134,17564,4096,256,3,5217.005,13333.444,71942144,true,gpu_nvme_kernel,,1,16
B1,Tutti-deployed,64,0.134,17564,4096,256,4,5231.506,13431.98,71942144,true,gpu_nvme_kernel,,1,16
B1,Tutti-deployed,64,0.134,17564,4096,256,5,5232.986,13600.541,71942144,true,gpu_nvme_kernel,,1,16
B1,Tutti-deployed,64,0.134,17564,4096,256,6,5216.035,13512.691,71942144,true,gpu_nvme_kernel,,1,16
B1,Tutti-deployed,64,0.134,17564,4096,256,7,5232.142,13365.033,71942144,true,gpu_nvme_kernel,,1,16
B1,Tutti-deployed,64,0.134,17564,4096,256,8,5207.189,13172.421,71942144,true,gpu_nvme_kernel,,1,16
B1,Tutti-deployed,64,0.134,17564,4096,256,9,5242.241,13587.37,71942144,true,gpu_nvme_kernel,,1,16
B1,Tutti-deployed,64,0.134,17564,4096,256,10,5231.605,13331.024,71942144,true,gpu_nvme_kernel,,1,16
B1,Tutti-deployed,64,0.134,17564,4096,256,11,5250.906,13426.989,71942144,true,gpu_nvme_kernel,,1,16
B1,Tutti-deployed,64,0.134,17564,4096,256,12,5271.573,13525.955,71942144,true,gpu_nvme_kernel,,1,16
B1,Tutti-deployed,64,0.134,17564,4096,256,13,5226.067,13472.766,71942144,true,gpu_nvme_kernel,,1,16
B1,Tutti-deployed,64,0.134,17564,4096,256,14,5233.752,13514.44,71942144,true,gpu_nvme_kernel,,1,16
B1,Tutti-deployed,64,0.134,17564,4096,256,15,5240.332,13333.316,71942144,true,gpu_nvme_kernel,,1,16
B1,Tutti-deployed,64,0.134,17564,4096,256,16,5231.309,13547.677,71942144,true,gpu_nvme_kernel,,1,16
B1,Tutti-deployed,64,0.134,17564,4096,256,17,5203.65,13594.51,71942144,true,gpu_nvme_kernel,,1,16
B1,Tutti-deployed,64,0.134,17564,4096,256,18,5229.724,13317.516,71942144,true,gpu_nvme_kernel,,1,16
B1,Tutti-deployed,64,0.134,17564,4096,256,19,5265.271,13343.558,71942144,true,gpu_nvme_kernel,,1,16
B1,Tutti-deployed,64,0.134,17564,4096,256,20,5207.098,13350.049,71942144,true,gpu_nvme_kernel,,1,16
B1,Tutti-deployed,64,0.134,17564,4096,256,21,5203.145,13660.781,71942144,true,gpu_nvme_kernel,,1,16
B1,Tutti-deployed,64,0.134,17564,4096,256,22,5221.211,13440.916,71942144,true,gpu_nvme_kernel,,1,16
B1,Tutti-deployed,64,0.134,17564,4096,256,23,5220.114,13363.686,71942144,true,gpu_nvme_kernel,,1,16
B1,Tutti-deployed,64,0.134,17564,4096,256,24,5220.583,13418.275,71942144,true,gpu_nvme_kernel,,1,16
B1,Tutti-deployed,64,0.134,17564,4096,256,25,5240.27,13701.026,71942144,true,gpu_nvme_kernel,,1,16
B1,Tutti-deployed,64,0.134,17564,4096,256,26,5227.57,13353.961,71942144,true,gpu_nvme_kernel,,1,16
B1,Tutti-deployed,64,0.134,17564,4096,256,27,5243.608,13265.188,71942144,true,gpu_nvme_kernel,,1,16
B1,Tutti-deployed,64,0.134,17564,4096,256,28,5204.237,13542.174,71942144,true,gpu_nvme_kernel,,1,16
B1,Tutti-deployed,64,0.134,17564,4096,256,29,5228.287,13344.938,71942144,true,gpu_nvme_kernel,,1,16
B1,Tutti-deployed,64,0.134,17564,4096,256,30,5262.775,13528.867,71942144,true,gpu_nvme_kernel,,1,16
B1,Tutti-deployed,64,0.134,17564,4096,256,31,5238.094,13500.807,71942144,true,gpu_nvme_kernel,,1,16
B1,Tutti-deployed,64,0.134,17564,4096,256,32,5259.143,13505.523,71942144,true,gpu_nvme_kernel,,1,16
B1,Tutti-deployed,64,0.134,17564,4096,256,33,5247.935,13564.884,71942144,true,gpu_nvme_kernel,,1,16
B1,Tutti-deployed,64,0.134,17564,4096,256,34,5246.194,13554.045,71942144,true,gpu_nvme_kernel,,1,16
B1,Tutti-deployed,64,0.134,17564,4096,256,35,5204.517,13384.14,71942144,true,gpu_nvme_kernel,,1,16
B1,Tutti-deployed,64,0.134,17564,4096,256,36,5228.761,13361.062,71942144,true,gpu_nvme_kernel,,1,16
B1,Tutti-deployed,64,0.134,17564,4096,256,37,5230.136,13421.876,71942144,true,gpu_nvme_kernel,,1,16
B1,Tutti-deployed,64,0.134,17564,4096,256,38,5221.026,13409.306,71942144,true,gpu_nvme_kernel,,1,16
B1,Tutti-deployed,64,0.134,17564,4096,256,39,5210.986,13237.017,71942144,true,gpu_nvme_kernel,,1,16
B1,Tutti-deployed,64,0.134,17564,4096,256,40,5257.279,13129.714,71942144,true,gpu_nvme_kernel,,1,16
B1,Tutti-deployed,64,0.134,17564,4096,256,41,5238.984,13288.751,71942144,true,gpu_nvme_kernel,,1,16
B1,Tutti-deployed,64,0.134,17564,4096,256,42,5213.738,13505.497,71942144,true,gpu_nvme_kernel,,1,16
B1,Tutti-deployed,64,0.134,17564,4096,256,43,5205.247,13315.388,71942144,true,gpu_nvme_kernel,,1,16
B1,Tutti-deployed,64,0.134,17564,4096,256,44,5230.893,13477.749,71942144,true,gpu_nvme_kernel,,1,16
B1,Tutti-deployed,64,0.134,17564,4096,256,45,5238.972,13313.264,71942144,true,gpu_nvme_kernel,,1,16
B1,Tutti-deployed,64,0.134,17564,4096,256,46,5245.848,13621.854,71942144,true,gpu_nvme_kernel,,1,16
B1,Tutti-deployed,64,0.134,17564,4096,256,47,5235.445,13330.052,71942144,true,gpu_nvme_kernel,,1,16
B1,Tutti-deployed,64,0.134,17564,4096,256,48,5247.513,13590.089,71942144,true,gpu_nvme_kernel,,1,16
B1,Tutti-deployed,64,0.134,17564,4096,256,49,5203.196,13497.957,71942144,true,gpu_nvme_kernel,,1,16
B1,Tutti-deployed,64,0.134,17564,4096,256,50,5229.79,13628.587,71942144,true,gpu_nvme_kernel,,1,16
B1,Tutti-deployed,64,0.134,17564,4096,256,51,5219.876,13520.457,71942144,true,gpu_nvme_kernel,,1,16
B1,Tutti-deployed,64,0.134,17564,4096,256,52,5240.805,13184.03,71942144,true,gpu_nvme_kernel,,1,16
B1,Tutti-deployed,64,0.134,17564,4096,256,53,5231.596,13333.61,71942144,true,gpu_nvme_kernel,,1,16
B1,Tutti-deployed,64,0.134,17564,4096,256,54,5215.521,13482.195,71942144,true,gpu_nvme_kernel,,1,16
B1,Tutti-deployed,64,0.134,17564,4096,256,55,5230.078,13241.682,71942144,true,gpu_nvme_kernel,,1,16
B1,Tutti-deployed,64,0.134,17564,4096,256,56,5208.952,13512.481,71942144,true,gpu_nvme_kernel,,1,16
B1,Tutti-deployed,64,0.134,17564,4096,256,57,5224.769,13489.04,71942144,true,gpu_nvme_kernel,,1,16
B1,Tutti-deployed,64,0.134,17564,4096,256,58,5218.413,13593.336,71942144,true,gpu_nvme_kernel,,1,16
B1,Tutti-deployed,64,0.134,17564,4096,256,59,5230.701,13503.547,71942144,true,gpu_nvme_kernel,,1,16
B1,Tutti-deployed,64,0.134,17564,4096,256,60,5218.581,13296.963,71942144,true,gpu_nvme_kernel,,1,16
B1,Tutti-deployed,64,0.134,17564,4096,256,61,5225.253,13347.137,71942144,true,gpu_nvme_kernel,,1,16
B1,Tutti-deployed,64,0.134,17564,4096,256,62,5254.111,13470.828,71942144,true,gpu_nvme_kernel,,1,16
B1,Tutti-deployed,64,0.134,17564,4096,256,63,5217.172,13441.104,71942144,true,gpu_nvme_kernel,,1,16
B1,Tutti-deployed,64,0.134,17564,4096,256,64,5241.063,13461.337,71942144,true,gpu_nvme_kernel,,1,16
B1,Tutti-deployed,64,0.134,17564,4096,256,65,5237.029,13344.21,71942144,true,gpu_nvme_kernel,,1,16
B1,Tutti-deployed,64,0.134,17564,4096,256,66,5246.309,13365.093,71942144,true,gpu_nvme_kernel,,1,16
B1,Tutti-deployed,64,0.134,17564,4096,256,67,5225.513,13647.544,71942144,true,gpu_nvme_kernel,,1,16
B1,Tutti-deployed,64,0.134,17564,4096,256,68,5224.716,13596.785,71942144,true,gpu_nvme_kernel,,1,16
B1,Tutti-deployed,64,0.134,17564,4096,256,69,5218.46,13485.877,71942144,true,gpu_nvme_kernel,,1,16
B1,Tutti-deployed,64,0.134,17564,4096,256,70,5227.971,13336.061,71942144,true,gpu_nvme_kernel,,1,16
B1,Tutti-deployed,64,0.134,17564,4096,256,71,5229.809,13344.233,71942144,true,gpu_nvme_kernel,,1,16
B1,Tutti-deployed,64,0.134,17564,4096,256,72,5226.085,13643.117,71942144,true,gpu_nvme_kernel,,1,16
B1,Tutti-deployed,64,0.134,17564,4096,256,73,5222.489,13373.078,71942144,true,gpu_nvme_kernel,,1,16
B1,Tutti-deployed,64,0.134,17564,4096,256,74,5228.089,13515.212,71942144,true,gpu_nvme_kernel,,1,16
B1,Tutti-deployed,64,0.134,17564,4096,256,75,5242.256,13421.255,71942144,true,gpu_nvme_kernel,,1,16
B1,Tutti-deployed,64,0.134,17564,4096,256,76,5223.847,13242.986,71942144,true,gpu_nvme_kernel,,1,16
B1,Tutti-deployed,64,0.134,17564,4096,256,77,5216.633,13455.268,71942144,true,gpu_nvme_kernel,,1,16
B1,Tutti-deployed,64,0.134,17564,4096,256,78,5216.942,13314.187,71942144,true,gpu_nvme_kernel,,1,16
B1,Tutti-deployed,64,0.134,17564,4096,256,79,5232.291,13316.256,71942144,true,gpu_nvme_kernel,,1,16
B1,Tutti-deployed,64,0.134,17564,4096,256,80,5208.035,13454.796,71942144,true,gpu_nvme_kernel,,1,16
B1,Tutti-deployed,64,0.134,17564,4096,256,81,5233.469,13582.094,71942144,true,gpu_nvme_kernel,,1,16
B1,Tutti-deployed,64,0.134,17564,4096,256,82,5243.176,13426.553,71942144,true,gpu_nvme_kernel,,1,16
B1,Tutti-deployed,64,0.134,17564,4096,256,83,5238.941,13385.588,71942144,true,gpu_nvme_kernel,,1,16
B1,Tutti-deployed,64,0.134,17564,4096,256,84,5240.959,13761.164,71942144,true,gpu_nvme_kernel,,1,16
B1,Tutti-deployed,64,0.134,17564,4096,256,85,5282.796,13507.205,71942144,true,gpu_nvme_kernel,,1,16
B1,Tutti-deployed,64,0.134,17564,4096,256,86,5210.673,13292.798,71942144,true,gpu_nvme_kernel,,1,16
B1,Tutti-deployed,64,0.134,17564,4096,256,87,5212.327,13489.347,71942144,true,gpu_nvme_kernel,,1,16
B1,Tutti-deployed,64,0.134,17564,4096,256,88,5245.604,13513.143,71942144,true,gpu_nvme_kernel,,1,16
B1,Tutti-deployed,64,0.134,17564,4096,256,89,5209.501,13446.237,71942144,true,gpu_nvme_kernel,,1,16
B1,Tutti-deployed,64,0.134,17564,4096,256,90,5254.233,13216.662,71942144,true,gpu_nvme_kernel,,1,16
B1,Tutti-deployed,64,0.134,17564,4096,256,91,5230.358,13307.239,71942144,true,gpu_nvme_kernel,,1,16
B1,Tutti-deployed,64,0.134,17564,4096,256,92,5219.54,13373.542,71942144,true,gpu_nvme_kernel,,1,16
B1,Tutti-deployed,64,0.134,17564,4096,256,93,5238.978,13464.809,71942144,true,gpu_nvme_kernel,,1,16
B1,Tutti-deployed,64,0.134,17564,4096,256,94,5242.483,13348.336,71942144,true,gpu_nvme_kernel,,1,16
B1,Tutti-deployed,64,0.134,17564,4096,256,95,5233.255,13553.35,71942144,true,gpu_nvme_kernel,,1,16
B1,Tutti-deployed,64,0.134,17564,4096,256,96,5217.082,13455.055,71942144,true,gpu_nvme_kernel,,1,16
B1,Tutti-deployed,64,0.134,17564,4096,256,97,5220.309,13531.398,71942144,true,gpu_nvme_kernel,,1,16
B1,Tutti-deployed,64,0.134,17564,4096,256,98,5212.297,13448.004,71942144,true,gpu_nvme_kernel,,1,16
B1,Tutti-deployed,64,0.134,17564,4096,256,99,5250.737,13220.313,71942144,true,gpu_nvme_kernel,,1,16
B1,Tutti-deployed,64,0.134,17564,4096,256,100,5221.753,13426.751,71942144,true,gpu_nvme_kernel,,1,16
B1,Tutti-deployed,64,0.134,17564,4096,256,101,5246.393,13483.379,71942144,true,gpu_nvme_kernel,,1,16
B1,Tutti-deployed,64,0.134,17564,4096,256,102,5249.119,13370.2,71942144,true,gpu_nvme_kernel,,1,16
B1,Tutti-deployed,64,0.134,17564,4096,256,103,5208.728,13325.395,71942144,true,gpu_nvme_kernel,,1,16
B1,Tutti-deployed,64,0.134,17564,4096,256,104,5226.065,13652.372,71942144,true,gpu_nvme_kernel,,1,16
B1,Tutti-deployed,64,0.134,17564,4096,256,105,5232.475,13415.873,71942144,true,gpu_nvme_kernel,,1,16
B1,Tutti-deployed,64,0.134,17564,4096,256,106,5211.553,13381.458,71942144,true,gpu_nvme_kernel,,1,16
B1,Tutti-deployed,64,0.134,17564,4096,256,107,5243.86,13690.174,71942144,true,gpu_nvme_kernel,,1,16
B1,Tutti-deployed,64,0.134,17564,4096,256,108,5208.999,13440.549,71942144,true,gpu_nvme_kernel,,1,16
B1,Tutti-deployed,64,0.134,17564,4096,256,109,5240.937,13294.854,71942144,true,gpu_nvme_kernel,,1,16
B1,Tutti-deployed,64,0.134,17564,4096,256,110,5223.737,13525.048,71942144,true,gpu_nvme_kernel,,1,16
B1,Tutti-deployed,64,0.134,17564,4096,256,111,5230.443,13381.884,71942144,true,gpu_nvme_kernel,,1,16
B1,Tutti-deployed,64,0.134,17564,4096,256,112,5225.965,13419.25,71942144,true,gpu_nvme_kernel,,1,16
B1,Tutti-deployed,64,0.134,17564,4096,256,113,5235.933,13399.102,71942144,true,gpu_nvme_kernel,,1,16
B1,Tutti-deployed,64,0.134,17564,4096,256,114,5246.944,13630.902,71942144,true,gpu_nvme_kernel,,1,16
B1,Tutti-deployed,64,0.134,17564,4096,256,115,5232.12,13321.462,71942144,true,gpu_nvme_kernel,,1,16
B1,Tutti-deployed,64,0.134,17564,4096,256,116,5226.97,13395.71,71942144,true,gpu_nvme_kernel,,1,16
B1,Tutti-deployed,64,0.134,17564,4096,256,117,5255.466,13611.78,71942144,true,gpu_nvme_kernel,,1,16
B1,Tutti-deployed,64,0.134,17564,4096,256,118,5223.459,13632.341,71942144,true,gpu_nvme_kernel,,1,16
B1,Tutti-deployed,64,0.134,17564,4096,256,119,5216.1,13527.196,71942144,true,gpu_nvme_kernel,,1,16
B1,Tutti-deployed,64,0.134,17564,4096,256,120,5242.278,13529.579,71942144,true,gpu_nvme_kernel,,1,16
B1,Tutti-deployed,64,0.134,17564,4096,256,121,5241.423,13453.649,71942144,true,gpu_nvme_kernel,,1,16
B1,Tutti-deployed,64,0.134,17564,4096,256,122,5214.578,13159.814,71942144,true,gpu_nvme_kernel,,1,16
B1,Tutti-deployed,64,0.134,17564,4096,256,123,5226.946,13261.2,71942144,true,gpu_nvme_kernel,,1,16
B1,Tutti-deployed,64,0.134,17564,4096,256,124,5226.262,13549.26,71942144,true,gpu_nvme_kernel,,1,16
B1,Tutti-deployed,64,0.134,17564,4096,256,125,5246.561,13425.108,71942144,true,gpu_nvme_kernel,,1,16
B1,Tutti-deployed,64,0.134,17564,4096,256,126,5233.328,13451.429,71942144,true,gpu_nvme_kernel,,1,16
B1,Tutti-deployed,64,0.134,17564,4096,256,127,5232.519,13519.631,71942144,true,gpu_nvme_kernel,,1,16
B1,Tutti-deployed,64,0.134,17564,4096,256,128,5233.706,13389.839,71942144,true,gpu_nvme_kernel,,1,16
B1,Tutti-deployed,64,0.134,17564,4096,256,129,5231.391,13814.702,71942144,true,gpu_nvme_kernel,,1,16
B1,Tutti-deployed,64,0.134,17564,4096,256,130,5245.814,13768.869,71942144,true,gpu_nvme_kernel,,1,16
B1,Tutti-deployed,64,0.134,17564,4096,256,131,5199.432,13386.605,71942144,true,gpu_nvme_kernel,,1,16
B1,Tutti-deployed,64,0.134,17564,4096,256,132,5215.619,13461.589,71942144,true,gpu_nvme_kernel,,1,16
B1,Tutti-deployed,64,0.134,17564,4096,256,133,5208.485,13503.269,71942144,true,gpu_nvme_kernel,,1,16
B1,Tutti-deployed,64,0.134,17564,4096,256,134,5225.11,13479.54,71942144,true,gpu_nvme_kernel,,1,16
B1,Tutti-deployed,64,0.134,17564,4096,256,135,6112.761,13557.823,71942144,true,gpu_nvme_kernel,,1,16
B1,Tutti-deployed,64,0.134,17564,4096,256,136,6034.348,13617.222,71942144,true,gpu_nvme_kernel,,1,16
B1,Tutti-deployed,64,0.134,17564,4096,256,137,6035.271,13756.079,71942144,true,gpu_nvme_kernel,,1,16
B1,Tutti-deployed,64,0.134,17564,4096,256,138,6017.575,13728.013,71942144,true,gpu_nvme_kernel,,1,16
B1,Tutti-deployed,64,0.134,17564,4096,256,139,6027.489,13591.758,71942144,true,gpu_nvme_kernel,,1,16
B1,Tutti-deployed,64,0.134,17564,4096,256,140,6011.046,13515.359,71942144,true,gpu_nvme_kernel,,1,16
B1,Tutti-deployed,64,0.134,17564,4096,256,141,6029.436,13342.259,71942144,true,gpu_nvme_kernel,,1,16
B1,Tutti-deployed,64,0.134,17564,4096,256,142,6007.331,13601.013,71942144,true,gpu_nvme_kernel,,1,16
B1,Tutti-deployed,64,0.134,17564,4096,256,143,6002.035,13611.865,71942144,true,gpu_nvme_kernel,,1,16
B1,Tutti-deployed,64,0.134,17564,4096,256,144,5992.835,13658.582,71942144,true,gpu_nvme_kernel,,1,16
B1,Tutti-deployed,64,0.134,17564,4096,256,145,6000.657,13647.759,71942144,true,gpu_nvme_kernel,,1,16
B1,Tutti-deployed,64,0.134,17564,4096,256,146,6003.581,13716.092,71942144,true,gpu_nvme_kernel,,1,16
B1,Tutti-deployed,64,0.134,17564,4096,256,147,5981.372,13355.627,71942144,true,gpu_nvme_kernel,,1,16
B1,Tutti-deployed,64,0.134,17564,4096,256,148,6043.499,13436.333,71942144,true,gpu_nvme_kernel,,1,16
B1,Tutti-deployed,64,0.134,17564,4096,256,149,6048.809,13467.091,71942144,true,gpu_nvme_kernel,,1,16
B1,Tutti-deployed,64,0.134,17564,4096,256,150,6005.796,13648.45,71942144,true,gpu_nvme_kernel,,1,16
B1,Tutti-deployed,64,0.134,17564,4096,256,151,6015.77,13499.057,71942144,true,gpu_nvme_kernel,,1,16
B1,Tutti-deployed,64,0.134,17564,4096,256,152,6030.444,13493.228,71942144,true,gpu_nvme_kernel,,1,16
B1,Tutti-deployed,64,0.134,17564,4096,256,153,6028.824,13675.685,71942144,true,gpu_nvme_kernel,,1,16
B1,Tutti-deployed,64,0.134,17564,4096,256,154,6055.72,13621.707,71942144,true,gpu_nvme_kernel,,1,16
B1,Tutti-deployed,64,0.134,17564,4096,256,155,6029.619,13508.159,71942144,true,gpu_nvme_kernel,,1,16
B1,Tutti-deployed,64,0.134,17564,4096,256,156,6003.148,13502.794,71942144,true,gpu_nvme_kernel,,1,16
B1,Tutti-deployed,64,0.134,17564,4096,256,157,6039.417,13497.961,71942144,true,gpu_nvme_kernel,,1,16
B1,Tutti-deployed,64,0.134,17564,4096,256,158,6030.499,13680.896,71942144,true,gpu_nvme_kernel,,1,16
B1,Tutti-deployed,64,0.134,17564,4096,256,159,6028.172,13450.064,71942144,true,gpu_nvme_kernel,,1,16
B1,Tutti-deployed,64,0.134,17564,4096,256,160,6036.843,13390.729,71942144,true,gpu_nvme_kernel,,1,16
B1,Tutti-deployed,64,0.134,17564,4096,256,161,6007.571,13525.117,71942144,true,gpu_nvme_kernel,,1,16
B1,Tutti-deployed,64,0.134,17564,4096,256,162,5988.355,13336.809,71942144,true,gpu_nvme_kernel,,1,16
B1,Tutti-deployed,64,0.134,17564,4096,256,163,6019.448,13469.967,71942144,true,gpu_nvme_kernel,,1,16
B1,Tutti-deployed,64,0.134,17564,4096,256,164,5996.23,13505.373,71942144,true,gpu_nvme_kernel,,1,16
B1,Tutti-deployed,64,0.134,17564,4096,256,165,6002.117,13762.575,71942144,true,gpu_nvme_kernel,,1,16
B1,Tutti-deployed,64,0.134,17564,4096,256,166,5992.761,13576.116,71942144,true,gpu_nvme_kernel,,1,16
B1,Tutti-deployed,64,0.134,17564,4096,256,167,6029.719,13380.057,71942144,true,gpu_nvme_kernel,,1,16
B1,Tutti-deployed,64,0.134,17564,4096,256,168,5204.718,13261.347,71942144,true,gpu_nvme_kernel,,1,16
B1,Tutti-deployed,64,0.134,17564,4096,256,169,5207.157,13356.726,71942144,true,gpu_nvme_kernel,,1,16
B1,Tutti-deployed,64,0.134,17564,4096,256,170,5185.022,13449.102,71942144,true,gpu_nvme_kernel,,1,16
B1,Tutti-deployed,64,0.134,17564,4096,256,171,5199.332,13284.211,71942144,true,gpu_nvme_kernel,,1,16
B1,Tutti-deployed,64,0.134,17564,4096,256,172,5211.673,13251.636,71942144,true,gpu_nvme_kernel,,1,16
B1,Tutti-deployed,64,0.134,17564,4096,256,173,5188.452,13367.734,71942144,true,gpu_nvme_kernel,,1,16
B1,Tutti-deployed,64,0.134,17564,4096,256,174,5179.487,13450.188,71942144,true,gpu_nvme_kernel,,1,16
B1,Tutti-deployed,64,0.134,17564,4096,256,175,5201.761,13403.979,71942144,true,gpu_nvme_kernel,,1,16
B1,Tutti-deployed,64,0.134,17564,4096,256,176,5183.328,13207.954,71942144,true,gpu_nvme_kernel,,1,16
B1,Tutti-deployed,64,0.134,17564,4096,256,177,5177.12,13547.58,71942144,true,gpu_nvme_kernel,,1,16
B1,Tutti-deployed,64,0.134,17564,4096,256,178,5195.921,13264.6,71942144,true,gpu_nvme_kernel,,1,16
B1,Tutti-deployed,64,0.134,17564,4096,256,179,5191.628,13212.14,71942144,true,gpu_nvme_kernel,,1,16
B1,Tutti-deployed,64,0.134,17564,4096,256,180,5179.479,13446.66,71942144,true,gpu_nvme_kernel,,1,16
B1,Tutti-deployed,64,0.134,17564,4096,256,181,5186.33,13678.584,71942144,true,gpu_nvme_kernel,,1,16
B1,Tutti-deployed,64,0.134,17564,4096,256,182,5203.918,13474.382,71942144,true,gpu_nvme_kernel,,1,16
B1,Tutti-deployed,64,0.134,17564,4096,256,183,5191.543,13412.022,71942144,true,gpu_nvme_kernel,,1,16
B1,Tutti-deployed,64,0.134,17564,4096,256,184,5199.529,13382.024,71942144,true,gpu_nvme_kernel,,1,16
B1,Tutti-deployed,64,0.134,17564,4096,256,185,5196.001,13321.901,71942144,true,gpu_nvme_kernel,,1,16
B1,Tutti-deployed,64,0.134,17564,4096,256,186,5203.309,13762.203,71942144,true,gpu_nvme_kernel,,1,16
B1,Tutti-deployed,64,0.134,17564,4096,256,187,5175.154,13615.586,71942144,true,gpu_nvme_kernel,,1,16
B1,Tutti-deployed,64,0.134,17564,4096,256,188,5194.875,13437.735,71942144,true,gpu_nvme_kernel,,1,16
B1,Tutti-deployed,64,0.134,17564,4096,256,189,5192.015,13530.263,71942144,true,gpu_nvme_kernel,,1,16
B1,Tutti-deployed,64,0.134,17564,4096,256,190,5189.476,13433.439,71942144,true,gpu_nvme_kernel,,1,16
B1,Tutti-deployed,64,0.134,17564,4096,256,191,5191.192,13726.139,71942144,true,gpu_nvme_kernel,,1,16
B1,Tutti-deployed,64,0.134,17564,4096,256,192,5172.526,13489.733,71942144,true,gpu_nvme_kernel,,1,16
B1,Tutti-deployed,64,0.134,17564,4096,256,193,5190.864,13329.721,71942144,true,gpu_nvme_kernel,,1,16
B1,Tutti-deployed,64,0.134,17564,4096,256,194,5189.948,13229.58,71942144,true,gpu_nvme_kernel,,1,16
B1,Tutti-deployed,64,0.134,17564,4096,256,195,5187.361,13356.987,71942144,true,gpu_nvme_kernel,,1,16
B1,Tutti-deployed,64,0.134,17564,4096,256,196,5192.039,13352.063,71942144,true,gpu_nvme_kernel,,1,16
B1,Tutti-deployed,64,0.134,17564,4096,256,197,5169.611,13315.834,71942144,true,gpu_nvme_kernel,,1,16
B1,Tutti-deployed,64,0.134,17564,4096,256,198,5181.174,13354.912,71942144,true,gpu_nvme_kernel,,1,16
B1,Tutti-deployed,64,0.134,17564,4096,256,199,5187.826,13269.015,71942144,true,gpu_nvme_kernel,,1,16
B1,Tutti-deployed,64,0.134,17564,4096,256,0,5199.737,13490.49,71942144,true,gpu_nvme_kernel,,3,16
B1,Tutti-deployed,64,0.3,39322,4096,256,0,11659.607,29834.907,161062912,true,gpu_nvme_kernel,,2,16
B1,Tutti-deployed,64,0.3,39322,4096,256,0,11604.828,30077.925,161062912,true,gpu_nvme_kernel,,0,16
B1,Tutti-deployed,64,0.3,39322,4096,256,1,11643.543,29949.503,161062912,true,gpu_nvme_kernel,,0,16
B1,Tutti-deployed,64,0.3,39322,4096,256,2,11599.565,29521.878,161062912,true,gpu_nvme_kernel,,0,16
B1,Tutti-deployed,64,0.3,39322,4096,256,3,11660.539,29828.506,161062912,true,gpu_nvme_kernel,,0,16
B1,Tutti-deployed,64,0.3,39322,4096,256,4,11618.654,29940.401,161062912,true,gpu_nvme_kernel,,0,16
B1,Tutti-deployed,64,0.3,39322,4096,256,5,11575.295,30453.919,161062912,true,gpu_nvme_kernel,,0,16
B1,Tutti-deployed,64,0.3,39322,4096,256,6,11605.682,29891.311,161062912,true,gpu_nvme_kernel,,0,16
B1,Tutti-deployed,64,0.3,39322,4096,256,7,11640.037,29932.596,161062912,true,gpu_nvme_kernel,,0,16
B1,Tutti-deployed,64,0.3,39322,4096,256,8,11632.178,29725.183,161062912,true,gpu_nvme_kernel,,0,16
B1,Tutti-deployed,64,0.3,39322,4096,256,9,11631.623,30442.456,161062912,true,gpu_nvme_kernel,,0,16
B1,Tutti-deployed,64,0.3,39322,4096,256,0,11587.453,29505.624,161062912,true,gpu_nvme_kernel,,1,16
B1,Tutti-deployed,64,0.3,39322,4096,256,1,11589.874,30279.634,161062912,true,gpu_nvme_kernel,,1,16
B1,Tutti-deployed,64,0.3,39322,4096,256,2,11622.21,29745.377,161062912,true,gpu_nvme_kernel,,1,16
B1,Tutti-deployed,64,0.3,39322,4096,256,3,11638.738,29625.043,161062912,true,gpu_nvme_kernel,,1,16
B1,Tutti-deployed,64,0.3,39322,4096,256,4,11589,29833.788,161062912,true,gpu_nvme_kernel,,1,16
B1,Tutti-deployed,64,0.3,39322,4096,256,5,11576.682,29885.19,161062912,true,gpu_nvme_kernel,,1,16
B1,Tutti-deployed,64,0.3,39322,4096,256,6,11638.924,30082.986,161062912,true,gpu_nvme_kernel,,1,16
B1,Tutti-deployed,64,0.3,39322,4096,256,7,11642.718,29994.782,161062912,true,gpu_nvme_kernel,,1,16
B1,Tutti-deployed,64,0.3,39322,4096,256,8,11618.024,29933.699,161062912,true,gpu_nvme_kernel,,1,16
B1,Tutti-deployed,64,0.3,39322,4096,256,9,11613.245,29950.749,161062912,true,gpu_nvme_kernel,,1,16
B1,Tutti-deployed,64,0.3,39322,4096,256,10,11632.225,29511.025,161062912,true,gpu_nvme_kernel,,1,16
B1,Tutti-deployed,64,0.3,39322,4096,256,11,11646.42,30371.88,161062912,true,gpu_nvme_kernel,,1,16
B1,Tutti-deployed,64,0.3,39322,4096,256,12,11583.137,30178.935,161062912,true,gpu_nvme_kernel,,1,16
B1,Tutti-deployed,64,0.3,39322,4096,256,13,11600.647,30092.539,161062912,true,gpu_nvme_kernel,,1,16
B1,Tutti-deployed,64,0.3,39322,4096,256,14,11614.335,29792.311,161062912,true,gpu_nvme_kernel,,1,16
B1,Tutti-deployed,64,0.3,39322,4096,256,15,11639.777,30121.475,161062912,true,gpu_nvme_kernel,,1,16
B1,Tutti-deployed,64,0.3,39322,4096,256,16,11638.018,30012.003,161062912,true,gpu_nvme_kernel,,1,16
B1,Tutti-deployed,64,0.3,39322,4096,256,17,11611.207,29765.17,161062912,true,gpu_nvme_kernel,,1,16
B1,Tutti-deployed,64,0.3,39322,4096,256,18,11630.608,29930.652,161062912,true,gpu_nvme_kernel,,1,16
B1,Tutti-deployed,64,0.3,39322,4096,256,19,11583.679,29771.285,161062912,true,gpu_nvme_kernel,,1,16
B1,Tutti-deployed,64,0.3,39322,4096,256,20,11635.681,30102.005,161062912,true,gpu_nvme_kernel,,1,16
B1,Tutti-deployed,64,0.3,39322,4096,256,21,11584.001,29643.672,161062912,true,gpu_nvme_kernel,,1,16
B1,Tutti-deployed,64,0.3,39322,4096,256,22,11618.014,29743.365,161062912,true,gpu_nvme_kernel,,1,16
B1,Tutti-deployed,64,0.3,39322,4096,256,23,11618.265,29862.879,161062912,true,gpu_nvme_kernel,,1,16
B1,Tutti-deployed,64,0.3,39322,4096,256,24,11541.222,30108.838,161062912,true,gpu_nvme_kernel,,1,16
B1,Tutti-deployed,64,0.3,39322,4096,256,25,11591.148,29893.695,161062912,true,gpu_nvme_kernel,,1,16
B1,Tutti-deployed,64,0.3,39322,4096,256,26,11631.267,30395.704,161062912,true,gpu_nvme_kernel,,1,16
B1,Tutti-deployed,64,0.3,39322,4096,256,27,11569.732,30201.74,161062912,true,gpu_nvme_kernel,,1,16
B1,Tutti-deployed,64,0.3,39322,4096,256,28,11570.435,29934.421,161062912,true,gpu_nvme_kernel,,1,16
B1,Tutti-deployed,64,0.3,39322,4096,256,29,11575.289,29939.678,161062912,true,gpu_nvme_kernel,,1,16
B1,Tutti-deployed,64,0.3,39322,4096,256,30,11610.004,30202.726,161062912,true,gpu_nvme_kernel,,1,16
B1,Tutti-deployed,64,0.3,39322,4096,256,31,11611.482,30039.614,161062912,true,gpu_nvme_kernel,,1,16
B1,Tutti-deployed,64,0.3,39322,4096,256,32,11662.694,30197.119,161062912,true,gpu_nvme_kernel,,1,16
B1,Tutti-deployed,64,0.3,39322,4096,256,33,11658.526,29972.25,161062912,true,gpu_nvme_kernel,,1,16
B1,Tutti-deployed,64,0.3,39322,4096,256,34,11570.206,30333.749,161062912,true,gpu_nvme_kernel,,1,16
B1,Tutti-deployed,64,0.3,39322,4096,256,35,11564.619,29895.14,161062912,true,gpu_nvme_kernel,,1,16
B1,Tutti-deployed,64,0.3,39322,4096,256,36,11607.303,30277.415,161062912,true,gpu_nvme_kernel,,1,16
B1,Tutti-deployed,64,0.3,39322,4096,256,37,11627.614,30103.532,161062912,true,gpu_nvme_kernel,,1,16
B1,Tutti-deployed,64,0.3,39322,4096,256,38,11612.473,29840.885,161062912,true,gpu_nvme_kernel,,1,16
B1,Tutti-deployed,64,0.3,39322,4096,256,39,11596.226,29963.183,161062912,true,gpu_nvme_kernel,,1,16
B1,Tutti-deployed,64,0.3,39322,4096,256,40,11603.556,30315.222,161062912,true,gpu_nvme_kernel,,1,16
B1,Tutti-deployed,64,0.3,39322,4096,256,41,11584.753,30255.867,161062912,true,gpu_nvme_kernel,,1,16
B1,Tutti-deployed,64,0.3,39322,4096,256,42,11579.275,30097.986,161062912,true,gpu_nvme_kernel,,1,16
B1,Tutti-deployed,64,0.3,39322,4096,256,43,11580.556,29972.21,161062912,true,gpu_nvme_kernel,,1,16
B1,Tutti-deployed,64,0.3,39322,4096,256,44,11565.45,30558.725,161062912,true,gpu_nvme_kernel,,1,16
B1,Tutti-deployed,64,0.3,39322,4096,256,45,13772.178,31871.744,161062912,true,gpu_nvme_kernel,,1,16
B1,Tutti-deployed,64,0.3,39322,4096,256,46,11700.718,30335.095,161062912,true,gpu_nvme_kernel,,1,16
B1,Tutti-deployed,64,0.3,39322,4096,256,47,11614.072,30000.366,161062912,true,gpu_nvme_kernel,,1,16
B1,Tutti-deployed,64,0.3,39322,4096,256,48,11589.089,29568.005,161062912,true,gpu_nvme_kernel,,1,16
B1,Tutti-deployed,64,0.3,39322,4096,256,49,11590.133,29907.82,161062912,true,gpu_nvme_kernel,,1,16
B1,Tutti-deployed,64,0.3,39322,4096,256,50,11591.357,29640.096,161062912,true,gpu_nvme_kernel,,1,16
B1,Tutti-deployed,64,0.3,39322,4096,256,51,11575.445,29690.791,161062912,true,gpu_nvme_kernel,,1,16
B1,Tutti-deployed,64,0.3,39322,4096,256,52,11562.545,30163.301,161062912,true,gpu_nvme_kernel,,1,16
B1,Tutti-deployed,64,0.3,39322,4096,256,53,11593.539,30238.424,161062912,true,gpu_nvme_kernel,,1,16
B1,Tutti-deployed,64,0.3,39322,4096,256,54,11624.383,30598.874,161062912,true,gpu_nvme_kernel,,1,16
B1,Tutti-deployed,64,0.3,39322,4096,256,55,11594.888,29842.543,161062912,true,gpu_nvme_kernel,,1,16
B1,Tutti-deployed,64,0.3,39322,4096,256,56,11552.987,30162.318,161062912,true,gpu_nvme_kernel,,1,16
B1,Tutti-deployed,64,0.3,39322,4096,256,57,11573.506,29962.915,161062912,true,gpu_nvme_kernel,,1,16
B1,Tutti-deployed,64,0.3,39322,4096,256,58,11579.112,29723.471,161062912,true,gpu_nvme_kernel,,1,16
B1,Tutti-deployed,64,0.3,39322,4096,256,59,11616.723,29940.832,161062912,true,gpu_nvme_kernel,,1,16
B1,Tutti-deployed,64,0.3,39322,4096,256,60,11612.238,30159.961,161062912,true,gpu_nvme_kernel,,1,16
B1,Tutti-deployed,64,0.3,39322,4096,256,61,11605.916,30250.108,161062912,true,gpu_nvme_kernel,,1,16
B1,Tutti-deployed,64,0.3,39322,4096,256,62,11559.257,30371.008,161062912,true,gpu_nvme_kernel,,1,16
B1,Tutti-deployed,64,0.3,39322,4096,256,63,11580.841,29914.2,161062912,true,gpu_nvme_kernel,,1,16
B1,Tutti-deployed,64,0.3,39322,4096,256,64,11614.17,29977.129,161062912,true,gpu_nvme_kernel,,1,16
B1,Tutti-deployed,64,0.3,39322,4096,256,65,11633.572,29884.778,161062912,true,gpu_nvme_kernel,,1,16
B1,Tutti-deployed,64,0.3,39322,4096,256,66,11575.799,30366.357,161062912,true,gpu_nvme_kernel,,1,16
B1,Tutti-deployed,64,0.3,39322,4096,256,67,11573.668,30005.784,161062912,true,gpu_nvme_kernel,,1,16
B1,Tutti-deployed,64,0.3,39322,4096,256,68,11587.869,30065.186,161062912,true,gpu_nvme_kernel,,1,16
B1,Tutti-deployed,64,0.3,39322,4096,256,69,11611.713,29847.75,161062912,true,gpu_nvme_kernel,,1,16
B1,Tutti-deployed,64,0.3,39322,4096,256,70,11635.432,29536.736,161062912,true,gpu_nvme_kernel,,1,16
B1,Tutti-deployed,64,0.3,39322,4096,256,71,11592.199,30058.082,161062912,true,gpu_nvme_kernel,,1,16
B1,Tutti-deployed,64,0.3,39322,4096,256,72,11545.311,30014.742,161062912,true,gpu_nvme_kernel,,1,16
B1,Tutti-deployed,64,0.3,39322,4096,256,73,11617.503,29916.827,161062912,true,gpu_nvme_kernel,,1,16
B1,Tutti-deployed,64,0.3,39322,4096,256,74,11572.489,29872.558,161062912,true,gpu_nvme_kernel,,1,16
B1,Tutti-deployed,64,0.3,39322,4096,256,75,11595.142,30292.701,161062912,true,gpu_nvme_kernel,,1,16
B1,Tutti-deployed,64,0.3,39322,4096,256,76,11617.273,30104.5,161062912,true,gpu_nvme_kernel,,1,16
B1,Tutti-deployed,64,0.3,39322,4096,256,77,11595.471,29991.903,161062912,true,gpu_nvme_kernel,,1,16
B1,Tutti-deployed,64,0.3,39322,4096,256,78,11559.453,29981.392,161062912,true,gpu_nvme_kernel,,1,16
B1,Tutti-deployed,64,0.3,39322,4096,256,79,11592.937,30371.956,161062912,true,gpu_nvme_kernel,,1,16
B1,Tutti-deployed,64,0.3,39322,4096,256,80,11579.809,30177.062,161062912,true,gpu_nvme_kernel,,1,16
B1,Tutti-deployed,64,0.3,39322,4096,256,81,11590.547,29521.099,161062912,true,gpu_nvme_kernel,,1,16
B1,Tutti-deployed,64,0.3,39322,4096,256,82,11581.328,30020.509,161062912,true,gpu_nvme_kernel,,1,16
B1,Tutti-deployed,64,0.3,39322,4096,256,83,11569.74,30268.712,161062912,true,gpu_nvme_kernel,,1,16
B1,Tutti-deployed,64,0.3,39322,4096,256,84,11582.39,30029.558,161062912,true,gpu_nvme_kernel,,1,16
B1,Tutti-deployed,64,0.3,39322,4096,256,85,11645.144,29941.48,161062912,true,gpu_nvme_kernel,,1,16
B1,Tutti-deployed,64,0.3,39322,4096,256,86,11641.468,29618.473,161062912,true,gpu_nvme_kernel,,1,16
B1,Tutti-deployed,64,0.3,39322,4096,256,87,11604.259,30139.721,161062912,true,gpu_nvme_kernel,,1,16
B1,Tutti-deployed,64,0.3,39322,4096,256,88,11584.613,30052.767,161062912,true,gpu_nvme_kernel,,1,16
B1,Tutti-deployed,64,0.3,39322,4096,256,89,11582.236,30069.377,161062912,true,gpu_nvme_kernel,,1,16
B1,Tutti-deployed,64,0.3,39322,4096,256,90,11596.138,30085.384,161062912,true,gpu_nvme_kernel,,1,16
B1,Tutti-deployed,64,0.3,39322,4096,256,91,11577.057,30136.487,161062912,true,gpu_nvme_kernel,,1,16
B1,Tutti-deployed,64,0.3,39322,4096,256,92,11599.799,30049.366,161062912,true,gpu_nvme_kernel,,1,16
B1,Tutti-deployed,64,0.3,39322,4096,256,93,11593.768,30268.975,161062912,true,gpu_nvme_kernel,,1,16
B1,Tutti-deployed,64,0.3,39322,4096,256,94,11667.821,29920.485,161062912,true,gpu_nvme_kernel,,1,16
B1,Tutti-deployed,64,0.3,39322,4096,256,95,11598.1,30194.917,161062912,true,gpu_nvme_kernel,,1,16
B1,Tutti-deployed,64,0.3,39322,4096,256,96,11627.176,30505.7,161062912,true,gpu_nvme_kernel,,1,16
B1,Tutti-deployed,64,0.3,39322,4096,256,97,11616.111,29735.95,161062912,true,gpu_nvme_kernel,,1,16
B1,Tutti-deployed,64,0.3,39322,4096,256,98,11590.876,29970.105,161062912,true,gpu_nvme_kernel,,1,16
B1,Tutti-deployed,64,0.3,39322,4096,256,99,11609.349,30406.728,161062912,true,gpu_nvme_kernel,,1,16
B1,Tutti-deployed,64,0.3,39322,4096,256,100,11570.279,29701.249,161062912,true,gpu_nvme_kernel,,1,16
B1,Tutti-deployed,64,0.3,39322,4096,256,101,11642.955,30267.186,161062912,true,gpu_nvme_kernel,,1,16
B1,Tutti-deployed,64,0.3,39322,4096,256,102,11576.945,30238.648,161062912,true,gpu_nvme_kernel,,1,16
B1,Tutti-deployed,64,0.3,39322,4096,256,103,11542.082,29617.348,161062912,true,gpu_nvme_kernel,,1,16
B1,Tutti-deployed,64,0.3,39322,4096,256,104,11574.988,29974.444,161062912,true,gpu_nvme_kernel,,1,16
B1,Tutti-deployed,64,0.3,39322,4096,256,105,11563.203,29809.181,161062912,true,gpu_nvme_kernel,,1,16
B1,Tutti-deployed,64,0.3,39322,4096,256,106,11594.589,30372.214,161062912,true,gpu_nvme_kernel,,1,16
B1,Tutti-deployed,64,0.3,39322,4096,256,107,11556.173,29957.777,161062912,true,gpu_nvme_kernel,,1,16
B1,Tutti-deployed,64,0.3,39322,4096,256,108,11545.718,30081.351,161062912,true,gpu_nvme_kernel,,1,16
B1,Tutti-deployed,64,0.3,39322,4096,256,109,11625.939,29994.336,161062912,true,gpu_nvme_kernel,,1,16
B1,Tutti-deployed,64,0.3,39322,4096,256,110,11601.585,29695.073,161062912,true,gpu_nvme_kernel,,1,16
B1,Tutti-deployed,64,0.3,39322,4096,256,111,11548.528,29795.433,161062912,true,gpu_nvme_kernel,,1,16
B1,Tutti-deployed,64,0.3,39322,4096,256,112,11582.977,30083.885,161062912,true,gpu_nvme_kernel,,1,16
B1,Tutti-deployed,64,0.3,39322,4096,256,113,11565.259,29855.665,161062912,true,gpu_nvme_kernel,,1,16
B1,Tutti-deployed,64,0.3,39322,4096,256,114,11616.037,29779.442,161062912,true,gpu_nvme_kernel,,1,16
B1,Tutti-deployed,64,0.3,39322,4096,256,115,11562.984,29976.911,161062912,true,gpu_nvme_kernel,,1,16
B1,Tutti-deployed,64,0.3,39322,4096,256,116,11589.832,29999.195,161062912,true,gpu_nvme_kernel,,1,16
B1,Tutti-deployed,64,0.3,39322,4096,256,117,11616.294,30234.511,161062912,true,gpu_nvme_kernel,,1,16
B1,Tutti-deployed,64,0.3,39322,4096,256,118,11577.929,29895.987,161062912,true,gpu_nvme_kernel,,1,16
B1,Tutti-deployed,64,0.3,39322,4096,256,119,11581.925,30147.019,161062912,true,gpu_nvme_kernel,,1,16
B1,Tutti-deployed,64,0.3,39322,4096,256,120,11558.669,29919,161062912,true,gpu_nvme_kernel,,1,16
B1,Tutti-deployed,64,0.3,39322,4096,256,121,11567.289,30322.73,161062912,true,gpu_nvme_kernel,,1,16
B1,Tutti-deployed,64,0.3,39322,4096,256,122,11616.425,29919.315,161062912,true,gpu_nvme_kernel,,1,16
B1,Tutti-deployed,64,0.3,39322,4096,256,123,11628.346,30075.207,161062912,true,gpu_nvme_kernel,,1,16
B1,Tutti-deployed,64,0.3,39322,4096,256,124,11626.719,30117.915,161062912,true,gpu_nvme_kernel,,1,16
B1,Tutti-deployed,64,0.3,39322,4096,256,125,11631.965,29986.227,161062912,true,gpu_nvme_kernel,,1,16
B1,Tutti-deployed,64,0.3,39322,4096,256,126,11563.909,30067.31,161062912,true,gpu_nvme_kernel,,1,16
B1,Tutti-deployed,64,0.3,39322,4096,256,127,11618.659,29644.042,161062912,true,gpu_nvme_kernel,,1,16
B1,Tutti-deployed,64,0.3,39322,4096,256,128,11620.096,29857.191,161062912,true,gpu_nvme_kernel,,1,16
B1,Tutti-deployed,64,0.3,39322,4096,256,129,11561.643,30195.562,161062912,true,gpu_nvme_kernel,,1,16
B1,Tutti-deployed,64,0.3,39322,4096,256,130,11613.03,30060.649,161062912,true,gpu_nvme_kernel,,1,16
B1,Tutti-deployed,64,0.3,39322,4096,256,131,11619.104,30217.065,161062912,true,gpu_nvme_kernel,,1,16
B1,Tutti-deployed,64,0.3,39322,4096,256,132,11614.162,30325.911,161062912,true,gpu_nvme_kernel,,1,16
B1,Tutti-deployed,64,0.3,39322,4096,256,133,11619.346,29951.658,161062912,true,gpu_nvme_kernel,,1,16
B1,Tutti-deployed,64,0.3,39322,4096,256,134,11614.067,29588.045,161062912,true,gpu_nvme_kernel,,1,16
B1,Tutti-deployed,64,0.3,39322,4096,256,135,11576.81,30041.706,161062912,true,gpu_nvme_kernel,,1,16
B1,Tutti-deployed,64,0.3,39322,4096,256,136,11631.306,30076.227,161062912,true,gpu_nvme_kernel,,1,16
B1,Tutti-deployed,64,0.3,39322,4096,256,137,11647.903,29833.276,161062912,true,gpu_nvme_kernel,,1,16
B1,Tutti-deployed,64,0.3,39322,4096,256,138,11645.905,29954.099,161062912,true,gpu_nvme_kernel,,1,16
B1,Tutti-deployed,64,0.3,39322,4096,256,139,11600.428,29968.063,161062912,true,gpu_nvme_kernel,,1,16
B1,Tutti-deployed,64,0.3,39322,4096,256,140,11634.916,30206.673,161062912,true,gpu_nvme_kernel,,1,16
B1,Tutti-deployed,64,0.3,39322,4096,256,141,11612.41,29973.19,161062912,true,gpu_nvme_kernel,,1,16
B1,Tutti-deployed,64,0.3,39322,4096,256,142,11582.444,29915.742,161062912,true,gpu_nvme_kernel,,1,16
B1,Tutti-deployed,64,0.3,39322,4096,256,143,11617.592,30088.967,161062912,true,gpu_nvme_kernel,,1,16
B1,Tutti-deployed,64,0.3,39322,4096,256,144,11629.371,30035.201,161062912,true,gpu_nvme_kernel,,1,16
B1,Tutti-deployed,64,0.3,39322,4096,256,145,11611.422,29934.289,161062912,true,gpu_nvme_kernel,,1,16
B1,Tutti-deployed,64,0.3,39322,4096,256,146,11565.465,29957.733,161062912,true,gpu_nvme_kernel,,1,16
B1,Tutti-deployed,64,0.3,39322,4096,256,147,11626.724,29962.722,161062912,true,gpu_nvme_kernel,,1,16
B1,Tutti-deployed,64,0.3,39322,4096,256,148,11636.708,29751.958,161062912,true,gpu_nvme_kernel,,1,16
B1,Tutti-deployed,64,0.3,39322,4096,256,149,11643.685,30049.885,161062912,true,gpu_nvme_kernel,,1,16
B1,Tutti-deployed,64,0.3,39322,4096,256,150,11590.906,30354.805,161062912,true,gpu_nvme_kernel,,1,16
B1,Tutti-deployed,64,0.3,39322,4096,256,151,13525.891,30149.184,161062912,true,gpu_nvme_kernel,,1,16
B1,Tutti-deployed,64,0.3,39322,4096,256,152,13512.636,30518.348,161062912,true,gpu_nvme_kernel,,1,16
B1,Tutti-deployed,64,0.3,39322,4096,256,153,13546.009,30127.937,161062912,true,gpu_nvme_kernel,,1,16
B1,Tutti-deployed,64,0.3,39322,4096,256,154,13565.238,30574.079,161062912,true,gpu_nvme_kernel,,1,16
B1,Tutti-deployed,64,0.3,39322,4096,256,155,13525.548,30413.738,161062912,true,gpu_nvme_kernel,,1,16
B1,Tutti-deployed,64,0.3,39322,4096,256,156,13544.322,30340.151,161062912,true,gpu_nvme_kernel,,1,16
B1,Tutti-deployed,64,0.3,39322,4096,256,157,13563.289,30293.824,161062912,true,gpu_nvme_kernel,,1,16
B1,Tutti-deployed,64,0.3,39322,4096,256,158,13516.803,30336.288,161062912,true,gpu_nvme_kernel,,1,16
B1,Tutti-deployed,64,0.3,39322,4096,256,159,13584.008,30400.972,161062912,true,gpu_nvme_kernel,,1,16
B1,Tutti-deployed,64,0.3,39322,4096,256,160,13508.767,30118.207,161062912,true,gpu_nvme_kernel,,1,16
B1,Tutti-deployed,64,0.3,39322,4096,256,161,13555.877,30025.064,161062912,true,gpu_nvme_kernel,,1,16
B1,Tutti-deployed,64,0.3,39322,4096,256,162,13544.687,30042.21,161062912,true,gpu_nvme_kernel,,1,16
B1,Tutti-deployed,64,0.3,39322,4096,256,163,13591.124,30058.997,161062912,true,gpu_nvme_kernel,,1,16
B1,Tutti-deployed,64,0.3,39322,4096,256,164,13564.437,30073.298,161062912,true,gpu_nvme_kernel,,1,16
B1,Tutti-deployed,64,0.3,39322,4096,256,165,13492.045,30425.264,161062912,true,gpu_nvme_kernel,,1,16
B1,Tutti-deployed,64,0.3,39322,4096,256,166,13485.149,30058.407,161062912,true,gpu_nvme_kernel,,1,16
B1,Tutti-deployed,64,0.3,39322,4096,256,167,13575.541,30108.699,161062912,true,gpu_nvme_kernel,,1,16
B1,Tutti-deployed,64,0.3,39322,4096,256,168,12984.567,30067.423,161062912,true,gpu_nvme_kernel,,1,16
B1,Tutti-deployed,64,0.3,39322,4096,256,169,11726.41,29397.394,161062912,true,gpu_nvme_kernel,,1,16
B1,Tutti-deployed,64,0.3,39322,4096,256,170,11656.553,30057.783,161062912,true,gpu_nvme_kernel,,1,16
B1,Tutti-deployed,64,0.3,39322,4096,256,171,11747.918,29970.451,161062912,true,gpu_nvme_kernel,,1,16
B1,Tutti-deployed,64,0.3,39322,4096,256,172,11733.495,30157.635,161062912,true,gpu_nvme_kernel,,1,16
B1,Tutti-deployed,64,0.3,39322,4096,256,173,11663.455,29905.787,161062912,true,gpu_nvme_kernel,,1,16
B1,Tutti-deployed,64,0.3,39322,4096,256,174,11690.621,29964.021,161062912,true,gpu_nvme_kernel,,1,16
B1,Tutti-deployed,64,0.3,39322,4096,256,175,11682.445,29994.681,161062912,true,gpu_nvme_kernel,,1,16
B1,Tutti-deployed,64,0.3,39322,4096,256,176,11753.547,30223.481,161062912,true,gpu_nvme_kernel,,1,16
B1,Tutti-deployed,64,0.3,39322,4096,256,177,11709.897,29983.751,161062912,true,gpu_nvme_kernel,,1,16
B1,Tutti-deployed,64,0.3,39322,4096,256,178,11697.977,29749.944,161062912,true,gpu_nvme_kernel,,1,16
B1,Tutti-deployed,64,0.3,39322,4096,256,179,11725.314,30474.521,161062912,true,gpu_nvme_kernel,,1,16
B1,Tutti-deployed,64,0.3,39322,4096,256,180,11706.81,29734.353,161062912,true,gpu_nvme_kernel,,1,16
B1,Tutti-deployed,64,0.3,39322,4096,256,181,11683.358,30174.914,161062912,true,gpu_nvme_kernel,,1,16
B1,Tutti-deployed,64,0.3,39322,4096,256,182,11702.25,30296.397,161062912,true,gpu_nvme_kernel,,1,16
B1,Tutti-deployed,64,0.3,39322,4096,256,183,11734.577,29912.672,161062912,true,gpu_nvme_kernel,,1,16
B1,Tutti-deployed,64,0.3,39322,4096,256,184,11721.567,29861.961,161062912,true,gpu_nvme_kernel,,1,16
B1,Tutti-deployed,64,0.3,39322,4096,256,185,11703.051,30080.949,161062912,true,gpu_nvme_kernel,,1,16
B1,Tutti-deployed,64,0.3,39322,4096,256,186,11713.355,30144.094,161062912,true,gpu_nvme_kernel,,1,16
B1,Tutti-deployed,64,0.3,39322,4096,256,187,11746.76,29980.157,161062912,true,gpu_nvme_kernel,,1,16
B1,Tutti-deployed,64,0.3,39322,4096,256,188,11714.329,29844.103,161062912,true,gpu_nvme_kernel,,1,16
B1,Tutti-deployed,64,0.3,39322,4096,256,189,11704.871,29976.323,161062912,true,gpu_nvme_kernel,,1,16
B1,Tutti-deployed,64,0.3,39322,4096,256,190,11669.792,29735.775,161062912,true,gpu_nvme_kernel,,1,16
B1,Tutti-deployed,64,0.3,39322,4096,256,191,11672.185,30166.112,161062912,true,gpu_nvme_kernel,,1,16
B1,Tutti-deployed,64,0.3,39322,4096,256,192,11710.011,29703.391,161062912,true,gpu_nvme_kernel,,1,16
B1,Tutti-deployed,64,0.3,39322,4096,256,193,11675.164,30328.059,161062912,true,gpu_nvme_kernel,,1,16
B1,Tutti-deployed,64,0.3,39322,4096,256,194,11722.005,30298.179,161062912,true,gpu_nvme_kernel,,1,16
B1,Tutti-deployed,64,0.3,39322,4096,256,195,11711.484,29862.715,161062912,true,gpu_nvme_kernel,,1,16
B1,Tutti-deployed,64,0.3,39322,4096,256,196,11704.14,30046.708,161062912,true,gpu_nvme_kernel,,1,16
B1,Tutti-deployed,64,0.3,39322,4096,256,197,11725.641,29901.505,161062912,true,gpu_nvme_kernel,,1,16
B1,Tutti-deployed,64,0.3,39322,4096,256,198,11705.318,30136.273,161062912,true,gpu_nvme_kernel,,1,16
B1,Tutti-deployed,64,0.3,39322,4096,256,199,11675.085,30050.897,161062912,true,gpu_nvme_kernel,,1,16
B1,Tutti-deployed,64,0.3,39322,4096,256,0,11683.409,30097.017,161062912,true,gpu_nvme_kernel,,3,16
B2,Tutti-deployed,1,0.067,137,4096,256,0,2643.004,2787.276,561152,true,gpu_nvme_kernel,,2,16
B2,Tutti-deployed,1,0.067,137,4096,256,0,62.762,214.175,561152,true,gpu_nvme_kernel,,0,16
B2,Tutti-deployed,1,0.067,137,4096,256,1,57.335,239.446,561152,true,gpu_nvme_kernel,,0,16
B2,Tutti-deployed,1,0.067,137,4096,256,2,56.832,217.513,561152,true,gpu_nvme_kernel,,0,16
B2,Tutti-deployed,1,0.067,137,4096,256,3,56.093,271.153,561152,true,gpu_nvme_kernel,,0,16
B2,Tutti-deployed,1,0.067,137,4096,256,4,56.313,224.881,561152,true,gpu_nvme_kernel,,0,16
B2,Tutti-deployed,1,0.067,137,4096,256,5,53.641,219.884,561152,true,gpu_nvme_kernel,,0,16
B2,Tutti-deployed,1,0.067,137,4096,256,6,56.595,252.561,561152,true,gpu_nvme_kernel,,0,16
B2,Tutti-deployed,1,0.067,137,4096,256,7,53.504,205.602,561152,true,gpu_nvme_kernel,,0,16
B2,Tutti-deployed,1,0.067,137,4096,256,8,55.526,242.337,561152,true,gpu_nvme_kernel,,0,16
B2,Tutti-deployed,1,0.067,137,4096,256,9,50.424,201.129,561152,true,gpu_nvme_kernel,,0,16
B2,Tutti-deployed,1,0.067,137,4096,256,0,56.464,232.701,561152,true,gpu_nvme_kernel,,1,16
B2,Tutti-deployed,1,0.067,137,4096,256,1,52.848,222.012,561152,true,gpu_nvme_kernel,,1,16
B2,Tutti-deployed,1,0.067,137,4096,256,2,53.584,233.544,561152,true,gpu_nvme_kernel,,1,16
B2,Tutti-deployed,1,0.067,137,4096,256,3,53.991,213.235,561152,true,gpu_nvme_kernel,,1,16
B2,Tutti-deployed,1,0.067,137,4096,256,4,54.402,253.674,561152,true,gpu_nvme_kernel,,1,16
B2,Tutti-deployed,1,0.067,137,4096,256,5,53.57,234.919,561152,true,gpu_nvme_kernel,,1,16
B2,Tutti-deployed,1,0.067,137,4096,256,6,53.448,215.845,561152,true,gpu_nvme_kernel,,1,16
B2,Tutti-deployed,1,0.067,137,4096,256,7,51.34,275.753,561152,true,gpu_nvme_kernel,,1,16
B2,Tutti-deployed,1,0.067,137,4096,256,8,56.335,225.967,561152,true,gpu_nvme_kernel,,1,16
B2,Tutti-deployed,1,0.067,137,4096,256,9,51.844,233.004,561152,true,gpu_nvme_kernel,,1,16
B2,Tutti-deployed,1,0.067,137,4096,256,10,56.09,224.102,561152,true,gpu_nvme_kernel,,1,16
B2,Tutti-deployed,1,0.067,137,4096,256,11,50.711,229.845,561152,true,gpu_nvme_kernel,,1,16
B2,Tutti-deployed,1,0.067,137,4096,256,12,53.638,210.806,561152,true,gpu_nvme_kernel,,1,16
B2,Tutti-deployed,1,0.067,137,4096,256,13,54.193,201.43,561152,true,gpu_nvme_kernel,,1,16
B2,Tutti-deployed,1,0.067,137,4096,256,14,52.847,214.939,561152,true,gpu_nvme_kernel,,1,16
B2,Tutti-deployed,1,0.067,137,4096,256,15,51.826,213.618,561152,true,gpu_nvme_kernel,,1,16
B2,Tutti-deployed,1,0.067,137,4096,256,16,55.399,205.517,561152,true,gpu_nvme_kernel,,1,16
B2,Tutti-deployed,1,0.067,137,4096,256,17,54.618,255.743,561152,true,gpu_nvme_kernel,,1,16
B2,Tutti-deployed,1,0.067,137,4096,256,18,53.18,219.824,561152,true,gpu_nvme_kernel,,1,16
B2,Tutti-deployed,1,0.067,137,4096,256,19,49.579,211.366,561152,true,gpu_nvme_kernel,,1,16
B2,Tutti-deployed,1,0.067,137,4096,256,20,56.992,223.344,561152,true,gpu_nvme_kernel,,1,16
B2,Tutti-deployed,1,0.067,137,4096,256,21,52.387,210.726,561152,true,gpu_nvme_kernel,,1,16
B2,Tutti-deployed,1,0.067,137,4096,256,22,54.602,209.603,561152,true,gpu_nvme_kernel,,1,16
B2,Tutti-deployed,1,0.067,137,4096,256,23,62.175,210.241,561152,true,gpu_nvme_kernel,,1,16
B2,Tutti-deployed,1,0.067,137,4096,256,24,53.753,227.948,561152,true,gpu_nvme_kernel,,1,16
B2,Tutti-deployed,1,0.067,137,4096,256,25,53.364,219.526,561152,true,gpu_nvme_kernel,,1,16
B2,Tutti-deployed,1,0.067,137,4096,256,26,54.809,209.029,561152,true,gpu_nvme_kernel,,1,16
B2,Tutti-deployed,1,0.067,137,4096,256,27,51.897,233.157,561152,true,gpu_nvme_kernel,,1,16
B2,Tutti-deployed,1,0.067,137,4096,256,28,53.77,230.98,561152,true,gpu_nvme_kernel,,1,16
B2,Tutti-deployed,1,0.067,137,4096,256,29,64.942,231.924,561152,true,gpu_nvme_kernel,,1,16
B2,Tutti-deployed,1,0.067,137,4096,256,30,55.774,202.836,561152,true,gpu_nvme_kernel,,1,16
B2,Tutti-deployed,1,0.067,137,4096,256,31,50.661,208.374,561152,true,gpu_nvme_kernel,,1,16
B2,Tutti-deployed,1,0.067,137,4096,256,32,55.47,221.76,561152,true,gpu_nvme_kernel,,1,16
B2,Tutti-deployed,1,0.067,137,4096,256,33,52.564,198.054,561152,true,gpu_nvme_kernel,,1,16
B2,Tutti-deployed,1,0.067,137,4096,256,34,54.896,241.49,561152,true,gpu_nvme_kernel,,1,16
B2,Tutti-deployed,1,0.067,137,4096,256,35,61.16,309.836,561152,true,gpu_nvme_kernel,,1,16
B2,Tutti-deployed,1,0.067,137,4096,256,36,53.612,229.015,561152,true,gpu_nvme_kernel,,1,16
B2,Tutti-deployed,1,0.067,137,4096,256,37,52.886,215.042,561152,true,gpu_nvme_kernel,,1,16
B2,Tutti-deployed,1,0.067,137,4096,256,38,53.017,217.919,561152,true,gpu_nvme_kernel,,1,16
B2,Tutti-deployed,1,0.067,137,4096,256,39,54.083,212.352,561152,true,gpu_nvme_kernel,,1,16
B2,Tutti-deployed,1,0.067,137,4096,256,40,51.329,251.111,561152,true,gpu_nvme_kernel,,1,16
B2,Tutti-deployed,1,0.067,137,4096,256,41,51.096,254.473,561152,true,gpu_nvme_kernel,,1,16
B2,Tutti-deployed,1,0.067,137,4096,256,42,56.375,293.783,561152,true,gpu_nvme_kernel,,1,16
B2,Tutti-deployed,1,0.067,137,4096,256,43,52.122,237.397,561152,true,gpu_nvme_kernel,,1,16
B2,Tutti-deployed,1,0.067,137,4096,256,44,53.302,215.068,561152,true,gpu_nvme_kernel,,1,16
B2,Tutti-deployed,1,0.067,137,4096,256,45,51.123,258.965,561152,true,gpu_nvme_kernel,,1,16
B2,Tutti-deployed,1,0.067,137,4096,256,46,56.845,256.55,561152,true,gpu_nvme_kernel,,1,16
B2,Tutti-deployed,1,0.067,137,4096,256,47,51.213,206.906,561152,true,gpu_nvme_kernel,,1,16
B2,Tutti-deployed,1,0.067,137,4096,256,48,51.55,215.569,561152,true,gpu_nvme_kernel,,1,16
B2,Tutti-deployed,1,0.067,137,4096,256,49,53.843,283.198,561152,true,gpu_nvme_kernel,,1,16
B2,Tutti-deployed,1,0.067,137,4096,256,50,54.045,210.007,561152,true,gpu_nvme_kernel,,1,16
B2,Tutti-deployed,1,0.067,137,4096,256,51,53.664,210.233,561152,true,gpu_nvme_kernel,,1,16
B2,Tutti-deployed,1,0.067,137,4096,256,52,52.43,214.103,561152,true,gpu_nvme_kernel,,1,16
B2,Tutti-deployed,1,0.067,137,4096,256,53,52.672,209.448,561152,true,gpu_nvme_kernel,,1,16
B2,Tutti-deployed,1,0.067,137,4096,256,54,66.6,228.427,561152,true,gpu_nvme_kernel,,1,16
B2,Tutti-deployed,1,0.067,137,4096,256,55,53.018,220.92,561152,true,gpu_nvme_kernel,,1,16
B2,Tutti-deployed,1,0.067,137,4096,256,56,57.8,215.686,561152,true,gpu_nvme_kernel,,1,16
B2,Tutti-deployed,1,0.067,137,4096,256,57,51.395,219.647,561152,true,gpu_nvme_kernel,,1,16
B2,Tutti-deployed,1,0.067,137,4096,256,58,55.346,224.943,561152,true,gpu_nvme_kernel,,1,16
B2,Tutti-deployed,1,0.067,137,4096,256,59,52.749,212.875,561152,true,gpu_nvme_kernel,,1,16
B2,Tutti-deployed,1,0.067,137,4096,256,60,51.381,270.451,561152,true,gpu_nvme_kernel,,1,16
B2,Tutti-deployed,1,0.067,137,4096,256,61,52.81,219.243,561152,true,gpu_nvme_kernel,,1,16
B2,Tutti-deployed,1,0.067,137,4096,256,62,54.078,220.61,561152,true,gpu_nvme_kernel,,1,16
B2,Tutti-deployed,1,0.067,137,4096,256,63,53.909,219.956,561152,true,gpu_nvme_kernel,,1,16
B2,Tutti-deployed,1,0.067,137,4096,256,64,51.602,233.959,561152,true,gpu_nvme_kernel,,1,16
B2,Tutti-deployed,1,0.067,137,4096,256,65,52.421,220.716,561152,true,gpu_nvme_kernel,,1,16
B2,Tutti-deployed,1,0.067,137,4096,256,66,57.257,268.074,561152,true,gpu_nvme_kernel,,1,16
B2,Tutti-deployed,1,0.067,137,4096,256,67,52.261,204.74,561152,true,gpu_nvme_kernel,,1,16
B2,Tutti-deployed,1,0.067,137,4096,256,68,53.757,219.208,561152,true,gpu_nvme_kernel,,1,16
B2,Tutti-deployed,1,0.067,137,4096,256,69,52.161,220.302,561152,true,gpu_nvme_kernel,,1,16
B2,Tutti-deployed,1,0.067,137,4096,256,70,79.872,293.44,561152,true,gpu_nvme_kernel,,1,16
B2,Tutti-deployed,1,0.067,137,4096,256,71,58.866,214.691,561152,true,gpu_nvme_kernel,,1,16
B2,Tutti-deployed,1,0.067,137,4096,256,72,55.298,207.246,561152,true,gpu_nvme_kernel,,1,16
B2,Tutti-deployed,1,0.067,137,4096,256,73,55.311,219.674,561152,true,gpu_nvme_kernel,,1,16
B2,Tutti-deployed,1,0.067,137,4096,256,74,54.316,217.572,561152,true,gpu_nvme_kernel,,1,16
B2,Tutti-deployed,1,0.067,137,4096,256,75,55.362,209.642,561152,true,gpu_nvme_kernel,,1,16
B2,Tutti-deployed,1,0.067,137,4096,256,76,52.987,239.99,561152,true,gpu_nvme_kernel,,1,16
B2,Tutti-deployed,1,0.067,137,4096,256,77,52.02,264.464,561152,true,gpu_nvme_kernel,,1,16
B2,Tutti-deployed,1,0.067,137,4096,256,78,56.243,215.187,561152,true,gpu_nvme_kernel,,1,16
B2,Tutti-deployed,1,0.067,137,4096,256,79,130.827,335.498,561152,true,gpu_nvme_kernel,,1,16
B2,Tutti-deployed,1,0.067,137,4096,256,80,55.336,211.627,561152,true,gpu_nvme_kernel,,1,16
B2,Tutti-deployed,1,0.067,137,4096,256,81,53.649,201.751,561152,true,gpu_nvme_kernel,,1,16
B2,Tutti-deployed,1,0.067,137,4096,256,82,57.058,246.983,561152,true,gpu_nvme_kernel,,1,16
B2,Tutti-deployed,1,0.067,137,4096,256,83,54.344,219.816,561152,true,gpu_nvme_kernel,,1,16
B2,Tutti-deployed,1,0.067,137,4096,256,84,52.714,242.42,561152,true,gpu_nvme_kernel,,1,16
B2,Tutti-deployed,1,0.067,137,4096,256,85,56.296,211.953,561152,true,gpu_nvme_kernel,,1,16
B2,Tutti-deployed,1,0.067,137,4096,256,86,51.058,201.737,561152,true,gpu_nvme_kernel,,1,16
B2,Tutti-deployed,1,0.067,137,4096,256,87,54.159,241.841,561152,true,gpu_nvme_kernel,,1,16
B2,Tutti-deployed,1,0.067,137,4096,256,88,53.163,250.68,561152,true,gpu_nvme_kernel,,1,16
B2,Tutti-deployed,1,0.067,137,4096,256,89,53.133,231.461,561152,true,gpu_nvme_kernel,,1,16
B2,Tutti-deployed,1,0.067,137,4096,256,90,53.313,242.566,561152,true,gpu_nvme_kernel,,1,16
B2,Tutti-deployed,1,0.067,137,4096,256,91,53.61,209.838,561152,true,gpu_nvme_kernel,,1,16
B2,Tutti-deployed,1,0.067,137,4096,256,92,53.934,227.546,561152,true,gpu_nvme_kernel,,1,16
B2,Tutti-deployed,1,0.067,137,4096,256,93,53.548,209.999,561152,true,gpu_nvme_kernel,,1,16
B2,Tutti-deployed,1,0.067,137,4096,256,94,54.342,222.57,561152,true,gpu_nvme_kernel,,1,16
B2,Tutti-deployed,1,0.067,137,4096,256,95,53.948,215.167,561152,true,gpu_nvme_kernel,,1,16
B2,Tutti-deployed,1,0.067,137,4096,256,96,52.498,215.688,561152,true,gpu_nvme_kernel,,1,16
B2,Tutti-deployed,1,0.067,137,4096,256,97,65.484,216.866,561152,true,gpu_nvme_kernel,,1,16
B2,Tutti-deployed,1,0.067,137,4096,256,98,52.295,215.841,561152,true,gpu_nvme_kernel,,1,16
B2,Tutti-deployed,1,0.067,137,4096,256,99,51.855,243.367,561152,true,gpu_nvme_kernel,,1,16
B2,Tutti-deployed,1,0.067,137,4096,256,100,53.769,220.302,561152,true,gpu_nvme_kernel,,1,16
B2,Tutti-deployed,1,0.067,137,4096,256,101,53.774,234.395,561152,true,gpu_nvme_kernel,,1,16
B2,Tutti-deployed,1,0.067,137,4096,256,102,53.229,290.265,561152,true,gpu_nvme_kernel,,1,16
B2,Tutti-deployed,1,0.067,137,4096,256,103,52.031,211.713,561152,true,gpu_nvme_kernel,,1,16
B2,Tutti-deployed,1,0.067,137,4096,256,104,56.227,225.091,561152,true,gpu_nvme_kernel,,1,16
B2,Tutti-deployed,1,0.067,137,4096,256,105,57.666,216.291,561152,true,gpu_nvme_kernel,,1,16
B2,Tutti-deployed,1,0.067,137,4096,256,106,55.657,328.144,561152,true,gpu_nvme_kernel,,1,16
B2,Tutti-deployed,1,0.067,137,4096,256,107,56.025,233.376,561152,true,gpu_nvme_kernel,,1,16
B2,Tutti-deployed,1,0.067,137,4096,256,108,53.284,247.002,561152,true,gpu_nvme_kernel,,1,16
B2,Tutti-deployed,1,0.067,137,4096,256,109,55.478,239.099,561152,true,gpu_nvme_kernel,,1,16
B2,Tutti-deployed,1,0.067,137,4096,256,110,50.973,202.344,561152,true,gpu_nvme_kernel,,1,16
B2,Tutti-deployed,1,0.067,137,4096,256,111,55.289,243.296,561152,true,gpu_nvme_kernel,,1,16
B2,Tutti-deployed,1,0.067,137,4096,256,112,55.531,256.651,561152,true,gpu_nvme_kernel,,1,16
B2,Tutti-deployed,1,0.067,137,4096,256,113,53.818,235.206,561152,true,gpu_nvme_kernel,,1,16
B2,Tutti-deployed,1,0.067,137,4096,256,114,53.642,207.351,561152,true,gpu_nvme_kernel,,1,16
B2,Tutti-deployed,1,0.067,137,4096,256,115,52.081,213.378,561152,true,gpu_nvme_kernel,,1,16
B2,Tutti-deployed,1,0.067,137,4096,256,116,54.197,208.512,561152,true,gpu_nvme_kernel,,1,16
B2,Tutti-deployed,1,0.067,137,4096,256,117,59.82,290.023,561152,true,gpu_nvme_kernel,,1,16
B2,Tutti-deployed,1,0.067,137,4096,256,118,51.979,232.333,561152,true,gpu_nvme_kernel,,1,16
B2,Tutti-deployed,1,0.067,137,4096,256,119,54.487,232.76,561152,true,gpu_nvme_kernel,,1,16
B2,Tutti-deployed,1,0.067,137,4096,256,120,52.03,289.721,561152,true,gpu_nvme_kernel,,1,16
B2,Tutti-deployed,1,0.067,137,4096,256,121,55.958,210.376,561152,true,gpu_nvme_kernel,,1,16
B2,Tutti-deployed,1,0.067,137,4096,256,122,51.071,241.231,561152,true,gpu_nvme_kernel,,1,16
B2,Tutti-deployed,1,0.067,137,4096,256,123,54.948,211.277,561152,true,gpu_nvme_kernel,,1,16
B2,Tutti-deployed,1,0.067,137,4096,256,124,55.114,264.844,561152,true,gpu_nvme_kernel,,1,16
B2,Tutti-deployed,1,0.067,137,4096,256,125,53.675,233.41,561152,true,gpu_nvme_kernel,,1,16
B2,Tutti-deployed,1,0.067,137,4096,256,126,53.108,207.944,561152,true,gpu_nvme_kernel,,1,16
B2,Tutti-deployed,1,0.067,137,4096,256,127,52.58,236.849,561152,true,gpu_nvme_kernel,,1,16
B2,Tutti-deployed,1,0.067,137,4096,256,128,53.295,234.584,561152,true,gpu_nvme_kernel,,1,16
B2,Tutti-deployed,1,0.067,137,4096,256,129,54.12,249.163,561152,true,gpu_nvme_kernel,,1,16
B2,Tutti-deployed,1,0.067,137,4096,256,130,51.917,215.603,561152,true,gpu_nvme_kernel,,1,16
B2,Tutti-deployed,1,0.067,137,4096,256,131,57.907,254.582,561152,true,gpu_nvme_kernel,,1,16
B2,Tutti-deployed,1,0.067,137,4096,256,132,51.063,220.484,561152,true,gpu_nvme_kernel,,1,16
B2,Tutti-deployed,1,0.067,137,4096,256,133,55.486,231.673,561152,true,gpu_nvme_kernel,,1,16
B2,Tutti-deployed,1,0.067,137,4096,256,134,52.504,207.928,561152,true,gpu_nvme_kernel,,1,16
B2,Tutti-deployed,1,0.067,137,4096,256,135,52.503,217.367,561152,true,gpu_nvme_kernel,,1,16
B2,Tutti-deployed,1,0.067,137,4096,256,136,52.992,212.944,561152,true,gpu_nvme_kernel,,1,16
B2,Tutti-deployed,1,0.067,137,4096,256,137,54.636,225.431,561152,true,gpu_nvme_kernel,,1,16
B2,Tutti-deployed,1,0.067,137,4096,256,138,54.356,232.553,561152,true,gpu_nvme_kernel,,1,16
B2,Tutti-deployed,1,0.067,137,4096,256,139,52.95,261.512,561152,true,gpu_nvme_kernel,,1,16
B2,Tutti-deployed,1,0.067,137,4096,256,140,51.94,239.136,561152,true,gpu_nvme_kernel,,1,16
B2,Tutti-deployed,1,0.067,137,4096,256,141,64.57,214.742,561152,true,gpu_nvme_kernel,,1,16
B2,Tutti-deployed,1,0.067,137,4096,256,142,59.488,214.791,561152,true,gpu_nvme_kernel,,1,16
B2,Tutti-deployed,1,0.067,137,4096,256,143,54.754,218.656,561152,true,gpu_nvme_kernel,,1,16
B2,Tutti-deployed,1,0.067,137,4096,256,144,52.904,215.289,561152,true,gpu_nvme_kernel,,1,16
B2,Tutti-deployed,1,0.067,137,4096,256,145,55.229,232.153,561152,true,gpu_nvme_kernel,,1,16
B2,Tutti-deployed,1,0.067,137,4096,256,146,52.841,223.965,561152,true,gpu_nvme_kernel,,1,16
B2,Tutti-deployed,1,0.067,137,4096,256,147,53.624,247.22,561152,true,gpu_nvme_kernel,,1,16
B2,Tutti-deployed,1,0.067,137,4096,256,148,53.275,212.342,561152,true,gpu_nvme_kernel,,1,16
B2,Tutti-deployed,1,0.067,137,4096,256,149,53.275,230.137,561152,true,gpu_nvme_kernel,,1,16
B2,Tutti-deployed,1,0.067,137,4096,256,150,55.068,218.851,561152,true,gpu_nvme_kernel,,1,16
B2,Tutti-deployed,1,0.067,137,4096,256,151,51.786,212.032,561152,true,gpu_nvme_kernel,,1,16
B2,Tutti-deployed,1,0.067,137,4096,256,152,52.85,203.805,561152,true,gpu_nvme_kernel,,1,16
B2,Tutti-deployed,1,0.067,137,4096,256,153,68.978,220.161,561152,true,gpu_nvme_kernel,,1,16
B2,Tutti-deployed,1,0.067,137,4096,256,154,53.731,211.615,561152,true,gpu_nvme_kernel,,1,16
B2,Tutti-deployed,1,0.067,137,4096,256,155,54.465,214.952,561152,true,gpu_nvme_kernel,,1,16
B2,Tutti-deployed,1,0.067,137,4096,256,156,52.285,207.89,561152,true,gpu_nvme_kernel,,1,16
B2,Tutti-deployed,1,0.067,137,4096,256,157,55.467,209.133,561152,true,gpu_nvme_kernel,,1,16
B2,Tutti-deployed,1,0.067,137,4096,256,158,53.292,213.365,561152,true,gpu_nvme_kernel,,1,16
B2,Tutti-deployed,1,0.067,137,4096,256,159,52.083,296.438,561152,true,gpu_nvme_kernel,,1,16
B2,Tutti-deployed,1,0.067,137,4096,256,160,53.803,214.432,561152,true,gpu_nvme_kernel,,1,16
B2,Tutti-deployed,1,0.067,137,4096,256,161,55.299,213.968,561152,true,gpu_nvme_kernel,,1,16
B2,Tutti-deployed,1,0.067,137,4096,256,162,55.107,210.957,561152,true,gpu_nvme_kernel,,1,16
B2,Tutti-deployed,1,0.067,137,4096,256,163,52.909,214.639,561152,true,gpu_nvme_kernel,,1,16
B2,Tutti-deployed,1,0.067,137,4096,256,164,51.705,220.328,561152,true,gpu_nvme_kernel,,1,16
B2,Tutti-deployed,1,0.067,137,4096,256,165,55.717,236.41,561152,true,gpu_nvme_kernel,,1,16
B2,Tutti-deployed,1,0.067,137,4096,256,166,53.365,224.149,561152,true,gpu_nvme_kernel,,1,16
B2,Tutti-deployed,1,0.067,137,4096,256,167,54.477,226.155,561152,true,gpu_nvme_kernel,,1,16
B2,Tutti-deployed,1,0.067,137,4096,256,168,50.721,212.135,561152,true,gpu_nvme_kernel,,1,16
B2,Tutti-deployed,1,0.067,137,4096,256,169,53.154,205.186,561152,true,gpu_nvme_kernel,,1,16
B2,Tutti-deployed,1,0.067,137,4096,256,170,62.437,231.62,561152,true,gpu_nvme_kernel,,1,16
B2,Tutti-deployed,1,0.067,137,4096,256,171,51.72,223.152,561152,true,gpu_nvme_kernel,,1,16
B2,Tutti-deployed,1,0.067,137,4096,256,172,53.097,261.572,561152,true,gpu_nvme_kernel,,1,16
B2,Tutti-deployed,1,0.067,137,4096,256,173,53.976,210.541,561152,true,gpu_nvme_kernel,,1,16
B2,Tutti-deployed,1,0.067,137,4096,256,174,55.089,226.033,561152,true,gpu_nvme_kernel,,1,16
B2,Tutti-deployed,1,0.067,137,4096,256,175,50.919,211.999,561152,true,gpu_nvme_kernel,,1,16
B2,Tutti-deployed,1,0.067,137,4096,256,176,52.314,237.149,561152,true,gpu_nvme_kernel,,1,16
B2,Tutti-deployed,1,0.067,137,4096,256,177,57.132,226.9,561152,true,gpu_nvme_kernel,,1,16
B2,Tutti-deployed,1,0.067,137,4096,256,178,64.1,230.091,561152,true,gpu_nvme_kernel,,1,16
B2,Tutti-deployed,1,0.067,137,4096,256,179,67.452,248.89,561152,true,gpu_nvme_kernel,,1,16
B2,Tutti-deployed,1,0.067,137,4096,256,180,55.165,222.099,561152,true,gpu_nvme_kernel,,1,16
B2,Tutti-deployed,1,0.067,137,4096,256,181,53.586,269.104,561152,true,gpu_nvme_kernel,,1,16
B2,Tutti-deployed,1,0.067,137,4096,256,182,55.887,242.623,561152,true,gpu_nvme_kernel,,1,16
B2,Tutti-deployed,1,0.067,137,4096,256,183,52.252,271.499,561152,true,gpu_nvme_kernel,,1,16
B2,Tutti-deployed,1,0.067,137,4096,256,184,55.103,236.183,561152,true,gpu_nvme_kernel,,1,16
B2,Tutti-deployed,1,0.067,137,4096,256,185,51.6,213.509,561152,true,gpu_nvme_kernel,,1,16
B2,Tutti-deployed,1,0.067,137,4096,256,186,55.107,220.663,561152,true,gpu_nvme_kernel,,1,16
B2,Tutti-deployed,1,0.067,137,4096,256,187,51.361,238.233,561152,true,gpu_nvme_kernel,,1,16
B2,Tutti-deployed,1,0.067,137,4096,256,188,53.246,223.023,561152,true,gpu_nvme_kernel,,1,16
B2,Tutti-deployed,1,0.067,137,4096,256,189,53.917,210.253,561152,true,gpu_nvme_kernel,,1,16
B2,Tutti-deployed,1,0.067,137,4096,256,190,52.499,206.363,561152,true,gpu_nvme_kernel,,1,16
B2,Tutti-deployed,1,0.067,137,4096,256,191,52.969,237.426,561152,true,gpu_nvme_kernel,,1,16
B2,Tutti-deployed,1,0.067,137,4096,256,192,54.225,212.803,561152,true,gpu_nvme_kernel,,1,16
B2,Tutti-deployed,1,0.067,137,4096,256,193,55.283,250.571,561152,true,gpu_nvme_kernel,,1,16
B2,Tutti-deployed,1,0.067,137,4096,256,194,54.3,225.98,561152,true,gpu_nvme_kernel,,1,16
B2,Tutti-deployed,1,0.067,137,4096,256,195,51.012,209.014,561152,true,gpu_nvme_kernel,,1,16
B2,Tutti-deployed,1,0.067,137,4096,256,196,56.6,260.994,561152,true,gpu_nvme_kernel,,1,16
B2,Tutti-deployed,1,0.067,137,4096,256,197,50.713,217.242,561152,true,gpu_nvme_kernel,,1,16
B2,Tutti-deployed,1,0.067,137,4096,256,198,53.13,251.744,561152,true,gpu_nvme_kernel,,1,16
B2,Tutti-deployed,1,0.067,137,4096,256,199,61.832,264.775,561152,true,gpu_nvme_kernel,,1,16
B2,Tutti-deployed,1,0.067,137,4096,256,0,54.112,214.458,561152,true,gpu_nvme_kernel,,3,16
B2,Tutti-deployed,1,0.134,274,4096,256,0,132.307,293.841,1122304,true,gpu_nvme_kernel,,2,16
B2,Tutti-deployed,1,0.134,274,4096,256,0,111.909,301.175,1122304,true,gpu_nvme_kernel,,0,16
B2,Tutti-deployed,1,0.134,274,4096,256,1,124.201,339.723,1122304,true,gpu_nvme_kernel,,0,16
B2,Tutti-deployed,1,0.134,274,4096,256,2,111.988,341.073,1122304,true,gpu_nvme_kernel,,0,16
B2,Tutti-deployed,1,0.134,274,4096,256,3,110.988,299.523,1122304,true,gpu_nvme_kernel,,0,16
B2,Tutti-deployed,1,0.134,274,4096,256,4,113.428,328.154,1122304,true,gpu_nvme_kernel,,0,16
B2,Tutti-deployed,1,0.134,274,4096,256,5,109.658,318.771,1122304,true,gpu_nvme_kernel,,0,16
B2,Tutti-deployed,1,0.134,274,4096,256,6,115.576,351.666,1122304,true,gpu_nvme_kernel,,0,16
B2,Tutti-deployed,1,0.134,274,4096,256,7,110.054,309.033,1122304,true,gpu_nvme_kernel,,0,16
B2,Tutti-deployed,1,0.134,274,4096,256,8,108.011,323.081,1122304,true,gpu_nvme_kernel,,0,16
B2,Tutti-deployed,1,0.134,274,4096,256,9,107.365,303.41,1122304,true,gpu_nvme_kernel,,0,16
B2,Tutti-deployed,1,0.134,274,4096,256,0,108.076,367.328,1122304,true,gpu_nvme_kernel,,1,16
B2,Tutti-deployed,1,0.134,274,4096,256,1,107.892,331.206,1122304,true,gpu_nvme_kernel,,1,16
B2,Tutti-deployed,1,0.134,274,4096,256,2,92.119,372.476,1122304,true,gpu_nvme_kernel,,1,16
B2,Tutti-deployed,1,0.134,274,4096,256,3,93.635,350.601,1122304,true,gpu_nvme_kernel,,1,16
B2,Tutti-deployed,1,0.134,274,4096,256,4,95.571,301.725,1122304,true,gpu_nvme_kernel,,1,16
B2,Tutti-deployed,1,0.134,274,4096,256,5,90.108,306.913,1122304,true,gpu_nvme_kernel,,1,16
B2,Tutti-deployed,1,0.134,274,4096,256,6,91.174,326.75,1122304,true,gpu_nvme_kernel,,1,16
B2,Tutti-deployed,1,0.134,274,4096,256,7,90.833,304.126,1122304,true,gpu_nvme_kernel,,1,16
B2,Tutti-deployed,1,0.134,274,4096,256,8,91.032,338.619,1122304,true,gpu_nvme_kernel,,1,16
B2,Tutti-deployed,1,0.134,274,4096,256,9,103.489,327.877,1122304,true,gpu_nvme_kernel,,1,16
B2,Tutti-deployed,1,0.134,274,4096,256,10,90.436,366.004,1122304,true,gpu_nvme_kernel,,1,16
B2,Tutti-deployed,1,0.134,274,4096,256,11,92.533,312.955,1122304,true,gpu_nvme_kernel,,1,16
B2,Tutti-deployed,1,0.134,274,4096,256,12,93,315.144,1122304,true,gpu_nvme_kernel,,1,16
B2,Tutti-deployed,1,0.134,274,4096,256,13,102.109,360.661,1122304,true,gpu_nvme_kernel,,1,16
B2,Tutti-deployed,1,0.134,274,4096,256,14,93.055,312.669,1122304,true,gpu_nvme_kernel,,1,16
B2,Tutti-deployed,1,0.134,274,4096,256,15,102.905,343.166,1122304,true,gpu_nvme_kernel,,1,16
B2,Tutti-deployed,1,0.134,274,4096,256,16,101.499,376.517,1122304,true,gpu_nvme_kernel,,1,16
B2,Tutti-deployed,1,0.134,274,4096,256,17,99.6,311.874,1122304,true,gpu_nvme_kernel,,1,16
B2,Tutti-deployed,1,0.134,274,4096,256,18,105.409,317.211,1122304,true,gpu_nvme_kernel,,1,16
B2,Tutti-deployed,1,0.134,274,4096,256,19,90.713,308.845,1122304,true,gpu_nvme_kernel,,1,16
B2,Tutti-deployed,1,0.134,274,4096,256,20,98.154,310.754,1122304,true,gpu_nvme_kernel,,1,16
B2,Tutti-deployed,1,0.134,274,4096,256,21,91.265,298.138,1122304,true,gpu_nvme_kernel,,1,16
B2,Tutti-deployed,1,0.134,274,4096,256,22,94.818,300.255,1122304,true,gpu_nvme_kernel,,1,16
B2,Tutti-deployed,1,0.134,274,4096,256,23,89.26,301.995,1122304,true,gpu_nvme_kernel,,1,16
B2,Tutti-deployed,1,0.134,274,4096,256,24,107.272,298.761,1122304,true,gpu_nvme_kernel,,1,16
B2,Tutti-deployed,1,0.134,274,4096,256,25,99.1,339.105,1122304,true,gpu_nvme_kernel,,1,16
B2,Tutti-deployed,1,0.134,274,4096,256,26,96.537,313.045,1122304,true,gpu_nvme_kernel,,1,16
B2,Tutti-deployed,1,0.134,274,4096,256,27,90.275,325.793,1122304,true,gpu_nvme_kernel,,1,16
B2,Tutti-deployed,1,0.134,274,4096,256,28,93.631,336.698,1122304,true,gpu_nvme_kernel,,1,16
B2,Tutti-deployed,1,0.134,274,4096,256,29,91.109,314.042,1122304,true,gpu_nvme_kernel,,1,16
B2,Tutti-deployed,1,0.134,274,4096,256,30,90.136,352.98,1122304,true,gpu_nvme_kernel,,1,16
B2,Tutti-deployed,1,0.134,274,4096,256,31,91.302,326.895,1122304,true,gpu_nvme_kernel,,1,16
B2,Tutti-deployed,1,0.134,274,4096,256,32,93.128,345.662,1122304,true,gpu_nvme_kernel,,1,16
B2,Tutti-deployed,1,0.134,274,4096,256,33,95.845,329.598,1122304,true,gpu_nvme_kernel,,1,16
B2,Tutti-deployed,1,0.134,274,4096,256,34,98.855,375.714,1122304,true,gpu_nvme_kernel,,1,16
B2,Tutti-deployed,1,0.134,274,4096,256,35,89.243,345.409,1122304,true,gpu_nvme_kernel,,1,16
B2,Tutti-deployed,1,0.134,274,4096,256,36,91.559,309.596,1122304,true,gpu_nvme_kernel,,1,16
B2,Tutti-deployed,1,0.134,274,4096,256,37,92.71,318.575,1122304,true,gpu_nvme_kernel,,1,16
B2,Tutti-deployed,1,0.134,274,4096,256,38,95.248,327.297,1122304,true,gpu_nvme_kernel,,1,16
B2,Tutti-deployed,1,0.134,274,4096,256,39,90.759,365.193,1122304,true,gpu_nvme_kernel,,1,16
B2,Tutti-deployed,1,0.134,274,4096,256,40,91.441,296.964,1122304,true,gpu_nvme_kernel,,1,16
B2,Tutti-deployed,1,0.134,274,4096,256,41,92.946,369.132,1122304,true,gpu_nvme_kernel,,1,16
B2,Tutti-deployed,1,0.134,274,4096,256,42,91.181,317.394,1122304,true,gpu_nvme_kernel,,1,16
B2,Tutti-deployed,1,0.134,274,4096,256,43,98.69,302.153,1122304,true,gpu_nvme_kernel,,1,16
B2,Tutti-deployed,1,0.134,274,4096,256,44,90.238,305.242,1122304,true,gpu_nvme_kernel,,1,16
B2,Tutti-deployed,1,0.134,274,4096,256,45,89.263,363.855,1122304,true,gpu_nvme_kernel,,1,16
B2,Tutti-deployed,1,0.134,274,4096,256,46,89.54,342.217,1122304,true,gpu_nvme_kernel,,1,16
B2,Tutti-deployed,1,0.134,274,4096,256,47,93.904,342.861,1122304,true,gpu_nvme_kernel,,1,16
B2,Tutti-deployed,1,0.134,274,4096,256,48,92.135,323.356,1122304,true,gpu_nvme_kernel,,1,16
B2,Tutti-deployed,1,0.134,274,4096,256,49,105.322,307.854,1122304,true,gpu_nvme_kernel,,1,16
B2,Tutti-deployed,1,0.134,274,4096,256,50,100.05,302.693,1122304,true,gpu_nvme_kernel,,1,16
B2,Tutti-deployed,1,0.134,274,4096,256,51,92.078,311.523,1122304,true,gpu_nvme_kernel,,1,16
B2,Tutti-deployed,1,0.134,274,4096,256,52,97.103,325.339,1122304,true,gpu_nvme_kernel,,1,16
B2,Tutti-deployed,1,0.134,274,4096,256,53,89.95,308.739,1122304,true,gpu_nvme_kernel,,1,16
B2,Tutti-deployed,1,0.134,274,4096,256,54,91.35,321.444,1122304,true,gpu_nvme_kernel,,1,16
B2,Tutti-deployed,1,0.134,274,4096,256,55,93.882,322.9,1122304,true,gpu_nvme_kernel,,1,16
B2,Tutti-deployed,1,0.134,274,4096,256,56,90.837,325.195,1122304,true,gpu_nvme_kernel,,1,16
B2,Tutti-deployed,1,0.134,274,4096,256,57,92.614,306.211,1122304,true,gpu_nvme_kernel,,1,16
B2,Tutti-deployed,1,0.134,274,4096,256,58,98.087,313.441,1122304,true,gpu_nvme_kernel,,1,16
B2,Tutti-deployed,1,0.134,274,4096,256,59,90.206,348.214,1122304,true,gpu_nvme_kernel,,1,16
B2,Tutti-deployed,1,0.134,274,4096,256,60,89.439,301.143,1122304,true,gpu_nvme_kernel,,1,16
B2,Tutti-deployed,1,0.134,274,4096,256,61,95.623,302.497,1122304,true,gpu_nvme_kernel,,1,16
B2,Tutti-deployed,1,0.134,274,4096,256,62,89.193,358.282,1122304,true,gpu_nvme_kernel,,1,16
B2,Tutti-deployed,1,0.134,274,4096,256,63,93.97,334.786,1122304,true,gpu_nvme_kernel,,1,16
B2,Tutti-deployed,1,0.134,274,4096,256,64,89.758,315.002,1122304,true,gpu_nvme_kernel,,1,16
B2,Tutti-deployed,1,0.134,274,4096,256,65,117.456,319.196,1122304,true,gpu_nvme_kernel,,1,16
B2,Tutti-deployed,1,0.134,274,4096,256,66,91.507,335.763,1122304,true,gpu_nvme_kernel,,1,16
B2,Tutti-deployed,1,0.134,274,4096,256,67,89.957,312.879,1122304,true,gpu_nvme_kernel,,1,16
B2,Tutti-deployed,1,0.134,274,4096,256,68,89.804,331.68,1122304,true,gpu_nvme_kernel,,1,16
B2,Tutti-deployed,1,0.134,274,4096,256,69,89.976,391.719,1122304,true,gpu_nvme_kernel,,1,16
B2,Tutti-deployed,1,0.134,274,4096,256,70,94.966,340.271,1122304,true,gpu_nvme_kernel,,1,16
B2,Tutti-deployed,1,0.134,274,4096,256,71,90.001,330.929,1122304,true,gpu_nvme_kernel,,1,16
B2,Tutti-deployed,1,0.134,274,4096,256,72,90.755,303.586,1122304,true,gpu_nvme_kernel,,1,16
B2,Tutti-deployed,1,0.134,274,4096,256,73,92.93,293.574,1122304,true,gpu_nvme_kernel,,1,16
B2,Tutti-deployed,1,0.134,274,4096,256,74,93.144,324.486,1122304,true,gpu_nvme_kernel,,1,16
B2,Tutti-deployed,1,0.134,274,4096,256,75,92.583,312.048,1122304,true,gpu_nvme_kernel,,1,16
B2,Tutti-deployed,1,0.134,274,4096,256,76,91.159,320.048,1122304,true,gpu_nvme_kernel,,1,16
B2,Tutti-deployed,1,0.134,274,4096,256,77,89.802,334.091,1122304,true,gpu_nvme_kernel,,1,16
B2,Tutti-deployed,1,0.134,274,4096,256,78,92.583,355.901,1122304,true,gpu_nvme_kernel,,1,16
B2,Tutti-deployed,1,0.134,274,4096,256,79,93.874,345.73,1122304,true,gpu_nvme_kernel,,1,16
B2,Tutti-deployed,1,0.134,274,4096,256,80,93.937,308.312,1122304,true,gpu_nvme_kernel,,1,16
B2,Tutti-deployed,1,0.134,274,4096,256,81,91.406,324.972,1122304,true,gpu_nvme_kernel,,1,16
B2,Tutti-deployed,1,0.134,274,4096,256,82,93.422,300.91,1122304,true,gpu_nvme_kernel,,1,16
B2,Tutti-deployed,1,0.134,274,4096,256,83,90.823,347.777,1122304,true,gpu_nvme_kernel,,1,16
B2,Tutti-deployed,1,0.134,274,4096,256,84,88.577,304.832,1122304,true,gpu_nvme_kernel,,1,16
B2,Tutti-deployed,1,0.134,274,4096,256,85,98.121,310.682,1122304,true,gpu_nvme_kernel,,1,16
B2,Tutti-deployed,1,0.134,274,4096,256,86,91.731,301.466,1122304,true,gpu_nvme_kernel,,1,16
B2,Tutti-deployed,1,0.134,274,4096,256,87,94.16,374.153,1122304,true,gpu_nvme_kernel,,1,16
B2,Tutti-deployed,1,0.134,274,4096,256,88,90.528,313.136,1122304,true,gpu_nvme_kernel,,1,16
B2,Tutti-deployed,1,0.134,274,4096,256,89,98.689,308.603,1122304,true,gpu_nvme_kernel,,1,16
B2,Tutti-deployed,1,0.134,274,4096,256,90,88.958,302.225,1122304,true,gpu_nvme_kernel,,1,16
B2,Tutti-deployed,1,0.134,274,4096,256,91,93.116,354.596,1122304,true,gpu_nvme_kernel,,1,16
B2,Tutti-deployed,1,0.134,274,4096,256,92,92.685,317.642,1122304,true,gpu_nvme_kernel,,1,16
B2,Tutti-deployed,1,0.134,274,4096,256,93,90.18,304.544,1122304,true,gpu_nvme_kernel,,1,16
B2,Tutti-deployed,1,0.134,274,4096,256,94,98.456,322.525,1122304,true,gpu_nvme_kernel,,1,16
B2,Tutti-deployed,1,0.134,274,4096,256,95,91.62,298.704,1122304,true,gpu_nvme_kernel,,1,16
B2,Tutti-deployed,1,0.134,274,4096,256,96,88.764,298.127,1122304,true,gpu_nvme_kernel,,1,16
B2,Tutti-deployed,1,0.134,274,4096,256,97,89.485,323.499,1122304,true,gpu_nvme_kernel,,1,16
B2,Tutti-deployed,1,0.134,274,4096,256,98,94.085,352.067,1122304,true,gpu_nvme_kernel,,1,16
B2,Tutti-deployed,1,0.134,274,4096,256,99,91.425,336.419,1122304,true,gpu_nvme_kernel,,1,16
B2,Tutti-deployed,1,0.134,274,4096,256,100,88.697,293.86,1122304,true,gpu_nvme_kernel,,1,16
B2,Tutti-deployed,1,0.134,274,4096,256,101,102.591,308.607,1122304,true,gpu_nvme_kernel,,1,16
B2,Tutti-deployed,1,0.134,274,4096,256,102,89.687,353.298,1122304,true,gpu_nvme_kernel,,1,16
B2,Tutti-deployed,1,0.134,274,4096,256,103,95.977,341.503,1122304,true,gpu_nvme_kernel,,1,16
B2,Tutti-deployed,1,0.134,274,4096,256,104,87.941,309.807,1122304,true,gpu_nvme_kernel,,1,16
B2,Tutti-deployed,1,0.134,274,4096,256,105,106.236,391.871,1122304,true,gpu_nvme_kernel,,1,16
B2,Tutti-deployed,1,0.134,274,4096,256,106,87.521,314.749,1122304,true,gpu_nvme_kernel,,1,16
B2,Tutti-deployed,1,0.134,274,4096,256,107,88.531,313.162,1122304,true,gpu_nvme_kernel,,1,16
B2,Tutti-deployed,1,0.134,274,4096,256,108,88.6,305.298,1122304,true,gpu_nvme_kernel,,1,16
B2,Tutti-deployed,1,0.134,274,4096,256,109,95.051,308.719,1122304,true,gpu_nvme_kernel,,1,16
B2,Tutti-deployed,1,0.134,274,4096,256,110,88.65,304.951,1122304,true,gpu_nvme_kernel,,1,16
B2,Tutti-deployed,1,0.134,274,4096,256,111,89.191,343.473,1122304,true,gpu_nvme_kernel,,1,16
B2,Tutti-deployed,1,0.134,274,4096,256,112,88.742,311.933,1122304,true,gpu_nvme_kernel,,1,16
B2,Tutti-deployed,1,0.134,274,4096,256,113,92.338,300.373,1122304,true,gpu_nvme_kernel,,1,16
B2,Tutti-deployed,1,0.134,274,4096,256,114,88.123,319.157,1122304,true,gpu_nvme_kernel,,1,16
B2,Tutti-deployed,1,0.134,274,4096,256,115,94.519,307.192,1122304,true,gpu_nvme_kernel,,1,16
B2,Tutti-deployed,1,0.134,274,4096,256,116,88.209,295.5,1122304,true,gpu_nvme_kernel,,1,16
B2,Tutti-deployed,1,0.134,274,4096,256,117,87.749,312.437,1122304,true,gpu_nvme_kernel,,1,16
B2,Tutti-deployed,1,0.134,274,4096,256,118,87.715,294.048,1122304,true,gpu_nvme_kernel,,1,16
B2,Tutti-deployed,1,0.134,274,4096,256,119,91.153,301.186,1122304,true,gpu_nvme_kernel,,1,16
B2,Tutti-deployed,1,0.134,274,4096,256,120,88.971,334.879,1122304,true,gpu_nvme_kernel,,1,16
B2,Tutti-deployed,1,0.134,274,4096,256,121,93.918,314.367,1122304,true,gpu_nvme_kernel,,1,16
B2,Tutti-deployed,1,0.134,274,4096,256,122,89.905,310.489,1122304,true,gpu_nvme_kernel,,1,16
B2,Tutti-deployed,1,0.134,274,4096,256,123,94.575,303.313,1122304,true,gpu_nvme_kernel,,1,16
B2,Tutti-deployed,1,0.134,274,4096,256,124,90.54,303.41,1122304,true,gpu_nvme_kernel,,1,16
B2,Tutti-deployed,1,0.134,274,4096,256,125,85.724,291.47,1122304,true,gpu_nvme_kernel,,1,16
B2,Tutti-deployed,1,0.134,274,4096,256,126,86.771,351.393,1122304,true,gpu_nvme_kernel,,1,16
B2,Tutti-deployed,1,0.134,274,4096,256,127,87.079,356.381,1122304,true,gpu_nvme_kernel,,1,16
B2,Tutti-deployed,1,0.134,274,4096,256,128,85.862,300.905,1122304,true,gpu_nvme_kernel,,1,16
B2,Tutti-deployed,1,0.134,274,4096,256,129,85.75,319.918,1122304,true,gpu_nvme_kernel,,1,16
B2,Tutti-deployed,1,0.134,274,4096,256,130,85.907,327.896,1122304,true,gpu_nvme_kernel,,1,16
B2,Tutti-deployed,1,0.134,274,4096,256,131,86.365,305.06,1122304,true,gpu_nvme_kernel,,1,16
B2,Tutti-deployed,1,0.134,274,4096,256,132,93.876,313.301,1122304,true,gpu_nvme_kernel,,1,16
B2,Tutti-deployed,1,0.134,274,4096,256,133,86.623,315.135,1122304,true,gpu_nvme_kernel,,1,16
B2,Tutti-deployed,1,0.134,274,4096,256,134,86.376,311.516,1122304,true,gpu_nvme_kernel,,1,16
B2,Tutti-deployed,1,0.134,274,4096,256,135,85.693,303.579,1122304,true,gpu_nvme_kernel,,1,16
B2,Tutti-deployed,1,0.134,274,4096,256,136,88.88,320.463,1122304,true,gpu_nvme_kernel,,1,16
B2,Tutti-deployed,1,0.134,274,4096,256,137,86.033,294.101,1122304,true,gpu_nvme_kernel,,1,16
B2,Tutti-deployed,1,0.134,274,4096,256,138,86.239,293.406,1122304,true,gpu_nvme_kernel,,1,16
B2,Tutti-deployed,1,0.134,274,4096,256,139,86.258,310.605,1122304,true,gpu_nvme_kernel,,1,16
B2,Tutti-deployed,1,0.134,274,4096,256,140,85.292,296.383,1122304,true,gpu_nvme_kernel,,1,16
B2,Tutti-deployed,1,0.134,274,4096,256,141,85.773,302.962,1122304,true,gpu_nvme_kernel,,1,16
B2,Tutti-deployed,1,0.134,274,4096,256,142,87.041,356.947,1122304,true,gpu_nvme_kernel,,1,16
B2,Tutti-deployed,1,0.134,274,4096,256,143,89.48,335.883,1122304,true,gpu_nvme_kernel,,1,16
B2,Tutti-deployed,1,0.134,274,4096,256,144,86.158,317.306,1122304,true,gpu_nvme_kernel,,1,16
B2,Tutti-deployed,1,0.134,274,4096,256,145,85.129,307.215,1122304,true,gpu_nvme_kernel,,1,16
B2,Tutti-deployed,1,0.134,274,4096,256,146,89.667,336.941,1122304,true,gpu_nvme_kernel,,1,16
B2,Tutti-deployed,1,0.134,274,4096,256,147,87.21,335.278,1122304,true,gpu_nvme_kernel,,1,16
B2,Tutti-deployed,1,0.134,274,4096,256,148,86.479,329.899,1122304,true,gpu_nvme_kernel,,1,16
B2,Tutti-deployed,1,0.134,274,4096,256,149,84.924,328.753,1122304,true,gpu_nvme_kernel,,1,16
B2,Tutti-deployed,1,0.134,274,4096,256,150,96.168,317.565,1122304,true,gpu_nvme_kernel,,1,16
B2,Tutti-deployed,1,0.134,274,4096,256,151,86.112,306.63,1122304,true,gpu_nvme_kernel,,1,16
B2,Tutti-deployed,1,0.134,274,4096,256,152,88.956,348.268,1122304,true,gpu_nvme_kernel,,1,16
B2,Tutti-deployed,1,0.134,274,4096,256,153,86.077,310.468,1122304,true,gpu_nvme_kernel,,1,16
B2,Tutti-deployed,1,0.134,274,4096,256,154,85.679,317.15,1122304,true,gpu_nvme_kernel,,1,16
B2,Tutti-deployed,1,0.134,274,4096,256,155,90.407,322.734,1122304,true,gpu_nvme_kernel,,1,16
B2,Tutti-deployed,1,0.134,274,4096,256,156,85.475,369.923,1122304,true,gpu_nvme_kernel,,1,16
B2,Tutti-deployed,1,0.134,274,4096,256,157,87.018,311.944,1122304,true,gpu_nvme_kernel,,1,16
B2,Tutti-deployed,1,0.134,274,4096,256,158,89.874,345.43,1122304,true,gpu_nvme_kernel,,1,16
B2,Tutti-deployed,1,0.134,274,4096,256,159,86.44,322.86,1122304,true,gpu_nvme_kernel,,1,16
B2,Tutti-deployed,1,0.134,274,4096,256,160,86.137,343.371,1122304,true,gpu_nvme_kernel,,1,16
B2,Tutti-deployed,1,0.134,274,4096,256,161,85.856,312.015,1122304,true,gpu_nvme_kernel,,1,16
B2,Tutti-deployed,1,0.134,274,4096,256,162,86.441,341.927,1122304,true,gpu_nvme_kernel,,1,16
B2,Tutti-deployed,1,0.134,274,4096,256,163,85.839,298.981,1122304,true,gpu_nvme_kernel,,1,16
B2,Tutti-deployed,1,0.134,274,4096,256,164,85.839,336.092,1122304,true,gpu_nvme_kernel,,1,16
B2,Tutti-deployed,1,0.134,274,4096,256,165,88.736,291.199,1122304,true,gpu_nvme_kernel,,1,16
B2,Tutti-deployed,1,0.134,274,4096,256,166,86.593,298.792,1122304,true,gpu_nvme_kernel,,1,16
B2,Tutti-deployed,1,0.134,274,4096,256,167,92.469,332.797,1122304,true,gpu_nvme_kernel,,1,16
B2,Tutti-deployed,1,0.134,274,4096,256,168,86.259,375.475,1122304,true,gpu_nvme_kernel,,1,16
B2,Tutti-deployed,1,0.134,274,4096,256,169,84.837,343.919,1122304,true,gpu_nvme_kernel,,1,16
B2,Tutti-deployed,1,0.134,274,4096,256,170,86.077,305.299,1122304,true,gpu_nvme_kernel,,1,16
B2,Tutti-deployed,1,0.134,274,4096,256,171,90.588,301.096,1122304,true,gpu_nvme_kernel,,1,16
B2,Tutti-deployed,1,0.134,274,4096,256,172,89.262,307.633,1122304,true,gpu_nvme_kernel,,1,16
B2,Tutti-deployed,1,0.134,274,4096,256,173,85.903,329.566,1122304,true,gpu_nvme_kernel,,1,16
B2,Tutti-deployed,1,0.134,274,4096,256,174,87.558,302.448,1122304,true,gpu_nvme_kernel,,1,16
B2,Tutti-deployed,1,0.134,274,4096,256,175,88.747,299.36,1122304,true,gpu_nvme_kernel,,1,16
B2,Tutti-deployed,1,0.134,274,4096,256,176,86.371,324.659,1122304,true,gpu_nvme_kernel,,1,16
B2,Tutti-deployed,1,0.134,274,4096,256,177,85.861,305.697,1122304,true,gpu_nvme_kernel,,1,16
B2,Tutti-deployed,1,0.134,274,4096,256,178,86.323,330.677,1122304,true,gpu_nvme_kernel,,1,16
B2,Tutti-deployed,1,0.134,274,4096,256,179,86.192,315.54,1122304,true,gpu_nvme_kernel,,1,16
B2,Tutti-deployed,1,0.134,274,4096,256,180,86.934,297.217,1122304,true,gpu_nvme_kernel,,1,16
B2,Tutti-deployed,1,0.134,274,4096,256,181,88.867,296.989,1122304,true,gpu_nvme_kernel,,1,16
B2,Tutti-deployed,1,0.134,274,4096,256,182,85.742,332.909,1122304,true,gpu_nvme_kernel,,1,16
B2,Tutti-deployed,1,0.134,274,4096,256,183,86.567,320.532,1122304,true,gpu_nvme_kernel,,1,16
B2,Tutti-deployed,1,0.134,274,4096,256,184,86.019,336.137,1122304,true,gpu_nvme_kernel,,1,16
B2,Tutti-deployed,1,0.134,274,4096,256,185,86.254,290.018,1122304,true,gpu_nvme_kernel,,1,16
B2,Tutti-deployed,1,0.134,274,4096,256,186,87.073,301.615,1122304,true,gpu_nvme_kernel,,1,16
B2,Tutti-deployed,1,0.134,274,4096,256,187,86.65,306.51,1122304,true,gpu_nvme_kernel,,1,16
B2,Tutti-deployed,1,0.134,274,4096,256,188,85.912,292.886,1122304,true,gpu_nvme_kernel,,1,16
B2,Tutti-deployed,1,0.134,274,4096,256,189,84.868,317.003,1122304,true,gpu_nvme_kernel,,1,16
B2,Tutti-deployed,1,0.134,274,4096,256,190,89.979,316.174,1122304,true,gpu_nvme_kernel,,1,16
B2,Tutti-deployed,1,0.134,274,4096,256,191,85.221,335.763,1122304,true,gpu_nvme_kernel,,1,16
B2,Tutti-deployed,1,0.134,274,4096,256,192,96.627,331.422,1122304,true,gpu_nvme_kernel,,1,16
B2,Tutti-deployed,1,0.134,274,4096,256,193,86.936,321.791,1122304,true,gpu_nvme_kernel,,1,16
B2,Tutti-deployed,1,0.134,274,4096,256,194,86.378,343.515,1122304,true,gpu_nvme_kernel,,1,16
B2,Tutti-deployed,1,0.134,274,4096,256,195,91.991,329.976,1122304,true,gpu_nvme_kernel,,1,16
B2,Tutti-deployed,1,0.134,274,4096,256,196,162.534,349.487,1122304,true,gpu_nvme_kernel,,1,16
B2,Tutti-deployed,1,0.134,274,4096,256,197,87.849,335.934,1122304,true,gpu_nvme_kernel,,1,16
B2,Tutti-deployed,1,0.134,274,4096,256,198,87.101,313.158,1122304,true,gpu_nvme_kernel,,1,16
B2,Tutti-deployed,1,0.134,274,4096,256,199,87.719,297.937,1122304,true,gpu_nvme_kernel,,1,16
B2,Tutti-deployed,1,0.134,274,4096,256,0,93.166,325.518,1122304,true,gpu_nvme_kernel,,3,16
B2,Tutti-deployed,1,0.3,614,4096,256,0,200.804,584.488,2514944,true,gpu_nvme_kernel,,2,16
B2,Tutti-deployed,1,0.3,614,4096,256,0,188.7,604.488,2514944,true,gpu_nvme_kernel,,0,16
B2,Tutti-deployed,1,0.3,614,4096,256,1,193.05,546.456,2514944,true,gpu_nvme_kernel,,0,16
B2,Tutti-deployed,1,0.3,614,4096,256,2,186.773,581.82,2514944,true,gpu_nvme_kernel,,0,16
B2,Tutti-deployed,1,0.3,614,4096,256,3,196.992,588.334,2514944,true,gpu_nvme_kernel,,0,16
B2,Tutti-deployed,1,0.3,614,4096,256,4,190.569,614.203,2514944,true,gpu_nvme_kernel,,0,16
B2,Tutti-deployed,1,0.3,614,4096,256,5,189.643,561.662,2514944,true,gpu_nvme_kernel,,0,16
B2,Tutti-deployed,1,0.3,614,4096,256,6,198.414,606.708,2514944,true,gpu_nvme_kernel,,0,16
B2,Tutti-deployed,1,0.3,614,4096,256,7,188.499,557.697,2514944,true,gpu_nvme_kernel,,0,16
B2,Tutti-deployed,1,0.3,614,4096,256,8,188.901,570.37,2514944,true,gpu_nvme_kernel,,0,16
B2,Tutti-deployed,1,0.3,614,4096,256,9,202.339,583.871,2514944,true,gpu_nvme_kernel,,0,16
B2,Tutti-deployed,1,0.3,614,4096,256,0,200.098,578.303,2514944,true,gpu_nvme_kernel,,1,16
B2,Tutti-deployed,1,0.3,614,4096,256,1,187.185,644.91,2514944,true,gpu_nvme_kernel,,1,16
B2,Tutti-deployed,1,0.3,614,4096,256,2,188.311,603.935,2514944,true,gpu_nvme_kernel,,1,16
B2,Tutti-deployed,1,0.3,614,4096,256,3,193.407,590.34,2514944,true,gpu_nvme_kernel,,1,16
B2,Tutti-deployed,1,0.3,614,4096,256,4,191.116,571.974,2514944,true,gpu_nvme_kernel,,1,16
B2,Tutti-deployed,1,0.3,614,4096,256,5,185.19,562.961,2514944,true,gpu_nvme_kernel,,1,16
B2,Tutti-deployed,1,0.3,614,4096,256,6,186.907,691.319,2514944,true,gpu_nvme_kernel,,1,16
B2,Tutti-deployed,1,0.3,614,4096,256,7,195.649,609.352,2514944,true,gpu_nvme_kernel,,1,16
B2,Tutti-deployed,1,0.3,614,4096,256,8,191.481,563.31,2514944,true,gpu_nvme_kernel,,1,16
B2,Tutti-deployed,1,0.3,614,4096,256,9,187.691,627.045,2514944,true,gpu_nvme_kernel,,1,16
B2,Tutti-deployed,1,0.3,614,4096,256,10,188.821,581.015,2514944,true,gpu_nvme_kernel,,1,16
B2,Tutti-deployed,1,0.3,614,4096,256,11,188.124,560.595,2514944,true,gpu_nvme_kernel,,1,16
B2,Tutti-deployed,1,0.3,614,4096,256,12,188.625,547.344,2514944,true,gpu_nvme_kernel,,1,16
B2,Tutti-deployed,1,0.3,614,4096,256,13,192.022,590.386,2514944,true,gpu_nvme_kernel,,1,16
B2,Tutti-deployed,1,0.3,614,4096,256,14,198.603,585.396,2514944,true,gpu_nvme_kernel,,1,16
B2,Tutti-deployed,1,0.3,614,4096,256,15,188.53,627.225,2514944,true,gpu_nvme_kernel,,1,16
B2,Tutti-deployed,1,0.3,614,4096,256,16,185.673,549.035,2514944,true,gpu_nvme_kernel,,1,16
B2,Tutti-deployed,1,0.3,614,4096,256,17,190.669,584.188,2514944,true,gpu_nvme_kernel,,1,16
B2,Tutti-deployed,1,0.3,614,4096,256,18,188.053,570.648,2514944,true,gpu_nvme_kernel,,1,16
B2,Tutti-deployed,1,0.3,614,4096,256,19,185.903,628.737,2514944,true,gpu_nvme_kernel,,1,16
B2,Tutti-deployed,1,0.3,614,4096,256,20,185.655,588.705,2514944,true,gpu_nvme_kernel,,1,16
B2,Tutti-deployed,1,0.3,614,4096,256,21,189.975,582.176,2514944,true,gpu_nvme_kernel,,1,16
B2,Tutti-deployed,1,0.3,614,4096,256,22,194.517,595.832,2514944,true,gpu_nvme_kernel,,1,16
B2,Tutti-deployed,1,0.3,614,4096,256,23,190.14,600.007,2514944,true,gpu_nvme_kernel,,1,16
B2,Tutti-deployed,1,0.3,614,4096,256,24,187.533,582.447,2514944,true,gpu_nvme_kernel,,1,16
B2,Tutti-deployed,1,0.3,614,4096,256,25,195.427,549.178,2514944,true,gpu_nvme_kernel,,1,16
B2,Tutti-deployed,1,0.3,614,4096,256,26,187.403,597.262,2514944,true,gpu_nvme_kernel,,1,16
B2,Tutti-deployed,1,0.3,614,4096,256,27,184.645,605.88,2514944,true,gpu_nvme_kernel,,1,16
B2,Tutti-deployed,1,0.3,614,4096,256,28,186.523,594.696,2514944,true,gpu_nvme_kernel,,1,16
B2,Tutti-deployed,1,0.3,614,4096,256,29,189.226,575.114,2514944,true,gpu_nvme_kernel,,1,16
B2,Tutti-deployed,1,0.3,614,4096,256,30,194.199,545.945,2514944,true,gpu_nvme_kernel,,1,16
B2,Tutti-deployed,1,0.3,614,4096,256,31,196.481,596.433,2514944,true,gpu_nvme_kernel,,1,16
B2,Tutti-deployed,1,0.3,614,4096,256,32,187.861,611.493,2514944,true,gpu_nvme_kernel,,1,16
B2,Tutti-deployed,1,0.3,614,4096,256,33,190.799,577.08,2514944,true,gpu_nvme_kernel,,1,16
B2,Tutti-deployed,1,0.3,614,4096,256,34,194.368,626.34,2514944,true,gpu_nvme_kernel,,1,16
B2,Tutti-deployed,1,0.3,614,4096,256,35,188.549,646.319,2514944,true,gpu_nvme_kernel,,1,16
B2,Tutti-deployed,1,0.3,614,4096,256,36,189.517,601.661,2514944,true,gpu_nvme_kernel,,1,16
B2,Tutti-deployed,1,0.3,614,4096,256,37,186.919,567.92,2514944,true,gpu_nvme_kernel,,1,16
B2,Tutti-deployed,1,0.3,614,4096,256,38,198.907,551.817,2514944,true,gpu_nvme_kernel,,1,16
B2,Tutti-deployed,1,0.3,614,4096,256,39,186.686,597.265,2514944,true,gpu_nvme_kernel,,1,16
B2,Tutti-deployed,1,0.3,614,4096,256,40,186.753,562.771,2514944,true,gpu_nvme_kernel,,1,16
B2,Tutti-deployed,1,0.3,614,4096,256,41,208.951,559.215,2514944,true,gpu_nvme_kernel,,1,16
B2,Tutti-deployed,1,0.3,614,4096,256,42,198.619,617.66,2514944,true,gpu_nvme_kernel,,1,16
B2,Tutti-deployed,1,0.3,614,4096,256,43,203.021,571.065,2514944,true,gpu_nvme_kernel,,1,16
B2,Tutti-deployed,1,0.3,614,4096,256,44,190.216,588.785,2514944,true,gpu_nvme_kernel,,1,16
B2,Tutti-deployed,1,0.3,614,4096,256,45,200.093,575.314,2514944,true,gpu_nvme_kernel,,1,16
B2,Tutti-deployed,1,0.3,614,4096,256,46,193.507,608.207,2514944,true,gpu_nvme_kernel,,1,16
B2,Tutti-deployed,1,0.3,614,4096,256,47,196.704,607.112,2514944,true,gpu_nvme_kernel,,1,16
B2,Tutti-deployed,1,0.3,614,4096,256,48,201.74,567.127,2514944,true,gpu_nvme_kernel,,1,16
B2,Tutti-deployed,1,0.3,614,4096,256,49,202.708,596.309,2514944,true,gpu_nvme_kernel,,1,16
B2,Tutti-deployed,1,0.3,614,4096,256,50,194.676,601.999,2514944,true,gpu_nvme_kernel,,1,16
B2,Tutti-deployed,1,0.3,614,4096,256,51,204.142,607.927,2514944,true,gpu_nvme_kernel,,1,16
B2,Tutti-deployed,1,0.3,614,4096,256,52,192.049,573.098,2514944,true,gpu_nvme_kernel,,1,16
B2,Tutti-deployed,1,0.3,614,4096,256,53,198.5,628.41,2514944,true,gpu_nvme_kernel,,1,16
B2,Tutti-deployed,1,0.3,614,4096,256,54,193.152,582.217,2514944,true,gpu_nvme_kernel,,1,16
B2,Tutti-deployed,1,0.3,614,4096,256,55,199.779,584.137,2514944,true,gpu_nvme_kernel,,1,16
B2,Tutti-deployed,1,0.3,614,4096,256,56,191.16,605.82,2514944,true,gpu_nvme_kernel,,1,16
B2,Tutti-deployed,1,0.3,614,4096,256,57,195.366,586.989,2514944,true,gpu_nvme_kernel,,1,16
B2,Tutti-deployed,1,0.3,614,4096,256,58,193.262,575.39,2514944,true,gpu_nvme_kernel,,1,16
B2,Tutti-deployed,1,0.3,614,4096,256,59,202.467,649.185,2514944,true,gpu_nvme_kernel,,1,16
B2,Tutti-deployed,1,0.3,614,4096,256,60,193.99,612.564,2514944,true,gpu_nvme_kernel,,1,16
B2,Tutti-deployed,1,0.3,614,4096,256,61,193.225,546.012,2514944,true,gpu_nvme_kernel,,1,16
B2,Tutti-deployed,1,0.3,614,4096,256,62,201.725,574.045,2514944,true,gpu_nvme_kernel,,1,16
B2,Tutti-deployed,1,0.3,614,4096,256,63,195.661,573.841,2514944,true,gpu_nvme_kernel,,1,16
B2,Tutti-deployed,1,0.3,614,4096,256,64,195.117,583.516,2514944,true,gpu_nvme_kernel,,1,16
B2,Tutti-deployed,1,0.3,614,4096,256,65,203.828,578.073,2514944,true,gpu_nvme_kernel,,1,16
B2,Tutti-deployed,1,0.3,614,4096,256,66,192.279,559.635,2514944,true,gpu_nvme_kernel,,1,16
B2,Tutti-deployed,1,0.3,614,4096,256,67,194.839,563.268,2514944,true,gpu_nvme_kernel,,1,16
B2,Tutti-deployed,1,0.3,614,4096,256,68,196.264,573.955,2514944,true,gpu_nvme_kernel,,1,16
B2,Tutti-deployed,1,0.3,614,4096,256,69,192.445,564.244,2514944,true,gpu_nvme_kernel,,1,16
B2,Tutti-deployed,1,0.3,614,4096,256,70,196.165,607.398,2514944,true,gpu_nvme_kernel,,1,16
B2,Tutti-deployed,1,0.3,614,4096,256,71,199.443,587.724,2514944,true,gpu_nvme_kernel,,1,16
B2,Tutti-deployed,1,0.3,614,4096,256,72,204.908,580.528,2514944,true,gpu_nvme_kernel,,1,16
B2,Tutti-deployed,1,0.3,614,4096,256,73,192.783,584.151,2514944,true,gpu_nvme_kernel,,1,16
B2,Tutti-deployed,1,0.3,614,4096,256,74,194.02,568.644,2514944,true,gpu_nvme_kernel,,1,16
B2,Tutti-deployed,1,0.3,614,4096,256,75,194.805,594.429,2514944,true,gpu_nvme_kernel,,1,16
B2,Tutti-deployed,1,0.3,614,4096,256,76,193.378,552.722,2514944,true,gpu_nvme_kernel,,1,16
B2,Tutti-deployed,1,0.3,614,4096,256,77,197.463,675.898,2514944,true,gpu_nvme_kernel,,1,16
B2,Tutti-deployed,1,0.3,614,4096,256,78,196.49,585.335,2514944,true,gpu_nvme_kernel,,1,16
B2,Tutti-deployed,1,0.3,614,4096,256,79,193.289,587.27,2514944,true,gpu_nvme_kernel,,1,16
B2,Tutti-deployed,1,0.3,614,4096,256,80,194.75,555.068,2514944,true,gpu_nvme_kernel,,1,16
B2,Tutti-deployed,1,0.3,614,4096,256,81,196.333,570.624,2514944,true,gpu_nvme_kernel,,1,16
B2,Tutti-deployed,1,0.3,614,4096,256,82,199.941,607.096,2514944,true,gpu_nvme_kernel,,1,16
B2,Tutti-deployed,1,0.3,614,4096,256,83,198.949,606.407,2514944,true,gpu_nvme_kernel,,1,16
B2,Tutti-deployed,1,0.3,614,4096,256,84,194.143,591.618,2514944,true,gpu_nvme_kernel,,1,16
B2,Tutti-deployed,1,0.3,614,4096,256,85,195.016,568.361,2514944,true,gpu_nvme_kernel,,1,16
B2,Tutti-deployed,1,0.3,614,4096,256,86,197.555,546.002,2514944,true,gpu_nvme_kernel,,1,16
B2,Tutti-deployed,1,0.3,614,4096,256,87,198.002,592.925,2514944,true,gpu_nvme_kernel,,1,16
B2,Tutti-deployed,1,0.3,614,4096,256,88,192.66,578.014,2514944,true,gpu_nvme_kernel,,1,16
B2,Tutti-deployed,1,0.3,614,4096,256,89,200.399,583.969,2514944,true,gpu_nvme_kernel,,1,16
B2,Tutti-deployed,1,0.3,614,4096,256,90,202.079,662.759,2514944,true,gpu_nvme_kernel,,1,16
B2,Tutti-deployed,1,0.3,614,4096,256,91,191.198,571.473,2514944,true,gpu_nvme_kernel,,1,16
B2,Tutti-deployed,1,0.3,614,4096,256,92,204.947,611.574,2514944,true,gpu_nvme_kernel,,1,16
B2,Tutti-deployed,1,0.3,614,4096,256,93,195.486,554.635,2514944,true,gpu_nvme_kernel,,1,16
B2,Tutti-deployed,1,0.3,614,4096,256,94,198.64,556.28,2514944,true,gpu_nvme_kernel,,1,16
B2,Tutti-deployed,1,0.3,614,4096,256,95,202.382,612.979,2514944,true,gpu_nvme_kernel,,1,16
B2,Tutti-deployed,1,0.3,614,4096,256,96,197.288,604.221,2514944,true,gpu_nvme_kernel,,1,16
B2,Tutti-deployed,1,0.3,614,4096,256,97,198.345,566.518,2514944,true,gpu_nvme_kernel,,1,16
B2,Tutti-deployed,1,0.3,614,4096,256,98,199.254,553.428,2514944,true,gpu_nvme_kernel,,1,16
B2,Tutti-deployed,1,0.3,614,4096,256,99,192.039,561.497,2514944,true,gpu_nvme_kernel,,1,16
B2,Tutti-deployed,1,0.3,614,4096,256,100,197.134,579.98,2514944,true,gpu_nvme_kernel,,1,16
B2,Tutti-deployed,1,0.3,614,4096,256,101,194.71,595.992,2514944,true,gpu_nvme_kernel,,1,16
B2,Tutti-deployed,1,0.3,614,4096,256,102,198.954,594.481,2514944,true,gpu_nvme_kernel,,1,16
B2,Tutti-deployed,1,0.3,614,4096,256,103,197.394,573.595,2514944,true,gpu_nvme_kernel,,1,16
B2,Tutti-deployed,1,0.3,614,4096,256,104,195.039,609.926,2514944,true,gpu_nvme_kernel,,1,16
B2,Tutti-deployed,1,0.3,614,4096,256,105,194.38,559.845,2514944,true,gpu_nvme_kernel,,1,16
B2,Tutti-deployed,1,0.3,614,4096,256,106,192.222,663.12,2514944,true,gpu_nvme_kernel,,1,16
B2,Tutti-deployed,1,0.3,614,4096,256,107,197.228,553.934,2514944,true,gpu_nvme_kernel,,1,16
B2,Tutti-deployed,1,0.3,614,4096,256,108,195.8,552.339,2514944,true,gpu_nvme_kernel,,1,16
B2,Tutti-deployed,1,0.3,614,4096,256,109,194.619,582.048,2514944,true,gpu_nvme_kernel,,1,16
B2,Tutti-deployed,1,0.3,614,4096,256,110,199.337,580.964,2514944,true,gpu_nvme_kernel,,1,16
B2,Tutti-deployed,1,0.3,614,4096,256,111,224.396,587.57,2514944,true,gpu_nvme_kernel,,1,16
B2,Tutti-deployed,1,0.3,614,4096,256,112,195.219,553.843,2514944,true,gpu_nvme_kernel,,1,16
B2,Tutti-deployed,1,0.3,614,4096,256,113,198.359,586.018,2514944,true,gpu_nvme_kernel,,1,16
B2,Tutti-deployed,1,0.3,614,4096,256,114,193.498,569.17,2514944,true,gpu_nvme_kernel,,1,16
B2,Tutti-deployed,1,0.3,614,4096,256,115,192.673,600.098,2514944,true,gpu_nvme_kernel,,1,16
B2,Tutti-deployed,1,0.3,614,4096,256,116,197.503,553.61,2514944,true,gpu_nvme_kernel,,1,16
B2,Tutti-deployed,1,0.3,614,4096,256,117,192.587,581.156,2514944,true,gpu_nvme_kernel,,1,16
B2,Tutti-deployed,1,0.3,614,4096,256,118,194.004,573.851,2514944,true,gpu_nvme_kernel,,1,16
B2,Tutti-deployed,1,0.3,614,4096,256,119,197.793,628.897,2514944,true,gpu_nvme_kernel,,1,16
B2,Tutti-deployed,1,0.3,614,4096,256,120,195.329,582.804,2514944,true,gpu_nvme_kernel,,1,16
B2,Tutti-deployed,1,0.3,614,4096,256,121,204.928,621.135,2514944,true,gpu_nvme_kernel,,1,16
B2,Tutti-deployed,1,0.3,614,4096,256,122,191.484,571.431,2514944,true,gpu_nvme_kernel,,1,16
B2,Tutti-deployed,1,0.3,614,4096,256,123,202.62,631.433,2514944,true,gpu_nvme_kernel,,1,16
B2,Tutti-deployed,1,0.3,614,4096,256,124,196.395,572.349,2514944,true,gpu_nvme_kernel,,1,16
B2,Tutti-deployed,1,0.3,614,4096,256,125,192.273,581.216,2514944,true,gpu_nvme_kernel,,1,16
B2,Tutti-deployed,1,0.3,614,4096,256,126,193.754,560.219,2514944,true,gpu_nvme_kernel,,1,16
B2,Tutti-deployed,1,0.3,614,4096,256,127,194.804,576.295,2514944,true,gpu_nvme_kernel,,1,16
B2,Tutti-deployed,1,0.3,614,4096,256,128,197.546,579.212,2514944,true,gpu_nvme_kernel,,1,16
B2,Tutti-deployed,1,0.3,614,4096,256,129,193.707,545.179,2514944,true,gpu_nvme_kernel,,1,16
B2,Tutti-deployed,1,0.3,614,4096,256,130,196.087,582.214,2514944,true,gpu_nvme_kernel,,1,16
B2,Tutti-deployed,1,0.3,614,4096,256,131,193.014,649.9,2514944,true,gpu_nvme_kernel,,1,16
B2,Tutti-deployed,1,0.3,614,4096,256,132,193.513,576.955,2514944,true,gpu_nvme_kernel,,1,16
B2,Tutti-deployed,1,0.3,614,4096,256,133,193.746,600.946,2514944,true,gpu_nvme_kernel,,1,16
B2,Tutti-deployed,1,0.3,614,4096,256,134,195.251,566.815,2514944,true,gpu_nvme_kernel,,1,16
B2,Tutti-deployed,1,0.3,614,4096,256,135,195.626,574.857,2514944,true,gpu_nvme_kernel,,1,16
B2,Tutti-deployed,1,0.3,614,4096,256,136,198.218,546.65,2514944,true,gpu_nvme_kernel,,1,16
B2,Tutti-deployed,1,0.3,614,4096,256,137,206.728,572.818,2514944,true,gpu_nvme_kernel,,1,16
B2,Tutti-deployed,1,0.3,614,4096,256,138,200.089,581.818,2514944,true,gpu_nvme_kernel,,1,16
B2,Tutti-deployed,1,0.3,614,4096,256,139,193.39,555.232,2514944,true,gpu_nvme_kernel,,1,16
B2,Tutti-deployed,1,0.3,614,4096,256,140,193.304,548.943,2514944,true,gpu_nvme_kernel,,1,16
B2,Tutti-deployed,1,0.3,614,4096,256,141,196.759,569.678,2514944,true,gpu_nvme_kernel,,1,16
B2,Tutti-deployed,1,0.3,614,4096,256,142,198.913,575.596,2514944,true,gpu_nvme_kernel,,1,16
B2,Tutti-deployed,1,0.3,614,4096,256,143,192.853,544.596,2514944,true,gpu_nvme_kernel,,1,16
B2,Tutti-deployed,1,0.3,614,4096,256,144,200.738,578.54,2514944,true,gpu_nvme_kernel,,1,16
B2,Tutti-deployed,1,0.3,614,4096,256,145,203.644,603.505,2514944,true,gpu_nvme_kernel,,1,16
B2,Tutti-deployed,1,0.3,614,4096,256,146,200.162,579.044,2514944,true,gpu_nvme_kernel,,1,16
B2,Tutti-deployed,1,0.3,614,4096,256,147,206.259,570.008,2514944,true,gpu_nvme_kernel,,1,16
B2,Tutti-deployed,1,0.3,614,4096,256,148,198.824,622.749,2514944,true,gpu_nvme_kernel,,1,16
B2,Tutti-deployed,1,0.3,614,4096,256,149,194.063,627.47,2514944,true,gpu_nvme_kernel,,1,16
B2,Tutti-deployed,1,0.3,614,4096,256,150,201.35,621.272,2514944,true,gpu_nvme_kernel,,1,16
B2,Tutti-deployed,1,0.3,614,4096,256,151,200.886,652.76,2514944,true,gpu_nvme_kernel,,1,16
B2,Tutti-deployed,1,0.3,614,4096,256,152,195.258,561.975,2514944,true,gpu_nvme_kernel,,1,16
B2,Tutti-deployed,1,0.3,614,4096,256,153,196.879,579.48,2514944,true,gpu_nvme_kernel,,1,16
B2,Tutti-deployed,1,0.3,614,4096,256,154,194.876,635.342,2514944,true,gpu_nvme_kernel,,1,16
B2,Tutti-deployed,1,0.3,614,4096,256,155,201.432,567.682,2514944,true,gpu_nvme_kernel,,1,16
B2,Tutti-deployed,1,0.3,614,4096,256,156,200.881,567.962,2514944,true,gpu_nvme_kernel,,1,16
B2,Tutti-deployed,1,0.3,614,4096,256,157,194.448,609.485,2514944,true,gpu_nvme_kernel,,1,16
B2,Tutti-deployed,1,0.3,614,4096,256,158,194.954,583.772,2514944,true,gpu_nvme_kernel,,1,16
B2,Tutti-deployed,1,0.3,614,4096,256,159,196.722,595.199,2514944,true,gpu_nvme_kernel,,1,16
B2,Tutti-deployed,1,0.3,614,4096,256,160,194.013,579.143,2514944,true,gpu_nvme_kernel,,1,16
B2,Tutti-deployed,1,0.3,614,4096,256,161,207.357,589.564,2514944,true,gpu_nvme_kernel,,1,16
B2,Tutti-deployed,1,0.3,614,4096,256,162,198.453,568.947,2514944,true,gpu_nvme_kernel,,1,16
B2,Tutti-deployed,1,0.3,614,4096,256,163,201.338,573.735,2514944,true,gpu_nvme_kernel,,1,16
B2,Tutti-deployed,1,0.3,614,4096,256,164,198.049,548.475,2514944,true,gpu_nvme_kernel,,1,16
B2,Tutti-deployed,1,0.3,614,4096,256,165,193.829,578.28,2514944,true,gpu_nvme_kernel,,1,16
B2,Tutti-deployed,1,0.3,614,4096,256,166,198.35,587.002,2514944,true,gpu_nvme_kernel,,1,16
B2,Tutti-deployed,1,0.3,614,4096,256,167,196.06,563.448,2514944,true,gpu_nvme_kernel,,1,16
B2,Tutti-deployed,1,0.3,614,4096,256,168,197.274,563.809,2514944,true,gpu_nvme_kernel,,1,16
B2,Tutti-deployed,1,0.3,614,4096,256,169,194.093,580.574,2514944,true,gpu_nvme_kernel,,1,16
B2,Tutti-deployed,1,0.3,614,4096,256,170,197.626,598.27,2514944,true,gpu_nvme_kernel,,1,16
B2,Tutti-deployed,1,0.3,614,4096,256,171,211.727,581.875,2514944,true,gpu_nvme_kernel,,1,16
B2,Tutti-deployed,1,0.3,614,4096,256,172,191.78,588.122,2514944,true,gpu_nvme_kernel,,1,16
B2,Tutti-deployed,1,0.3,614,4096,256,173,194.319,573.419,2514944,true,gpu_nvme_kernel,,1,16
B2,Tutti-deployed,1,0.3,614,4096,256,174,199.044,584.556,2514944,true,gpu_nvme_kernel,,1,16
B2,Tutti-deployed,1,0.3,614,4096,256,175,199.918,558.096,2514944,true,gpu_nvme_kernel,,1,16
B2,Tutti-deployed,1,0.3,614,4096,256,176,193.378,551.402,2514944,true,gpu_nvme_kernel,,1,16
B2,Tutti-deployed,1,0.3,614,4096,256,177,193.693,607.13,2514944,true,gpu_nvme_kernel,,1,16
B2,Tutti-deployed,1,0.3,614,4096,256,178,199.708,546.403,2514944,true,gpu_nvme_kernel,,1,16
B2,Tutti-deployed,1,0.3,614,4096,256,179,199.982,566.508,2514944,true,gpu_nvme_kernel,,1,16
B2,Tutti-deployed,1,0.3,614,4096,256,180,193.749,540.126,2514944,true,gpu_nvme_kernel,,1,16
B2,Tutti-deployed,1,0.3,614,4096,256,181,194.204,556.826,2514944,true,gpu_nvme_kernel,,1,16
B2,Tutti-deployed,1,0.3,614,4096,256,182,196.381,577.348,2514944,true,gpu_nvme_kernel,,1,16
B2,Tutti-deployed,1,0.3,614,4096,256,183,197.059,572.539,2514944,true,gpu_nvme_kernel,,1,16
B2,Tutti-deployed,1,0.3,614,4096,256,184,200.251,555.794,2514944,true,gpu_nvme_kernel,,1,16
B2,Tutti-deployed,1,0.3,614,4096,256,185,197.234,593.228,2514944,true,gpu_nvme_kernel,,1,16
B2,Tutti-deployed,1,0.3,614,4096,256,186,197.54,576.825,2514944,true,gpu_nvme_kernel,,1,16
B2,Tutti-deployed,1,0.3,614,4096,256,187,198.532,588.21,2514944,true,gpu_nvme_kernel,,1,16
B2,Tutti-deployed,1,0.3,614,4096,256,188,193.432,560.303,2514944,true,gpu_nvme_kernel,,1,16
B2,Tutti-deployed,1,0.3,614,4096,256,189,196.752,590.709,2514944,true,gpu_nvme_kernel,,1,16
B2,Tutti-deployed,1,0.3,614,4096,256,190,201.43,549.893,2514944,true,gpu_nvme_kernel,,1,16
B2,Tutti-deployed,1,0.3,614,4096,256,191,206.566,580.736,2514944,true,gpu_nvme_kernel,,1,16
B2,Tutti-deployed,1,0.3,614,4096,256,192,194.502,573.845,2514944,true,gpu_nvme_kernel,,1,16
B2,Tutti-deployed,1,0.3,614,4096,256,193,195.727,634.624,2514944,true,gpu_nvme_kernel,,1,16
B2,Tutti-deployed,1,0.3,614,4096,256,194,200.007,558.326,2514944,true,gpu_nvme_kernel,,1,16
B2,Tutti-deployed,1,0.3,614,4096,256,195,198.386,563.441,2514944,true,gpu_nvme_kernel,,1,16
B2,Tutti-deployed,1,0.3,614,4096,256,196,191.956,571.978,2514944,true,gpu_nvme_kernel,,1,16
B2,Tutti-deployed,1,0.3,614,4096,256,197,195.466,580.077,2514944,true,gpu_nvme_kernel,,1,16
B2,Tutti-deployed,1,0.3,614,4096,256,198,198.888,607.834,2514944,true,gpu_nvme_kernel,,1,16
B2,Tutti-deployed,1,0.3,614,4096,256,199,193.104,593.081,2514944,true,gpu_nvme_kernel,,1,16
B2,Tutti-deployed,1,0.3,614,4096,256,0,194.284,557.318,2514944,true,gpu_nvme_kernel,,3,16
B2,Tutti-deployed,4,0.067,549,4096,256,0,178.466,519.606,2248704,true,gpu_nvme_kernel,,2,16
B2,Tutti-deployed,4,0.067,549,4096,256,0,175.557,543.963,2248704,true,gpu_nvme_kernel,,0,16
B2,Tutti-deployed,4,0.067,549,4096,256,1,176.283,539.93,2248704,true,gpu_nvme_kernel,,0,16
B2,Tutti-deployed,4,0.067,549,4096,256,2,194.854,519.906,2248704,true,gpu_nvme_kernel,,0,16
B2,Tutti-deployed,4,0.067,549,4096,256,3,183.391,555.245,2248704,true,gpu_nvme_kernel,,0,16
B2,Tutti-deployed,4,0.067,549,4096,256,4,175.953,498.161,2248704,true,gpu_nvme_kernel,,0,16
B2,Tutti-deployed,4,0.067,549,4096,256,5,182.501,540.195,2248704,true,gpu_nvme_kernel,,0,16
B2,Tutti-deployed,4,0.067,549,4096,256,6,179.725,563.723,2248704,true,gpu_nvme_kernel,,0,16
B2,Tutti-deployed,4,0.067,549,4096,256,7,173.67,532.773,2248704,true,gpu_nvme_kernel,,0,16
B2,Tutti-deployed,4,0.067,549,4096,256,8,178.914,510.005,2248704,true,gpu_nvme_kernel,,0,16
B2,Tutti-deployed,4,0.067,549,4096,256,9,179.185,499.355,2248704,true,gpu_nvme_kernel,,0,16
B2,Tutti-deployed,4,0.067,549,4096,256,0,173.517,532.519,2248704,true,gpu_nvme_kernel,,1,16
B2,Tutti-deployed,4,0.067,549,4096,256,1,181.91,568.408,2248704,true,gpu_nvme_kernel,,1,16
B2,Tutti-deployed,4,0.067,549,4096,256,2,173.384,529.977,2248704,true,gpu_nvme_kernel,,1,16
B2,Tutti-deployed,4,0.067,549,4096,256,3,174.101,572.275,2248704,true,gpu_nvme_kernel,,1,16
B2,Tutti-deployed,4,0.067,549,4096,256,4,182.06,503.673,2248704,true,gpu_nvme_kernel,,1,16
B2,Tutti-deployed,4,0.067,549,4096,256,5,174.283,541.708,2248704,true,gpu_nvme_kernel,,1,16
B2,Tutti-deployed,4,0.067,549,4096,256,6,173.23,567.308,2248704,true,gpu_nvme_kernel,,1,16
B2,Tutti-deployed,4,0.067,549,4096,256,7,186.075,514.789,2248704,true,gpu_nvme_kernel,,1,16
B2,Tutti-deployed,4,0.067,549,4096,256,8,175.895,525.392,2248704,true,gpu_nvme_kernel,,1,16
B2,Tutti-deployed,4,0.067,549,4096,256,9,177.892,514.789,2248704,true,gpu_nvme_kernel,,1,16
B2,Tutti-deployed,4,0.067,549,4096,256,10,173.868,546.364,2248704,true,gpu_nvme_kernel,,1,16
B2,Tutti-deployed,4,0.067,549,4096,256,11,173.892,507.566,2248704,true,gpu_nvme_kernel,,1,16
B2,Tutti-deployed,4,0.067,549,4096,256,12,176.776,546.422,2248704,true,gpu_nvme_kernel,,1,16
B2,Tutti-deployed,4,0.067,549,4096,256,13,178.849,568.94,2248704,true,gpu_nvme_kernel,,1,16
B2,Tutti-deployed,4,0.067,549,4096,256,14,173.533,588.929,2248704,true,gpu_nvme_kernel,,1,16
B2,Tutti-deployed,4,0.067,549,4096,256,15,177.446,511.094,2248704,true,gpu_nvme_kernel,,1,16
B2,Tutti-deployed,4,0.067,549,4096,256,16,186.722,531.098,2248704,true,gpu_nvme_kernel,,1,16
B2,Tutti-deployed,4,0.067,549,4096,256,17,175.115,522.642,2248704,true,gpu_nvme_kernel,,1,16
B2,Tutti-deployed,4,0.067,549,4096,256,18,179.956,508.492,2248704,true,gpu_nvme_kernel,,1,16
B2,Tutti-deployed,4,0.067,549,4096,256,19,173.024,551.571,2248704,true,gpu_nvme_kernel,,1,16
B2,Tutti-deployed,4,0.067,549,4096,256,20,178.439,505.164,2248704,true,gpu_nvme_kernel,,1,16
B2,Tutti-deployed,4,0.067,549,4096,256,21,172.821,511.563,2248704,true,gpu_nvme_kernel,,1,16
B2,Tutti-deployed,4,0.067,549,4096,256,22,173.836,529.565,2248704,true,gpu_nvme_kernel,,1,16
B2,Tutti-deployed,4,0.067,549,4096,256,23,176.503,494.332,2248704,true,gpu_nvme_kernel,,1,16
B2,Tutti-deployed,4,0.067,549,4096,256,24,178.832,502.194,2248704,true,gpu_nvme_kernel,,1,16
B2,Tutti-deployed,4,0.067,549,4096,256,25,177.255,524.901,2248704,true,gpu_nvme_kernel,,1,16
B2,Tutti-deployed,4,0.067,549,4096,256,26,173.995,534.845,2248704,true,gpu_nvme_kernel,,1,16
B2,Tutti-deployed,4,0.067,549,4096,256,27,181.92,566.591,2248704,true,gpu_nvme_kernel,,1,16
B2,Tutti-deployed,4,0.067,549,4096,256,28,178.438,526.469,2248704,true,gpu_nvme_kernel,,1,16
B2,Tutti-deployed,4,0.067,549,4096,256,29,173.342,506.058,2248704,true,gpu_nvme_kernel,,1,16
B2,Tutti-deployed,4,0.067,549,4096,256,30,191.956,531.678,2248704,true,gpu_nvme_kernel,,1,16
B2,Tutti-deployed,4,0.067,549,4096,256,31,173.335,511.883,2248704,true,gpu_nvme_kernel,,1,16
B2,Tutti-deployed,4,0.067,549,4096,256,32,175.901,583.008,2248704,true,gpu_nvme_kernel,,1,16
B2,Tutti-deployed,4,0.067,549,4096,256,33,190.877,516.922,2248704,true,gpu_nvme_kernel,,1,16
B2,Tutti-deployed,4,0.067,549,4096,256,34,171.813,506.818,2248704,true,gpu_nvme_kernel,,1,16
B2,Tutti-deployed,4,0.067,549,4096,256,35,173.798,522.869,2248704,true,gpu_nvme_kernel,,1,16
B2,Tutti-deployed,4,0.067,549,4096,256,36,186.368,523.653,2248704,true,gpu_nvme_kernel,,1,16
B2,Tutti-deployed,4,0.067,549,4096,256,37,174.686,535.898,2248704,true,gpu_nvme_kernel,,1,16
B2,Tutti-deployed,4,0.067,549,4096,256,38,173.789,494.742,2248704,true,gpu_nvme_kernel,,1,16
B2,Tutti-deployed,4,0.067,549,4096,256,39,189.054,510.775,2248704,true,gpu_nvme_kernel,,1,16
B2,Tutti-deployed,4,0.067,549,4096,256,40,174.285,549.764,2248704,true,gpu_nvme_kernel,,1,16
B2,Tutti-deployed,4,0.067,549,4096,256,41,177.77,542.619,2248704,true,gpu_nvme_kernel,,1,16
B2,Tutti-deployed,4,0.067,549,4096,256,42,182.502,540.39,2248704,true,gpu_nvme_kernel,,1,16
B2,Tutti-deployed,4,0.067,549,4096,256,43,172.934,504.382,2248704,true,gpu_nvme_kernel,,1,16
B2,Tutti-deployed,4,0.067,549,4096,256,44,177.887,511.411,2248704,true,gpu_nvme_kernel,,1,16
B2,Tutti-deployed,4,0.067,549,4096,256,45,174.05,531.122,2248704,true,gpu_nvme_kernel,,1,16
B2,Tutti-deployed,4,0.067,549,4096,256,46,172.883,542.802,2248704,true,gpu_nvme_kernel,,1,16
B2,Tutti-deployed,4,0.067,549,4096,256,47,179.084,512.337,2248704,true,gpu_nvme_kernel,,1,16
B2,Tutti-deployed,4,0.067,549,4096,256,48,174.767,528.524,2248704,true,gpu_nvme_kernel,,1,16
B2,Tutti-deployed,4,0.067,549,4096,256,49,171.597,520.378,2248704,true,gpu_nvme_kernel,,1,16
B2,Tutti-deployed,4,0.067,549,4096,256,50,185.437,514.351,2248704,true,gpu_nvme_kernel,,1,16
B2,Tutti-deployed,4,0.067,549,4096,256,51,174.784,480.28,2248704,true,gpu_nvme_kernel,,1,16
B2,Tutti-deployed,4,0.067,549,4096,256,52,175.88,501.047,2248704,true,gpu_nvme_kernel,,1,16
B2,Tutti-deployed,4,0.067,549,4096,256,53,186.322,516.957,2248704,true,gpu_nvme_kernel,,1,16
B2,Tutti-deployed,4,0.067,549,4096,256,54,175.074,497.326,2248704,true,gpu_nvme_kernel,,1,16
B2,Tutti-deployed,4,0.067,549,4096,256,55,173.543,531.68,2248704,true,gpu_nvme_kernel,,1,16
B2,Tutti-deployed,4,0.067,549,4096,256,56,174.083,510.468,2248704,true,gpu_nvme_kernel,,1,16
B2,Tutti-deployed,4,0.067,549,4096,256,57,172.849,535.767,2248704,true,gpu_nvme_kernel,,1,16
B2,Tutti-deployed,4,0.067,549,4096,256,58,177.472,518.977,2248704,true,gpu_nvme_kernel,,1,16
B2,Tutti-deployed,4,0.067,549,4096,256,59,177.026,584.283,2248704,true,gpu_nvme_kernel,,1,16
B2,Tutti-deployed,4,0.067,549,4096,256,60,177.39,506.052,2248704,true,gpu_nvme_kernel,,1,16
B2,Tutti-deployed,4,0.067,549,4096,256,61,177.977,524.079,2248704,true,gpu_nvme_kernel,,1,16
B2,Tutti-deployed,4,0.067,549,4096,256,62,186.494,508.928,2248704,true,gpu_nvme_kernel,,1,16
B2,Tutti-deployed,4,0.067,549,4096,256,63,175.734,548.972,2248704,true,gpu_nvme_kernel,,1,16
B2,Tutti-deployed,4,0.067,549,4096,256,64,178.818,576.786,2248704,true,gpu_nvme_kernel,,1,16
B2,Tutti-deployed,4,0.067,549,4096,256,65,182.767,545.25,2248704,true,gpu_nvme_kernel,,1,16
B2,Tutti-deployed,4,0.067,549,4096,256,66,176.108,515.086,2248704,true,gpu_nvme_kernel,,1,16
B2,Tutti-deployed,4,0.067,549,4096,256,67,179.402,498.389,2248704,true,gpu_nvme_kernel,,1,16
B2,Tutti-deployed,4,0.067,549,4096,256,68,174.605,624.315,2248704,true,gpu_nvme_kernel,,1,16
B2,Tutti-deployed,4,0.067,549,4096,256,69,175.663,575.624,2248704,true,gpu_nvme_kernel,,1,16
B2,Tutti-deployed,4,0.067,549,4096,256,70,174.406,496.878,2248704,true,gpu_nvme_kernel,,1,16
B2,Tutti-deployed,4,0.067,549,4096,256,71,178.927,514.302,2248704,true,gpu_nvme_kernel,,1,16
B2,Tutti-deployed,4,0.067,549,4096,256,72,180.632,524.178,2248704,true,gpu_nvme_kernel,,1,16
B2,Tutti-deployed,4,0.067,549,4096,256,73,173.288,504.317,2248704,true,gpu_nvme_kernel,,1,16
B2,Tutti-deployed,4,0.067,549,4096,256,74,176.877,548.948,2248704,true,gpu_nvme_kernel,,1,16
B2,Tutti-deployed,4,0.067,549,4096,256,75,187.138,545.576,2248704,true,gpu_nvme_kernel,,1,16
B2,Tutti-deployed,4,0.067,549,4096,256,76,176.574,522.644,2248704,true,gpu_nvme_kernel,,1,16
B2,Tutti-deployed,4,0.067,549,4096,256,77,175.584,542.198,2248704,true,gpu_nvme_kernel,,1,16
B2,Tutti-deployed,4,0.067,549,4096,256,78,178.22,502.253,2248704,true,gpu_nvme_kernel,,1,16
B2,Tutti-deployed,4,0.067,549,4096,256,79,173.569,654.986,2248704,true,gpu_nvme_kernel,,1,16
B2,Tutti-deployed,4,0.067,549,4096,256,80,186.235,542.231,2248704,true,gpu_nvme_kernel,,1,16
B2,Tutti-deployed,4,0.067,549,4096,256,81,178.732,554.525,2248704,true,gpu_nvme_kernel,,1,16
B2,Tutti-deployed,4,0.067,549,4096,256,82,175.435,535.405,2248704,true,gpu_nvme_kernel,,1,16
B2,Tutti-deployed,4,0.067,549,4096,256,83,176.244,496.354,2248704,true,gpu_nvme_kernel,,1,16
B2,Tutti-deployed,4,0.067,549,4096,256,84,179.528,548.387,2248704,true,gpu_nvme_kernel,,1,16
B2,Tutti-deployed,4,0.067,549,4096,256,85,175.376,570.947,2248704,true,gpu_nvme_kernel,,1,16
B2,Tutti-deployed,4,0.067,549,4096,256,86,175.414,497.316,2248704,true,gpu_nvme_kernel,,1,16
B2,Tutti-deployed,4,0.067,549,4096,256,87,194.709,550.549,2248704,true,gpu_nvme_kernel,,1,16
B2,Tutti-deployed,4,0.067,549,4096,256,88,174.402,508.746,2248704,true,gpu_nvme_kernel,,1,16
B2,Tutti-deployed,4,0.067,549,4096,256,89,174.147,500.668,2248704,true,gpu_nvme_kernel,,1,16
B2,Tutti-deployed,4,0.067,549,4096,256,90,175.867,512.879,2248704,true,gpu_nvme_kernel,,1,16
B2,Tutti-deployed,4,0.067,549,4096,256,91,174.858,534.295,2248704,true,gpu_nvme_kernel,,1,16
B2,Tutti-deployed,4,0.067,549,4096,256,92,173.946,529.835,2248704,true,gpu_nvme_kernel,,1,16
B2,Tutti-deployed,4,0.067,549,4096,256,93,173.745,507.866,2248704,true,gpu_nvme_kernel,,1,16
B2,Tutti-deployed,4,0.067,549,4096,256,94,174.718,508.422,2248704,true,gpu_nvme_kernel,,1,16
B2,Tutti-deployed,4,0.067,549,4096,256,95,173.1,534.901,2248704,true,gpu_nvme_kernel,,1,16
B2,Tutti-deployed,4,0.067,549,4096,256,96,172,536.584,2248704,true,gpu_nvme_kernel,,1,16
B2,Tutti-deployed,4,0.067,549,4096,256,97,174.468,515.683,2248704,true,gpu_nvme_kernel,,1,16
B2,Tutti-deployed,4,0.067,549,4096,256,98,175.513,515.917,2248704,true,gpu_nvme_kernel,,1,16
B2,Tutti-deployed,4,0.067,549,4096,256,99,172.713,525.217,2248704,true,gpu_nvme_kernel,,1,16
B2,Tutti-deployed,4,0.067,549,4096,256,100,178.645,571.793,2248704,true,gpu_nvme_kernel,,1,16
B2,Tutti-deployed,4,0.067,549,4096,256,101,188.374,524.302,2248704,true,gpu_nvme_kernel,,1,16
B2,Tutti-deployed,4,0.067,549,4096,256,102,185.97,547.396,2248704,true,gpu_nvme_kernel,,1,16
B2,Tutti-deployed,4,0.067,549,4096,256,103,177.495,516.791,2248704,true,gpu_nvme_kernel,,1,16
B2,Tutti-deployed,4,0.067,549,4096,256,104,173.362,524.762,2248704,true,gpu_nvme_kernel,,1,16
B2,Tutti-deployed,4,0.067,549,4096,256,105,177.413,494.559,2248704,true,gpu_nvme_kernel,,1,16
B2,Tutti-deployed,4,0.067,549,4096,256,106,173.073,494.028,2248704,true,gpu_nvme_kernel,,1,16
B2,Tutti-deployed,4,0.067,549,4096,256,107,174.042,505.152,2248704,true,gpu_nvme_kernel,,1,16
B2,Tutti-deployed,4,0.067,549,4096,256,108,177.657,565.79,2248704,true,gpu_nvme_kernel,,1,16
B2,Tutti-deployed,4,0.067,549,4096,256,109,176.832,518.317,2248704,true,gpu_nvme_kernel,,1,16
B2,Tutti-deployed,4,0.067,549,4096,256,110,177.503,492.87,2248704,true,gpu_nvme_kernel,,1,16
B2,Tutti-deployed,4,0.067,549,4096,256,111,175.208,566.953,2248704,true,gpu_nvme_kernel,,1,16
B2,Tutti-deployed,4,0.067,549,4096,256,112,178.202,554.232,2248704,true,gpu_nvme_kernel,,1,16
B2,Tutti-deployed,4,0.067,549,4096,256,113,180.46,515.633,2248704,true,gpu_nvme_kernel,,1,16
B2,Tutti-deployed,4,0.067,549,4096,256,114,173.846,502.112,2248704,true,gpu_nvme_kernel,,1,16
B2,Tutti-deployed,4,0.067,549,4096,256,115,177.453,566.599,2248704,true,gpu_nvme_kernel,,1,16
B2,Tutti-deployed,4,0.067,549,4096,256,116,180.849,576.223,2248704,true,gpu_nvme_kernel,,1,16
B2,Tutti-deployed,4,0.067,549,4096,256,117,175.421,512.241,2248704,true,gpu_nvme_kernel,,1,16
B2,Tutti-deployed,4,0.067,549,4096,256,118,175.64,542.145,2248704,true,gpu_nvme_kernel,,1,16
B2,Tutti-deployed,4,0.067,549,4096,256,119,175.341,511.346,2248704,true,gpu_nvme_kernel,,1,16
B2,Tutti-deployed,4,0.067,549,4096,256,120,178.991,556.139,2248704,true,gpu_nvme_kernel,,1,16
B2,Tutti-deployed,4,0.067,549,4096,256,121,173.622,538.478,2248704,true,gpu_nvme_kernel,,1,16
B2,Tutti-deployed,4,0.067,549,4096,256,122,174.701,497.194,2248704,true,gpu_nvme_kernel,,1,16
B2,Tutti-deployed,4,0.067,549,4096,256,123,178.305,546.298,2248704,true,gpu_nvme_kernel,,1,16
B2,Tutti-deployed,4,0.067,549,4096,256,124,173.22,515.925,2248704,true,gpu_nvme_kernel,,1,16
B2,Tutti-deployed,4,0.067,549,4096,256,125,179.083,497.671,2248704,true,gpu_nvme_kernel,,1,16
B2,Tutti-deployed,4,0.067,549,4096,256,126,176.023,532.909,2248704,true,gpu_nvme_kernel,,1,16
B2,Tutti-deployed,4,0.067,549,4096,256,127,179.487,513.698,2248704,true,gpu_nvme_kernel,,1,16
B2,Tutti-deployed,4,0.067,549,4096,256,128,176.073,526.684,2248704,true,gpu_nvme_kernel,,1,16
B2,Tutti-deployed,4,0.067,549,4096,256,129,187.776,507.074,2248704,true,gpu_nvme_kernel,,1,16
B2,Tutti-deployed,4,0.067,549,4096,256,130,174.173,554.361,2248704,true,gpu_nvme_kernel,,1,16
B2,Tutti-deployed,4,0.067,549,4096,256,131,174.974,500.653,2248704,true,gpu_nvme_kernel,,1,16
B2,Tutti-deployed,4,0.067,549,4096,256,132,186.13,545.022,2248704,true,gpu_nvme_kernel,,1,16
B2,Tutti-deployed,4,0.067,549,4096,256,133,176.169,507.24,2248704,true,gpu_nvme_kernel,,1,16
B2,Tutti-deployed,4,0.067,549,4096,256,134,179.398,515.175,2248704,true,gpu_nvme_kernel,,1,16
B2,Tutti-deployed,4,0.067,549,4096,256,135,181.57,600.214,2248704,true,gpu_nvme_kernel,,1,16
B2,Tutti-deployed,4,0.067,549,4096,256,136,174.279,532.467,2248704,true,gpu_nvme_kernel,,1,16
B2,Tutti-deployed,4,0.067,549,4096,256,137,174.494,510.856,2248704,true,gpu_nvme_kernel,,1,16
B2,Tutti-deployed,4,0.067,549,4096,256,138,177.417,495.847,2248704,true,gpu_nvme_kernel,,1,16
B2,Tutti-deployed,4,0.067,549,4096,256,139,174.57,530.608,2248704,true,gpu_nvme_kernel,,1,16
B2,Tutti-deployed,4,0.067,549,4096,256,140,180.187,514.311,2248704,true,gpu_nvme_kernel,,1,16
B2,Tutti-deployed,4,0.067,549,4096,256,141,175.203,524.039,2248704,true,gpu_nvme_kernel,,1,16
B2,Tutti-deployed,4,0.067,549,4096,256,142,177.178,520.719,2248704,true,gpu_nvme_kernel,,1,16
B2,Tutti-deployed,4,0.067,549,4096,256,143,174.865,504.689,2248704,true,gpu_nvme_kernel,,1,16
B2,Tutti-deployed,4,0.067,549,4096,256,144,171.938,576.236,2248704,true,gpu_nvme_kernel,,1,16
B2,Tutti-deployed,4,0.067,549,4096,256,145,172.812,581.772,2248704,true,gpu_nvme_kernel,,1,16
B2,Tutti-deployed,4,0.067,549,4096,256,146,179.676,527.999,2248704,true,gpu_nvme_kernel,,1,16
B2,Tutti-deployed,4,0.067,549,4096,256,147,173.583,522.965,2248704,true,gpu_nvme_kernel,,1,16
B2,Tutti-deployed,4,0.067,549,4096,256,148,177.559,545.984,2248704,true,gpu_nvme_kernel,,1,16
B2,Tutti-deployed,4,0.067,549,4096,256,149,185.625,574.844,2248704,true,gpu_nvme_kernel,,1,16
B2,Tutti-deployed,4,0.067,549,4096,256,150,179.206,579.599,2248704,true,gpu_nvme_kernel,,1,16
B2,Tutti-deployed,4,0.067,549,4096,256,151,177.599,491.347,2248704,true,gpu_nvme_kernel,,1,16
B2,Tutti-deployed,4,0.067,549,4096,256,152,179.396,497.323,2248704,true,gpu_nvme_kernel,,1,16
B2,Tutti-deployed,4,0.067,549,4096,256,153,179.096,504.68,2248704,true,gpu_nvme_kernel,,1,16
B2,Tutti-deployed,4,0.067,549,4096,256,154,177.362,548.844,2248704,true,gpu_nvme_kernel,,1,16
B2,Tutti-deployed,4,0.067,549,4096,256,155,178.134,509.328,2248704,true,gpu_nvme_kernel,,1,16
B2,Tutti-deployed,4,0.067,549,4096,256,156,202.613,537.551,2248704,true,gpu_nvme_kernel,,1,16
B2,Tutti-deployed,4,0.067,549,4096,256,157,179.742,525.18,2248704,true,gpu_nvme_kernel,,1,16
B2,Tutti-deployed,4,0.067,549,4096,256,158,180.059,501.708,2248704,true,gpu_nvme_kernel,,1,16
B2,Tutti-deployed,4,0.067,549,4096,256,159,178.641,505.84,2248704,true,gpu_nvme_kernel,,1,16
B2,Tutti-deployed,4,0.067,549,4096,256,160,175.613,493.6,2248704,true,gpu_nvme_kernel,,1,16
B2,Tutti-deployed,4,0.067,549,4096,256,161,183.444,508.904,2248704,true,gpu_nvme_kernel,,1,16
B2,Tutti-deployed,4,0.067,549,4096,256,162,176.429,512.308,2248704,true,gpu_nvme_kernel,,1,16
B2,Tutti-deployed,4,0.067,549,4096,256,163,178.957,520.051,2248704,true,gpu_nvme_kernel,,1,16
B2,Tutti-deployed,4,0.067,549,4096,256,164,180.79,548.379,2248704,true,gpu_nvme_kernel,,1,16
B2,Tutti-deployed,4,0.067,549,4096,256,165,172.712,518.906,2248704,true,gpu_nvme_kernel,,1,16
B2,Tutti-deployed,4,0.067,549,4096,256,166,178.375,578.257,2248704,true,gpu_nvme_kernel,,1,16
B2,Tutti-deployed,4,0.067,549,4096,256,167,183.194,518.576,2248704,true,gpu_nvme_kernel,,1,16
B2,Tutti-deployed,4,0.067,549,4096,256,168,173.563,488.831,2248704,true,gpu_nvme_kernel,,1,16
B2,Tutti-deployed,4,0.067,549,4096,256,169,176.918,495.595,2248704,true,gpu_nvme_kernel,,1,16
B2,Tutti-deployed,4,0.067,549,4096,256,170,176.53,528.977,2248704,true,gpu_nvme_kernel,,1,16
B2,Tutti-deployed,4,0.067,549,4096,256,171,174.284,579.054,2248704,true,gpu_nvme_kernel,,1,16
B2,Tutti-deployed,4,0.067,549,4096,256,172,173.432,545.469,2248704,true,gpu_nvme_kernel,,1,16
B2,Tutti-deployed,4,0.067,549,4096,256,173,174.928,517.817,2248704,true,gpu_nvme_kernel,,1,16
B2,Tutti-deployed,4,0.067,549,4096,256,174,173.862,492.231,2248704,true,gpu_nvme_kernel,,1,16
B2,Tutti-deployed,4,0.067,549,4096,256,175,180.456,550.449,2248704,true,gpu_nvme_kernel,,1,16
B2,Tutti-deployed,4,0.067,549,4096,256,176,191.197,487.706,2248704,true,gpu_nvme_kernel,,1,16
B2,Tutti-deployed,4,0.067,549,4096,256,177,176.648,597.563,2248704,true,gpu_nvme_kernel,,1,16
B2,Tutti-deployed,4,0.067,549,4096,256,178,176.096,502.338,2248704,true,gpu_nvme_kernel,,1,16
B2,Tutti-deployed,4,0.067,549,4096,256,179,176.103,563.741,2248704,true,gpu_nvme_kernel,,1,16
B2,Tutti-deployed,4,0.067,549,4096,256,180,175.375,513.011,2248704,true,gpu_nvme_kernel,,1,16
B2,Tutti-deployed,4,0.067,549,4096,256,181,188.107,518.708,2248704,true,gpu_nvme_kernel,,1,16
B2,Tutti-deployed,4,0.067,549,4096,256,182,175.752,500.87,2248704,true,gpu_nvme_kernel,,1,16
B2,Tutti-deployed,4,0.067,549,4096,256,183,174.393,535.034,2248704,true,gpu_nvme_kernel,,1,16
B2,Tutti-deployed,4,0.067,549,4096,256,184,171.349,520.028,2248704,true,gpu_nvme_kernel,,1,16
B2,Tutti-deployed,4,0.067,549,4096,256,185,177.765,502.111,2248704,true,gpu_nvme_kernel,,1,16
B2,Tutti-deployed,4,0.067,549,4096,256,186,175.413,546.271,2248704,true,gpu_nvme_kernel,,1,16
B2,Tutti-deployed,4,0.067,549,4096,256,187,185.97,506.142,2248704,true,gpu_nvme_kernel,,1,16
B2,Tutti-deployed,4,0.067,549,4096,256,188,177.194,508.234,2248704,true,gpu_nvme_kernel,,1,16
B2,Tutti-deployed,4,0.067,549,4096,256,189,175.836,506.302,2248704,true,gpu_nvme_kernel,,1,16
B2,Tutti-deployed,4,0.067,549,4096,256,190,180.826,524.714,2248704,true,gpu_nvme_kernel,,1,16
B2,Tutti-deployed,4,0.067,549,4096,256,191,177.671,542.659,2248704,true,gpu_nvme_kernel,,1,16
B2,Tutti-deployed,4,0.067,549,4096,256,192,176.969,564.13,2248704,true,gpu_nvme_kernel,,1,16
B2,Tutti-deployed,4,0.067,549,4096,256,193,174.609,500.812,2248704,true,gpu_nvme_kernel,,1,16
B2,Tutti-deployed,4,0.067,549,4096,256,194,254.911,570.716,2248704,true,gpu_nvme_kernel,,1,16
B2,Tutti-deployed,4,0.067,549,4096,256,195,186.593,554.897,2248704,true,gpu_nvme_kernel,,1,16
B2,Tutti-deployed,4,0.067,549,4096,256,196,175.158,508.851,2248704,true,gpu_nvme_kernel,,1,16
B2,Tutti-deployed,4,0.067,549,4096,256,197,179.937,582.438,2248704,true,gpu_nvme_kernel,,1,16
B2,Tutti-deployed,4,0.067,549,4096,256,198,173.793,522.241,2248704,true,gpu_nvme_kernel,,1,16
B2,Tutti-deployed,4,0.067,549,4096,256,199,175.33,526.09,2248704,true,gpu_nvme_kernel,,1,16
B2,Tutti-deployed,4,0.067,549,4096,256,0,177.865,571.687,2248704,true,gpu_nvme_kernel,,3,16
B2,Tutti-deployed,4,0.134,1098,4096,256,0,346.471,885.428,4497408,true,gpu_nvme_kernel,,2,16
B2,Tutti-deployed,4,0.134,1098,4096,256,0,345.54,960.81,4497408,true,gpu_nvme_kernel,,0,16
B2,Tutti-deployed,4,0.134,1098,4096,256,1,345.796,909.607,4497408,true,gpu_nvme_kernel,,0,16
B2,Tutti-deployed,4,0.134,1098,4096,256,2,351.782,916.741,4497408,true,gpu_nvme_kernel,,0,16
B2,Tutti-deployed,4,0.134,1098,4096,256,3,342.871,926.663,4497408,true,gpu_nvme_kernel,,0,16
B2,Tutti-deployed,4,0.134,1098,4096,256,4,347.967,936.155,4497408,true,gpu_nvme_kernel,,0,16
B2,Tutti-deployed,4,0.134,1098,4096,256,5,342.66,924.016,4497408,true,gpu_nvme_kernel,,0,16
B2,Tutti-deployed,4,0.134,1098,4096,256,6,345.681,965.602,4497408,true,gpu_nvme_kernel,,0,16
B2,Tutti-deployed,4,0.134,1098,4096,256,7,347.672,956.439,4497408,true,gpu_nvme_kernel,,0,16
B2,Tutti-deployed,4,0.134,1098,4096,256,8,349.717,931.785,4497408,true,gpu_nvme_kernel,,0,16
B2,Tutti-deployed,4,0.134,1098,4096,256,9,342.035,912.222,4497408,true,gpu_nvme_kernel,,0,16
B2,Tutti-deployed,4,0.134,1098,4096,256,0,347.691,921.547,4497408,true,gpu_nvme_kernel,,1,16
B2,Tutti-deployed,4,0.134,1098,4096,256,1,342.807,983.398,4497408,true,gpu_nvme_kernel,,1,16
B2,Tutti-deployed,4,0.134,1098,4096,256,2,349.856,921.98,4497408,true,gpu_nvme_kernel,,1,16
B2,Tutti-deployed,4,0.134,1098,4096,256,3,345.175,922.227,4497408,true,gpu_nvme_kernel,,1,16
B2,Tutti-deployed,4,0.134,1098,4096,256,4,352.587,909.193,4497408,true,gpu_nvme_kernel,,1,16
B2,Tutti-deployed,4,0.134,1098,4096,256,5,355.949,984.551,4497408,true,gpu_nvme_kernel,,1,16
B2,Tutti-deployed,4,0.134,1098,4096,256,6,351.894,924.791,4497408,true,gpu_nvme_kernel,,1,16
B2,Tutti-deployed,4,0.134,1098,4096,256,7,346.793,923.192,4497408,true,gpu_nvme_kernel,,1,16
B2,Tutti-deployed,4,0.134,1098,4096,256,8,353.223,957.162,4497408,true,gpu_nvme_kernel,,1,16
B2,Tutti-deployed,4,0.134,1098,4096,256,9,347.259,1024.739,4497408,true,gpu_nvme_kernel,,1,16
B2,Tutti-deployed,4,0.134,1098,4096,256,10,341.933,936.541,4497408,true,gpu_nvme_kernel,,1,16
B2,Tutti-deployed,4,0.134,1098,4096,256,11,346.611,1039.245,4497408,true,gpu_nvme_kernel,,1,16
B2,Tutti-deployed,4,0.134,1098,4096,256,12,342.976,919.373,4497408,true,gpu_nvme_kernel,,1,16
B2,Tutti-deployed,4,0.134,1098,4096,256,13,337.03,923.611,4497408,true,gpu_nvme_kernel,,1,16
B2,Tutti-deployed,4,0.134,1098,4096,256,14,347.74,913.855,4497408,true,gpu_nvme_kernel,,1,16
B2,Tutti-deployed,4,0.134,1098,4096,256,15,345.336,967.183,4497408,true,gpu_nvme_kernel,,1,16
B2,Tutti-deployed,4,0.134,1098,4096,256,16,332.707,923.648,4497408,true,gpu_nvme_kernel,,1,16
B2,Tutti-deployed,4,0.134,1098,4096,256,17,337.835,949.218,4497408,true,gpu_nvme_kernel,,1,16
B2,Tutti-deployed,4,0.134,1098,4096,256,18,334.66,923.754,4497408,true,gpu_nvme_kernel,,1,16
B2,Tutti-deployed,4,0.134,1098,4096,256,19,334.802,1036.908,4497408,true,gpu_nvme_kernel,,1,16
B2,Tutti-deployed,4,0.134,1098,4096,256,20,334.327,913.327,4497408,true,gpu_nvme_kernel,,1,16
B2,Tutti-deployed,4,0.134,1098,4096,256,21,341.616,895.305,4497408,true,gpu_nvme_kernel,,1,16
B2,Tutti-deployed,4,0.134,1098,4096,256,22,335.431,957.179,4497408,true,gpu_nvme_kernel,,1,16
B2,Tutti-deployed,4,0.134,1098,4096,256,23,343.601,980.684,4497408,true,gpu_nvme_kernel,,1,16
B2,Tutti-deployed,4,0.134,1098,4096,256,24,363.907,965.409,4497408,true,gpu_nvme_kernel,,1,16
B2,Tutti-deployed,4,0.134,1098,4096,256,25,351.319,1000.732,4497408,true,gpu_nvme_kernel,,1,16
B2,Tutti-deployed,4,0.134,1098,4096,256,26,342.591,882.854,4497408,true,gpu_nvme_kernel,,1,16
B2,Tutti-deployed,4,0.134,1098,4096,256,27,333.392,968.065,4497408,true,gpu_nvme_kernel,,1,16
B2,Tutti-deployed,4,0.134,1098,4096,256,28,331.703,933.756,4497408,true,gpu_nvme_kernel,,1,16
B2,Tutti-deployed,4,0.134,1098,4096,256,29,331.128,961.265,4497408,true,gpu_nvme_kernel,,1,16
B2,Tutti-deployed,4,0.134,1098,4096,256,30,336.213,939.02,4497408,true,gpu_nvme_kernel,,1,16
B2,Tutti-deployed,4,0.134,1098,4096,256,31,332.09,919.212,4497408,true,gpu_nvme_kernel,,1,16
B2,Tutti-deployed,4,0.134,1098,4096,256,32,337.812,993.736,4497408,true,gpu_nvme_kernel,,1,16
B2,Tutti-deployed,4,0.134,1098,4096,256,33,339.18,995.929,4497408,true,gpu_nvme_kernel,,1,16
B2,Tutti-deployed,4,0.134,1098,4096,256,34,355.335,952.117,4497408,true,gpu_nvme_kernel,,1,16
B2,Tutti-deployed,4,0.134,1098,4096,256,35,340.575,949.807,4497408,true,gpu_nvme_kernel,,1,16
B2,Tutti-deployed,4,0.134,1098,4096,256,36,332.53,965.024,4497408,true,gpu_nvme_kernel,,1,16
B2,Tutti-deployed,4,0.134,1098,4096,256,37,336.246,897.796,4497408,true,gpu_nvme_kernel,,1,16
B2,Tutti-deployed,4,0.134,1098,4096,256,38,331.976,978.206,4497408,true,gpu_nvme_kernel,,1,16
B2,Tutti-deployed,4,0.134,1098,4096,256,39,327.895,938.597,4497408,true,gpu_nvme_kernel,,1,16
B2,Tutti-deployed,4,0.134,1098,4096,256,40,333.605,926.915,4497408,true,gpu_nvme_kernel,,1,16
B2,Tutti-deployed,4,0.134,1098,4096,256,41,332.191,953.657,4497408,true,gpu_nvme_kernel,,1,16
B2,Tutti-deployed,4,0.134,1098,4096,256,42,335.283,920.222,4497408,true,gpu_nvme_kernel,,1,16
B2,Tutti-deployed,4,0.134,1098,4096,256,43,352.29,952.81,4497408,true,gpu_nvme_kernel,,1,16
B2,Tutti-deployed,4,0.134,1098,4096,256,44,339.687,971.582,4497408,true,gpu_nvme_kernel,,1,16
B2,Tutti-deployed,4,0.134,1098,4096,256,45,332.172,979.784,4497408,true,gpu_nvme_kernel,,1,16
B2,Tutti-deployed,4,0.134,1098,4096,256,46,335.191,969.878,4497408,true,gpu_nvme_kernel,,1,16
B2,Tutti-deployed,4,0.134,1098,4096,256,47,329.855,928.551,4497408,true,gpu_nvme_kernel,,1,16
B2,Tutti-deployed,4,0.134,1098,4096,256,48,330.62,1068.703,4497408,true,gpu_nvme_kernel,,1,16
B2,Tutti-deployed,4,0.134,1098,4096,256,49,329.657,948.067,4497408,true,gpu_nvme_kernel,,1,16
B2,Tutti-deployed,4,0.134,1098,4096,256,50,344.079,1010.391,4497408,true,gpu_nvme_kernel,,1,16
B2,Tutti-deployed,4,0.134,1098,4096,256,51,332.063,953.603,4497408,true,gpu_nvme_kernel,,1,16
B2,Tutti-deployed,4,0.134,1098,4096,256,52,341.411,941.986,4497408,true,gpu_nvme_kernel,,1,16
B2,Tutti-deployed,4,0.134,1098,4096,256,53,331.964,952.883,4497408,true,gpu_nvme_kernel,,1,16
B2,Tutti-deployed,4,0.134,1098,4096,256,54,327.722,897.627,4497408,true,gpu_nvme_kernel,,1,16
B2,Tutti-deployed,4,0.134,1098,4096,256,55,331.737,958.037,4497408,true,gpu_nvme_kernel,,1,16
B2,Tutti-deployed,4,0.134,1098,4096,256,56,329.93,920.203,4497408,true,gpu_nvme_kernel,,1,16
B2,Tutti-deployed,4,0.134,1098,4096,256,57,345.035,925.404,4497408,true,gpu_nvme_kernel,,1,16
B2,Tutti-deployed,4,0.134,1098,4096,256,58,333.868,906.421,4497408,true,gpu_nvme_kernel,,1,16
B2,Tutti-deployed,4,0.134,1098,4096,256,59,335.101,962.206,4497408,true,gpu_nvme_kernel,,1,16
B2,Tutti-deployed,4,0.134,1098,4096,256,60,331.56,1026.55,4497408,true,gpu_nvme_kernel,,1,16
B2,Tutti-deployed,4,0.134,1098,4096,256,61,333.77,884.219,4497408,true,gpu_nvme_kernel,,1,16
B2,Tutti-deployed,4,0.134,1098,4096,256,62,332.814,897.761,4497408,true,gpu_nvme_kernel,,1,16
B2,Tutti-deployed,4,0.134,1098,4096,256,63,328.261,923.708,4497408,true,gpu_nvme_kernel,,1,16
B2,Tutti-deployed,4,0.134,1098,4096,256,64,329.727,919.002,4497408,true,gpu_nvme_kernel,,1,16
B2,Tutti-deployed,4,0.134,1098,4096,256,65,327.79,916.073,4497408,true,gpu_nvme_kernel,,1,16
B2,Tutti-deployed,4,0.134,1098,4096,256,66,332.889,963.945,4497408,true,gpu_nvme_kernel,,1,16
B2,Tutti-deployed,4,0.134,1098,4096,256,67,336.869,990.485,4497408,true,gpu_nvme_kernel,,1,16
B2,Tutti-deployed,4,0.134,1098,4096,256,68,328.213,980.571,4497408,true,gpu_nvme_kernel,,1,16
B2,Tutti-deployed,4,0.134,1098,4096,256,69,339.608,930.759,4497408,true,gpu_nvme_kernel,,1,16
B2,Tutti-deployed,4,0.134,1098,4096,256,70,341.199,950.471,4497408,true,gpu_nvme_kernel,,1,16
B2,Tutti-deployed,4,0.134,1098,4096,256,71,333.987,926.469,4497408,true,gpu_nvme_kernel,,1,16
B2,Tutti-deployed,4,0.134,1098,4096,256,72,333.912,905.714,4497408,true,gpu_nvme_kernel,,1,16
B2,Tutti-deployed,4,0.134,1098,4096,256,73,333.265,919.544,4497408,true,gpu_nvme_kernel,,1,16
B2,Tutti-deployed,4,0.134,1098,4096,256,74,332.006,943.412,4497408,true,gpu_nvme_kernel,,1,16
B2,Tutti-deployed,4,0.134,1098,4096,256,75,327.254,928.585,4497408,true,gpu_nvme_kernel,,1,16
B2,Tutti-deployed,4,0.134,1098,4096,256,76,344.427,906.809,4497408,true,gpu_nvme_kernel,,1,16
B2,Tutti-deployed,4,0.134,1098,4096,256,77,346.09,937.56,4497408,true,gpu_nvme_kernel,,1,16
B2,Tutti-deployed,4,0.134,1098,4096,256,78,329.433,914.311,4497408,true,gpu_nvme_kernel,,1,16
B2,Tutti-deployed,4,0.134,1098,4096,256,79,330.709,891.968,4497408,true,gpu_nvme_kernel,,1,16
B2,Tutti-deployed,4,0.134,1098,4096,256,80,333.606,904.766,4497408,true,gpu_nvme_kernel,,1,16
B2,Tutti-deployed,4,0.134,1098,4096,256,81,332.317,982.849,4497408,true,gpu_nvme_kernel,,1,16
B2,Tutti-deployed,4,0.134,1098,4096,256,82,332.687,1032.688,4497408,true,gpu_nvme_kernel,,1,16
B2,Tutti-deployed,4,0.134,1098,4096,256,83,339.557,942.341,4497408,true,gpu_nvme_kernel,,1,16
B2,Tutti-deployed,4,0.134,1098,4096,256,84,344.678,982.778,4497408,true,gpu_nvme_kernel,,1,16
B2,Tutti-deployed,4,0.134,1098,4096,256,85,333.079,915.185,4497408,true,gpu_nvme_kernel,,1,16
B2,Tutti-deployed,4,0.134,1098,4096,256,86,332.882,929.041,4497408,true,gpu_nvme_kernel,,1,16
B2,Tutti-deployed,4,0.134,1098,4096,256,87,331.595,883.567,4497408,true,gpu_nvme_kernel,,1,16
B2,Tutti-deployed,4,0.134,1098,4096,256,88,334.086,918.358,4497408,true,gpu_nvme_kernel,,1,16
B2,Tutti-deployed,4,0.134,1098,4096,256,89,333.568,934.763,4497408,true,gpu_nvme_kernel,,1,16
B2,Tutti-deployed,4,0.134,1098,4096,256,90,332.87,889.312,4497408,true,gpu_nvme_kernel,,1,16
B2,Tutti-deployed,4,0.134,1098,4096,256,91,330.845,934.157,4497408,true,gpu_nvme_kernel,,1,16
B2,Tutti-deployed,4,0.134,1098,4096,256,92,335.618,975.755,4497408,true,gpu_nvme_kernel,,1,16
B2,Tutti-deployed,4,0.134,1098,4096,256,93,337.995,935.752,4497408,true,gpu_nvme_kernel,,1,16
B2,Tutti-deployed,4,0.134,1098,4096,256,94,332.746,985.023,4497408,true,gpu_nvme_kernel,,1,16
B2,Tutti-deployed,4,0.134,1098,4096,256,95,340.795,924.816,4497408,true,gpu_nvme_kernel,,1,16
B2,Tutti-deployed,4,0.134,1098,4096,256,96,333.335,922.872,4497408,true,gpu_nvme_kernel,,1,16
B2,Tutti-deployed,4,0.134,1098,4096,256,97,335.447,999.881,4497408,true,gpu_nvme_kernel,,1,16
B2,Tutti-deployed,4,0.134,1098,4096,256,98,328.567,919.336,4497408,true,gpu_nvme_kernel,,1,16
B2,Tutti-deployed,4,0.134,1098,4096,256,99,331.455,953.83,4497408,true,gpu_nvme_kernel,,1,16
B2,Tutti-deployed,4,0.134,1098,4096,256,100,341.937,918.116,4497408,true,gpu_nvme_kernel,,1,16
B2,Tutti-deployed,4,0.134,1098,4096,256,101,327.694,917.064,4497408,true,gpu_nvme_kernel,,1,16
B2,Tutti-deployed,4,0.134,1098,4096,256,102,344.798,954.93,4497408,true,gpu_nvme_kernel,,1,16
B2,Tutti-deployed,4,0.134,1098,4096,256,103,340.534,893.301,4497408,true,gpu_nvme_kernel,,1,16
B2,Tutti-deployed,4,0.134,1098,4096,256,104,331.069,902.912,4497408,true,gpu_nvme_kernel,,1,16
B2,Tutti-deployed,4,0.134,1098,4096,256,105,330.003,899.358,4497408,true,gpu_nvme_kernel,,1,16
B2,Tutti-deployed,4,0.134,1098,4096,256,106,338.646,955.449,4497408,true,gpu_nvme_kernel,,1,16
B2,Tutti-deployed,4,0.134,1098,4096,256,107,330.834,953.558,4497408,true,gpu_nvme_kernel,,1,16
B2,Tutti-deployed,4,0.134,1098,4096,256,108,335.052,1007.15,4497408,true,gpu_nvme_kernel,,1,16
B2,Tutti-deployed,4,0.134,1098,4096,256,109,332.857,915.067,4497408,true,gpu_nvme_kernel,,1,16
B2,Tutti-deployed,4,0.134,1098,4096,256,110,332.506,921.505,4497408,true,gpu_nvme_kernel,,1,16
B2,Tutti-deployed,4,0.134,1098,4096,256,111,329.446,978.957,4497408,true,gpu_nvme_kernel,,1,16
B2,Tutti-deployed,4,0.134,1098,4096,256,112,344.579,916.077,4497408,true,gpu_nvme_kernel,,1,16
B2,Tutti-deployed,4,0.134,1098,4096,256,113,352.732,948.502,4497408,true,gpu_nvme_kernel,,1,16
B2,Tutti-deployed,4,0.134,1098,4096,256,114,330.997,989.545,4497408,true,gpu_nvme_kernel,,1,16
B2,Tutti-deployed,4,0.134,1098,4096,256,115,328.868,911.492,4497408,true,gpu_nvme_kernel,,1,16
B2,Tutti-deployed,4,0.134,1098,4096,256,116,335.958,896.607,4497408,true,gpu_nvme_kernel,,1,16
B2,Tutti-deployed,4,0.134,1098,4096,256,117,331.493,966.692,4497408,true,gpu_nvme_kernel,,1,16
B2,Tutti-deployed,4,0.134,1098,4096,256,118,361.761,904.393,4497408,true,gpu_nvme_kernel,,1,16
B2,Tutti-deployed,4,0.134,1098,4096,256,119,329.929,996.313,4497408,true,gpu_nvme_kernel,,1,16
B2,Tutti-deployed,4,0.134,1098,4096,256,120,330.999,990.008,4497408,true,gpu_nvme_kernel,,1,16
B2,Tutti-deployed,4,0.134,1098,4096,256,121,332.932,1049.427,4497408,true,gpu_nvme_kernel,,1,16
B2,Tutti-deployed,4,0.134,1098,4096,256,122,333.695,908.499,4497408,true,gpu_nvme_kernel,,1,16
B2,Tutti-deployed,4,0.134,1098,4096,256,123,332.246,953.96,4497408,true,gpu_nvme_kernel,,1,16
B2,Tutti-deployed,4,0.134,1098,4096,256,124,330.887,984.124,4497408,true,gpu_nvme_kernel,,1,16
B2,Tutti-deployed,4,0.134,1098,4096,256,125,333.964,922.661,4497408,true,gpu_nvme_kernel,,1,16
B2,Tutti-deployed,4,0.134,1098,4096,256,126,329.691,951.875,4497408,true,gpu_nvme_kernel,,1,16
B2,Tutti-deployed,4,0.134,1098,4096,256,127,337.404,901.906,4497408,true,gpu_nvme_kernel,,1,16
B2,Tutti-deployed,4,0.134,1098,4096,256,128,335.999,947.954,4497408,true,gpu_nvme_kernel,,1,16
B2,Tutti-deployed,4,0.134,1098,4096,256,129,332.2,971.221,4497408,true,gpu_nvme_kernel,,1,16
B2,Tutti-deployed,4,0.134,1098,4096,256,130,330.973,969.69,4497408,true,gpu_nvme_kernel,,1,16
B2,Tutti-deployed,4,0.134,1098,4096,256,131,334.156,936.364,4497408,true,gpu_nvme_kernel,,1,16
B2,Tutti-deployed,4,0.134,1098,4096,256,132,333.597,935.565,4497408,true,gpu_nvme_kernel,,1,16
B2,Tutti-deployed,4,0.134,1098,4096,256,133,333.961,1018.283,4497408,true,gpu_nvme_kernel,,1,16
B2,Tutti-deployed,4,0.134,1098,4096,256,134,331.855,881.837,4497408,true,gpu_nvme_kernel,,1,16
B2,Tutti-deployed,4,0.134,1098,4096,256,135,333.63,927.396,4497408,true,gpu_nvme_kernel,,1,16
B2,Tutti-deployed,4,0.134,1098,4096,256,136,332.797,887.242,4497408,true,gpu_nvme_kernel,,1,16
B2,Tutti-deployed,4,0.134,1098,4096,256,137,333.096,932.215,4497408,true,gpu_nvme_kernel,,1,16
B2,Tutti-deployed,4,0.134,1098,4096,256,138,342.658,967.249,4497408,true,gpu_nvme_kernel,,1,16
B2,Tutti-deployed,4,0.134,1098,4096,256,139,346.661,1717.975,4497408,true,gpu_nvme_kernel,,1,16
B2,Tutti-deployed,4,0.134,1098,4096,256,140,342.38,926.19,4497408,true,gpu_nvme_kernel,,1,16
B2,Tutti-deployed,4,0.134,1098,4096,256,141,344.465,921.218,4497408,true,gpu_nvme_kernel,,1,16
B2,Tutti-deployed,4,0.134,1098,4096,256,142,343.059,950.885,4497408,true,gpu_nvme_kernel,,1,16
B2,Tutti-deployed,4,0.134,1098,4096,256,143,334.969,893.456,4497408,true,gpu_nvme_kernel,,1,16
B2,Tutti-deployed,4,0.134,1098,4096,256,144,337.037,953.041,4497408,true,gpu_nvme_kernel,,1,16
B2,Tutti-deployed,4,0.134,1098,4096,256,145,343.904,960.175,4497408,true,gpu_nvme_kernel,,1,16
B2,Tutti-deployed,4,0.134,1098,4096,256,146,344.559,904.586,4497408,true,gpu_nvme_kernel,,1,16
B2,Tutti-deployed,4,0.134,1098,4096,256,147,346.341,895.582,4497408,true,gpu_nvme_kernel,,1,16
B2,Tutti-deployed,4,0.134,1098,4096,256,148,338.781,1009.929,4497408,true,gpu_nvme_kernel,,1,16
B2,Tutti-deployed,4,0.134,1098,4096,256,149,333.933,959.016,4497408,true,gpu_nvme_kernel,,1,16
B2,Tutti-deployed,4,0.134,1098,4096,256,150,333.954,892.697,4497408,true,gpu_nvme_kernel,,1,16
B2,Tutti-deployed,4,0.134,1098,4096,256,151,337.946,1002.271,4497408,true,gpu_nvme_kernel,,1,16
B2,Tutti-deployed,4,0.134,1098,4096,256,152,343.287,1001.346,4497408,true,gpu_nvme_kernel,,1,16
B2,Tutti-deployed,4,0.134,1098,4096,256,153,341.265,914.883,4497408,true,gpu_nvme_kernel,,1,16
B2,Tutti-deployed,4,0.134,1098,4096,256,154,335.787,975.814,4497408,true,gpu_nvme_kernel,,1,16
B2,Tutti-deployed,4,0.134,1098,4096,256,155,331.486,943.264,4497408,true,gpu_nvme_kernel,,1,16
B2,Tutti-deployed,4,0.134,1098,4096,256,156,333.576,893.323,4497408,true,gpu_nvme_kernel,,1,16
B2,Tutti-deployed,4,0.134,1098,4096,256,157,334.311,920.535,4497408,true,gpu_nvme_kernel,,1,16
B2,Tutti-deployed,4,0.134,1098,4096,256,158,329.284,952.641,4497408,true,gpu_nvme_kernel,,1,16
B2,Tutti-deployed,4,0.134,1098,4096,256,159,330.3,964.773,4497408,true,gpu_nvme_kernel,,1,16
B2,Tutti-deployed,4,0.134,1098,4096,256,160,334.296,904.033,4497408,true,gpu_nvme_kernel,,1,16
B2,Tutti-deployed,4,0.134,1098,4096,256,161,336.546,903.194,4497408,true,gpu_nvme_kernel,,1,16
B2,Tutti-deployed,4,0.134,1098,4096,256,162,342.575,921.428,4497408,true,gpu_nvme_kernel,,1,16
B2,Tutti-deployed,4,0.134,1098,4096,256,163,347.743,921.212,4497408,true,gpu_nvme_kernel,,1,16
B2,Tutti-deployed,4,0.134,1098,4096,256,164,337.77,920.527,4497408,true,gpu_nvme_kernel,,1,16
B2,Tutti-deployed,4,0.134,1098,4096,256,165,333.751,927.276,4497408,true,gpu_nvme_kernel,,1,16
B2,Tutti-deployed,4,0.134,1098,4096,256,166,345.302,919.888,4497408,true,gpu_nvme_kernel,,1,16
B2,Tutti-deployed,4,0.134,1098,4096,256,167,334.709,919.413,4497408,true,gpu_nvme_kernel,,1,16
B2,Tutti-deployed,4,0.134,1098,4096,256,168,331.62,921.096,4497408,true,gpu_nvme_kernel,,1,16
B2,Tutti-deployed,4,0.134,1098,4096,256,169,338.919,935.882,4497408,true,gpu_nvme_kernel,,1,16
B2,Tutti-deployed,4,0.134,1098,4096,256,170,336.278,930.214,4497408,true,gpu_nvme_kernel,,1,16
B2,Tutti-deployed,4,0.134,1098,4096,256,171,338.867,911.801,4497408,true,gpu_nvme_kernel,,1,16
B2,Tutti-deployed,4,0.134,1098,4096,256,172,331.208,930.184,4497408,true,gpu_nvme_kernel,,1,16
B2,Tutti-deployed,4,0.134,1098,4096,256,173,331.107,915.153,4497408,true,gpu_nvme_kernel,,1,16
B2,Tutti-deployed,4,0.134,1098,4096,256,174,332.125,915.2,4497408,true,gpu_nvme_kernel,,1,16
B2,Tutti-deployed,4,0.134,1098,4096,256,175,332.701,896.082,4497408,true,gpu_nvme_kernel,,1,16
B2,Tutti-deployed,4,0.134,1098,4096,256,176,335.083,1053.628,4497408,true,gpu_nvme_kernel,,1,16
B2,Tutti-deployed,4,0.134,1098,4096,256,177,331.043,1006.851,4497408,true,gpu_nvme_kernel,,1,16
B2,Tutti-deployed,4,0.134,1098,4096,256,178,329.033,933.403,4497408,true,gpu_nvme_kernel,,1,16
B2,Tutti-deployed,4,0.134,1098,4096,256,179,336.887,927.452,4497408,true,gpu_nvme_kernel,,1,16
B2,Tutti-deployed,4,0.134,1098,4096,256,180,342.651,971.365,4497408,true,gpu_nvme_kernel,,1,16
B2,Tutti-deployed,4,0.134,1098,4096,256,181,330.929,955.598,4497408,true,gpu_nvme_kernel,,1,16
B2,Tutti-deployed,4,0.134,1098,4096,256,182,334.695,978.139,4497408,true,gpu_nvme_kernel,,1,16
B2,Tutti-deployed,4,0.134,1098,4096,256,183,333.642,890.288,4497408,true,gpu_nvme_kernel,,1,16
B2,Tutti-deployed,4,0.134,1098,4096,256,184,333.581,900.017,4497408,true,gpu_nvme_kernel,,1,16
B2,Tutti-deployed,4,0.134,1098,4096,256,185,337.539,926.742,4497408,true,gpu_nvme_kernel,,1,16
B2,Tutti-deployed,4,0.134,1098,4096,256,186,332.252,898.498,4497408,true,gpu_nvme_kernel,,1,16
B2,Tutti-deployed,4,0.134,1098,4096,256,187,334.447,983.185,4497408,true,gpu_nvme_kernel,,1,16
B2,Tutti-deployed,4,0.134,1098,4096,256,188,348.244,953.797,4497408,true,gpu_nvme_kernel,,1,16
B2,Tutti-deployed,4,0.134,1098,4096,256,189,346.183,917.896,4497408,true,gpu_nvme_kernel,,1,16
B2,Tutti-deployed,4,0.134,1098,4096,256,190,339.404,967.711,4497408,true,gpu_nvme_kernel,,1,16
B2,Tutti-deployed,4,0.134,1098,4096,256,191,334.853,980.662,4497408,true,gpu_nvme_kernel,,1,16
B2,Tutti-deployed,4,0.134,1098,4096,256,192,330.399,1000.669,4497408,true,gpu_nvme_kernel,,1,16
B2,Tutti-deployed,4,0.134,1098,4096,256,193,332.023,911.13,4497408,true,gpu_nvme_kernel,,1,16
B2,Tutti-deployed,4,0.134,1098,4096,256,194,332.464,918.047,4497408,true,gpu_nvme_kernel,,1,16
B2,Tutti-deployed,4,0.134,1098,4096,256,195,329.182,893.161,4497408,true,gpu_nvme_kernel,,1,16
B2,Tutti-deployed,4,0.134,1098,4096,256,196,333.46,911.194,4497408,true,gpu_nvme_kernel,,1,16
B2,Tutti-deployed,4,0.134,1098,4096,256,197,331.923,910.259,4497408,true,gpu_nvme_kernel,,1,16
B2,Tutti-deployed,4,0.134,1098,4096,256,198,344.623,1033.827,4497408,true,gpu_nvme_kernel,,1,16
B2,Tutti-deployed,4,0.134,1098,4096,256,199,332.455,979.238,4497408,true,gpu_nvme_kernel,,1,16
B2,Tutti-deployed,4,0.134,1098,4096,256,0,347.716,935.44,4497408,true,gpu_nvme_kernel,,3,16
B2,Tutti-deployed,4,0.3,2458,4096,256,0,742.622,1929.014,10067968,true,gpu_nvme_kernel,,2,16
B2,Tutti-deployed,4,0.3,2458,4096,256,0,763.135,2002.01,10067968,true,gpu_nvme_kernel,,0,16
B2,Tutti-deployed,4,0.3,2458,4096,256,1,750.383,1974.925,10067968,true,gpu_nvme_kernel,,0,16
B2,Tutti-deployed,4,0.3,2458,4096,256,2,748.397,1914.618,10067968,true,gpu_nvme_kernel,,0,16
B2,Tutti-deployed,4,0.3,2458,4096,256,3,744.855,1915.607,10067968,true,gpu_nvme_kernel,,0,16
B2,Tutti-deployed,4,0.3,2458,4096,256,4,750.951,1939.388,10067968,true,gpu_nvme_kernel,,0,16
B2,Tutti-deployed,4,0.3,2458,4096,256,5,747.132,1967.259,10067968,true,gpu_nvme_kernel,,0,16
B2,Tutti-deployed,4,0.3,2458,4096,256,6,736.39,1914.197,10067968,true,gpu_nvme_kernel,,0,16
B2,Tutti-deployed,4,0.3,2458,4096,256,7,749.935,1935.08,10067968,true,gpu_nvme_kernel,,0,16
B2,Tutti-deployed,4,0.3,2458,4096,256,8,744.589,1983.351,10067968,true,gpu_nvme_kernel,,0,16
B2,Tutti-deployed,4,0.3,2458,4096,256,9,750.019,1961.535,10067968,true,gpu_nvme_kernel,,0,16
B2,Tutti-deployed,4,0.3,2458,4096,256,0,750.319,1946.116,10067968,true,gpu_nvme_kernel,,1,16
B2,Tutti-deployed,4,0.3,2458,4096,256,1,747.627,1967.9,10067968,true,gpu_nvme_kernel,,1,16
B2,Tutti-deployed,4,0.3,2458,4096,256,2,743.418,1999.929,10067968,true,gpu_nvme_kernel,,1,16
B2,Tutti-deployed,4,0.3,2458,4096,256,3,748.657,1941.768,10067968,true,gpu_nvme_kernel,,1,16
B2,Tutti-deployed,4,0.3,2458,4096,256,4,736.112,1978.833,10067968,true,gpu_nvme_kernel,,1,16
B2,Tutti-deployed,4,0.3,2458,4096,256,5,748.464,2029.098,10067968,true,gpu_nvme_kernel,,1,16
B2,Tutti-deployed,4,0.3,2458,4096,256,6,732.925,2170.229,10067968,true,gpu_nvme_kernel,,1,16
B2,Tutti-deployed,4,0.3,2458,4096,256,7,745.75,1940.032,10067968,true,gpu_nvme_kernel,,1,16
B2,Tutti-deployed,4,0.3,2458,4096,256,8,762.471,1889.113,10067968,true,gpu_nvme_kernel,,1,16
B2,Tutti-deployed,4,0.3,2458,4096,256,9,741.991,1948.546,10067968,true,gpu_nvme_kernel,,1,16
B2,Tutti-deployed,4,0.3,2458,4096,256,10,742.757,1966.172,10067968,true,gpu_nvme_kernel,,1,16
B2,Tutti-deployed,4,0.3,2458,4096,256,11,749.283,1994.362,10067968,true,gpu_nvme_kernel,,1,16
B2,Tutti-deployed,4,0.3,2458,4096,256,12,741.42,1977.069,10067968,true,gpu_nvme_kernel,,1,16
B2,Tutti-deployed,4,0.3,2458,4096,256,13,759.658,1968.612,10067968,true,gpu_nvme_kernel,,1,16
B2,Tutti-deployed,4,0.3,2458,4096,256,14,748.554,1996.068,10067968,true,gpu_nvme_kernel,,1,16
B2,Tutti-deployed,4,0.3,2458,4096,256,15,750.346,2035.931,10067968,true,gpu_nvme_kernel,,1,16
B2,Tutti-deployed,4,0.3,2458,4096,256,16,755.839,1995.109,10067968,true,gpu_nvme_kernel,,1,16
B2,Tutti-deployed,4,0.3,2458,4096,256,17,746.211,2024.44,10067968,true,gpu_nvme_kernel,,1,16
B2,Tutti-deployed,4,0.3,2458,4096,256,18,755.162,1976.834,10067968,true,gpu_nvme_kernel,,1,16
B2,Tutti-deployed,4,0.3,2458,4096,256,19,748.167,2150.483,10067968,true,gpu_nvme_kernel,,1,16
B2,Tutti-deployed,4,0.3,2458,4096,256,20,746.146,1959.896,10067968,true,gpu_nvme_kernel,,1,16
B2,Tutti-deployed,4,0.3,2458,4096,256,21,744.445,1947.532,10067968,true,gpu_nvme_kernel,,1,16
B2,Tutti-deployed,4,0.3,2458,4096,256,22,737.101,1928.455,10067968,true,gpu_nvme_kernel,,1,16
B2,Tutti-deployed,4,0.3,2458,4096,256,23,738.839,2014.414,10067968,true,gpu_nvme_kernel,,1,16
B2,Tutti-deployed,4,0.3,2458,4096,256,24,748.087,1999.8,10067968,true,gpu_nvme_kernel,,1,16
B2,Tutti-deployed,4,0.3,2458,4096,256,25,748.476,1959.795,10067968,true,gpu_nvme_kernel,,1,16
B2,Tutti-deployed,4,0.3,2458,4096,256,26,746.576,1950.892,10067968,true,gpu_nvme_kernel,,1,16
B2,Tutti-deployed,4,0.3,2458,4096,256,27,749.259,1906.933,10067968,true,gpu_nvme_kernel,,1,16
B2,Tutti-deployed,4,0.3,2458,4096,256,28,752.237,1913.249,10067968,true,gpu_nvme_kernel,,1,16
B2,Tutti-deployed,4,0.3,2458,4096,256,29,742.006,1960.239,10067968,true,gpu_nvme_kernel,,1,16
B2,Tutti-deployed,4,0.3,2458,4096,256,30,733.836,1895.042,10067968,true,gpu_nvme_kernel,,1,16
B2,Tutti-deployed,4,0.3,2458,4096,256,31,736.996,1889.882,10067968,true,gpu_nvme_kernel,,1,16
B2,Tutti-deployed,4,0.3,2458,4096,256,32,744.363,1958.788,10067968,true,gpu_nvme_kernel,,1,16
B2,Tutti-deployed,4,0.3,2458,4096,256,33,740.601,1968.321,10067968,true,gpu_nvme_kernel,,1,16
B2,Tutti-deployed,4,0.3,2458,4096,256,34,748.244,1850.641,10067968,true,gpu_nvme_kernel,,1,16
B2,Tutti-deployed,4,0.3,2458,4096,256,35,748.238,1988.842,10067968,true,gpu_nvme_kernel,,1,16
B2,Tutti-deployed,4,0.3,2458,4096,256,36,743.321,1951.839,10067968,true,gpu_nvme_kernel,,1,16
B2,Tutti-deployed,4,0.3,2458,4096,256,37,734.825,2013.316,10067968,true,gpu_nvme_kernel,,1,16
B2,Tutti-deployed,4,0.3,2458,4096,256,38,733.14,1960.775,10067968,true,gpu_nvme_kernel,,1,16
B2,Tutti-deployed,4,0.3,2458,4096,256,39,747.598,1945.381,10067968,true,gpu_nvme_kernel,,1,16
B2,Tutti-deployed,4,0.3,2458,4096,256,40,748.404,2050.755,10067968,true,gpu_nvme_kernel,,1,16
B2,Tutti-deployed,4,0.3,2458,4096,256,41,745.264,2029.919,10067968,true,gpu_nvme_kernel,,1,16
B2,Tutti-deployed,4,0.3,2458,4096,256,42,736.238,1955.257,10067968,true,gpu_nvme_kernel,,1,16
B2,Tutti-deployed,4,0.3,2458,4096,256,43,747.578,1973.504,10067968,true,gpu_nvme_kernel,,1,16
B2,Tutti-deployed,4,0.3,2458,4096,256,44,733.79,1928.169,10067968,true,gpu_nvme_kernel,,1,16
B2,Tutti-deployed,4,0.3,2458,4096,256,45,745.568,1908.494,10067968,true,gpu_nvme_kernel,,1,16
B2,Tutti-deployed,4,0.3,2458,4096,256,46,757.985,1938.111,10067968,true,gpu_nvme_kernel,,1,16
B2,Tutti-deployed,4,0.3,2458,4096,256,47,746.904,1899.24,10067968,true,gpu_nvme_kernel,,1,16
B2,Tutti-deployed,4,0.3,2458,4096,256,48,743.416,2016.387,10067968,true,gpu_nvme_kernel,,1,16
B2,Tutti-deployed,4,0.3,2458,4096,256,49,735.227,1998.475,10067968,true,gpu_nvme_kernel,,1,16
B2,Tutti-deployed,4,0.3,2458,4096,256,50,735.75,2033.811,10067968,true,gpu_nvme_kernel,,1,16
B2,Tutti-deployed,4,0.3,2458,4096,256,51,738.95,1952.664,10067968,true,gpu_nvme_kernel,,1,16
B2,Tutti-deployed,4,0.3,2458,4096,256,52,752.96,1915.868,10067968,true,gpu_nvme_kernel,,1,16
B2,Tutti-deployed,4,0.3,2458,4096,256,53,741.556,1921.134,10067968,true,gpu_nvme_kernel,,1,16
B2,Tutti-deployed,4,0.3,2458,4096,256,54,746.361,1982.038,10067968,true,gpu_nvme_kernel,,1,16
B2,Tutti-deployed,4,0.3,2458,4096,256,55,742.443,1961.133,10067968,true,gpu_nvme_kernel,,1,16
B2,Tutti-deployed,4,0.3,2458,4096,256,56,743.019,1937.593,10067968,true,gpu_nvme_kernel,,1,16
B2,Tutti-deployed,4,0.3,2458,4096,256,57,743.119,2068.111,10067968,true,gpu_nvme_kernel,,1,16
B2,Tutti-deployed,4,0.3,2458,4096,256,58,735.982,1992.786,10067968,true,gpu_nvme_kernel,,1,16
B2,Tutti-deployed,4,0.3,2458,4096,256,59,739.783,1981.809,10067968,true,gpu_nvme_kernel,,1,16
B2,Tutti-deployed,4,0.3,2458,4096,256,60,741.866,1973.178,10067968,true,gpu_nvme_kernel,,1,16
B2,Tutti-deployed,4,0.3,2458,4096,256,61,742.14,1981.297,10067968,true,gpu_nvme_kernel,,1,16
B2,Tutti-deployed,4,0.3,2458,4096,256,62,742.81,1992.588,10067968,true,gpu_nvme_kernel,,1,16
B2,Tutti-deployed,4,0.3,2458,4096,256,63,743.128,1951.063,10067968,true,gpu_nvme_kernel,,1,16
B2,Tutti-deployed,4,0.3,2458,4096,256,64,737.936,2079.084,10067968,true,gpu_nvme_kernel,,1,16
B2,Tutti-deployed,4,0.3,2458,4096,256,65,741.205,1984.86,10067968,true,gpu_nvme_kernel,,1,16
B2,Tutti-deployed,4,0.3,2458,4096,256,66,737.245,1871.837,10067968,true,gpu_nvme_kernel,,1,16
B2,Tutti-deployed,4,0.3,2458,4096,256,67,738.803,1940.065,10067968,true,gpu_nvme_kernel,,1,16
B2,Tutti-deployed,4,0.3,2458,4096,256,68,746.433,1963.063,10067968,true,gpu_nvme_kernel,,1,16
B2,Tutti-deployed,4,0.3,2458,4096,256,69,747.68,1929.738,10067968,true,gpu_nvme_kernel,,1,16
B2,Tutti-deployed,4,0.3,2458,4096,256,70,735.418,2020.39,10067968,true,gpu_nvme_kernel,,1,16
B2,Tutti-deployed,4,0.3,2458,4096,256,71,742.573,1907.781,10067968,true,gpu_nvme_kernel,,1,16
B2,Tutti-deployed,4,0.3,2458,4096,256,72,741.174,1977.617,10067968,true,gpu_nvme_kernel,,1,16
B2,Tutti-deployed,4,0.3,2458,4096,256,73,734.829,2062.586,10067968,true,gpu_nvme_kernel,,1,16
B2,Tutti-deployed,4,0.3,2458,4096,256,74,733.128,1898.211,10067968,true,gpu_nvme_kernel,,1,16
B2,Tutti-deployed,4,0.3,2458,4096,256,75,745.981,2057.867,10067968,true,gpu_nvme_kernel,,1,16
B2,Tutti-deployed,4,0.3,2458,4096,256,76,746.606,1963.88,10067968,true,gpu_nvme_kernel,,1,16
B2,Tutti-deployed,4,0.3,2458,4096,256,77,733.381,1916.696,10067968,true,gpu_nvme_kernel,,1,16
B2,Tutti-deployed,4,0.3,2458,4096,256,78,747.161,1967.483,10067968,true,gpu_nvme_kernel,,1,16
B2,Tutti-deployed,4,0.3,2458,4096,256,79,744.915,2034.545,10067968,true,gpu_nvme_kernel,,1,16
B2,Tutti-deployed,4,0.3,2458,4096,256,80,756.849,1998.537,10067968,true,gpu_nvme_kernel,,1,16
B2,Tutti-deployed,4,0.3,2458,4096,256,81,733.015,1955.259,10067968,true,gpu_nvme_kernel,,1,16
B2,Tutti-deployed,4,0.3,2458,4096,256,82,741.017,2014.465,10067968,true,gpu_nvme_kernel,,1,16
B2,Tutti-deployed,4,0.3,2458,4096,256,83,739.844,1923.818,10067968,true,gpu_nvme_kernel,,1,16
B2,Tutti-deployed,4,0.3,2458,4096,256,84,732.148,1995.33,10067968,true,gpu_nvme_kernel,,1,16
B2,Tutti-deployed,4,0.3,2458,4096,256,85,737.667,1964.168,10067968,true,gpu_nvme_kernel,,1,16
B2,Tutti-deployed,4,0.3,2458,4096,256,86,733.955,1968.311,10067968,true,gpu_nvme_kernel,,1,16
B2,Tutti-deployed,4,0.3,2458,4096,256,87,729.506,1913.079,10067968,true,gpu_nvme_kernel,,1,16
B2,Tutti-deployed,4,0.3,2458,4096,256,88,746.856,2041.548,10067968,true,gpu_nvme_kernel,,1,16
B2,Tutti-deployed,4,0.3,2458,4096,256,89,743.779,2012.9,10067968,true,gpu_nvme_kernel,,1,16
B2,Tutti-deployed,4,0.3,2458,4096,256,90,745.896,2067.139,10067968,true,gpu_nvme_kernel,,1,16
B2,Tutti-deployed,4,0.3,2458,4096,256,91,736.867,1939.654,10067968,true,gpu_nvme_kernel,,1,16
B2,Tutti-deployed,4,0.3,2458,4096,256,92,730.191,1982.068,10067968,true,gpu_nvme_kernel,,1,16
B2,Tutti-deployed,4,0.3,2458,4096,256,93,735.646,1901.725,10067968,true,gpu_nvme_kernel,,1,16
B2,Tutti-deployed,4,0.3,2458,4096,256,94,740.231,1897.124,10067968,true,gpu_nvme_kernel,,1,16
B2,Tutti-deployed,4,0.3,2458,4096,256,95,756.823,1995.543,10067968,true,gpu_nvme_kernel,,1,16
B2,Tutti-deployed,4,0.3,2458,4096,256,96,753.24,2000.309,10067968,true,gpu_nvme_kernel,,1,16
B2,Tutti-deployed,4,0.3,2458,4096,256,97,741.54,1925.835,10067968,true,gpu_nvme_kernel,,1,16
B2,Tutti-deployed,4,0.3,2458,4096,256,98,747.202,2003.065,10067968,true,gpu_nvme_kernel,,1,16
B2,Tutti-deployed,4,0.3,2458,4096,256,99,747.709,1945.95,10067968,true,gpu_nvme_kernel,,1,16
B2,Tutti-deployed,4,0.3,2458,4096,256,100,751.499,1931.514,10067968,true,gpu_nvme_kernel,,1,16
B2,Tutti-deployed,4,0.3,2458,4096,256,101,746.791,1994.873,10067968,true,gpu_nvme_kernel,,1,16
B2,Tutti-deployed,4,0.3,2458,4096,256,102,734.37,1974.258,10067968,true,gpu_nvme_kernel,,1,16
B2,Tutti-deployed,4,0.3,2458,4096,256,103,731.278,2009.793,10067968,true,gpu_nvme_kernel,,1,16
B2,Tutti-deployed,4,0.3,2458,4096,256,104,739.556,2030.252,10067968,true,gpu_nvme_kernel,,1,16
B2,Tutti-deployed,4,0.3,2458,4096,256,105,732.874,1963.015,10067968,true,gpu_nvme_kernel,,1,16
B2,Tutti-deployed,4,0.3,2458,4096,256,106,746.881,1944.125,10067968,true,gpu_nvme_kernel,,1,16
B2,Tutti-deployed,4,0.3,2458,4096,256,107,741.624,2000.583,10067968,true,gpu_nvme_kernel,,1,16
B2,Tutti-deployed,4,0.3,2458,4096,256,108,744.617,2000.921,10067968,true,gpu_nvme_kernel,,1,16
B2,Tutti-deployed,4,0.3,2458,4096,256,109,748.462,2048.067,10067968,true,gpu_nvme_kernel,,1,16
B2,Tutti-deployed,4,0.3,2458,4096,256,110,739.528,1971.935,10067968,true,gpu_nvme_kernel,,1,16
B2,Tutti-deployed,4,0.3,2458,4096,256,111,743.95,1980.708,10067968,true,gpu_nvme_kernel,,1,16
B2,Tutti-deployed,4,0.3,2458,4096,256,112,743.899,1954.663,10067968,true,gpu_nvme_kernel,,1,16
B2,Tutti-deployed,4,0.3,2458,4096,256,113,759.775,1877.409,10067968,true,gpu_nvme_kernel,,1,16
B2,Tutti-deployed,4,0.3,2458,4096,256,114,739.749,1978.38,10067968,true,gpu_nvme_kernel,,1,16
B2,Tutti-deployed,4,0.3,2458,4096,256,115,751.901,1952.17,10067968,true,gpu_nvme_kernel,,1,16
B2,Tutti-deployed,4,0.3,2458,4096,256,116,733.139,1934.19,10067968,true,gpu_nvme_kernel,,1,16
B2,Tutti-deployed,4,0.3,2458,4096,256,117,733.329,1953.886,10067968,true,gpu_nvme_kernel,,1,16
B2,Tutti-deployed,4,0.3,2458,4096,256,118,738.558,1928.911,10067968,true,gpu_nvme_kernel,,1,16
B2,Tutti-deployed,4,0.3,2458,4096,256,119,744.993,1930.297,10067968,true,gpu_nvme_kernel,,1,16
B2,Tutti-deployed,4,0.3,2458,4096,256,120,752.415,2027.762,10067968,true,gpu_nvme_kernel,,1,16
B2,Tutti-deployed,4,0.3,2458,4096,256,121,754.057,1935.222,10067968,true,gpu_nvme_kernel,,1,16
B2,Tutti-deployed,4,0.3,2458,4096,256,122,738.307,1934.879,10067968,true,gpu_nvme_kernel,,1,16
B2,Tutti-deployed,4,0.3,2458,4096,256,123,744.829,2019.03,10067968,true,gpu_nvme_kernel,,1,16
B2,Tutti-deployed,4,0.3,2458,4096,256,124,734.673,1913.304,10067968,true,gpu_nvme_kernel,,1,16
B2,Tutti-deployed,4,0.3,2458,4096,256,125,757.481,1922.69,10067968,true,gpu_nvme_kernel,,1,16
B2,Tutti-deployed,4,0.3,2458,4096,256,126,748.419,1961.117,10067968,true,gpu_nvme_kernel,,1,16
B2,Tutti-deployed,4,0.3,2458,4096,256,127,744.374,1938.847,10067968,true,gpu_nvme_kernel,,1,16
B2,Tutti-deployed,4,0.3,2458,4096,256,128,747.957,1908.108,10067968,true,gpu_nvme_kernel,,1,16
B2,Tutti-deployed,4,0.3,2458,4096,256,129,741.229,1951.362,10067968,true,gpu_nvme_kernel,,1,16
B2,Tutti-deployed,4,0.3,2458,4096,256,130,739.579,1884.436,10067968,true,gpu_nvme_kernel,,1,16
B2,Tutti-deployed,4,0.3,2458,4096,256,131,736.924,1955.739,10067968,true,gpu_nvme_kernel,,1,16
B2,Tutti-deployed,4,0.3,2458,4096,256,132,741.439,1948.54,10067968,true,gpu_nvme_kernel,,1,16
B2,Tutti-deployed,4,0.3,2458,4096,256,133,745.487,2084.027,10067968,true,gpu_nvme_kernel,,1,16
B2,Tutti-deployed,4,0.3,2458,4096,256,134,742.32,1999.567,10067968,true,gpu_nvme_kernel,,1,16
B2,Tutti-deployed,4,0.3,2458,4096,256,135,739.99,1919.227,10067968,true,gpu_nvme_kernel,,1,16
B2,Tutti-deployed,4,0.3,2458,4096,256,136,744.146,1989.124,10067968,true,gpu_nvme_kernel,,1,16
B2,Tutti-deployed,4,0.3,2458,4096,256,137,733.369,1919.03,10067968,true,gpu_nvme_kernel,,1,16
B2,Tutti-deployed,4,0.3,2458,4096,256,138,744.41,2007.371,10067968,true,gpu_nvme_kernel,,1,16
B2,Tutti-deployed,4,0.3,2458,4096,256,139,732.616,1958.663,10067968,true,gpu_nvme_kernel,,1,16
B2,Tutti-deployed,4,0.3,2458,4096,256,140,736.013,1916.178,10067968,true,gpu_nvme_kernel,,1,16
B2,Tutti-deployed,4,0.3,2458,4096,256,141,745.115,2135.187,10067968,true,gpu_nvme_kernel,,1,16
B2,Tutti-deployed,4,0.3,2458,4096,256,142,783.815,2043.589,10067968,true,gpu_nvme_kernel,,1,16
B2,Tutti-deployed,4,0.3,2458,4096,256,143,741.754,1938.852,10067968,true,gpu_nvme_kernel,,1,16
B2,Tutti-deployed,4,0.3,2458,4096,256,144,745.119,1968.067,10067968,true,gpu_nvme_kernel,,1,16
B2,Tutti-deployed,4,0.3,2458,4096,256,145,735.199,1902.301,10067968,true,gpu_nvme_kernel,,1,16
B2,Tutti-deployed,4,0.3,2458,4096,256,146,733.783,1974.6,10067968,true,gpu_nvme_kernel,,1,16
B2,Tutti-deployed,4,0.3,2458,4096,256,147,747.83,1882.269,10067968,true,gpu_nvme_kernel,,1,16
B2,Tutti-deployed,4,0.3,2458,4096,256,148,741.671,1924.685,10067968,true,gpu_nvme_kernel,,1,16
B2,Tutti-deployed,4,0.3,2458,4096,256,149,743.734,1936.212,10067968,true,gpu_nvme_kernel,,1,16
B2,Tutti-deployed,4,0.3,2458,4096,256,150,740.778,1921.147,10067968,true,gpu_nvme_kernel,,1,16
B2,Tutti-deployed,4,0.3,2458,4096,256,151,747.128,2018.889,10067968,true,gpu_nvme_kernel,,1,16
B2,Tutti-deployed,4,0.3,2458,4096,256,152,742.646,1976.102,10067968,true,gpu_nvme_kernel,,1,16
B2,Tutti-deployed,4,0.3,2458,4096,256,153,745.115,1957.772,10067968,true,gpu_nvme_kernel,,1,16
B2,Tutti-deployed,4,0.3,2458,4096,256,154,738.567,1952.811,10067968,true,gpu_nvme_kernel,,1,16
B2,Tutti-deployed,4,0.3,2458,4096,256,155,740.427,1927.19,10067968,true,gpu_nvme_kernel,,1,16
B2,Tutti-deployed,4,0.3,2458,4096,256,156,737.985,1943.777,10067968,true,gpu_nvme_kernel,,1,16
B2,Tutti-deployed,4,0.3,2458,4096,256,157,741.133,1951.379,10067968,true,gpu_nvme_kernel,,1,16
B2,Tutti-deployed,4,0.3,2458,4096,256,158,751.808,1997.953,10067968,true,gpu_nvme_kernel,,1,16
B2,Tutti-deployed,4,0.3,2458,4096,256,159,743.976,2000.8,10067968,true,gpu_nvme_kernel,,1,16
B2,Tutti-deployed,4,0.3,2458,4096,256,160,745.365,1968.528,10067968,true,gpu_nvme_kernel,,1,16
B2,Tutti-deployed,4,0.3,2458,4096,256,161,747.355,1928.907,10067968,true,gpu_nvme_kernel,,1,16
B2,Tutti-deployed,4,0.3,2458,4096,256,162,738.601,2011.791,10067968,true,gpu_nvme_kernel,,1,16
B2,Tutti-deployed,4,0.3,2458,4096,256,163,734.688,2011.372,10067968,true,gpu_nvme_kernel,,1,16
B2,Tutti-deployed,4,0.3,2458,4096,256,164,737.439,1897.314,10067968,true,gpu_nvme_kernel,,1,16
B2,Tutti-deployed,4,0.3,2458,4096,256,165,760.634,2008.86,10067968,true,gpu_nvme_kernel,,1,16
B2,Tutti-deployed,4,0.3,2458,4096,256,166,748.179,1911.358,10067968,true,gpu_nvme_kernel,,1,16
B2,Tutti-deployed,4,0.3,2458,4096,256,167,747.867,1999.398,10067968,true,gpu_nvme_kernel,,1,16
B2,Tutti-deployed,4,0.3,2458,4096,256,168,733.353,1932.838,10067968,true,gpu_nvme_kernel,,1,16
B2,Tutti-deployed,4,0.3,2458,4096,256,169,735.982,1918.664,10067968,true,gpu_nvme_kernel,,1,16
B2,Tutti-deployed,4,0.3,2458,4096,256,170,745.251,2048.729,10067968,true,gpu_nvme_kernel,,1,16
B2,Tutti-deployed,4,0.3,2458,4096,256,171,750.117,1948.328,10067968,true,gpu_nvme_kernel,,1,16
B2,Tutti-deployed,4,0.3,2458,4096,256,172,735.901,2011.662,10067968,true,gpu_nvme_kernel,,1,16
B2,Tutti-deployed,4,0.3,2458,4096,256,173,741.478,1928.955,10067968,true,gpu_nvme_kernel,,1,16
B2,Tutti-deployed,4,0.3,2458,4096,256,174,741.734,1914.7,10067968,true,gpu_nvme_kernel,,1,16
B2,Tutti-deployed,4,0.3,2458,4096,256,175,737.985,1949.157,10067968,true,gpu_nvme_kernel,,1,16
B2,Tutti-deployed,4,0.3,2458,4096,256,176,737.989,1912.706,10067968,true,gpu_nvme_kernel,,1,16
B2,Tutti-deployed,4,0.3,2458,4096,256,177,745.257,1995.593,10067968,true,gpu_nvme_kernel,,1,16
B2,Tutti-deployed,4,0.3,2458,4096,256,178,736.447,1971.714,10067968,true,gpu_nvme_kernel,,1,16
B2,Tutti-deployed,4,0.3,2458,4096,256,179,740.312,1914.172,10067968,true,gpu_nvme_kernel,,1,16
B2,Tutti-deployed,4,0.3,2458,4096,256,180,732.384,1948.352,10067968,true,gpu_nvme_kernel,,1,16
B2,Tutti-deployed,4,0.3,2458,4096,256,181,733.976,1924.464,10067968,true,gpu_nvme_kernel,,1,16
B2,Tutti-deployed,4,0.3,2458,4096,256,182,748.956,2054.552,10067968,true,gpu_nvme_kernel,,1,16
B2,Tutti-deployed,4,0.3,2458,4096,256,183,738.893,2011.418,10067968,true,gpu_nvme_kernel,,1,16
B2,Tutti-deployed,4,0.3,2458,4096,256,184,740.009,1973.295,10067968,true,gpu_nvme_kernel,,1,16
B2,Tutti-deployed,4,0.3,2458,4096,256,185,737.009,1959.411,10067968,true,gpu_nvme_kernel,,1,16
B2,Tutti-deployed,4,0.3,2458,4096,256,186,735.666,1888.111,10067968,true,gpu_nvme_kernel,,1,16
B2,Tutti-deployed,4,0.3,2458,4096,256,187,733.938,1916.153,10067968,true,gpu_nvme_kernel,,1,16
B2,Tutti-deployed,4,0.3,2458,4096,256,188,750.639,1985.323,10067968,true,gpu_nvme_kernel,,1,16
B2,Tutti-deployed,4,0.3,2458,4096,256,189,742.863,1986.153,10067968,true,gpu_nvme_kernel,,1,16
B2,Tutti-deployed,4,0.3,2458,4096,256,190,745.196,1956.948,10067968,true,gpu_nvme_kernel,,1,16
B2,Tutti-deployed,4,0.3,2458,4096,256,191,740.066,1906.391,10067968,true,gpu_nvme_kernel,,1,16
B2,Tutti-deployed,4,0.3,2458,4096,256,192,734.339,1931.36,10067968,true,gpu_nvme_kernel,,1,16
B2,Tutti-deployed,4,0.3,2458,4096,256,193,734.721,1946.914,10067968,true,gpu_nvme_kernel,,1,16
B2,Tutti-deployed,4,0.3,2458,4096,256,194,734.336,2040.848,10067968,true,gpu_nvme_kernel,,1,16
B2,Tutti-deployed,4,0.3,2458,4096,256,195,739.704,1911.518,10067968,true,gpu_nvme_kernel,,1,16
B2,Tutti-deployed,4,0.3,2458,4096,256,196,748.148,2059.766,10067968,true,gpu_nvme_kernel,,1,16
B2,Tutti-deployed,4,0.3,2458,4096,256,197,737.485,1961.044,10067968,true,gpu_nvme_kernel,,1,16
B2,Tutti-deployed,4,0.3,2458,4096,256,198,733.667,1925.431,10067968,true,gpu_nvme_kernel,,1,16
B2,Tutti-deployed,4,0.3,2458,4096,256,199,737.197,2060.859,10067968,true,gpu_nvme_kernel,,1,16
B2,Tutti-deployed,4,0.3,2458,4096,256,0,748.715,1902.678,10067968,true,gpu_nvme_kernel,,3,16
B2,Tutti-deployed,16,0.067,2195,4096,256,0,680.689,1775.868,8990720,true,gpu_nvme_kernel,,2,16
B2,Tutti-deployed,16,0.067,2195,4096,256,0,674.325,1792.161,8990720,true,gpu_nvme_kernel,,0,16
B2,Tutti-deployed,16,0.067,2195,4096,256,1,661.442,1767.894,8990720,true,gpu_nvme_kernel,,0,16
B2,Tutti-deployed,16,0.067,2195,4096,256,2,660.319,1703.513,8990720,true,gpu_nvme_kernel,,0,16
B2,Tutti-deployed,16,0.067,2195,4096,256,3,678.319,1730.37,8990720,true,gpu_nvme_kernel,,0,16
B2,Tutti-deployed,16,0.067,2195,4096,256,4,666.333,1782,8990720,true,gpu_nvme_kernel,,0,16
B2,Tutti-deployed,16,0.067,2195,4096,256,5,677.823,1817.272,8990720,true,gpu_nvme_kernel,,0,16
B2,Tutti-deployed,16,0.067,2195,4096,256,6,667.898,1840.379,8990720,true,gpu_nvme_kernel,,0,16
B2,Tutti-deployed,16,0.067,2195,4096,256,7,660.501,1734.028,8990720,true,gpu_nvme_kernel,,0,16
B2,Tutti-deployed,16,0.067,2195,4096,256,8,658.166,1749.405,8990720,true,gpu_nvme_kernel,,0,16
B2,Tutti-deployed,16,0.067,2195,4096,256,9,669.539,1698.677,8990720,true,gpu_nvme_kernel,,0,16
B2,Tutti-deployed,16,0.067,2195,4096,256,0,673.457,1762.628,8990720,true,gpu_nvme_kernel,,1,16
B2,Tutti-deployed,16,0.067,2195,4096,256,1,673.745,1764.607,8990720,true,gpu_nvme_kernel,,1,16
B2,Tutti-deployed,16,0.067,2195,4096,256,2,656.095,1875.011,8990720,true,gpu_nvme_kernel,,1,16
B2,Tutti-deployed,16,0.067,2195,4096,256,3,658.482,1702.582,8990720,true,gpu_nvme_kernel,,1,16
B2,Tutti-deployed,16,0.067,2195,4096,256,4,661.141,1927.117,8990720,true,gpu_nvme_kernel,,1,16
B2,Tutti-deployed,16,0.067,2195,4096,256,5,668.008,1696.764,8990720,true,gpu_nvme_kernel,,1,16
B2,Tutti-deployed,16,0.067,2195,4096,256,6,668.745,1829.5,8990720,true,gpu_nvme_kernel,,1,16
B2,Tutti-deployed,16,0.067,2195,4096,256,7,662.276,1753.212,8990720,true,gpu_nvme_kernel,,1,16
B2,Tutti-deployed,16,0.067,2195,4096,256,8,660.745,1780.01,8990720,true,gpu_nvme_kernel,,1,16
B2,Tutti-deployed,16,0.067,2195,4096,256,9,671.751,1814.399,8990720,true,gpu_nvme_kernel,,1,16
B2,Tutti-deployed,16,0.067,2195,4096,256,10,657.02,1706.901,8990720,true,gpu_nvme_kernel,,1,16
B2,Tutti-deployed,16,0.067,2195,4096,256,11,664.344,1759.976,8990720,true,gpu_nvme_kernel,,1,16
B2,Tutti-deployed,16,0.067,2195,4096,256,12,662.885,1748.956,8990720,true,gpu_nvme_kernel,,1,16
B2,Tutti-deployed,16,0.067,2195,4096,256,13,658.742,1822.074,8990720,true,gpu_nvme_kernel,,1,16
B2,Tutti-deployed,16,0.067,2195,4096,256,14,666.385,1725.472,8990720,true,gpu_nvme_kernel,,1,16
B2,Tutti-deployed,16,0.067,2195,4096,256,15,671.479,1755.325,8990720,true,gpu_nvme_kernel,,1,16
B2,Tutti-deployed,16,0.067,2195,4096,256,16,657.115,1792.208,8990720,true,gpu_nvme_kernel,,1,16
B2,Tutti-deployed,16,0.067,2195,4096,256,17,672.631,1724.735,8990720,true,gpu_nvme_kernel,,1,16
B2,Tutti-deployed,16,0.067,2195,4096,256,18,664.213,1739.502,8990720,true,gpu_nvme_kernel,,1,16
B2,Tutti-deployed,16,0.067,2195,4096,256,19,670.056,1753.516,8990720,true,gpu_nvme_kernel,,1,16
B2,Tutti-deployed,16,0.067,2195,4096,256,20,665.689,1706.232,8990720,true,gpu_nvme_kernel,,1,16
B2,Tutti-deployed,16,0.067,2195,4096,256,21,668.495,1790.674,8990720,true,gpu_nvme_kernel,,1,16
B2,Tutti-deployed,16,0.067,2195,4096,256,22,660.582,1738.337,8990720,true,gpu_nvme_kernel,,1,16
B2,Tutti-deployed,16,0.067,2195,4096,256,23,675.11,1733.535,8990720,true,gpu_nvme_kernel,,1,16
B2,Tutti-deployed,16,0.067,2195,4096,256,24,676.017,1790.173,8990720,true,gpu_nvme_kernel,,1,16
B2,Tutti-deployed,16,0.067,2195,4096,256,25,667.222,1750.664,8990720,true,gpu_nvme_kernel,,1,16
B2,Tutti-deployed,16,0.067,2195,4096,256,26,672.635,1781.789,8990720,true,gpu_nvme_kernel,,1,16
B2,Tutti-deployed,16,0.067,2195,4096,256,27,670.209,1731.82,8990720,true,gpu_nvme_kernel,,1,16
B2,Tutti-deployed,16,0.067,2195,4096,256,28,656.937,1733.756,8990720,true,gpu_nvme_kernel,,1,16
B2,Tutti-deployed,16,0.067,2195,4096,256,29,658.288,1694.703,8990720,true,gpu_nvme_kernel,,1,16
B2,Tutti-deployed,16,0.067,2195,4096,256,30,657.541,1705.212,8990720,true,gpu_nvme_kernel,,1,16
B2,Tutti-deployed,16,0.067,2195,4096,256,31,666.756,1872.849,8990720,true,gpu_nvme_kernel,,1,16
B2,Tutti-deployed,16,0.067,2195,4096,256,32,667.992,1855.767,8990720,true,gpu_nvme_kernel,,1,16
B2,Tutti-deployed,16,0.067,2195,4096,256,33,661.425,1816.02,8990720,true,gpu_nvme_kernel,,1,16
B2,Tutti-deployed,16,0.067,2195,4096,256,34,661.751,1827.748,8990720,true,gpu_nvme_kernel,,1,16
B2,Tutti-deployed,16,0.067,2195,4096,256,35,678.262,1753.601,8990720,true,gpu_nvme_kernel,,1,16
B2,Tutti-deployed,16,0.067,2195,4096,256,36,673.547,1680.788,8990720,true,gpu_nvme_kernel,,1,16
B2,Tutti-deployed,16,0.067,2195,4096,256,37,659.362,1682.308,8990720,true,gpu_nvme_kernel,,1,16
B2,Tutti-deployed,16,0.067,2195,4096,256,38,663.01,1880.917,8990720,true,gpu_nvme_kernel,,1,16
B2,Tutti-deployed,16,0.067,2195,4096,256,39,660.842,1743.524,8990720,true,gpu_nvme_kernel,,1,16
B2,Tutti-deployed,16,0.067,2195,4096,256,40,670.603,1767.205,8990720,true,gpu_nvme_kernel,,1,16
B2,Tutti-deployed,16,0.067,2195,4096,256,41,670.304,1762.676,8990720,true,gpu_nvme_kernel,,1,16
B2,Tutti-deployed,16,0.067,2195,4096,256,42,668.876,1753.433,8990720,true,gpu_nvme_kernel,,1,16
B2,Tutti-deployed,16,0.067,2195,4096,256,43,658.528,1764.499,8990720,true,gpu_nvme_kernel,,1,16
B2,Tutti-deployed,16,0.067,2195,4096,256,44,673.378,1788.49,8990720,true,gpu_nvme_kernel,,1,16
B2,Tutti-deployed,16,0.067,2195,4096,256,45,657.203,1687.233,8990720,true,gpu_nvme_kernel,,1,16
B2,Tutti-deployed,16,0.067,2195,4096,256,46,660.892,1802.715,8990720,true,gpu_nvme_kernel,,1,16
B2,Tutti-deployed,16,0.067,2195,4096,256,47,661.598,1800.646,8990720,true,gpu_nvme_kernel,,1,16
B2,Tutti-deployed,16,0.067,2195,4096,256,48,672.657,1707.572,8990720,true,gpu_nvme_kernel,,1,16
B2,Tutti-deployed,16,0.067,2195,4096,256,49,662.906,1730.982,8990720,true,gpu_nvme_kernel,,1,16
B2,Tutti-deployed,16,0.067,2195,4096,256,50,662.08,1740.369,8990720,true,gpu_nvme_kernel,,1,16
B2,Tutti-deployed,16,0.067,2195,4096,256,51,664.864,1781.521,8990720,true,gpu_nvme_kernel,,1,16
B2,Tutti-deployed,16,0.067,2195,4096,256,52,661.923,1837.106,8990720,true,gpu_nvme_kernel,,1,16
B2,Tutti-deployed,16,0.067,2195,4096,256,53,664.021,1728.211,8990720,true,gpu_nvme_kernel,,1,16
B2,Tutti-deployed,16,0.067,2195,4096,256,54,670.468,1739.618,8990720,true,gpu_nvme_kernel,,1,16
B2,Tutti-deployed,16,0.067,2195,4096,256,55,661.102,1717.196,8990720,true,gpu_nvme_kernel,,1,16
B2,Tutti-deployed,16,0.067,2195,4096,256,56,752.672,1788.212,8990720,true,gpu_nvme_kernel,,1,16
B2,Tutti-deployed,16,0.067,2195,4096,256,57,663.09,1723.427,8990720,true,gpu_nvme_kernel,,1,16
B2,Tutti-deployed,16,0.067,2195,4096,256,58,677.731,1818.413,8990720,true,gpu_nvme_kernel,,1,16
B2,Tutti-deployed,16,0.067,2195,4096,256,59,665.568,1840.076,8990720,true,gpu_nvme_kernel,,1,16
B2,Tutti-deployed,16,0.067,2195,4096,256,60,665.659,1753.393,8990720,true,gpu_nvme_kernel,,1,16
B2,Tutti-deployed,16,0.067,2195,4096,256,61,664.58,1741.824,8990720,true,gpu_nvme_kernel,,1,16
B2,Tutti-deployed,16,0.067,2195,4096,256,62,671.617,1724.52,8990720,true,gpu_nvme_kernel,,1,16
B2,Tutti-deployed,16,0.067,2195,4096,256,63,658.462,1680.631,8990720,true,gpu_nvme_kernel,,1,16
B2,Tutti-deployed,16,0.067,2195,4096,256,64,674.705,1701.188,8990720,true,gpu_nvme_kernel,,1,16
B2,Tutti-deployed,16,0.067,2195,4096,256,65,672.852,1727.037,8990720,true,gpu_nvme_kernel,,1,16
B2,Tutti-deployed,16,0.067,2195,4096,256,66,664.032,1707.416,8990720,true,gpu_nvme_kernel,,1,16
B2,Tutti-deployed,16,0.067,2195,4096,256,67,666.516,1759.093,8990720,true,gpu_nvme_kernel,,1,16
B2,Tutti-deployed,16,0.067,2195,4096,256,68,663.868,1884.056,8990720,true,gpu_nvme_kernel,,1,16
B2,Tutti-deployed,16,0.067,2195,4096,256,69,671.875,1758.259,8990720,true,gpu_nvme_kernel,,1,16
B2,Tutti-deployed,16,0.067,2195,4096,256,70,661.638,1720.698,8990720,true,gpu_nvme_kernel,,1,16
B2,Tutti-deployed,16,0.067,2195,4096,256,71,662.84,1796.47,8990720,true,gpu_nvme_kernel,,1,16
B2,Tutti-deployed,16,0.067,2195,4096,256,72,661.581,1745.841,8990720,true,gpu_nvme_kernel,,1,16
B2,Tutti-deployed,16,0.067,2195,4096,256,73,672.146,1797.827,8990720,true,gpu_nvme_kernel,,1,16
B2,Tutti-deployed,16,0.067,2195,4096,256,74,658.325,1789.821,8990720,true,gpu_nvme_kernel,,1,16
B2,Tutti-deployed,16,0.067,2195,4096,256,75,668.294,1724.832,8990720,true,gpu_nvme_kernel,,1,16
B2,Tutti-deployed,16,0.067,2195,4096,256,76,684.938,1762.501,8990720,true,gpu_nvme_kernel,,1,16
B2,Tutti-deployed,16,0.067,2195,4096,256,77,666.621,1821.499,8990720,true,gpu_nvme_kernel,,1,16
B2,Tutti-deployed,16,0.067,2195,4096,256,78,669.829,1788.519,8990720,true,gpu_nvme_kernel,,1,16
B2,Tutti-deployed,16,0.067,2195,4096,256,79,674.25,1735.266,8990720,true,gpu_nvme_kernel,,1,16
B2,Tutti-deployed,16,0.067,2195,4096,256,80,666.344,1747.738,8990720,true,gpu_nvme_kernel,,1,16
B2,Tutti-deployed,16,0.067,2195,4096,256,81,664.163,1703.257,8990720,true,gpu_nvme_kernel,,1,16
B2,Tutti-deployed,16,0.067,2195,4096,256,82,663.331,1823.75,8990720,true,gpu_nvme_kernel,,1,16
B2,Tutti-deployed,16,0.067,2195,4096,256,83,657.162,1704.726,8990720,true,gpu_nvme_kernel,,1,16
B2,Tutti-deployed,16,0.067,2195,4096,256,84,674.366,1783.861,8990720,true,gpu_nvme_kernel,,1,16
B2,Tutti-deployed,16,0.067,2195,4096,256,85,665.25,1855.805,8990720,true,gpu_nvme_kernel,,1,16
B2,Tutti-deployed,16,0.067,2195,4096,256,86,657.685,1746.033,8990720,true,gpu_nvme_kernel,,1,16
B2,Tutti-deployed,16,0.067,2195,4096,256,87,656.642,1757.801,8990720,true,gpu_nvme_kernel,,1,16
B2,Tutti-deployed,16,0.067,2195,4096,256,88,661.608,1711.744,8990720,true,gpu_nvme_kernel,,1,16
B2,Tutti-deployed,16,0.067,2195,4096,256,89,669.726,1794.553,8990720,true,gpu_nvme_kernel,,1,16
B2,Tutti-deployed,16,0.067,2195,4096,256,90,666.683,1717.975,8990720,true,gpu_nvme_kernel,,1,16
B2,Tutti-deployed,16,0.067,2195,4096,256,91,658.311,1676.909,8990720,true,gpu_nvme_kernel,,1,16
B2,Tutti-deployed,16,0.067,2195,4096,256,92,665.65,1748.955,8990720,true,gpu_nvme_kernel,,1,16
B2,Tutti-deployed,16,0.067,2195,4096,256,93,663.683,1750.078,8990720,true,gpu_nvme_kernel,,1,16
B2,Tutti-deployed,16,0.067,2195,4096,256,94,659.528,1884.593,8990720,true,gpu_nvme_kernel,,1,16
B2,Tutti-deployed,16,0.067,2195,4096,256,95,665.512,1808.387,8990720,true,gpu_nvme_kernel,,1,16
B2,Tutti-deployed,16,0.067,2195,4096,256,96,663.871,1765.568,8990720,true,gpu_nvme_kernel,,1,16
B2,Tutti-deployed,16,0.067,2195,4096,256,97,659.954,1798.38,8990720,true,gpu_nvme_kernel,,1,16
B2,Tutti-deployed,16,0.067,2195,4096,256,98,658.321,1743.475,8990720,true,gpu_nvme_kernel,,1,16
B2,Tutti-deployed,16,0.067,2195,4096,256,99,674.535,1709.216,8990720,true,gpu_nvme_kernel,,1,16
B2,Tutti-deployed,16,0.067,2195,4096,256,100,663.898,1775.969,8990720,true,gpu_nvme_kernel,,1,16
B2,Tutti-deployed,16,0.067,2195,4096,256,101,660.113,1769.652,8990720,true,gpu_nvme_kernel,,1,16
B2,Tutti-deployed,16,0.067,2195,4096,256,102,667.086,1762.447,8990720,true,gpu_nvme_kernel,,1,16
B2,Tutti-deployed,16,0.067,2195,4096,256,103,660.088,1736.825,8990720,true,gpu_nvme_kernel,,1,16
B2,Tutti-deployed,16,0.067,2195,4096,256,104,656.698,1800.944,8990720,true,gpu_nvme_kernel,,1,16
B2,Tutti-deployed,16,0.067,2195,4096,256,105,661.261,1818.066,8990720,true,gpu_nvme_kernel,,1,16
B2,Tutti-deployed,16,0.067,2195,4096,256,106,671.436,1745.598,8990720,true,gpu_nvme_kernel,,1,16
B2,Tutti-deployed,16,0.067,2195,4096,256,107,666.507,1751.818,8990720,true,gpu_nvme_kernel,,1,16
B2,Tutti-deployed,16,0.067,2195,4096,256,108,679.479,1696.721,8990720,true,gpu_nvme_kernel,,1,16
B2,Tutti-deployed,16,0.067,2195,4096,256,109,665.605,1734.073,8990720,true,gpu_nvme_kernel,,1,16
B2,Tutti-deployed,16,0.067,2195,4096,256,110,676.183,1762.553,8990720,true,gpu_nvme_kernel,,1,16
B2,Tutti-deployed,16,0.067,2195,4096,256,111,675.18,1812.385,8990720,true,gpu_nvme_kernel,,1,16
B2,Tutti-deployed,16,0.067,2195,4096,256,112,662.859,1755.301,8990720,true,gpu_nvme_kernel,,1,16
B2,Tutti-deployed,16,0.067,2195,4096,256,113,657.352,1766.208,8990720,true,gpu_nvme_kernel,,1,16
B2,Tutti-deployed,16,0.067,2195,4096,256,114,667.852,1771.195,8990720,true,gpu_nvme_kernel,,1,16
B2,Tutti-deployed,16,0.067,2195,4096,256,115,658.364,1772.807,8990720,true,gpu_nvme_kernel,,1,16
B2,Tutti-deployed,16,0.067,2195,4096,256,116,666.474,1762.462,8990720,true,gpu_nvme_kernel,,1,16
B2,Tutti-deployed,16,0.067,2195,4096,256,117,658.473,1805.094,8990720,true,gpu_nvme_kernel,,1,16
B2,Tutti-deployed,16,0.067,2195,4096,256,118,672.588,1814.271,8990720,true,gpu_nvme_kernel,,1,16
B2,Tutti-deployed,16,0.067,2195,4096,256,119,668.143,1747.415,8990720,true,gpu_nvme_kernel,,1,16
B2,Tutti-deployed,16,0.067,2195,4096,256,120,664.067,1759.881,8990720,true,gpu_nvme_kernel,,1,16
B2,Tutti-deployed,16,0.067,2195,4096,256,121,661.938,1747.659,8990720,true,gpu_nvme_kernel,,1,16
B2,Tutti-deployed,16,0.067,2195,4096,256,122,659.491,1760.189,8990720,true,gpu_nvme_kernel,,1,16
B2,Tutti-deployed,16,0.067,2195,4096,256,123,670.677,1815.297,8990720,true,gpu_nvme_kernel,,1,16
B2,Tutti-deployed,16,0.067,2195,4096,256,124,659.824,1718.095,8990720,true,gpu_nvme_kernel,,1,16
B2,Tutti-deployed,16,0.067,2195,4096,256,125,665.651,1790.1,8990720,true,gpu_nvme_kernel,,1,16
B2,Tutti-deployed,16,0.067,2195,4096,256,126,660.852,1720.694,8990720,true,gpu_nvme_kernel,,1,16
B2,Tutti-deployed,16,0.067,2195,4096,256,127,671.311,1728.642,8990720,true,gpu_nvme_kernel,,1,16
B2,Tutti-deployed,16,0.067,2195,4096,256,128,679.808,1734.368,8990720,true,gpu_nvme_kernel,,1,16
B2,Tutti-deployed,16,0.067,2195,4096,256,129,661.164,1716.439,8990720,true,gpu_nvme_kernel,,1,16
B2,Tutti-deployed,16,0.067,2195,4096,256,130,669.204,1792.222,8990720,true,gpu_nvme_kernel,,1,16
B2,Tutti-deployed,16,0.067,2195,4096,256,131,675.951,1748.968,8990720,true,gpu_nvme_kernel,,1,16
B2,Tutti-deployed,16,0.067,2195,4096,256,132,665.429,1741.495,8990720,true,gpu_nvme_kernel,,1,16
B2,Tutti-deployed,16,0.067,2195,4096,256,133,660.534,1710.999,8990720,true,gpu_nvme_kernel,,1,16
B2,Tutti-deployed,16,0.067,2195,4096,256,134,660.188,1760.322,8990720,true,gpu_nvme_kernel,,1,16
B2,Tutti-deployed,16,0.067,2195,4096,256,135,677.336,1932.808,8990720,true,gpu_nvme_kernel,,1,16
B2,Tutti-deployed,16,0.067,2195,4096,256,136,672.941,1773.663,8990720,true,gpu_nvme_kernel,,1,16
B2,Tutti-deployed,16,0.067,2195,4096,256,137,664.549,1889.951,8990720,true,gpu_nvme_kernel,,1,16
B2,Tutti-deployed,16,0.067,2195,4096,256,138,684.572,1771.862,8990720,true,gpu_nvme_kernel,,1,16
B2,Tutti-deployed,16,0.067,2195,4096,256,139,660.881,1688.979,8990720,true,gpu_nvme_kernel,,1,16
B2,Tutti-deployed,16,0.067,2195,4096,256,140,659.072,1702.237,8990720,true,gpu_nvme_kernel,,1,16
B2,Tutti-deployed,16,0.067,2195,4096,256,141,675.091,1767.13,8990720,true,gpu_nvme_kernel,,1,16
B2,Tutti-deployed,16,0.067,2195,4096,256,142,661.544,1818.705,8990720,true,gpu_nvme_kernel,,1,16
B2,Tutti-deployed,16,0.067,2195,4096,256,143,659.503,1703.972,8990720,true,gpu_nvme_kernel,,1,16
B2,Tutti-deployed,16,0.067,2195,4096,256,144,665.578,1831.339,8990720,true,gpu_nvme_kernel,,1,16
B2,Tutti-deployed,16,0.067,2195,4096,256,145,669.063,1786.974,8990720,true,gpu_nvme_kernel,,1,16
B2,Tutti-deployed,16,0.067,2195,4096,256,146,665.625,1810.882,8990720,true,gpu_nvme_kernel,,1,16
B2,Tutti-deployed,16,0.067,2195,4096,256,147,665.878,1854.024,8990720,true,gpu_nvme_kernel,,1,16
B2,Tutti-deployed,16,0.067,2195,4096,256,148,669.339,1728.414,8990720,true,gpu_nvme_kernel,,1,16
B2,Tutti-deployed,16,0.067,2195,4096,256,149,676.397,1772.264,8990720,true,gpu_nvme_kernel,,1,16
B2,Tutti-deployed,16,0.067,2195,4096,256,150,673.159,1754.667,8990720,true,gpu_nvme_kernel,,1,16
B2,Tutti-deployed,16,0.067,2195,4096,256,151,664.086,1744.89,8990720,true,gpu_nvme_kernel,,1,16
B2,Tutti-deployed,16,0.067,2195,4096,256,152,656.483,1805.713,8990720,true,gpu_nvme_kernel,,1,16
B2,Tutti-deployed,16,0.067,2195,4096,256,153,677.11,1720.633,8990720,true,gpu_nvme_kernel,,1,16
B2,Tutti-deployed,16,0.067,2195,4096,256,154,671.592,1785.924,8990720,true,gpu_nvme_kernel,,1,16
B2,Tutti-deployed,16,0.067,2195,4096,256,155,659.772,1681.223,8990720,true,gpu_nvme_kernel,,1,16
B2,Tutti-deployed,16,0.067,2195,4096,256,156,655.926,1831.93,8990720,true,gpu_nvme_kernel,,1,16
B2,Tutti-deployed,16,0.067,2195,4096,256,157,664.678,1781.849,8990720,true,gpu_nvme_kernel,,1,16
B2,Tutti-deployed,16,0.067,2195,4096,256,158,681.477,1754.27,8990720,true,gpu_nvme_kernel,,1,16
B2,Tutti-deployed,16,0.067,2195,4096,256,159,668.74,1764.996,8990720,true,gpu_nvme_kernel,,1,16
B2,Tutti-deployed,16,0.067,2195,4096,256,160,664.33,1874.68,8990720,true,gpu_nvme_kernel,,1,16
B2,Tutti-deployed,16,0.067,2195,4096,256,161,676.664,1775.823,8990720,true,gpu_nvme_kernel,,1,16
B2,Tutti-deployed,16,0.067,2195,4096,256,162,667.169,1683.746,8990720,true,gpu_nvme_kernel,,1,16
B2,Tutti-deployed,16,0.067,2195,4096,256,163,660.859,1772.421,8990720,true,gpu_nvme_kernel,,1,16
B2,Tutti-deployed,16,0.067,2195,4096,256,164,672.939,1797.197,8990720,true,gpu_nvme_kernel,,1,16
B2,Tutti-deployed,16,0.067,2195,4096,256,165,660.842,1767.759,8990720,true,gpu_nvme_kernel,,1,16
B2,Tutti-deployed,16,0.067,2195,4096,256,166,678.715,1769.383,8990720,true,gpu_nvme_kernel,,1,16
B2,Tutti-deployed,16,0.067,2195,4096,256,167,663.056,1788.545,8990720,true,gpu_nvme_kernel,,1,16
B2,Tutti-deployed,16,0.067,2195,4096,256,168,664.508,1765.188,8990720,true,gpu_nvme_kernel,,1,16
B2,Tutti-deployed,16,0.067,2195,4096,256,169,666.919,1782.03,8990720,true,gpu_nvme_kernel,,1,16
B2,Tutti-deployed,16,0.067,2195,4096,256,170,668.796,1739.96,8990720,true,gpu_nvme_kernel,,1,16
B2,Tutti-deployed,16,0.067,2195,4096,256,171,680.701,1758.976,8990720,true,gpu_nvme_kernel,,1,16
B2,Tutti-deployed,16,0.067,2195,4096,256,172,658.458,1727.899,8990720,true,gpu_nvme_kernel,,1,16
B2,Tutti-deployed,16,0.067,2195,4096,256,173,663.93,1763.493,8990720,true,gpu_nvme_kernel,,1,16
B2,Tutti-deployed,16,0.067,2195,4096,256,174,669.604,1769.322,8990720,true,gpu_nvme_kernel,,1,16
B2,Tutti-deployed,16,0.067,2195,4096,256,175,669.261,1766.605,8990720,true,gpu_nvme_kernel,,1,16
B2,Tutti-deployed,16,0.067,2195,4096,256,176,662.316,1796.425,8990720,true,gpu_nvme_kernel,,1,16
B2,Tutti-deployed,16,0.067,2195,4096,256,177,671.671,1748.979,8990720,true,gpu_nvme_kernel,,1,16
B2,Tutti-deployed,16,0.067,2195,4096,256,178,661.073,1735.8,8990720,true,gpu_nvme_kernel,,1,16
B2,Tutti-deployed,16,0.067,2195,4096,256,179,671.69,1794.342,8990720,true,gpu_nvme_kernel,,1,16
B2,Tutti-deployed,16,0.067,2195,4096,256,180,659.437,1779.518,8990720,true,gpu_nvme_kernel,,1,16
B2,Tutti-deployed,16,0.067,2195,4096,256,181,656.64,1830.909,8990720,true,gpu_nvme_kernel,,1,16
B2,Tutti-deployed,16,0.067,2195,4096,256,182,672.322,1766.717,8990720,true,gpu_nvme_kernel,,1,16
B2,Tutti-deployed,16,0.067,2195,4096,256,183,662.122,1737.627,8990720,true,gpu_nvme_kernel,,1,16
B2,Tutti-deployed,16,0.067,2195,4096,256,184,668.24,1787.093,8990720,true,gpu_nvme_kernel,,1,16
B2,Tutti-deployed,16,0.067,2195,4096,256,185,666.388,1824.327,8990720,true,gpu_nvme_kernel,,1,16
B2,Tutti-deployed,16,0.067,2195,4096,256,186,663.261,1748.108,8990720,true,gpu_nvme_kernel,,1,16
B2,Tutti-deployed,16,0.067,2195,4096,256,187,661.079,1848.248,8990720,true,gpu_nvme_kernel,,1,16
B2,Tutti-deployed,16,0.067,2195,4096,256,188,659.07,1689.371,8990720,true,gpu_nvme_kernel,,1,16
B2,Tutti-deployed,16,0.067,2195,4096,256,189,663.317,1756.401,8990720,true,gpu_nvme_kernel,,1,16
B2,Tutti-deployed,16,0.067,2195,4096,256,190,673.658,1764.482,8990720,true,gpu_nvme_kernel,,1,16
B2,Tutti-deployed,16,0.067,2195,4096,256,191,670.285,1767.027,8990720,true,gpu_nvme_kernel,,1,16
B2,Tutti-deployed,16,0.067,2195,4096,256,192,659.938,1720.695,8990720,true,gpu_nvme_kernel,,1,16
B2,Tutti-deployed,16,0.067,2195,4096,256,193,673.732,1812.235,8990720,true,gpu_nvme_kernel,,1,16
B2,Tutti-deployed,16,0.067,2195,4096,256,194,664.242,1658.732,8990720,true,gpu_nvme_kernel,,1,16
B2,Tutti-deployed,16,0.067,2195,4096,256,195,663.573,1804.819,8990720,true,gpu_nvme_kernel,,1,16
B2,Tutti-deployed,16,0.067,2195,4096,256,196,674.105,1797.285,8990720,true,gpu_nvme_kernel,,1,16
B2,Tutti-deployed,16,0.067,2195,4096,256,197,680.9,1767.659,8990720,true,gpu_nvme_kernel,,1,16
B2,Tutti-deployed,16,0.067,2195,4096,256,198,674.128,1724.705,8990720,true,gpu_nvme_kernel,,1,16
B2,Tutti-deployed,16,0.067,2195,4096,256,199,660.383,1712.243,8990720,true,gpu_nvme_kernel,,1,16
B2,Tutti-deployed,16,0.067,2195,4096,256,0,661.373,1756.571,8990720,true,gpu_nvme_kernel,,3,16
B2,Tutti-deployed,16,0.134,4391,4096,256,0,1320.146,3322.904,17985536,true,gpu_nvme_kernel,,2,16
B2,Tutti-deployed,16,0.134,4391,4096,256,0,1315.617,3516.385,17985536,true,gpu_nvme_kernel,,0,16
B2,Tutti-deployed,16,0.134,4391,4096,256,1,1314.011,3450.116,17985536,true,gpu_nvme_kernel,,0,16
B2,Tutti-deployed,16,0.134,4391,4096,256,2,1316.792,3394.404,17985536,true,gpu_nvme_kernel,,0,16
B2,Tutti-deployed,16,0.134,4391,4096,256,3,1316.66,3318.455,17985536,true,gpu_nvme_kernel,,0,16
B2,Tutti-deployed,16,0.134,4391,4096,256,4,1319.28,3386.037,17985536,true,gpu_nvme_kernel,,0,16
B2,Tutti-deployed,16,0.134,4391,4096,256,5,1304.832,3376.305,17985536,true,gpu_nvme_kernel,,0,16
B2,Tutti-deployed,16,0.134,4391,4096,256,6,1326.146,3460.184,17985536,true,gpu_nvme_kernel,,0,16
B2,Tutti-deployed,16,0.134,4391,4096,256,7,1322,3359.493,17985536,true,gpu_nvme_kernel,,0,16
B2,Tutti-deployed,16,0.134,4391,4096,256,8,1328.701,3378.271,17985536,true,gpu_nvme_kernel,,0,16
B2,Tutti-deployed,16,0.134,4391,4096,256,9,1323.116,3414.017,17985536,true,gpu_nvme_kernel,,0,16
B2,Tutti-deployed,16,0.134,4391,4096,256,0,1354.517,3430.654,17985536,true,gpu_nvme_kernel,,1,16
B2,Tutti-deployed,16,0.134,4391,4096,256,1,1323.09,3416.377,17985536,true,gpu_nvme_kernel,,1,16
B2,Tutti-deployed,16,0.134,4391,4096,256,2,1330.581,3445.707,17985536,true,gpu_nvme_kernel,,1,16
B2,Tutti-deployed,16,0.134,4391,4096,256,3,1311.945,3470.711,17985536,true,gpu_nvme_kernel,,1,16
B2,Tutti-deployed,16,0.134,4391,4096,256,4,1317.805,3293.5,17985536,true,gpu_nvme_kernel,,1,16
B2,Tutti-deployed,16,0.134,4391,4096,256,5,1313.567,3423.229,17985536,true,gpu_nvme_kernel,,1,16
B2,Tutti-deployed,16,0.134,4391,4096,256,6,1323.333,3410.997,17985536,true,gpu_nvme_kernel,,1,16
B2,Tutti-deployed,16,0.134,4391,4096,256,7,1311.966,3344.139,17985536,true,gpu_nvme_kernel,,1,16
B2,Tutti-deployed,16,0.134,4391,4096,256,8,1306.261,3384.476,17985536,true,gpu_nvme_kernel,,1,16
B2,Tutti-deployed,16,0.134,4391,4096,256,9,1339.781,3446.3,17985536,true,gpu_nvme_kernel,,1,16
B2,Tutti-deployed,16,0.134,4391,4096,256,10,1306.752,3560.143,17985536,true,gpu_nvme_kernel,,1,16
B2,Tutti-deployed,16,0.134,4391,4096,256,11,1326.109,3379.137,17985536,true,gpu_nvme_kernel,,1,16
B2,Tutti-deployed,16,0.134,4391,4096,256,12,1310.919,3358.785,17985536,true,gpu_nvme_kernel,,1,16
B2,Tutti-deployed,16,0.134,4391,4096,256,13,1302.476,3475.588,17985536,true,gpu_nvme_kernel,,1,16
B2,Tutti-deployed,16,0.134,4391,4096,256,14,1319.631,3394.942,17985536,true,gpu_nvme_kernel,,1,16
B2,Tutti-deployed,16,0.134,4391,4096,256,15,1337.159,3472.05,17985536,true,gpu_nvme_kernel,,1,16
B2,Tutti-deployed,16,0.134,4391,4096,256,16,1310.098,3477.498,17985536,true,gpu_nvme_kernel,,1,16
B2,Tutti-deployed,16,0.134,4391,4096,256,17,1342.78,3531.364,17985536,true,gpu_nvme_kernel,,1,16
B2,Tutti-deployed,16,0.134,4391,4096,256,18,1325.531,3511.026,17985536,true,gpu_nvme_kernel,,1,16
B2,Tutti-deployed,16,0.134,4391,4096,256,19,1327.9,3466.437,17985536,true,gpu_nvme_kernel,,1,16
B2,Tutti-deployed,16,0.134,4391,4096,256,20,1310.003,3400.804,17985536,true,gpu_nvme_kernel,,1,16
B2,Tutti-deployed,16,0.134,4391,4096,256,21,1315.622,3385.998,17985536,true,gpu_nvme_kernel,,1,16
B2,Tutti-deployed,16,0.134,4391,4096,256,22,1332.572,3441.401,17985536,true,gpu_nvme_kernel,,1,16
B2,Tutti-deployed,16,0.134,4391,4096,256,23,1324.588,3324.178,17985536,true,gpu_nvme_kernel,,1,16
B2,Tutti-deployed,16,0.134,4391,4096,256,24,1310.405,3472.629,17985536,true,gpu_nvme_kernel,,1,16
B2,Tutti-deployed,16,0.134,4391,4096,256,25,1317.973,3472.655,17985536,true,gpu_nvme_kernel,,1,16
B2,Tutti-deployed,16,0.134,4391,4096,256,26,1315.729,3524.693,17985536,true,gpu_nvme_kernel,,1,16
B2,Tutti-deployed,16,0.134,4391,4096,256,27,1318.379,3359.695,17985536,true,gpu_nvme_kernel,,1,16
B2,Tutti-deployed,16,0.134,4391,4096,256,28,1330.562,3454.47,17985536,true,gpu_nvme_kernel,,1,16
B2,Tutti-deployed,16,0.134,4391,4096,256,29,1326.897,3385.679,17985536,true,gpu_nvme_kernel,,1,16
B2,Tutti-deployed,16,0.134,4391,4096,256,30,1315.793,3398.501,17985536,true,gpu_nvme_kernel,,1,16
B2,Tutti-deployed,16,0.134,4391,4096,256,31,1318.648,3457.785,17985536,true,gpu_nvme_kernel,,1,16
B2,Tutti-deployed,16,0.134,4391,4096,256,32,1325.922,3382.624,17985536,true,gpu_nvme_kernel,,1,16
B2,Tutti-deployed,16,0.134,4391,4096,256,33,1325.337,3525.91,17985536,true,gpu_nvme_kernel,,1,16
B2,Tutti-deployed,16,0.134,4391,4096,256,34,1303.592,3456.133,17985536,true,gpu_nvme_kernel,,1,16
B2,Tutti-deployed,16,0.134,4391,4096,256,35,1325.404,3386.753,17985536,true,gpu_nvme_kernel,,1,16
B2,Tutti-deployed,16,0.134,4391,4096,256,36,1554.637,3463.376,17985536,true,gpu_nvme_kernel,,1,16
B2,Tutti-deployed,16,0.134,4391,4096,256,37,1524.545,3557.12,17985536,true,gpu_nvme_kernel,,1,16
B2,Tutti-deployed,16,0.134,4391,4096,256,38,1508.631,3375.841,17985536,true,gpu_nvme_kernel,,1,16
B2,Tutti-deployed,16,0.134,4391,4096,256,39,1510.56,3502.484,17985536,true,gpu_nvme_kernel,,1,16
B2,Tutti-deployed,16,0.134,4391,4096,256,40,1504.256,3338.26,17985536,true,gpu_nvme_kernel,,1,16
B2,Tutti-deployed,16,0.134,4391,4096,256,41,1523.922,3377.57,17985536,true,gpu_nvme_kernel,,1,16
B2,Tutti-deployed,16,0.134,4391,4096,256,42,1510.065,3422.367,17985536,true,gpu_nvme_kernel,,1,16
B2,Tutti-deployed,16,0.134,4391,4096,256,43,1516.097,3478.184,17985536,true,gpu_nvme_kernel,,1,16
B2,Tutti-deployed,16,0.134,4391,4096,256,44,1522.648,3410.764,17985536,true,gpu_nvme_kernel,,1,16
B2,Tutti-deployed,16,0.134,4391,4096,256,45,1523.579,3403.174,17985536,true,gpu_nvme_kernel,,1,16
B2,Tutti-deployed,16,0.134,4391,4096,256,46,1516.437,3609.914,17985536,true,gpu_nvme_kernel,,1,16
B2,Tutti-deployed,16,0.134,4391,4096,256,47,1524.286,3446.91,17985536,true,gpu_nvme_kernel,,1,16
B2,Tutti-deployed,16,0.134,4391,4096,256,48,1532.043,3453.237,17985536,true,gpu_nvme_kernel,,1,16
B2,Tutti-deployed,16,0.134,4391,4096,256,49,1526.134,3440.182,17985536,true,gpu_nvme_kernel,,1,16
B2,Tutti-deployed,16,0.134,4391,4096,256,50,1507.481,3479.084,17985536,true,gpu_nvme_kernel,,1,16
B2,Tutti-deployed,16,0.134,4391,4096,256,51,1532.229,3464.861,17985536,true,gpu_nvme_kernel,,1,16
B2,Tutti-deployed,16,0.134,4391,4096,256,52,1501.335,3502.213,17985536,true,gpu_nvme_kernel,,1,16
B2,Tutti-deployed,16,0.134,4391,4096,256,53,1524.998,3329.465,17985536,true,gpu_nvme_kernel,,1,16
B2,Tutti-deployed,16,0.134,4391,4096,256,54,1507.503,3484.173,17985536,true,gpu_nvme_kernel,,1,16
B2,Tutti-deployed,16,0.134,4391,4096,256,55,1519.798,3423.947,17985536,true,gpu_nvme_kernel,,1,16
B2,Tutti-deployed,16,0.134,4391,4096,256,56,1523.146,3457.159,17985536,true,gpu_nvme_kernel,,1,16
B2,Tutti-deployed,16,0.134,4391,4096,256,57,1511.613,3374.66,17985536,true,gpu_nvme_kernel,,1,16
B2,Tutti-deployed,16,0.134,4391,4096,256,58,1513.762,3509.829,17985536,true,gpu_nvme_kernel,,1,16
B2,Tutti-deployed,16,0.134,4391,4096,256,59,1528.984,3488.144,17985536,true,gpu_nvme_kernel,,1,16
B2,Tutti-deployed,16,0.134,4391,4096,256,60,1532.435,3392.866,17985536,true,gpu_nvme_kernel,,1,16
B2,Tutti-deployed,16,0.134,4391,4096,256,61,1527.987,3522.914,17985536,true,gpu_nvme_kernel,,1,16
B2,Tutti-deployed,16,0.134,4391,4096,256,62,1520.219,3384.594,17985536,true,gpu_nvme_kernel,,1,16
B2,Tutti-deployed,16,0.134,4391,4096,256,63,1506.033,3615.287,17985536,true,gpu_nvme_kernel,,1,16
B2,Tutti-deployed,16,0.134,4391,4096,256,64,1510.504,3516.518,17985536,true,gpu_nvme_kernel,,1,16
B2,Tutti-deployed,16,0.134,4391,4096,256,65,1505.182,3408.676,17985536,true,gpu_nvme_kernel,,1,16
B2,Tutti-deployed,16,0.134,4391,4096,256,66,1517.422,3468.943,17985536,true,gpu_nvme_kernel,,1,16
B2,Tutti-deployed,16,0.134,4391,4096,256,67,1511.29,3505.292,17985536,true,gpu_nvme_kernel,,1,16
B2,Tutti-deployed,16,0.134,4391,4096,256,68,1523.297,3460.929,17985536,true,gpu_nvme_kernel,,1,16
B2,Tutti-deployed,16,0.134,4391,4096,256,69,1523.566,3574.63,17985536,true,gpu_nvme_kernel,,1,16
B2,Tutti-deployed,16,0.134,4391,4096,256,70,1501.175,3553.162,17985536,true,gpu_nvme_kernel,,1,16
B2,Tutti-deployed,16,0.134,4391,4096,256,71,1517.007,3442.953,17985536,true,gpu_nvme_kernel,,1,16
B2,Tutti-deployed,16,0.134,4391,4096,256,72,1503.878,3465.274,17985536,true,gpu_nvme_kernel,,1,16
B2,Tutti-deployed,16,0.134,4391,4096,256,73,1521.651,3472.107,17985536,true,gpu_nvme_kernel,,1,16
B2,Tutti-deployed,16,0.134,4391,4096,256,74,1520.349,3507.179,17985536,true,gpu_nvme_kernel,,1,16
B2,Tutti-deployed,16,0.134,4391,4096,256,75,1513.458,3583.283,17985536,true,gpu_nvme_kernel,,1,16
B2,Tutti-deployed,16,0.134,4391,4096,256,76,1516.026,3350.276,17985536,true,gpu_nvme_kernel,,1,16
B2,Tutti-deployed,16,0.134,4391,4096,256,77,1508.285,3481.168,17985536,true,gpu_nvme_kernel,,1,16
B2,Tutti-deployed,16,0.134,4391,4096,256,78,1522.6,3431.027,17985536,true,gpu_nvme_kernel,,1,16
B2,Tutti-deployed,16,0.134,4391,4096,256,79,1515.337,3421.081,17985536,true,gpu_nvme_kernel,,1,16
B2,Tutti-deployed,16,0.134,4391,4096,256,80,1500.3,3438.65,17985536,true,gpu_nvme_kernel,,1,16
B2,Tutti-deployed,16,0.134,4391,4096,256,81,1513.07,3459.328,17985536,true,gpu_nvme_kernel,,1,16
B2,Tutti-deployed,16,0.134,4391,4096,256,82,1504.018,3422.559,17985536,true,gpu_nvme_kernel,,1,16
B2,Tutti-deployed,16,0.134,4391,4096,256,83,1515.353,3407.389,17985536,true,gpu_nvme_kernel,,1,16
B2,Tutti-deployed,16,0.134,4391,4096,256,84,1532.793,3417.291,17985536,true,gpu_nvme_kernel,,1,16
B2,Tutti-deployed,16,0.134,4391,4096,256,85,1532.834,3457.212,17985536,true,gpu_nvme_kernel,,1,16
B2,Tutti-deployed,16,0.134,4391,4096,256,86,1520.78,3462.725,17985536,true,gpu_nvme_kernel,,1,16
B2,Tutti-deployed,16,0.134,4391,4096,256,87,1524.887,3509.967,17985536,true,gpu_nvme_kernel,,1,16
B2,Tutti-deployed,16,0.134,4391,4096,256,88,1514.369,3404.807,17985536,true,gpu_nvme_kernel,,1,16
B2,Tutti-deployed,16,0.134,4391,4096,256,89,1538.452,3477.62,17985536,true,gpu_nvme_kernel,,1,16
B2,Tutti-deployed,16,0.134,4391,4096,256,90,1526.794,3455.069,17985536,true,gpu_nvme_kernel,,1,16
B2,Tutti-deployed,16,0.134,4391,4096,256,91,1516.775,3446.211,17985536,true,gpu_nvme_kernel,,1,16
B2,Tutti-deployed,16,0.134,4391,4096,256,92,1508.899,3496.39,17985536,true,gpu_nvme_kernel,,1,16
B2,Tutti-deployed,16,0.134,4391,4096,256,93,1516.46,3422.183,17985536,true,gpu_nvme_kernel,,1,16
B2,Tutti-deployed,16,0.134,4391,4096,256,94,1536.467,3406.543,17985536,true,gpu_nvme_kernel,,1,16
B2,Tutti-deployed,16,0.134,4391,4096,256,95,1510.225,3436.572,17985536,true,gpu_nvme_kernel,,1,16
B2,Tutti-deployed,16,0.134,4391,4096,256,96,1511.904,3434.966,17985536,true,gpu_nvme_kernel,,1,16
B2,Tutti-deployed,16,0.134,4391,4096,256,97,1513.958,3395.845,17985536,true,gpu_nvme_kernel,,1,16
B2,Tutti-deployed,16,0.134,4391,4096,256,98,1501.495,3332.582,17985536,true,gpu_nvme_kernel,,1,16
B2,Tutti-deployed,16,0.134,4391,4096,256,99,1524.425,3406.41,17985536,true,gpu_nvme_kernel,,1,16
B2,Tutti-deployed,16,0.134,4391,4096,256,100,1504.089,3532.377,17985536,true,gpu_nvme_kernel,,1,16
B2,Tutti-deployed,16,0.134,4391,4096,256,101,1514.156,3519.528,17985536,true,gpu_nvme_kernel,,1,16
B2,Tutti-deployed,16,0.134,4391,4096,256,102,1517.729,3525.767,17985536,true,gpu_nvme_kernel,,1,16
B2,Tutti-deployed,16,0.134,4391,4096,256,103,1525.677,3354.497,17985536,true,gpu_nvme_kernel,,1,16
B2,Tutti-deployed,16,0.134,4391,4096,256,104,1531.219,3390.024,17985536,true,gpu_nvme_kernel,,1,16
B2,Tutti-deployed,16,0.134,4391,4096,256,105,1522.27,3353.534,17985536,true,gpu_nvme_kernel,,1,16
B2,Tutti-deployed,16,0.134,4391,4096,256,106,1510.838,3374.746,17985536,true,gpu_nvme_kernel,,1,16
B2,Tutti-deployed,16,0.134,4391,4096,256,107,1520.262,3469.116,17985536,true,gpu_nvme_kernel,,1,16
B2,Tutti-deployed,16,0.134,4391,4096,256,108,1497.34,3433.462,17985536,true,gpu_nvme_kernel,,1,16
B2,Tutti-deployed,16,0.134,4391,4096,256,109,1514.828,3499.359,17985536,true,gpu_nvme_kernel,,1,16
B2,Tutti-deployed,16,0.134,4391,4096,256,110,1511.872,3454.022,17985536,true,gpu_nvme_kernel,,1,16
B2,Tutti-deployed,16,0.134,4391,4096,256,111,1522.773,3346.709,17985536,true,gpu_nvme_kernel,,1,16
B2,Tutti-deployed,16,0.134,4391,4096,256,112,1510.656,3475.855,17985536,true,gpu_nvme_kernel,,1,16
B2,Tutti-deployed,16,0.134,4391,4096,256,113,1506.068,3455.355,17985536,true,gpu_nvme_kernel,,1,16
B2,Tutti-deployed,16,0.134,4391,4096,256,114,1506.506,3448.984,17985536,true,gpu_nvme_kernel,,1,16
B2,Tutti-deployed,16,0.134,4391,4096,256,115,1533.97,3413.612,17985536,true,gpu_nvme_kernel,,1,16
B2,Tutti-deployed,16,0.134,4391,4096,256,116,1507.393,3504.95,17985536,true,gpu_nvme_kernel,,1,16
B2,Tutti-deployed,16,0.134,4391,4096,256,117,1523.422,3426.196,17985536,true,gpu_nvme_kernel,,1,16
B2,Tutti-deployed,16,0.134,4391,4096,256,118,1511.834,3462.598,17985536,true,gpu_nvme_kernel,,1,16
B2,Tutti-deployed,16,0.134,4391,4096,256,119,1516.696,3496.017,17985536,true,gpu_nvme_kernel,,1,16
B2,Tutti-deployed,16,0.134,4391,4096,256,120,1522.212,3423.117,17985536,true,gpu_nvme_kernel,,1,16
B2,Tutti-deployed,16,0.134,4391,4096,256,121,1533.047,3467.015,17985536,true,gpu_nvme_kernel,,1,16
B2,Tutti-deployed,16,0.134,4391,4096,256,122,1519.016,3509.407,17985536,true,gpu_nvme_kernel,,1,16
B2,Tutti-deployed,16,0.134,4391,4096,256,123,1508.232,3505.477,17985536,true,gpu_nvme_kernel,,1,16
B2,Tutti-deployed,16,0.134,4391,4096,256,124,1508.494,3470.291,17985536,true,gpu_nvme_kernel,,1,16
B2,Tutti-deployed,16,0.134,4391,4096,256,125,1307.042,3464.384,17985536,true,gpu_nvme_kernel,,1,16
B2,Tutti-deployed,16,0.134,4391,4096,256,126,1302.41,3379.798,17985536,true,gpu_nvme_kernel,,1,16
B2,Tutti-deployed,16,0.134,4391,4096,256,127,1312.269,3407.147,17985536,true,gpu_nvme_kernel,,1,16
B2,Tutti-deployed,16,0.134,4391,4096,256,128,1310.072,3565.391,17985536,true,gpu_nvme_kernel,,1,16
B2,Tutti-deployed,16,0.134,4391,4096,256,129,1316.821,3310.912,17985536,true,gpu_nvme_kernel,,1,16
B2,Tutti-deployed,16,0.134,4391,4096,256,130,1317.152,3390.347,17985536,true,gpu_nvme_kernel,,1,16
B2,Tutti-deployed,16,0.134,4391,4096,256,131,1307.782,3410.603,17985536,true,gpu_nvme_kernel,,1,16
B2,Tutti-deployed,16,0.134,4391,4096,256,132,1297.007,3471.748,17985536,true,gpu_nvme_kernel,,1,16
B2,Tutti-deployed,16,0.134,4391,4096,256,133,1305.203,3362.991,17985536,true,gpu_nvme_kernel,,1,16
B2,Tutti-deployed,16,0.134,4391,4096,256,134,1311.976,3570.761,17985536,true,gpu_nvme_kernel,,1,16
B2,Tutti-deployed,16,0.134,4391,4096,256,135,1311.028,3346.453,17985536,true,gpu_nvme_kernel,,1,16
B2,Tutti-deployed,16,0.134,4391,4096,256,136,1311.122,3382.915,17985536,true,gpu_nvme_kernel,,1,16
B2,Tutti-deployed,16,0.134,4391,4096,256,137,1305.474,3426.237,17985536,true,gpu_nvme_kernel,,1,16
B2,Tutti-deployed,16,0.134,4391,4096,256,138,1307.962,3405.991,17985536,true,gpu_nvme_kernel,,1,16
B2,Tutti-deployed,16,0.134,4391,4096,256,139,1300.257,3528.348,17985536,true,gpu_nvme_kernel,,1,16
B2,Tutti-deployed,16,0.134,4391,4096,256,140,1305.194,3418.669,17985536,true,gpu_nvme_kernel,,1,16
B2,Tutti-deployed,16,0.134,4391,4096,256,141,1305.858,3358.582,17985536,true,gpu_nvme_kernel,,1,16
B2,Tutti-deployed,16,0.134,4391,4096,256,142,1305.862,3325.276,17985536,true,gpu_nvme_kernel,,1,16
B2,Tutti-deployed,16,0.134,4391,4096,256,143,1323.296,3526.141,17985536,true,gpu_nvme_kernel,,1,16
B2,Tutti-deployed,16,0.134,4391,4096,256,144,1316.937,3357.614,17985536,true,gpu_nvme_kernel,,1,16
B2,Tutti-deployed,16,0.134,4391,4096,256,145,1322.912,3381.778,17985536,true,gpu_nvme_kernel,,1,16
B2,Tutti-deployed,16,0.134,4391,4096,256,146,1321.92,3359.389,17985536,true,gpu_nvme_kernel,,1,16
B2,Tutti-deployed,16,0.134,4391,4096,256,147,1307.961,3493.034,17985536,true,gpu_nvme_kernel,,1,16
B2,Tutti-deployed,16,0.134,4391,4096,256,148,1314.391,3406.585,17985536,true,gpu_nvme_kernel,,1,16
B2,Tutti-deployed,16,0.134,4391,4096,256,149,1301.368,3405.942,17985536,true,gpu_nvme_kernel,,1,16
B2,Tutti-deployed,16,0.134,4391,4096,256,150,1319.337,3313.478,17985536,true,gpu_nvme_kernel,,1,16
B2,Tutti-deployed,16,0.134,4391,4096,256,151,1308.598,3466.223,17985536,true,gpu_nvme_kernel,,1,16
B2,Tutti-deployed,16,0.134,4391,4096,256,152,1311.314,3386.672,17985536,true,gpu_nvme_kernel,,1,16
B2,Tutti-deployed,16,0.134,4391,4096,256,153,1307.275,3462.579,17985536,true,gpu_nvme_kernel,,1,16
B2,Tutti-deployed,16,0.134,4391,4096,256,154,1308.752,3435.968,17985536,true,gpu_nvme_kernel,,1,16
B2,Tutti-deployed,16,0.134,4391,4096,256,155,1308.391,3446.19,17985536,true,gpu_nvme_kernel,,1,16
B2,Tutti-deployed,16,0.134,4391,4096,256,156,1305.425,3344.182,17985536,true,gpu_nvme_kernel,,1,16
B2,Tutti-deployed,16,0.134,4391,4096,256,157,1311.98,3378.183,17985536,true,gpu_nvme_kernel,,1,16
B2,Tutti-deployed,16,0.134,4391,4096,256,158,1298.869,3401.457,17985536,true,gpu_nvme_kernel,,1,16
B2,Tutti-deployed,16,0.134,4391,4096,256,159,1310.003,3387.104,17985536,true,gpu_nvme_kernel,,1,16
B2,Tutti-deployed,16,0.134,4391,4096,256,160,1309.252,3409.649,17985536,true,gpu_nvme_kernel,,1,16
B2,Tutti-deployed,16,0.134,4391,4096,256,161,1315.751,3362.873,17985536,true,gpu_nvme_kernel,,1,16
B2,Tutti-deployed,16,0.134,4391,4096,256,162,1305.315,3455.16,17985536,true,gpu_nvme_kernel,,1,16
B2,Tutti-deployed,16,0.134,4391,4096,256,163,1320.988,3498.903,17985536,true,gpu_nvme_kernel,,1,16
B2,Tutti-deployed,16,0.134,4391,4096,256,164,1322.015,3374.599,17985536,true,gpu_nvme_kernel,,1,16
B2,Tutti-deployed,16,0.134,4391,4096,256,165,1305.197,3445.265,17985536,true,gpu_nvme_kernel,,1,16
B2,Tutti-deployed,16,0.134,4391,4096,256,166,1314.59,3551.395,17985536,true,gpu_nvme_kernel,,1,16
B2,Tutti-deployed,16,0.134,4391,4096,256,167,1306.199,3524.975,17985536,true,gpu_nvme_kernel,,1,16
B2,Tutti-deployed,16,0.134,4391,4096,256,168,1304.423,3472.571,17985536,true,gpu_nvme_kernel,,1,16
B2,Tutti-deployed,16,0.134,4391,4096,256,169,1295.789,3305.61,17985536,true,gpu_nvme_kernel,,1,16
B2,Tutti-deployed,16,0.134,4391,4096,256,170,1300.573,3498.059,17985536,true,gpu_nvme_kernel,,1,16
B2,Tutti-deployed,16,0.134,4391,4096,256,171,1318.326,3485.249,17985536,true,gpu_nvme_kernel,,1,16
B2,Tutti-deployed,16,0.134,4391,4096,256,172,1316.443,3498.012,17985536,true,gpu_nvme_kernel,,1,16
B2,Tutti-deployed,16,0.134,4391,4096,256,173,1323.524,3465.688,17985536,true,gpu_nvme_kernel,,1,16
B2,Tutti-deployed,16,0.134,4391,4096,256,174,1315.994,3449.919,17985536,true,gpu_nvme_kernel,,1,16
B2,Tutti-deployed,16,0.134,4391,4096,256,175,1315.458,3354.509,17985536,true,gpu_nvme_kernel,,1,16
B2,Tutti-deployed,16,0.134,4391,4096,256,176,1325.927,3553.497,17985536,true,gpu_nvme_kernel,,1,16
B2,Tutti-deployed,16,0.134,4391,4096,256,177,1306.313,3475.152,17985536,true,gpu_nvme_kernel,,1,16
B2,Tutti-deployed,16,0.134,4391,4096,256,178,1320.167,3325.381,17985536,true,gpu_nvme_kernel,,1,16
B2,Tutti-deployed,16,0.134,4391,4096,256,179,1320.534,3449.664,17985536,true,gpu_nvme_kernel,,1,16
B2,Tutti-deployed,16,0.134,4391,4096,256,180,1306.686,3400.613,17985536,true,gpu_nvme_kernel,,1,16
B2,Tutti-deployed,16,0.134,4391,4096,256,181,1316.551,3321.362,17985536,true,gpu_nvme_kernel,,1,16
B2,Tutti-deployed,16,0.134,4391,4096,256,182,1310.401,3397.877,17985536,true,gpu_nvme_kernel,,1,16
B2,Tutti-deployed,16,0.134,4391,4096,256,183,1303.253,3391.124,17985536,true,gpu_nvme_kernel,,1,16
B2,Tutti-deployed,16,0.134,4391,4096,256,184,1307.763,3363.235,17985536,true,gpu_nvme_kernel,,1,16
B2,Tutti-deployed,16,0.134,4391,4096,256,185,1301.399,3413.909,17985536,true,gpu_nvme_kernel,,1,16
B2,Tutti-deployed,16,0.134,4391,4096,256,186,1311.592,3468.61,17985536,true,gpu_nvme_kernel,,1,16
B2,Tutti-deployed,16,0.134,4391,4096,256,187,1299.875,3449.53,17985536,true,gpu_nvme_kernel,,1,16
B2,Tutti-deployed,16,0.134,4391,4096,256,188,1315.098,3463.098,17985536,true,gpu_nvme_kernel,,1,16
B2,Tutti-deployed,16,0.134,4391,4096,256,189,1310.475,3446.57,17985536,true,gpu_nvme_kernel,,1,16
B2,Tutti-deployed,16,0.134,4391,4096,256,190,1294.342,3426.539,17985536,true,gpu_nvme_kernel,,1,16
B2,Tutti-deployed,16,0.134,4391,4096,256,191,1309.566,3415.701,17985536,true,gpu_nvme_kernel,,1,16
B2,Tutti-deployed,16,0.134,4391,4096,256,192,1320.186,3415.278,17985536,true,gpu_nvme_kernel,,1,16
B2,Tutti-deployed,16,0.134,4391,4096,256,193,1323.187,3345.374,17985536,true,gpu_nvme_kernel,,1,16
B2,Tutti-deployed,16,0.134,4391,4096,256,194,1311.159,3460.483,17985536,true,gpu_nvme_kernel,,1,16
B2,Tutti-deployed,16,0.134,4391,4096,256,195,1315.755,3378.055,17985536,true,gpu_nvme_kernel,,1,16
B2,Tutti-deployed,16,0.134,4391,4096,256,196,1317.338,3388.736,17985536,true,gpu_nvme_kernel,,1,16
B2,Tutti-deployed,16,0.134,4391,4096,256,197,1300.504,3350.804,17985536,true,gpu_nvme_kernel,,1,16
B2,Tutti-deployed,16,0.134,4391,4096,256,198,1311.112,3582.965,17985536,true,gpu_nvme_kernel,,1,16
B2,Tutti-deployed,16,0.134,4391,4096,256,199,1298.169,3363.879,17985536,true,gpu_nvme_kernel,,1,16
B2,Tutti-deployed,16,0.134,4391,4096,256,0,1296.859,3464.6,17985536,true,gpu_nvme_kernel,,3,16
B2,Tutti-deployed,16,0.3,9830,4096,256,0,2924.199,7644.764,40263680,true,gpu_nvme_kernel,,2,16
B2,Tutti-deployed,16,0.3,9830,4096,256,0,2908.177,7497.089,40263680,true,gpu_nvme_kernel,,0,16
B2,Tutti-deployed,16,0.3,9830,4096,256,1,2934.834,7683.819,40263680,true,gpu_nvme_kernel,,0,16
B2,Tutti-deployed,16,0.3,9830,4096,256,2,2934.667,7466.678,40263680,true,gpu_nvme_kernel,,0,16
B2,Tutti-deployed,16,0.3,9830,4096,256,3,2926.491,7421.347,40263680,true,gpu_nvme_kernel,,0,16
B2,Tutti-deployed,16,0.3,9830,4096,256,4,2930.507,7666.109,40263680,true,gpu_nvme_kernel,,0,16
B2,Tutti-deployed,16,0.3,9830,4096,256,5,2901.748,7436.345,40263680,true,gpu_nvme_kernel,,0,16
B2,Tutti-deployed,16,0.3,9830,4096,256,6,2889.325,7484.467,40263680,true,gpu_nvme_kernel,,0,16
B2,Tutti-deployed,16,0.3,9830,4096,256,7,2920.722,7492.974,40263680,true,gpu_nvme_kernel,,0,16
B2,Tutti-deployed,16,0.3,9830,4096,256,8,2919.765,7640.335,40263680,true,gpu_nvme_kernel,,0,16
B2,Tutti-deployed,16,0.3,9830,4096,256,9,2932.103,7606.99,40263680,true,gpu_nvme_kernel,,0,16
B2,Tutti-deployed,16,0.3,9830,4096,256,0,2910.455,7352.228,40263680,true,gpu_nvme_kernel,,1,16
B2,Tutti-deployed,16,0.3,9830,4096,256,1,2916.05,7357.483,40263680,true,gpu_nvme_kernel,,1,16
B2,Tutti-deployed,16,0.3,9830,4096,256,2,2913.406,7439.462,40263680,true,gpu_nvme_kernel,,1,16
B2,Tutti-deployed,16,0.3,9830,4096,256,3,2887.545,7584.92,40263680,true,gpu_nvme_kernel,,1,16
B2,Tutti-deployed,16,0.3,9830,4096,256,4,2931.738,7687.966,40263680,true,gpu_nvme_kernel,,1,16
B2,Tutti-deployed,16,0.3,9830,4096,256,5,2928.874,7477.689,40263680,true,gpu_nvme_kernel,,1,16
B2,Tutti-deployed,16,0.3,9830,4096,256,6,2915.837,7482.946,40263680,true,gpu_nvme_kernel,,1,16
B2,Tutti-deployed,16,0.3,9830,4096,256,7,2922.795,7635.825,40263680,true,gpu_nvme_kernel,,1,16
B2,Tutti-deployed,16,0.3,9830,4096,256,8,2930.127,7527.421,40263680,true,gpu_nvme_kernel,,1,16
B2,Tutti-deployed,16,0.3,9830,4096,256,9,2911.596,8477.258,40263680,true,gpu_nvme_kernel,,1,16
B2,Tutti-deployed,16,0.3,9830,4096,256,10,2900.798,7812.716,40263680,true,gpu_nvme_kernel,,1,16
B2,Tutti-deployed,16,0.3,9830,4096,256,11,2921.237,7520.888,40263680,true,gpu_nvme_kernel,,1,16
B2,Tutti-deployed,16,0.3,9830,4096,256,12,2939.409,7512.158,40263680,true,gpu_nvme_kernel,,1,16
B2,Tutti-deployed,16,0.3,9830,4096,256,13,2927.111,7456.77,40263680,true,gpu_nvme_kernel,,1,16
B2,Tutti-deployed,16,0.3,9830,4096,256,14,2920.149,7694.041,40263680,true,gpu_nvme_kernel,,1,16
B2,Tutti-deployed,16,0.3,9830,4096,256,15,2918.015,7579.807,40263680,true,gpu_nvme_kernel,,1,16
B2,Tutti-deployed,16,0.3,9830,4096,256,16,2914.031,7350.46,40263680,true,gpu_nvme_kernel,,1,16
B2,Tutti-deployed,16,0.3,9830,4096,256,17,2917.39,7395.565,40263680,true,gpu_nvme_kernel,,1,16
B2,Tutti-deployed,16,0.3,9830,4096,256,18,2918.877,7601.859,40263680,true,gpu_nvme_kernel,,1,16
B2,Tutti-deployed,16,0.3,9830,4096,256,19,2931.77,7413.474,40263680,true,gpu_nvme_kernel,,1,16
B2,Tutti-deployed,16,0.3,9830,4096,256,20,2919.885,7437.668,40263680,true,gpu_nvme_kernel,,1,16
B2,Tutti-deployed,16,0.3,9830,4096,256,21,2926.316,7331.848,40263680,true,gpu_nvme_kernel,,1,16
B2,Tutti-deployed,16,0.3,9830,4096,256,22,2903.149,7692.705,40263680,true,gpu_nvme_kernel,,1,16
B2,Tutti-deployed,16,0.3,9830,4096,256,23,2915.622,7491.46,40263680,true,gpu_nvme_kernel,,1,16
B2,Tutti-deployed,16,0.3,9830,4096,256,24,2922.001,7798.306,40263680,true,gpu_nvme_kernel,,1,16
B2,Tutti-deployed,16,0.3,9830,4096,256,25,2924.018,7400.496,40263680,true,gpu_nvme_kernel,,1,16
B2,Tutti-deployed,16,0.3,9830,4096,256,26,2928.238,7456.133,40263680,true,gpu_nvme_kernel,,1,16
B2,Tutti-deployed,16,0.3,9830,4096,256,27,2921.104,7446.879,40263680,true,gpu_nvme_kernel,,1,16
B2,Tutti-deployed,16,0.3,9830,4096,256,28,2902.209,7715.479,40263680,true,gpu_nvme_kernel,,1,16
B2,Tutti-deployed,16,0.3,9830,4096,256,29,2930.433,7715.356,40263680,true,gpu_nvme_kernel,,1,16
B2,Tutti-deployed,16,0.3,9830,4096,256,30,2919.176,7438.333,40263680,true,gpu_nvme_kernel,,1,16
B2,Tutti-deployed,16,0.3,9830,4096,256,31,2928.465,7464.077,40263680,true,gpu_nvme_kernel,,1,16
B2,Tutti-deployed,16,0.3,9830,4096,256,32,2939.261,7523.614,40263680,true,gpu_nvme_kernel,,1,16
B2,Tutti-deployed,16,0.3,9830,4096,256,33,2930.846,7616.226,40263680,true,gpu_nvme_kernel,,1,16
B2,Tutti-deployed,16,0.3,9830,4096,256,34,2917.28,7514.981,40263680,true,gpu_nvme_kernel,,1,16
B2,Tutti-deployed,16,0.3,9830,4096,256,35,2914.743,7394.377,40263680,true,gpu_nvme_kernel,,1,16
B2,Tutti-deployed,16,0.3,9830,4096,256,36,2902.382,7488.661,40263680,true,gpu_nvme_kernel,,1,16
B2,Tutti-deployed,16,0.3,9830,4096,256,37,2895.292,7439.629,40263680,true,gpu_nvme_kernel,,1,16
B2,Tutti-deployed,16,0.3,9830,4096,256,38,2907.337,7491.068,40263680,true,gpu_nvme_kernel,,1,16
B2,Tutti-deployed,16,0.3,9830,4096,256,39,2922.844,7563.236,40263680,true,gpu_nvme_kernel,,1,16
B2,Tutti-deployed,16,0.3,9830,4096,256,40,2921.653,7517.262,40263680,true,gpu_nvme_kernel,,1,16
B2,Tutti-deployed,16,0.3,9830,4096,256,41,2910.477,7605.685,40263680,true,gpu_nvme_kernel,,1,16
B2,Tutti-deployed,16,0.3,9830,4096,256,42,2930.766,7631.181,40263680,true,gpu_nvme_kernel,,1,16
B2,Tutti-deployed,16,0.3,9830,4096,256,43,2919.695,7480.902,40263680,true,gpu_nvme_kernel,,1,16
B2,Tutti-deployed,16,0.3,9830,4096,256,44,2926.812,7498.595,40263680,true,gpu_nvme_kernel,,1,16
B2,Tutti-deployed,16,0.3,9830,4096,256,45,2940.989,7519.858,40263680,true,gpu_nvme_kernel,,1,16
B2,Tutti-deployed,16,0.3,9830,4096,256,46,2921.62,7469.563,40263680,true,gpu_nvme_kernel,,1,16
B2,Tutti-deployed,16,0.3,9830,4096,256,47,2920.004,7553.478,40263680,true,gpu_nvme_kernel,,1,16
B2,Tutti-deployed,16,0.3,9830,4096,256,48,2904.336,7425.097,40263680,true,gpu_nvme_kernel,,1,16
B2,Tutti-deployed,16,0.3,9830,4096,256,49,2924.643,7686.529,40263680,true,gpu_nvme_kernel,,1,16
B2,Tutti-deployed,16,0.3,9830,4096,256,50,2907.148,7597.109,40263680,true,gpu_nvme_kernel,,1,16
B2,Tutti-deployed,16,0.3,9830,4096,256,51,2928.539,7494.229,40263680,true,gpu_nvme_kernel,,1,16
B2,Tutti-deployed,16,0.3,9830,4096,256,52,2940.034,7576.985,40263680,true,gpu_nvme_kernel,,1,16
B2,Tutti-deployed,16,0.3,9830,4096,256,53,2940.821,7703.425,40263680,true,gpu_nvme_kernel,,1,16
B2,Tutti-deployed,16,0.3,9830,4096,256,54,2931.337,7468.248,40263680,true,gpu_nvme_kernel,,1,16
B2,Tutti-deployed,16,0.3,9830,4096,256,55,2935.649,7598.214,40263680,true,gpu_nvme_kernel,,1,16
B2,Tutti-deployed,16,0.3,9830,4096,256,56,2921.231,7522.908,40263680,true,gpu_nvme_kernel,,1,16
B2,Tutti-deployed,16,0.3,9830,4096,256,57,2909.774,7724.443,40263680,true,gpu_nvme_kernel,,1,16
B2,Tutti-deployed,16,0.3,9830,4096,256,58,2943.228,7561.474,40263680,true,gpu_nvme_kernel,,1,16
B2,Tutti-deployed,16,0.3,9830,4096,256,59,2926.814,7400.61,40263680,true,gpu_nvme_kernel,,1,16
B2,Tutti-deployed,16,0.3,9830,4096,256,60,2932.443,7322.803,40263680,true,gpu_nvme_kernel,,1,16
B2,Tutti-deployed,16,0.3,9830,4096,256,61,2905.338,7550.488,40263680,true,gpu_nvme_kernel,,1,16
B2,Tutti-deployed,16,0.3,9830,4096,256,62,2924.56,7407,40263680,true,gpu_nvme_kernel,,1,16
B2,Tutti-deployed,16,0.3,9830,4096,256,63,2915.272,7491.987,40263680,true,gpu_nvme_kernel,,1,16
B2,Tutti-deployed,16,0.3,9830,4096,256,64,2922.362,7489.177,40263680,true,gpu_nvme_kernel,,1,16
B2,Tutti-deployed,16,0.3,9830,4096,256,65,2898.833,7508.644,40263680,true,gpu_nvme_kernel,,1,16
B2,Tutti-deployed,16,0.3,9830,4096,256,66,2927.246,7396.278,40263680,true,gpu_nvme_kernel,,1,16
B2,Tutti-deployed,16,0.3,9830,4096,256,67,2906.055,7550.785,40263680,true,gpu_nvme_kernel,,1,16
B2,Tutti-deployed,16,0.3,9830,4096,256,68,2923.443,7557.828,40263680,true,gpu_nvme_kernel,,1,16
B2,Tutti-deployed,16,0.3,9830,4096,256,69,2926.323,7619.61,40263680,true,gpu_nvme_kernel,,1,16
B2,Tutti-deployed,16,0.3,9830,4096,256,70,2910.045,7507.391,40263680,true,gpu_nvme_kernel,,1,16
B2,Tutti-deployed,16,0.3,9830,4096,256,71,2922.83,7649.728,40263680,true,gpu_nvme_kernel,,1,16
B2,Tutti-deployed,16,0.3,9830,4096,256,72,2934.524,7658.999,40263680,true,gpu_nvme_kernel,,1,16
B2,Tutti-deployed,16,0.3,9830,4096,256,73,2910.592,7583.024,40263680,true,gpu_nvme_kernel,,1,16
B2,Tutti-deployed,16,0.3,9830,4096,256,74,2891.814,7460.017,40263680,true,gpu_nvme_kernel,,1,16
B2,Tutti-deployed,16,0.3,9830,4096,256,75,2899.278,7515.948,40263680,true,gpu_nvme_kernel,,1,16
B2,Tutti-deployed,16,0.3,9830,4096,256,76,2915.798,7567.041,40263680,true,gpu_nvme_kernel,,1,16
B2,Tutti-deployed,16,0.3,9830,4096,256,77,2919.619,7537.789,40263680,true,gpu_nvme_kernel,,1,16
B2,Tutti-deployed,16,0.3,9830,4096,256,78,2909.306,7571.409,40263680,true,gpu_nvme_kernel,,1,16
B2,Tutti-deployed,16,0.3,9830,4096,256,79,2926.496,7472.033,40263680,true,gpu_nvme_kernel,,1,16
B2,Tutti-deployed,16,0.3,9830,4096,256,80,2931.446,7714.102,40263680,true,gpu_nvme_kernel,,1,16
B2,Tutti-deployed,16,0.3,9830,4096,256,81,2927.362,7482.078,40263680,true,gpu_nvme_kernel,,1,16
B2,Tutti-deployed,16,0.3,9830,4096,256,82,2911.488,7511.271,40263680,true,gpu_nvme_kernel,,1,16
B2,Tutti-deployed,16,0.3,9830,4096,256,83,2914.736,7493.686,40263680,true,gpu_nvme_kernel,,1,16
B2,Tutti-deployed,16,0.3,9830,4096,256,84,2913.195,7656.494,40263680,true,gpu_nvme_kernel,,1,16
B2,Tutti-deployed,16,0.3,9830,4096,256,85,2929.809,7466.818,40263680,true,gpu_nvme_kernel,,1,16
B2,Tutti-deployed,16,0.3,9830,4096,256,86,2944.737,7401.818,40263680,true,gpu_nvme_kernel,,1,16
B2,Tutti-deployed,16,0.3,9830,4096,256,87,2924.419,7681.769,40263680,true,gpu_nvme_kernel,,1,16
B2,Tutti-deployed,16,0.3,9830,4096,256,88,2921.929,7557.989,40263680,true,gpu_nvme_kernel,,1,16
B2,Tutti-deployed,16,0.3,9830,4096,256,89,2911.633,7401.979,40263680,true,gpu_nvme_kernel,,1,16
B2,Tutti-deployed,16,0.3,9830,4096,256,90,2910.353,7544.324,40263680,true,gpu_nvme_kernel,,1,16
B2,Tutti-deployed,16,0.3,9830,4096,256,91,2938.041,7618.472,40263680,true,gpu_nvme_kernel,,1,16
B2,Tutti-deployed,16,0.3,9830,4096,256,92,2937.674,7467.345,40263680,true,gpu_nvme_kernel,,1,16
B2,Tutti-deployed,16,0.3,9830,4096,256,93,2912.993,7318.128,40263680,true,gpu_nvme_kernel,,1,16
B2,Tutti-deployed,16,0.3,9830,4096,256,94,2925.242,7436.246,40263680,true,gpu_nvme_kernel,,1,16
B2,Tutti-deployed,16,0.3,9830,4096,256,95,2924.255,7571.194,40263680,true,gpu_nvme_kernel,,1,16
B2,Tutti-deployed,16,0.3,9830,4096,256,96,2911.067,7565.701,40263680,true,gpu_nvme_kernel,,1,16
B2,Tutti-deployed,16,0.3,9830,4096,256,97,2911.581,7603.881,40263680,true,gpu_nvme_kernel,,1,16
B2,Tutti-deployed,16,0.3,9830,4096,256,98,2919.758,7458.012,40263680,true,gpu_nvme_kernel,,1,16
B2,Tutti-deployed,16,0.3,9830,4096,256,99,2930.88,7564.968,40263680,true,gpu_nvme_kernel,,1,16
B2,Tutti-deployed,16,0.3,9830,4096,256,100,2934.688,7535.528,40263680,true,gpu_nvme_kernel,,1,16
B2,Tutti-deployed,16,0.3,9830,4096,256,101,2919.628,7448.399,40263680,true,gpu_nvme_kernel,,1,16
B2,Tutti-deployed,16,0.3,9830,4096,256,102,2912.464,7564.03,40263680,true,gpu_nvme_kernel,,1,16
B2,Tutti-deployed,16,0.3,9830,4096,256,103,2911.275,7475.194,40263680,true,gpu_nvme_kernel,,1,16
B2,Tutti-deployed,16,0.3,9830,4096,256,104,2936.049,7612.224,40263680,true,gpu_nvme_kernel,,1,16
B2,Tutti-deployed,16,0.3,9830,4096,256,105,2922,7524.392,40263680,true,gpu_nvme_kernel,,1,16
B2,Tutti-deployed,16,0.3,9830,4096,256,106,2912.424,7632.547,40263680,true,gpu_nvme_kernel,,1,16
B2,Tutti-deployed,16,0.3,9830,4096,256,107,2909.421,7496.842,40263680,true,gpu_nvme_kernel,,1,16
B2,Tutti-deployed,16,0.3,9830,4096,256,108,2942.375,7552.013,40263680,true,gpu_nvme_kernel,,1,16
B2,Tutti-deployed,16,0.3,9830,4096,256,109,2949.083,7650.917,40263680,true,gpu_nvme_kernel,,1,16
B2,Tutti-deployed,16,0.3,9830,4096,256,110,2929.849,7548.713,40263680,true,gpu_nvme_kernel,,1,16
B2,Tutti-deployed,16,0.3,9830,4096,256,111,2933.527,7419.984,40263680,true,gpu_nvme_kernel,,1,16
B2,Tutti-deployed,16,0.3,9830,4096,256,112,2919.342,7536.963,40263680,true,gpu_nvme_kernel,,1,16
B2,Tutti-deployed,16,0.3,9830,4096,256,113,2920.463,7730.124,40263680,true,gpu_nvme_kernel,,1,16
B2,Tutti-deployed,16,0.3,9830,4096,256,114,2908.814,7548.719,40263680,true,gpu_nvme_kernel,,1,16
B2,Tutti-deployed,16,0.3,9830,4096,256,115,2921.17,7521.924,40263680,true,gpu_nvme_kernel,,1,16
B2,Tutti-deployed,16,0.3,9830,4096,256,116,2914.69,7443.493,40263680,true,gpu_nvme_kernel,,1,16
B2,Tutti-deployed,16,0.3,9830,4096,256,117,2932.355,7621.604,40263680,true,gpu_nvme_kernel,,1,16
B2,Tutti-deployed,16,0.3,9830,4096,256,118,2934.007,7542.029,40263680,true,gpu_nvme_kernel,,1,16
B2,Tutti-deployed,16,0.3,9830,4096,256,119,2921.463,7539.348,40263680,true,gpu_nvme_kernel,,1,16
B2,Tutti-deployed,16,0.3,9830,4096,256,120,2900.008,7479.878,40263680,true,gpu_nvme_kernel,,1,16
B2,Tutti-deployed,16,0.3,9830,4096,256,121,2917.62,7698.119,40263680,true,gpu_nvme_kernel,,1,16
B2,Tutti-deployed,16,0.3,9830,4096,256,122,2906.63,7526.555,40263680,true,gpu_nvme_kernel,,1,16
B2,Tutti-deployed,16,0.3,9830,4096,256,123,2904.203,7469.093,40263680,true,gpu_nvme_kernel,,1,16
B2,Tutti-deployed,16,0.3,9830,4096,256,124,2918.864,7513.033,40263680,true,gpu_nvme_kernel,,1,16
B2,Tutti-deployed,16,0.3,9830,4096,256,125,2920.043,7494.464,40263680,true,gpu_nvme_kernel,,1,16
B2,Tutti-deployed,16,0.3,9830,4096,256,126,2908.113,7746.308,40263680,true,gpu_nvme_kernel,,1,16
B2,Tutti-deployed,16,0.3,9830,4096,256,127,2918.352,7419.619,40263680,true,gpu_nvme_kernel,,1,16
B2,Tutti-deployed,16,0.3,9830,4096,256,128,2916.411,7492.784,40263680,true,gpu_nvme_kernel,,1,16
B2,Tutti-deployed,16,0.3,9830,4096,256,129,2906.578,7419.656,40263680,true,gpu_nvme_kernel,,1,16
B2,Tutti-deployed,16,0.3,9830,4096,256,130,2930.16,7645.702,40263680,true,gpu_nvme_kernel,,1,16
B2,Tutti-deployed,16,0.3,9830,4096,256,131,2922.945,7589.995,40263680,true,gpu_nvme_kernel,,1,16
B2,Tutti-deployed,16,0.3,9830,4096,256,132,2926.274,7414.163,40263680,true,gpu_nvme_kernel,,1,16
B2,Tutti-deployed,16,0.3,9830,4096,256,133,2925.936,7483.338,40263680,true,gpu_nvme_kernel,,1,16
B2,Tutti-deployed,16,0.3,9830,4096,256,134,2923.13,7488.998,40263680,true,gpu_nvme_kernel,,1,16
B2,Tutti-deployed,16,0.3,9830,4096,256,135,2912.166,7692.899,40263680,true,gpu_nvme_kernel,,1,16
B2,Tutti-deployed,16,0.3,9830,4096,256,136,2902.646,7393.29,40263680,true,gpu_nvme_kernel,,1,16
B2,Tutti-deployed,16,0.3,9830,4096,256,137,2908.949,7575.074,40263680,true,gpu_nvme_kernel,,1,16
B2,Tutti-deployed,16,0.3,9830,4096,256,138,2912.624,7659.902,40263680,true,gpu_nvme_kernel,,1,16
B2,Tutti-deployed,16,0.3,9830,4096,256,139,2911.106,7306.143,40263680,true,gpu_nvme_kernel,,1,16
B2,Tutti-deployed,16,0.3,9830,4096,256,140,2918.846,7671.418,40263680,true,gpu_nvme_kernel,,1,16
B2,Tutti-deployed,16,0.3,9830,4096,256,141,2919.822,7388.086,40263680,true,gpu_nvme_kernel,,1,16
B2,Tutti-deployed,16,0.3,9830,4096,256,142,2908.29,7530.2,40263680,true,gpu_nvme_kernel,,1,16
B2,Tutti-deployed,16,0.3,9830,4096,256,143,2907.216,7523.968,40263680,true,gpu_nvme_kernel,,1,16
B2,Tutti-deployed,16,0.3,9830,4096,256,144,2932.539,7494.711,40263680,true,gpu_nvme_kernel,,1,16
B2,Tutti-deployed,16,0.3,9830,4096,256,145,2922.389,7436.95,40263680,true,gpu_nvme_kernel,,1,16
B2,Tutti-deployed,16,0.3,9830,4096,256,146,2940.787,7578.484,40263680,true,gpu_nvme_kernel,,1,16
B2,Tutti-deployed,16,0.3,9830,4096,256,147,2910.557,7688.453,40263680,true,gpu_nvme_kernel,,1,16
B2,Tutti-deployed,16,0.3,9830,4096,256,148,2941.975,7596.177,40263680,true,gpu_nvme_kernel,,1,16
B2,Tutti-deployed,16,0.3,9830,4096,256,149,2912.599,7588.365,40263680,true,gpu_nvme_kernel,,1,16
B2,Tutti-deployed,16,0.3,9830,4096,256,150,2923.096,7554.779,40263680,true,gpu_nvme_kernel,,1,16
B2,Tutti-deployed,16,0.3,9830,4096,256,151,2921.705,7514.695,40263680,true,gpu_nvme_kernel,,1,16
B2,Tutti-deployed,16,0.3,9830,4096,256,152,2924.564,7759.048,40263680,true,gpu_nvme_kernel,,1,16
B2,Tutti-deployed,16,0.3,9830,4096,256,153,2901.423,7492.442,40263680,true,gpu_nvme_kernel,,1,16
B2,Tutti-deployed,16,0.3,9830,4096,256,154,2917.013,7577.502,40263680,true,gpu_nvme_kernel,,1,16
B2,Tutti-deployed,16,0.3,9830,4096,256,155,2918.944,7573.502,40263680,true,gpu_nvme_kernel,,1,16
B2,Tutti-deployed,16,0.3,9830,4096,256,156,2905.921,7667.034,40263680,true,gpu_nvme_kernel,,1,16
B2,Tutti-deployed,16,0.3,9830,4096,256,157,2927.142,7569.096,40263680,true,gpu_nvme_kernel,,1,16
B2,Tutti-deployed,16,0.3,9830,4096,256,158,3052.607,9995.018,40263680,true,gpu_nvme_kernel,,1,16
B2,Tutti-deployed,16,0.3,9830,4096,256,159,2934.859,7482.447,40263680,true,gpu_nvme_kernel,,1,16
B2,Tutti-deployed,16,0.3,9830,4096,256,160,2930.844,7359.745,40263680,true,gpu_nvme_kernel,,1,16
B2,Tutti-deployed,16,0.3,9830,4096,256,161,2925.702,7517.541,40263680,true,gpu_nvme_kernel,,1,16
B2,Tutti-deployed,16,0.3,9830,4096,256,162,2945.797,7533.469,40263680,true,gpu_nvme_kernel,,1,16
B2,Tutti-deployed,16,0.3,9830,4096,256,163,2912.437,7647.021,40263680,true,gpu_nvme_kernel,,1,16
B2,Tutti-deployed,16,0.3,9830,4096,256,164,2936.979,7408.995,40263680,true,gpu_nvme_kernel,,1,16
B2,Tutti-deployed,16,0.3,9830,4096,256,165,2930.938,7554.39,40263680,true,gpu_nvme_kernel,,1,16
B2,Tutti-deployed,16,0.3,9830,4096,256,166,2927.333,7562.176,40263680,true,gpu_nvme_kernel,,1,16
B2,Tutti-deployed,16,0.3,9830,4096,256,167,2923.967,7522.09,40263680,true,gpu_nvme_kernel,,1,16
B2,Tutti-deployed,16,0.3,9830,4096,256,168,2946.15,7592.712,40263680,true,gpu_nvme_kernel,,1,16
B2,Tutti-deployed,16,0.3,9830,4096,256,169,2913.633,7509.298,40263680,true,gpu_nvme_kernel,,1,16
B2,Tutti-deployed,16,0.3,9830,4096,256,170,2912.51,7535.033,40263680,true,gpu_nvme_kernel,,1,16
B2,Tutti-deployed,16,0.3,9830,4096,256,171,2934.312,7516.223,40263680,true,gpu_nvme_kernel,,1,16
B2,Tutti-deployed,16,0.3,9830,4096,256,172,2931.25,7490.936,40263680,true,gpu_nvme_kernel,,1,16
B2,Tutti-deployed,16,0.3,9830,4096,256,173,2925.302,7387.283,40263680,true,gpu_nvme_kernel,,1,16
B2,Tutti-deployed,16,0.3,9830,4096,256,174,2922.406,7473.392,40263680,true,gpu_nvme_kernel,,1,16
B2,Tutti-deployed,16,0.3,9830,4096,256,175,2928.137,7503.857,40263680,true,gpu_nvme_kernel,,1,16
B2,Tutti-deployed,16,0.3,9830,4096,256,176,2900.282,7376.876,40263680,true,gpu_nvme_kernel,,1,16
B2,Tutti-deployed,16,0.3,9830,4096,256,177,2923.756,7530.306,40263680,true,gpu_nvme_kernel,,1,16
B2,Tutti-deployed,16,0.3,9830,4096,256,178,2935.528,7484.135,40263680,true,gpu_nvme_kernel,,1,16
B2,Tutti-deployed,16,0.3,9830,4096,256,179,2912.083,7578.064,40263680,true,gpu_nvme_kernel,,1,16
B2,Tutti-deployed,16,0.3,9830,4096,256,180,2937.571,7692.038,40263680,true,gpu_nvme_kernel,,1,16
B2,Tutti-deployed,16,0.3,9830,4096,256,181,2920.294,7523.974,40263680,true,gpu_nvme_kernel,,1,16
B2,Tutti-deployed,16,0.3,9830,4096,256,182,2905.033,7391.435,40263680,true,gpu_nvme_kernel,,1,16
B2,Tutti-deployed,16,0.3,9830,4096,256,183,2911.201,7741.161,40263680,true,gpu_nvme_kernel,,1,16
B2,Tutti-deployed,16,0.3,9830,4096,256,184,2934.723,7535.827,40263680,true,gpu_nvme_kernel,,1,16
B2,Tutti-deployed,16,0.3,9830,4096,256,185,2937.043,7578.129,40263680,true,gpu_nvme_kernel,,1,16
B2,Tutti-deployed,16,0.3,9830,4096,256,186,2927.802,7583.779,40263680,true,gpu_nvme_kernel,,1,16
B2,Tutti-deployed,16,0.3,9830,4096,256,187,2902.34,7580.103,40263680,true,gpu_nvme_kernel,,1,16
B2,Tutti-deployed,16,0.3,9830,4096,256,188,2918.807,7568.439,40263680,true,gpu_nvme_kernel,,1,16
B2,Tutti-deployed,16,0.3,9830,4096,256,189,2908.667,7419.227,40263680,true,gpu_nvme_kernel,,1,16
B2,Tutti-deployed,16,0.3,9830,4096,256,190,2926.705,7691.705,40263680,true,gpu_nvme_kernel,,1,16
B2,Tutti-deployed,16,0.3,9830,4096,256,191,2919.697,7545.183,40263680,true,gpu_nvme_kernel,,1,16
B2,Tutti-deployed,16,0.3,9830,4096,256,192,2908.249,7501.426,40263680,true,gpu_nvme_kernel,,1,16
B2,Tutti-deployed,16,0.3,9830,4096,256,193,2916.534,7503.007,40263680,true,gpu_nvme_kernel,,1,16
B2,Tutti-deployed,16,0.3,9830,4096,256,194,2903.028,7391.635,40263680,true,gpu_nvme_kernel,,1,16
B2,Tutti-deployed,16,0.3,9830,4096,256,195,2920.637,7546.578,40263680,true,gpu_nvme_kernel,,1,16
B2,Tutti-deployed,16,0.3,9830,4096,256,196,2888.164,7583.082,40263680,true,gpu_nvme_kernel,,1,16
B2,Tutti-deployed,16,0.3,9830,4096,256,197,2937.851,7526.965,40263680,true,gpu_nvme_kernel,,1,16
B2,Tutti-deployed,16,0.3,9830,4096,256,198,2926.114,7525.162,40263680,true,gpu_nvme_kernel,,1,16
B2,Tutti-deployed,16,0.3,9830,4096,256,199,2907.203,7345.78,40263680,true,gpu_nvme_kernel,,1,16
B2,Tutti-deployed,16,0.3,9830,4096,256,0,2915.037,7608.165,40263680,true,gpu_nvme_kernel,,3,16
B2,Tutti-deployed,64,0.067,8782,4096,256,0,2611.416,6641.095,35971072,true,gpu_nvme_kernel,,2,16
B2,Tutti-deployed,64,0.067,8782,4096,256,0,2606.429,6745.615,35971072,true,gpu_nvme_kernel,,0,16
B2,Tutti-deployed,64,0.067,8782,4096,256,1,2584.118,6886.016,35971072,true,gpu_nvme_kernel,,0,16
B2,Tutti-deployed,64,0.067,8782,4096,256,2,2603.407,6865.062,35971072,true,gpu_nvme_kernel,,0,16
B2,Tutti-deployed,64,0.067,8782,4096,256,3,2585.662,6736.151,35971072,true,gpu_nvme_kernel,,0,16
B2,Tutti-deployed,64,0.067,8782,4096,256,4,2620.001,6683.018,35971072,true,gpu_nvme_kernel,,0,16
B2,Tutti-deployed,64,0.067,8782,4096,256,5,2593.503,6665.02,35971072,true,gpu_nvme_kernel,,0,16
B2,Tutti-deployed,64,0.067,8782,4096,256,6,2611.858,6637.426,35971072,true,gpu_nvme_kernel,,0,16
B2,Tutti-deployed,64,0.067,8782,4096,256,7,2608.686,6648.779,35971072,true,gpu_nvme_kernel,,0,16
B2,Tutti-deployed,64,0.067,8782,4096,256,8,2584.041,6725.693,35971072,true,gpu_nvme_kernel,,0,16
B2,Tutti-deployed,64,0.067,8782,4096,256,9,2600.787,6763.132,35971072,true,gpu_nvme_kernel,,0,16
B2,Tutti-deployed,64,0.067,8782,4096,256,0,2607.767,6754.963,35971072,true,gpu_nvme_kernel,,1,16
B2,Tutti-deployed,64,0.067,8782,4096,256,1,2613.716,6763.491,35971072,true,gpu_nvme_kernel,,1,16
B2,Tutti-deployed,64,0.067,8782,4096,256,2,2605.447,6692.152,35971072,true,gpu_nvme_kernel,,1,16
B2,Tutti-deployed,64,0.067,8782,4096,256,3,2600.744,6832.29,35971072,true,gpu_nvme_kernel,,1,16
B2,Tutti-deployed,64,0.067,8782,4096,256,4,2586.77,6909.376,35971072,true,gpu_nvme_kernel,,1,16
B2,Tutti-deployed,64,0.067,8782,4096,256,5,2603.57,6752.792,35971072,true,gpu_nvme_kernel,,1,16
B2,Tutti-deployed,64,0.067,8782,4096,256,6,2585.484,6875.485,35971072,true,gpu_nvme_kernel,,1,16
B2,Tutti-deployed,64,0.067,8782,4096,256,7,2628.176,6752.924,35971072,true,gpu_nvme_kernel,,1,16
B2,Tutti-deployed,64,0.067,8782,4096,256,8,2618.793,6762.985,35971072,true,gpu_nvme_kernel,,1,16
B2,Tutti-deployed,64,0.067,8782,4096,256,9,2596.411,6701.655,35971072,true,gpu_nvme_kernel,,1,16
B2,Tutti-deployed,64,0.067,8782,4096,256,10,2609.242,6753.555,35971072,true,gpu_nvme_kernel,,1,16
B2,Tutti-deployed,64,0.067,8782,4096,256,11,2605.854,6642.147,35971072,true,gpu_nvme_kernel,,1,16
B2,Tutti-deployed,64,0.067,8782,4096,256,12,2597.715,6806.685,35971072,true,gpu_nvme_kernel,,1,16
B2,Tutti-deployed,64,0.067,8782,4096,256,13,2591.91,6708.284,35971072,true,gpu_nvme_kernel,,1,16
B2,Tutti-deployed,64,0.067,8782,4096,256,14,2629.182,6740.567,35971072,true,gpu_nvme_kernel,,1,16
B2,Tutti-deployed,64,0.067,8782,4096,256,15,2613.275,6768.177,35971072,true,gpu_nvme_kernel,,1,16
B2,Tutti-deployed,64,0.067,8782,4096,256,16,2650.953,6716.844,35971072,true,gpu_nvme_kernel,,1,16
B2,Tutti-deployed,64,0.067,8782,4096,256,17,2612.587,6750.269,35971072,true,gpu_nvme_kernel,,1,16
B2,Tutti-deployed,64,0.067,8782,4096,256,18,2614.131,6699.295,35971072,true,gpu_nvme_kernel,,1,16
B2,Tutti-deployed,64,0.067,8782,4096,256,19,2588.844,6734.43,35971072,true,gpu_nvme_kernel,,1,16
B2,Tutti-deployed,64,0.067,8782,4096,256,20,2599.482,6643.17,35971072,true,gpu_nvme_kernel,,1,16
B2,Tutti-deployed,64,0.067,8782,4096,256,21,2601.415,6824.781,35971072,true,gpu_nvme_kernel,,1,16
B2,Tutti-deployed,64,0.067,8782,4096,256,22,2601.859,6789.237,35971072,true,gpu_nvme_kernel,,1,16
B2,Tutti-deployed,64,0.067,8782,4096,256,23,2604.034,6736.265,35971072,true,gpu_nvme_kernel,,1,16
B2,Tutti-deployed,64,0.067,8782,4096,256,24,2603.602,6697.152,35971072,true,gpu_nvme_kernel,,1,16
B2,Tutti-deployed,64,0.067,8782,4096,256,25,2576.009,6813.676,35971072,true,gpu_nvme_kernel,,1,16
B2,Tutti-deployed,64,0.067,8782,4096,256,26,2587.796,6764.156,35971072,true,gpu_nvme_kernel,,1,16
B2,Tutti-deployed,64,0.067,8782,4096,256,27,2585.897,6636.885,35971072,true,gpu_nvme_kernel,,1,16
B2,Tutti-deployed,64,0.067,8782,4096,256,28,2587.199,6641.65,35971072,true,gpu_nvme_kernel,,1,16
B2,Tutti-deployed,64,0.067,8782,4096,256,29,2610.105,6865.664,35971072,true,gpu_nvme_kernel,,1,16
B2,Tutti-deployed,64,0.067,8782,4096,256,30,2610.974,6759.404,35971072,true,gpu_nvme_kernel,,1,16
B2,Tutti-deployed,64,0.067,8782,4096,256,31,2589.696,6800.554,35971072,true,gpu_nvme_kernel,,1,16
B2,Tutti-deployed,64,0.067,8782,4096,256,32,2594.151,6817.185,35971072,true,gpu_nvme_kernel,,1,16
B2,Tutti-deployed,64,0.067,8782,4096,256,33,2605.964,6557.042,35971072,true,gpu_nvme_kernel,,1,16
B2,Tutti-deployed,64,0.067,8782,4096,256,34,2598.019,6747.947,35971072,true,gpu_nvme_kernel,,1,16
B2,Tutti-deployed,64,0.067,8782,4096,256,35,2614.242,6784.991,35971072,true,gpu_nvme_kernel,,1,16
B2,Tutti-deployed,64,0.067,8782,4096,256,36,2622.611,6829.726,35971072,true,gpu_nvme_kernel,,1,16
B2,Tutti-deployed,64,0.067,8782,4096,256,37,2600.291,6657.404,35971072,true,gpu_nvme_kernel,,1,16
B2,Tutti-deployed,64,0.067,8782,4096,256,38,2599.234,6866.514,35971072,true,gpu_nvme_kernel,,1,16
B2,Tutti-deployed,64,0.067,8782,4096,256,39,2584.897,6638.43,35971072,true,gpu_nvme_kernel,,1,16
B2,Tutti-deployed,64,0.067,8782,4096,256,40,2626.096,6724.784,35971072,true,gpu_nvme_kernel,,1,16
B2,Tutti-deployed,64,0.067,8782,4096,256,41,2605.502,6631.996,35971072,true,gpu_nvme_kernel,,1,16
B2,Tutti-deployed,64,0.067,8782,4096,256,42,2600.573,6745.667,35971072,true,gpu_nvme_kernel,,1,16
B2,Tutti-deployed,64,0.067,8782,4096,256,43,2606.943,6691.86,35971072,true,gpu_nvme_kernel,,1,16
B2,Tutti-deployed,64,0.067,8782,4096,256,44,2609.915,6800.708,35971072,true,gpu_nvme_kernel,,1,16
B2,Tutti-deployed,64,0.067,8782,4096,256,45,2604.994,6798.152,35971072,true,gpu_nvme_kernel,,1,16
B2,Tutti-deployed,64,0.067,8782,4096,256,46,2594.017,6737.414,35971072,true,gpu_nvme_kernel,,1,16
B2,Tutti-deployed,64,0.067,8782,4096,256,47,2595.396,6556.559,35971072,true,gpu_nvme_kernel,,1,16
B2,Tutti-deployed,64,0.067,8782,4096,256,48,2611.189,6709.243,35971072,true,gpu_nvme_kernel,,1,16
B2,Tutti-deployed,64,0.067,8782,4096,256,49,2612.606,6819.135,35971072,true,gpu_nvme_kernel,,1,16
B2,Tutti-deployed,64,0.067,8782,4096,256,50,2611.031,6703.551,35971072,true,gpu_nvme_kernel,,1,16
B2,Tutti-deployed,64,0.067,8782,4096,256,51,2598.631,6741.262,35971072,true,gpu_nvme_kernel,,1,16
B2,Tutti-deployed,64,0.067,8782,4096,256,52,2608.332,6703.036,35971072,true,gpu_nvme_kernel,,1,16
B2,Tutti-deployed,64,0.067,8782,4096,256,53,2609.302,6774.391,35971072,true,gpu_nvme_kernel,,1,16
B2,Tutti-deployed,64,0.067,8782,4096,256,54,2599.581,6687.828,35971072,true,gpu_nvme_kernel,,1,16
B2,Tutti-deployed,64,0.067,8782,4096,256,55,2613.978,6783.201,35971072,true,gpu_nvme_kernel,,1,16
B2,Tutti-deployed,64,0.067,8782,4096,256,56,2628.849,6663.196,35971072,true,gpu_nvme_kernel,,1,16
B2,Tutti-deployed,64,0.067,8782,4096,256,57,2605.38,6733.681,35971072,true,gpu_nvme_kernel,,1,16
B2,Tutti-deployed,64,0.067,8782,4096,256,58,2605.91,6655.632,35971072,true,gpu_nvme_kernel,,1,16
B2,Tutti-deployed,64,0.067,8782,4096,256,59,2618.843,6678.304,35971072,true,gpu_nvme_kernel,,1,16
B2,Tutti-deployed,64,0.067,8782,4096,256,60,2618.1,6680.3,35971072,true,gpu_nvme_kernel,,1,16
B2,Tutti-deployed,64,0.067,8782,4096,256,61,2605.783,6662.68,35971072,true,gpu_nvme_kernel,,1,16
B2,Tutti-deployed,64,0.067,8782,4096,256,62,2599.437,6647.887,35971072,true,gpu_nvme_kernel,,1,16
B2,Tutti-deployed,64,0.067,8782,4096,256,63,2609.307,6603.64,35971072,true,gpu_nvme_kernel,,1,16
B2,Tutti-deployed,64,0.067,8782,4096,256,64,2584.63,6581.929,35971072,true,gpu_nvme_kernel,,1,16
B2,Tutti-deployed,64,0.067,8782,4096,256,65,2584.243,6617.087,35971072,true,gpu_nvme_kernel,,1,16
B2,Tutti-deployed,64,0.067,8782,4096,256,66,2611.338,6929.775,35971072,true,gpu_nvme_kernel,,1,16
B2,Tutti-deployed,64,0.067,8782,4096,256,67,2621.993,6764.833,35971072,true,gpu_nvme_kernel,,1,16
B2,Tutti-deployed,64,0.067,8782,4096,256,68,2614.941,6605.02,35971072,true,gpu_nvme_kernel,,1,16
B2,Tutti-deployed,64,0.067,8782,4096,256,69,2603.076,6775.427,35971072,true,gpu_nvme_kernel,,1,16
B2,Tutti-deployed,64,0.067,8782,4096,256,70,2608.168,6707.422,35971072,true,gpu_nvme_kernel,,1,16
B2,Tutti-deployed,64,0.067,8782,4096,256,71,2607.234,6796.139,35971072,true,gpu_nvme_kernel,,1,16
B2,Tutti-deployed,64,0.067,8782,4096,256,72,2613.707,6918.022,35971072,true,gpu_nvme_kernel,,1,16
B2,Tutti-deployed,64,0.067,8782,4096,256,73,2586.888,6654.752,35971072,true,gpu_nvme_kernel,,1,16
B2,Tutti-deployed,64,0.067,8782,4096,256,74,2644.184,6611.416,35971072,true,gpu_nvme_kernel,,1,16
B2,Tutti-deployed,64,0.067,8782,4096,256,75,2605.592,6710.392,35971072,true,gpu_nvme_kernel,,1,16
B2,Tutti-deployed,64,0.067,8782,4096,256,76,2610.044,6810.949,35971072,true,gpu_nvme_kernel,,1,16
B2,Tutti-deployed,64,0.067,8782,4096,256,77,2588.747,6758.506,35971072,true,gpu_nvme_kernel,,1,16
B2,Tutti-deployed,64,0.067,8782,4096,256,78,2607.033,6741.742,35971072,true,gpu_nvme_kernel,,1,16
B2,Tutti-deployed,64,0.067,8782,4096,256,79,2596.334,6570.581,35971072,true,gpu_nvme_kernel,,1,16
B2,Tutti-deployed,64,0.067,8782,4096,256,80,2588.538,6856.053,35971072,true,gpu_nvme_kernel,,1,16
B2,Tutti-deployed,64,0.067,8782,4096,256,81,2606.251,6778.571,35971072,true,gpu_nvme_kernel,,1,16
B2,Tutti-deployed,64,0.067,8782,4096,256,82,2603.843,6759.229,35971072,true,gpu_nvme_kernel,,1,16
B2,Tutti-deployed,64,0.067,8782,4096,256,83,2598.61,6974.835,35971072,true,gpu_nvme_kernel,,1,16
B2,Tutti-deployed,64,0.067,8782,4096,256,84,2598.429,6838.045,35971072,true,gpu_nvme_kernel,,1,16
B2,Tutti-deployed,64,0.067,8782,4096,256,85,2607.626,6622.92,35971072,true,gpu_nvme_kernel,,1,16
B2,Tutti-deployed,64,0.067,8782,4096,256,86,2605.523,6619.507,35971072,true,gpu_nvme_kernel,,1,16
B2,Tutti-deployed,64,0.067,8782,4096,256,87,2608.627,6709.215,35971072,true,gpu_nvme_kernel,,1,16
B2,Tutti-deployed,64,0.067,8782,4096,256,88,2586.224,6714.219,35971072,true,gpu_nvme_kernel,,1,16
B2,Tutti-deployed,64,0.067,8782,4096,256,89,2598.06,6703.359,35971072,true,gpu_nvme_kernel,,1,16
B2,Tutti-deployed,64,0.067,8782,4096,256,90,2611.434,6713.666,35971072,true,gpu_nvme_kernel,,1,16
B2,Tutti-deployed,64,0.067,8782,4096,256,91,2606.173,6875.772,35971072,true,gpu_nvme_kernel,,1,16
B2,Tutti-deployed,64,0.067,8782,4096,256,92,2590.566,6735.377,35971072,true,gpu_nvme_kernel,,1,16
B2,Tutti-deployed,64,0.067,8782,4096,256,93,2611.375,6708.113,35971072,true,gpu_nvme_kernel,,1,16
B2,Tutti-deployed,64,0.067,8782,4096,256,94,2604.976,6697.578,35971072,true,gpu_nvme_kernel,,1,16
B2,Tutti-deployed,64,0.067,8782,4096,256,95,2590.302,6753.691,35971072,true,gpu_nvme_kernel,,1,16
B2,Tutti-deployed,64,0.067,8782,4096,256,96,2620.886,6729.187,35971072,true,gpu_nvme_kernel,,1,16
B2,Tutti-deployed,64,0.067,8782,4096,256,97,2614.84,6760.703,35971072,true,gpu_nvme_kernel,,1,16
B2,Tutti-deployed,64,0.067,8782,4096,256,98,2620.351,6627.439,35971072,true,gpu_nvme_kernel,,1,16
B2,Tutti-deployed,64,0.067,8782,4096,256,99,2600.472,6748.911,35971072,true,gpu_nvme_kernel,,1,16
B2,Tutti-deployed,64,0.067,8782,4096,256,100,2595.529,6696.689,35971072,true,gpu_nvme_kernel,,1,16
B2,Tutti-deployed,64,0.067,8782,4096,256,101,2606.908,6646.79,35971072,true,gpu_nvme_kernel,,1,16
B2,Tutti-deployed,64,0.067,8782,4096,256,102,2609.623,6666.105,35971072,true,gpu_nvme_kernel,,1,16
B2,Tutti-deployed,64,0.067,8782,4096,256,103,2614.913,6828.796,35971072,true,gpu_nvme_kernel,,1,16
B2,Tutti-deployed,64,0.067,8782,4096,256,104,3483.496,6824.246,35971072,true,gpu_nvme_kernel,,1,16
B2,Tutti-deployed,64,0.067,8782,4096,256,105,3015.425,6684.157,35971072,true,gpu_nvme_kernel,,1,16
B2,Tutti-deployed,64,0.067,8782,4096,256,106,3011.723,6758.387,35971072,true,gpu_nvme_kernel,,1,16
B2,Tutti-deployed,64,0.067,8782,4096,256,107,3017.225,6833.887,35971072,true,gpu_nvme_kernel,,1,16
B2,Tutti-deployed,64,0.067,8782,4096,256,108,2979.375,6747.502,35971072,true,gpu_nvme_kernel,,1,16
B2,Tutti-deployed,64,0.067,8782,4096,256,109,3002.644,6894.741,35971072,true,gpu_nvme_kernel,,1,16
B2,Tutti-deployed,64,0.067,8782,4096,256,110,2986.045,6798.787,35971072,true,gpu_nvme_kernel,,1,16
B2,Tutti-deployed,64,0.067,8782,4096,256,111,3014.938,6705.854,35971072,true,gpu_nvme_kernel,,1,16
B2,Tutti-deployed,64,0.067,8782,4096,256,112,3002.003,6823.391,35971072,true,gpu_nvme_kernel,,1,16
B2,Tutti-deployed,64,0.067,8782,4096,256,113,2991.955,6668.033,35971072,true,gpu_nvme_kernel,,1,16
B2,Tutti-deployed,64,0.067,8782,4096,256,114,2985.164,6928.338,35971072,true,gpu_nvme_kernel,,1,16
B2,Tutti-deployed,64,0.067,8782,4096,256,115,2976.856,6901.18,35971072,true,gpu_nvme_kernel,,1,16
B2,Tutti-deployed,64,0.067,8782,4096,256,116,2986.25,6891.421,35971072,true,gpu_nvme_kernel,,1,16
B2,Tutti-deployed,64,0.067,8782,4096,256,117,2995.367,6677.419,35971072,true,gpu_nvme_kernel,,1,16
B2,Tutti-deployed,64,0.067,8782,4096,256,118,3012.019,6892.597,35971072,true,gpu_nvme_kernel,,1,16
B2,Tutti-deployed,64,0.067,8782,4096,256,119,3018.863,6735.855,35971072,true,gpu_nvme_kernel,,1,16
B2,Tutti-deployed,64,0.067,8782,4096,256,120,2996.128,6849.99,35971072,true,gpu_nvme_kernel,,1,16
B2,Tutti-deployed,64,0.067,8782,4096,256,121,3019.255,6706.889,35971072,true,gpu_nvme_kernel,,1,16
B2,Tutti-deployed,64,0.067,8782,4096,256,122,2995.145,7056.14,35971072,true,gpu_nvme_kernel,,1,16
B2,Tutti-deployed,64,0.067,8782,4096,256,123,3024.724,6745.135,35971072,true,gpu_nvme_kernel,,1,16
B2,Tutti-deployed,64,0.067,8782,4096,256,124,3008.844,6843.176,35971072,true,gpu_nvme_kernel,,1,16
B2,Tutti-deployed,64,0.067,8782,4096,256,125,3009.713,6795.739,35971072,true,gpu_nvme_kernel,,1,16
B2,Tutti-deployed,64,0.067,8782,4096,256,126,3005.12,7597.018,35971072,true,gpu_nvme_kernel,,1,16
B2,Tutti-deployed,64,0.067,8782,4096,256,127,3010.03,6685.944,35971072,true,gpu_nvme_kernel,,1,16
B2,Tutti-deployed,64,0.067,8782,4096,256,128,2989.215,6711.622,35971072,true,gpu_nvme_kernel,,1,16
B2,Tutti-deployed,64,0.067,8782,4096,256,129,2996.864,6731.159,35971072,true,gpu_nvme_kernel,,1,16
B2,Tutti-deployed,64,0.067,8782,4096,256,130,3015.041,6731.943,35971072,true,gpu_nvme_kernel,,1,16
B2,Tutti-deployed,64,0.067,8782,4096,256,131,3001.484,6835.3,35971072,true,gpu_nvme_kernel,,1,16
B2,Tutti-deployed,64,0.067,8782,4096,256,132,2978.395,6757.373,35971072,true,gpu_nvme_kernel,,1,16
B2,Tutti-deployed,64,0.067,8782,4096,256,133,3009.167,6764.26,35971072,true,gpu_nvme_kernel,,1,16
B2,Tutti-deployed,64,0.067,8782,4096,256,134,3012.369,6772.496,35971072,true,gpu_nvme_kernel,,1,16
B2,Tutti-deployed,64,0.067,8782,4096,256,135,3002.469,6832.563,35971072,true,gpu_nvme_kernel,,1,16
B2,Tutti-deployed,64,0.067,8782,4096,256,136,2992.929,6728.373,35971072,true,gpu_nvme_kernel,,1,16
B2,Tutti-deployed,64,0.067,8782,4096,256,137,3003.463,6800.366,35971072,true,gpu_nvme_kernel,,1,16
B2,Tutti-deployed,64,0.067,8782,4096,256,138,2990.279,7062.398,35971072,true,gpu_nvme_kernel,,1,16
B2,Tutti-deployed,64,0.067,8782,4096,256,139,3004.995,6937.368,35971072,true,gpu_nvme_kernel,,1,16
B2,Tutti-deployed,64,0.067,8782,4096,256,140,3001.239,6814.666,35971072,true,gpu_nvme_kernel,,1,16
B2,Tutti-deployed,64,0.067,8782,4096,256,141,3037.683,6840.605,35971072,true,gpu_nvme_kernel,,1,16
B2,Tutti-deployed,64,0.067,8782,4096,256,142,2989.464,6670.763,35971072,true,gpu_nvme_kernel,,1,16
B2,Tutti-deployed,64,0.067,8782,4096,256,143,3019.427,6582.023,35971072,true,gpu_nvme_kernel,,1,16
B2,Tutti-deployed,64,0.067,8782,4096,256,144,3000.413,6643.973,35971072,true,gpu_nvme_kernel,,1,16
B2,Tutti-deployed,64,0.067,8782,4096,256,145,3001.338,6886.053,35971072,true,gpu_nvme_kernel,,1,16
B2,Tutti-deployed,64,0.067,8782,4096,256,146,3013.341,6856.375,35971072,true,gpu_nvme_kernel,,1,16
B2,Tutti-deployed,64,0.067,8782,4096,256,147,2996.229,6866.887,35971072,true,gpu_nvme_kernel,,1,16
B2,Tutti-deployed,64,0.067,8782,4096,256,148,2996.849,6609.734,35971072,true,gpu_nvme_kernel,,1,16
B2,Tutti-deployed,64,0.067,8782,4096,256,149,3014.19,6725.197,35971072,true,gpu_nvme_kernel,,1,16
B2,Tutti-deployed,64,0.067,8782,4096,256,150,2994.225,6743.744,35971072,true,gpu_nvme_kernel,,1,16
B2,Tutti-deployed,64,0.067,8782,4096,256,151,3000.71,6711.164,35971072,true,gpu_nvme_kernel,,1,16
B2,Tutti-deployed,64,0.067,8782,4096,256,152,3006.355,6971.933,35971072,true,gpu_nvme_kernel,,1,16
B2,Tutti-deployed,64,0.067,8782,4096,256,153,3008.945,6782.117,35971072,true,gpu_nvme_kernel,,1,16
B2,Tutti-deployed,64,0.067,8782,4096,256,154,3012.906,6868.373,35971072,true,gpu_nvme_kernel,,1,16
B2,Tutti-deployed,64,0.067,8782,4096,256,155,3010.126,6800.431,35971072,true,gpu_nvme_kernel,,1,16
B2,Tutti-deployed,64,0.067,8782,4096,256,156,3019.682,6729.899,35971072,true,gpu_nvme_kernel,,1,16
B2,Tutti-deployed,64,0.067,8782,4096,256,157,3019.452,6702.883,35971072,true,gpu_nvme_kernel,,1,16
B2,Tutti-deployed,64,0.067,8782,4096,256,158,3009.761,7020.568,35971072,true,gpu_nvme_kernel,,1,16
B2,Tutti-deployed,64,0.067,8782,4096,256,159,3008.461,6692.376,35971072,true,gpu_nvme_kernel,,1,16
B2,Tutti-deployed,64,0.067,8782,4096,256,160,2984.477,6941.501,35971072,true,gpu_nvme_kernel,,1,16
B2,Tutti-deployed,64,0.067,8782,4096,256,161,2986.903,6889.68,35971072,true,gpu_nvme_kernel,,1,16
B2,Tutti-deployed,64,0.067,8782,4096,256,162,2987.959,6916.667,35971072,true,gpu_nvme_kernel,,1,16
B2,Tutti-deployed,64,0.067,8782,4096,256,163,3008.759,6724.534,35971072,true,gpu_nvme_kernel,,1,16
B2,Tutti-deployed,64,0.067,8782,4096,256,164,3018.92,6774.346,35971072,true,gpu_nvme_kernel,,1,16
B2,Tutti-deployed,64,0.067,8782,4096,256,165,2993.802,7017.897,35971072,true,gpu_nvme_kernel,,1,16
B2,Tutti-deployed,64,0.067,8782,4096,256,166,3001.694,6831.391,35971072,true,gpu_nvme_kernel,,1,16
B2,Tutti-deployed,64,0.067,8782,4096,256,167,3004.998,6828.94,35971072,true,gpu_nvme_kernel,,1,16
B2,Tutti-deployed,64,0.067,8782,4096,256,168,2992.65,6684.133,35971072,true,gpu_nvme_kernel,,1,16
B2,Tutti-deployed,64,0.067,8782,4096,256,169,3004.65,7068.764,35971072,true,gpu_nvme_kernel,,1,16
B2,Tutti-deployed,64,0.067,8782,4096,256,170,2997.87,6944.936,35971072,true,gpu_nvme_kernel,,1,16
B2,Tutti-deployed,64,0.067,8782,4096,256,171,3021.255,6799.279,35971072,true,gpu_nvme_kernel,,1,16
B2,Tutti-deployed,64,0.067,8782,4096,256,172,2999.996,6832.083,35971072,true,gpu_nvme_kernel,,1,16
B2,Tutti-deployed,64,0.067,8782,4096,256,173,2996.826,6656.855,35971072,true,gpu_nvme_kernel,,1,16
B2,Tutti-deployed,64,0.067,8782,4096,256,174,3003.753,6791.377,35971072,true,gpu_nvme_kernel,,1,16
B2,Tutti-deployed,64,0.067,8782,4096,256,175,2993.367,6801.719,35971072,true,gpu_nvme_kernel,,1,16
B2,Tutti-deployed,64,0.067,8782,4096,256,176,3026.186,6794.023,35971072,true,gpu_nvme_kernel,,1,16
B2,Tutti-deployed,64,0.067,8782,4096,256,177,3009.579,6811.805,35971072,true,gpu_nvme_kernel,,1,16
B2,Tutti-deployed,64,0.067,8782,4096,256,178,3015.3,6701.776,35971072,true,gpu_nvme_kernel,,1,16
B2,Tutti-deployed,64,0.067,8782,4096,256,179,3003.678,6721.093,35971072,true,gpu_nvme_kernel,,1,16
B2,Tutti-deployed,64,0.067,8782,4096,256,180,2997.802,6817.639,35971072,true,gpu_nvme_kernel,,1,16
B2,Tutti-deployed,64,0.067,8782,4096,256,181,3007.096,6860.589,35971072,true,gpu_nvme_kernel,,1,16
B2,Tutti-deployed,64,0.067,8782,4096,256,182,2996.169,6759.01,35971072,true,gpu_nvme_kernel,,1,16
B2,Tutti-deployed,64,0.067,8782,4096,256,183,2591.508,6853.701,35971072,true,gpu_nvme_kernel,,1,16
B2,Tutti-deployed,64,0.067,8782,4096,256,184,2596.436,6878.894,35971072,true,gpu_nvme_kernel,,1,16
B2,Tutti-deployed,64,0.067,8782,4096,256,185,2591.818,6736.274,35971072,true,gpu_nvme_kernel,,1,16
B2,Tutti-deployed,64,0.067,8782,4096,256,186,2598.194,6874.902,35971072,true,gpu_nvme_kernel,,1,16
B2,Tutti-deployed,64,0.067,8782,4096,256,187,2580.82,6529.244,35971072,true,gpu_nvme_kernel,,1,16
B2,Tutti-deployed,64,0.067,8782,4096,256,188,2582.347,6777.164,35971072,true,gpu_nvme_kernel,,1,16
B2,Tutti-deployed,64,0.067,8782,4096,256,189,2591.556,6770.869,35971072,true,gpu_nvme_kernel,,1,16
B2,Tutti-deployed,64,0.067,8782,4096,256,190,2604.077,6842.342,35971072,true,gpu_nvme_kernel,,1,16
B2,Tutti-deployed,64,0.067,8782,4096,256,191,2587.824,6681.31,35971072,true,gpu_nvme_kernel,,1,16
B2,Tutti-deployed,64,0.067,8782,4096,256,192,2593.51,6649.18,35971072,true,gpu_nvme_kernel,,1,16
B2,Tutti-deployed,64,0.067,8782,4096,256,193,2607.715,6766.731,35971072,true,gpu_nvme_kernel,,1,16
B2,Tutti-deployed,64,0.067,8782,4096,256,194,2598.099,6739.302,35971072,true,gpu_nvme_kernel,,1,16
B2,Tutti-deployed,64,0.067,8782,4096,256,195,2574.073,6849.358,35971072,true,gpu_nvme_kernel,,1,16
B2,Tutti-deployed,64,0.067,8782,4096,256,196,2588.604,6796.995,35971072,true,gpu_nvme_kernel,,1,16
B2,Tutti-deployed,64,0.067,8782,4096,256,197,2590.461,6806.998,35971072,true,gpu_nvme_kernel,,1,16
B2,Tutti-deployed,64,0.067,8782,4096,256,198,2568.281,6799.756,35971072,true,gpu_nvme_kernel,,1,16
B2,Tutti-deployed,64,0.067,8782,4096,256,199,2571.852,6863.359,35971072,true,gpu_nvme_kernel,,1,16
B2,Tutti-deployed,64,0.067,8782,4096,256,0,2600.571,6737.215,35971072,true,gpu_nvme_kernel,,3,16
B2,Tutti-deployed,64,0.134,17564,4096,256,0,5180.348,13367.922,71942144,true,gpu_nvme_kernel,,2,16
B2,Tutti-deployed,64,0.134,17564,4096,256,0,5157.754,13656.035,71942144,true,gpu_nvme_kernel,,0,16
B2,Tutti-deployed,64,0.134,17564,4096,256,1,5165.479,13426.124,71942144,true,gpu_nvme_kernel,,0,16
B2,Tutti-deployed,64,0.134,17564,4096,256,2,5176.96,13274.897,71942144,true,gpu_nvme_kernel,,0,16
B2,Tutti-deployed,64,0.134,17564,4096,256,3,5152.645,13394.965,71942144,true,gpu_nvme_kernel,,0,16
B2,Tutti-deployed,64,0.134,17564,4096,256,4,5171.901,13391.353,71942144,true,gpu_nvme_kernel,,0,16
B2,Tutti-deployed,64,0.134,17564,4096,256,5,5163.119,13347.21,71942144,true,gpu_nvme_kernel,,0,16
B2,Tutti-deployed,64,0.134,17564,4096,256,6,5164.056,13602.568,71942144,true,gpu_nvme_kernel,,0,16
B2,Tutti-deployed,64,0.134,17564,4096,256,7,5184.38,13465.923,71942144,true,gpu_nvme_kernel,,0,16
B2,Tutti-deployed,64,0.134,17564,4096,256,8,5161.1,13268.869,71942144,true,gpu_nvme_kernel,,0,16
B2,Tutti-deployed,64,0.134,17564,4096,256,9,5181.995,13438.11,71942144,true,gpu_nvme_kernel,,0,16
B2,Tutti-deployed,64,0.134,17564,4096,256,0,5172.044,13481.322,71942144,true,gpu_nvme_kernel,,1,16
B2,Tutti-deployed,64,0.134,17564,4096,256,1,5180.641,13502.911,71942144,true,gpu_nvme_kernel,,1,16
B2,Tutti-deployed,64,0.134,17564,4096,256,2,5210.212,13314.529,71942144,true,gpu_nvme_kernel,,1,16
B2,Tutti-deployed,64,0.134,17564,4096,256,3,5159.343,13441.717,71942144,true,gpu_nvme_kernel,,1,16
B2,Tutti-deployed,64,0.134,17564,4096,256,4,5168.76,13301.209,71942144,true,gpu_nvme_kernel,,1,16
B2,Tutti-deployed,64,0.134,17564,4096,256,5,5157.838,13529.822,71942144,true,gpu_nvme_kernel,,1,16
B2,Tutti-deployed,64,0.134,17564,4096,256,6,5178.651,13562.251,71942144,true,gpu_nvme_kernel,,1,16
B2,Tutti-deployed,64,0.134,17564,4096,256,7,5177.639,13422.986,71942144,true,gpu_nvme_kernel,,1,16
B2,Tutti-deployed,64,0.134,17564,4096,256,8,5173.314,13261.414,71942144,true,gpu_nvme_kernel,,1,16
B2,Tutti-deployed,64,0.134,17564,4096,256,9,5163.939,13636.693,71942144,true,gpu_nvme_kernel,,1,16
B2,Tutti-deployed,64,0.134,17564,4096,256,10,5158.786,13524.347,71942144,true,gpu_nvme_kernel,,1,16
B2,Tutti-deployed,64,0.134,17564,4096,256,11,5183.095,13364.375,71942144,true,gpu_nvme_kernel,,1,16
B2,Tutti-deployed,64,0.134,17564,4096,256,12,5180.456,13521.131,71942144,true,gpu_nvme_kernel,,1,16
B2,Tutti-deployed,64,0.134,17564,4096,256,13,5162.135,13357.598,71942144,true,gpu_nvme_kernel,,1,16
B2,Tutti-deployed,64,0.134,17564,4096,256,14,5154.55,13593.132,71942144,true,gpu_nvme_kernel,,1,16
B2,Tutti-deployed,64,0.134,17564,4096,256,15,5181.401,13406.852,71942144,true,gpu_nvme_kernel,,1,16
B2,Tutti-deployed,64,0.134,17564,4096,256,16,5165.189,13411.398,71942144,true,gpu_nvme_kernel,,1,16
B2,Tutti-deployed,64,0.134,17564,4096,256,17,5178.37,13562.295,71942144,true,gpu_nvme_kernel,,1,16
B2,Tutti-deployed,64,0.134,17564,4096,256,18,5173.711,13217.45,71942144,true,gpu_nvme_kernel,,1,16
B2,Tutti-deployed,64,0.134,17564,4096,256,19,5179.794,13214.28,71942144,true,gpu_nvme_kernel,,1,16
B2,Tutti-deployed,64,0.134,17564,4096,256,20,5176.171,13325.201,71942144,true,gpu_nvme_kernel,,1,16
B2,Tutti-deployed,64,0.134,17564,4096,256,21,5156.696,13605.727,71942144,true,gpu_nvme_kernel,,1,16
B2,Tutti-deployed,64,0.134,17564,4096,256,22,5184.085,13395.505,71942144,true,gpu_nvme_kernel,,1,16
B2,Tutti-deployed,64,0.134,17564,4096,256,23,5169.57,13502.98,71942144,true,gpu_nvme_kernel,,1,16
B2,Tutti-deployed,64,0.134,17564,4096,256,24,5165.488,13365.913,71942144,true,gpu_nvme_kernel,,1,16
B2,Tutti-deployed,64,0.134,17564,4096,256,25,5198.014,13500.159,71942144,true,gpu_nvme_kernel,,1,16
B2,Tutti-deployed,64,0.134,17564,4096,256,26,5188.864,13298.763,71942144,true,gpu_nvme_kernel,,1,16
B2,Tutti-deployed,64,0.134,17564,4096,256,27,5186.464,13496.627,71942144,true,gpu_nvme_kernel,,1,16
B2,Tutti-deployed,64,0.134,17564,4096,256,28,5141.289,13443.479,71942144,true,gpu_nvme_kernel,,1,16
B2,Tutti-deployed,64,0.134,17564,4096,256,29,5144.946,13378.648,71942144,true,gpu_nvme_kernel,,1,16
B2,Tutti-deployed,64,0.134,17564,4096,256,30,5187.364,14356.64,71942144,true,gpu_nvme_kernel,,1,16
B2,Tutti-deployed,64,0.134,17564,4096,256,31,5185.503,13490.115,71942144,true,gpu_nvme_kernel,,1,16
B2,Tutti-deployed,64,0.134,17564,4096,256,32,5216.623,13326.144,71942144,true,gpu_nvme_kernel,,1,16
B2,Tutti-deployed,64,0.134,17564,4096,256,33,5176.148,13416.401,71942144,true,gpu_nvme_kernel,,1,16
B2,Tutti-deployed,64,0.134,17564,4096,256,34,5176.244,13469.003,71942144,true,gpu_nvme_kernel,,1,16
B2,Tutti-deployed,64,0.134,17564,4096,256,35,5169.938,13296.125,71942144,true,gpu_nvme_kernel,,1,16
B2,Tutti-deployed,64,0.134,17564,4096,256,36,5224.004,13384.526,71942144,true,gpu_nvme_kernel,,1,16
B2,Tutti-deployed,64,0.134,17564,4096,256,37,5188.406,13296.475,71942144,true,gpu_nvme_kernel,,1,16
B2,Tutti-deployed,64,0.134,17564,4096,256,38,5173.195,13414.663,71942144,true,gpu_nvme_kernel,,1,16
B2,Tutti-deployed,64,0.134,17564,4096,256,39,5166.112,13370.925,71942144,true,gpu_nvme_kernel,,1,16
B2,Tutti-deployed,64,0.134,17564,4096,256,40,5158.508,13285.711,71942144,true,gpu_nvme_kernel,,1,16
B2,Tutti-deployed,64,0.134,17564,4096,256,41,5201.815,13221.391,71942144,true,gpu_nvme_kernel,,1,16
B2,Tutti-deployed,64,0.134,17564,4096,256,42,5212.964,13426.532,71942144,true,gpu_nvme_kernel,,1,16
B2,Tutti-deployed,64,0.134,17564,4096,256,43,5175.44,13284.611,71942144,true,gpu_nvme_kernel,,1,16
B2,Tutti-deployed,64,0.134,17564,4096,256,44,5169.921,13591.56,71942144,true,gpu_nvme_kernel,,1,16
B2,Tutti-deployed,64,0.134,17564,4096,256,45,5160.355,13216.553,71942144,true,gpu_nvme_kernel,,1,16
B2,Tutti-deployed,64,0.134,17564,4096,256,46,5188.193,13657.668,71942144,true,gpu_nvme_kernel,,1,16
B2,Tutti-deployed,64,0.134,17564,4096,256,47,5168.387,13394.432,71942144,true,gpu_nvme_kernel,,1,16
B2,Tutti-deployed,64,0.134,17564,4096,256,48,5181.744,13483.46,71942144,true,gpu_nvme_kernel,,1,16
B2,Tutti-deployed,64,0.134,17564,4096,256,49,5179.313,13450.934,71942144,true,gpu_nvme_kernel,,1,16
B2,Tutti-deployed,64,0.134,17564,4096,256,50,5176.346,13670.776,71942144,true,gpu_nvme_kernel,,1,16
B2,Tutti-deployed,64,0.134,17564,4096,256,51,5184.063,13510.16,71942144,true,gpu_nvme_kernel,,1,16
B2,Tutti-deployed,64,0.134,17564,4096,256,52,5185.723,13332.955,71942144,true,gpu_nvme_kernel,,1,16
B2,Tutti-deployed,64,0.134,17564,4096,256,53,5153.963,13415.385,71942144,true,gpu_nvme_kernel,,1,16
B2,Tutti-deployed,64,0.134,17564,4096,256,54,5162.35,13506.118,71942144,true,gpu_nvme_kernel,,1,16
B2,Tutti-deployed,64,0.134,17564,4096,256,55,5161.581,13284.487,71942144,true,gpu_nvme_kernel,,1,16
B2,Tutti-deployed,64,0.134,17564,4096,256,56,5205.326,13414.197,71942144,true,gpu_nvme_kernel,,1,16
B2,Tutti-deployed,64,0.134,17564,4096,256,57,5175.936,13241.645,71942144,true,gpu_nvme_kernel,,1,16
B2,Tutti-deployed,64,0.134,17564,4096,256,58,5211.084,13425.562,71942144,true,gpu_nvme_kernel,,1,16
B2,Tutti-deployed,64,0.134,17564,4096,256,59,5176.762,13685.3,71942144,true,gpu_nvme_kernel,,1,16
B2,Tutti-deployed,64,0.134,17564,4096,256,60,5158.969,13391.429,71942144,true,gpu_nvme_kernel,,1,16
B2,Tutti-deployed,64,0.134,17564,4096,256,61,5184.227,13329.778,71942144,true,gpu_nvme_kernel,,1,16
B2,Tutti-deployed,64,0.134,17564,4096,256,62,5149.466,13398.069,71942144,true,gpu_nvme_kernel,,1,16
B2,Tutti-deployed,64,0.134,17564,4096,256,63,5156.905,13642.465,71942144,true,gpu_nvme_kernel,,1,16
B2,Tutti-deployed,64,0.134,17564,4096,256,64,5198.469,13441.182,71942144,true,gpu_nvme_kernel,,1,16
B2,Tutti-deployed,64,0.134,17564,4096,256,65,5222.474,13471.712,71942144,true,gpu_nvme_kernel,,1,16
B2,Tutti-deployed,64,0.134,17564,4096,256,66,5144.22,13271.742,71942144,true,gpu_nvme_kernel,,1,16
B2,Tutti-deployed,64,0.134,17564,4096,256,67,5198.749,13457.041,71942144,true,gpu_nvme_kernel,,1,16
B2,Tutti-deployed,64,0.134,17564,4096,256,68,5169.051,13533.796,71942144,true,gpu_nvme_kernel,,1,16
B2,Tutti-deployed,64,0.134,17564,4096,256,69,5167.789,13438.069,71942144,true,gpu_nvme_kernel,,1,16
B2,Tutti-deployed,64,0.134,17564,4096,256,70,5182.875,13370.025,71942144,true,gpu_nvme_kernel,,1,16
B2,Tutti-deployed,64,0.134,17564,4096,256,71,5173.161,13484.96,71942144,true,gpu_nvme_kernel,,1,16
B2,Tutti-deployed,64,0.134,17564,4096,256,72,5195.251,13393.662,71942144,true,gpu_nvme_kernel,,1,16
B2,Tutti-deployed,64,0.134,17564,4096,256,73,5196.494,13370.727,71942144,true,gpu_nvme_kernel,,1,16
B2,Tutti-deployed,64,0.134,17564,4096,256,74,5174.72,13525.592,71942144,true,gpu_nvme_kernel,,1,16
B2,Tutti-deployed,64,0.134,17564,4096,256,75,5189.294,13396.677,71942144,true,gpu_nvme_kernel,,1,16
B2,Tutti-deployed,64,0.134,17564,4096,256,76,5171.966,13258.15,71942144,true,gpu_nvme_kernel,,1,16
B2,Tutti-deployed,64,0.134,17564,4096,256,77,5182.684,13348.459,71942144,true,gpu_nvme_kernel,,1,16
B2,Tutti-deployed,64,0.134,17564,4096,256,78,5202.376,13266.331,71942144,true,gpu_nvme_kernel,,1,16
B2,Tutti-deployed,64,0.134,17564,4096,256,79,5172.815,13274.596,71942144,true,gpu_nvme_kernel,,1,16
B2,Tutti-deployed,64,0.134,17564,4096,256,80,5159.747,13370.34,71942144,true,gpu_nvme_kernel,,1,16
B2,Tutti-deployed,64,0.134,17564,4096,256,81,5154.339,13471.179,71942144,true,gpu_nvme_kernel,,1,16
B2,Tutti-deployed,64,0.134,17564,4096,256,82,5198.051,13273.987,71942144,true,gpu_nvme_kernel,,1,16
B2,Tutti-deployed,64,0.134,17564,4096,256,83,5176.459,13383.74,71942144,true,gpu_nvme_kernel,,1,16
B2,Tutti-deployed,64,0.134,17564,4096,256,84,5185.745,13626.789,71942144,true,gpu_nvme_kernel,,1,16
B2,Tutti-deployed,64,0.134,17564,4096,256,85,5178.877,13560.517,71942144,true,gpu_nvme_kernel,,1,16
B2,Tutti-deployed,64,0.134,17564,4096,256,86,5185.345,13201.326,71942144,true,gpu_nvme_kernel,,1,16
B2,Tutti-deployed,64,0.134,17564,4096,256,87,5199.989,13491.875,71942144,true,gpu_nvme_kernel,,1,16
B2,Tutti-deployed,64,0.134,17564,4096,256,88,5170.576,13596.329,71942144,true,gpu_nvme_kernel,,1,16
B2,Tutti-deployed,64,0.134,17564,4096,256,89,5153.14,13374.505,71942144,true,gpu_nvme_kernel,,1,16
B2,Tutti-deployed,64,0.134,17564,4096,256,90,5166.352,13212.563,71942144,true,gpu_nvme_kernel,,1,16
B2,Tutti-deployed,64,0.134,17564,4096,256,91,5168.114,13419.858,71942144,true,gpu_nvme_kernel,,1,16
B2,Tutti-deployed,64,0.134,17564,4096,256,92,5154.833,13411.272,71942144,true,gpu_nvme_kernel,,1,16
B2,Tutti-deployed,64,0.134,17564,4096,256,93,5171.845,13380.034,71942144,true,gpu_nvme_kernel,,1,16
B2,Tutti-deployed,64,0.134,17564,4096,256,94,5172.176,13325.72,71942144,true,gpu_nvme_kernel,,1,16
B2,Tutti-deployed,64,0.134,17564,4096,256,95,5159.694,13593.051,71942144,true,gpu_nvme_kernel,,1,16
B2,Tutti-deployed,64,0.134,17564,4096,256,96,5170.79,13404.847,71942144,true,gpu_nvme_kernel,,1,16
B2,Tutti-deployed,64,0.134,17564,4096,256,97,5170.778,13603.11,71942144,true,gpu_nvme_kernel,,1,16
B2,Tutti-deployed,64,0.134,17564,4096,256,98,5167.726,13451.075,71942144,true,gpu_nvme_kernel,,1,16
B2,Tutti-deployed,64,0.134,17564,4096,256,99,5182.569,13245.148,71942144,true,gpu_nvme_kernel,,1,16
B2,Tutti-deployed,64,0.134,17564,4096,256,100,5159.356,13463.584,71942144,true,gpu_nvme_kernel,,1,16
B2,Tutti-deployed,64,0.134,17564,4096,256,101,5185.478,13485.104,71942144,true,gpu_nvme_kernel,,1,16
B2,Tutti-deployed,64,0.134,17564,4096,256,102,5156.288,13395.631,71942144,true,gpu_nvme_kernel,,1,16
B2,Tutti-deployed,64,0.134,17564,4096,256,103,5179.883,13290.593,71942144,true,gpu_nvme_kernel,,1,16
B2,Tutti-deployed,64,0.134,17564,4096,256,104,5186.89,13382.484,71942144,true,gpu_nvme_kernel,,1,16
B2,Tutti-deployed,64,0.134,17564,4096,256,105,5160.349,13462.395,71942144,true,gpu_nvme_kernel,,1,16
B2,Tutti-deployed,64,0.134,17564,4096,256,106,5165.548,13558.419,71942144,true,gpu_nvme_kernel,,1,16
B2,Tutti-deployed,64,0.134,17564,4096,256,107,5178.568,13691.372,71942144,true,gpu_nvme_kernel,,1,16
B2,Tutti-deployed,64,0.134,17564,4096,256,108,5183.448,13466.745,71942144,true,gpu_nvme_kernel,,1,16
B2,Tutti-deployed,64,0.134,17564,4096,256,109,5172.792,13426.114,71942144,true,gpu_nvme_kernel,,1,16
B2,Tutti-deployed,64,0.134,17564,4096,256,110,5181.572,13377.298,71942144,true,gpu_nvme_kernel,,1,16
B2,Tutti-deployed,64,0.134,17564,4096,256,111,5177.533,13380.09,71942144,true,gpu_nvme_kernel,,1,16
B2,Tutti-deployed,64,0.134,17564,4096,256,112,5161.067,13555.736,71942144,true,gpu_nvme_kernel,,1,16
B2,Tutti-deployed,64,0.134,17564,4096,256,113,5161.018,13475.021,71942144,true,gpu_nvme_kernel,,1,16
B2,Tutti-deployed,64,0.134,17564,4096,256,114,5166.207,13588.744,71942144,true,gpu_nvme_kernel,,1,16
B2,Tutti-deployed,64,0.134,17564,4096,256,115,5168.42,13395.526,71942144,true,gpu_nvme_kernel,,1,16
B2,Tutti-deployed,64,0.134,17564,4096,256,116,5187.435,13365.31,71942144,true,gpu_nvme_kernel,,1,16
B2,Tutti-deployed,64,0.134,17564,4096,256,117,5180.688,13493.301,71942144,true,gpu_nvme_kernel,,1,16
B2,Tutti-deployed,64,0.134,17564,4096,256,118,5168.994,13606.711,71942144,true,gpu_nvme_kernel,,1,16
B2,Tutti-deployed,64,0.134,17564,4096,256,119,5169.59,13538.978,71942144,true,gpu_nvme_kernel,,1,16
B2,Tutti-deployed,64,0.134,17564,4096,256,120,5142.631,13524.442,71942144,true,gpu_nvme_kernel,,1,16
B2,Tutti-deployed,64,0.134,17564,4096,256,121,5163.564,13488.822,71942144,true,gpu_nvme_kernel,,1,16
B2,Tutti-deployed,64,0.134,17564,4096,256,122,5178.068,13182.899,71942144,true,gpu_nvme_kernel,,1,16
B2,Tutti-deployed,64,0.134,17564,4096,256,123,5159.482,13300.31,71942144,true,gpu_nvme_kernel,,1,16
B2,Tutti-deployed,64,0.134,17564,4096,256,124,5160.153,13451.891,71942144,true,gpu_nvme_kernel,,1,16
B2,Tutti-deployed,64,0.134,17564,4096,256,125,5173.932,13584.969,71942144,true,gpu_nvme_kernel,,1,16
B2,Tutti-deployed,64,0.134,17564,4096,256,126,5139.104,13252.884,71942144,true,gpu_nvme_kernel,,1,16
B2,Tutti-deployed,64,0.134,17564,4096,256,127,5170.051,13373.219,71942144,true,gpu_nvme_kernel,,1,16
B2,Tutti-deployed,64,0.134,17564,4096,256,128,5189.194,13355.079,71942144,true,gpu_nvme_kernel,,1,16
B2,Tutti-deployed,64,0.134,17564,4096,256,129,5169.948,13661.311,71942144,true,gpu_nvme_kernel,,1,16
B2,Tutti-deployed,64,0.134,17564,4096,256,130,5193.272,13706.965,71942144,true,gpu_nvme_kernel,,1,16
B2,Tutti-deployed,64,0.134,17564,4096,256,131,5172.357,13412.262,71942144,true,gpu_nvme_kernel,,1,16
B2,Tutti-deployed,64,0.134,17564,4096,256,132,5174.805,13492.384,71942144,true,gpu_nvme_kernel,,1,16
B2,Tutti-deployed,64,0.134,17564,4096,256,133,5185.587,13420.167,71942144,true,gpu_nvme_kernel,,1,16
B2,Tutti-deployed,64,0.134,17564,4096,256,134,5162.525,13511.019,71942144,true,gpu_nvme_kernel,,1,16
B2,Tutti-deployed,64,0.134,17564,4096,256,135,5190.363,13396.45,71942144,true,gpu_nvme_kernel,,1,16
B2,Tutti-deployed,64,0.134,17564,4096,256,136,5178.099,13428.917,71942144,true,gpu_nvme_kernel,,1,16
B2,Tutti-deployed,64,0.134,17564,4096,256,137,5163.261,13520.724,71942144,true,gpu_nvme_kernel,,1,16
B2,Tutti-deployed,64,0.134,17564,4096,256,138,5182.145,13420.238,71942144,true,gpu_nvme_kernel,,1,16
B2,Tutti-deployed,64,0.134,17564,4096,256,139,5159.774,13519.293,71942144,true,gpu_nvme_kernel,,1,16
B2,Tutti-deployed,64,0.134,17564,4096,256,140,5184.976,13486.015,71942144,true,gpu_nvme_kernel,,1,16
B2,Tutti-deployed,64,0.134,17564,4096,256,141,5175.111,13197.576,71942144,true,gpu_nvme_kernel,,1,16
B2,Tutti-deployed,64,0.134,17564,4096,256,142,5166.686,13460.139,71942144,true,gpu_nvme_kernel,,1,16
B2,Tutti-deployed,64,0.134,17564,4096,256,143,5143.979,13380.397,71942144,true,gpu_nvme_kernel,,1,16
B2,Tutti-deployed,64,0.134,17564,4096,256,144,5173.066,13331.023,71942144,true,gpu_nvme_kernel,,1,16
B2,Tutti-deployed,64,0.134,17564,4096,256,145,5175.503,13362.141,71942144,true,gpu_nvme_kernel,,1,16
B2,Tutti-deployed,64,0.134,17564,4096,256,146,5174.805,13572.599,71942144,true,gpu_nvme_kernel,,1,16
B2,Tutti-deployed,64,0.134,17564,4096,256,147,5175.665,13378.092,71942144,true,gpu_nvme_kernel,,1,16
B2,Tutti-deployed,64,0.134,17564,4096,256,148,5165.445,13271.469,71942144,true,gpu_nvme_kernel,,1,16
B2,Tutti-deployed,64,0.134,17564,4096,256,149,5178.422,13467.66,71942144,true,gpu_nvme_kernel,,1,16
B2,Tutti-deployed,64,0.134,17564,4096,256,150,5158.286,13372.639,71942144,true,gpu_nvme_kernel,,1,16
B2,Tutti-deployed,64,0.134,17564,4096,256,151,5176.551,13280.533,71942144,true,gpu_nvme_kernel,,1,16
B2,Tutti-deployed,64,0.134,17564,4096,256,152,5170.967,13443.381,71942144,true,gpu_nvme_kernel,,1,16
B2,Tutti-deployed,64,0.134,17564,4096,256,153,5166.058,13570.126,71942144,true,gpu_nvme_kernel,,1,16
B2,Tutti-deployed,64,0.134,17564,4096,256,154,5166.171,13692.251,71942144,true,gpu_nvme_kernel,,1,16
B2,Tutti-deployed,64,0.134,17564,4096,256,155,5156.884,13283.381,71942144,true,gpu_nvme_kernel,,1,16
B2,Tutti-deployed,64,0.134,17564,4096,256,156,5193.987,13311.299,71942144,true,gpu_nvme_kernel,,1,16
B2,Tutti-deployed,64,0.134,17564,4096,256,157,5189.043,13344.487,71942144,true,gpu_nvme_kernel,,1,16
B2,Tutti-deployed,64,0.134,17564,4096,256,158,5192.369,13474.191,71942144,true,gpu_nvme_kernel,,1,16
B2,Tutti-deployed,64,0.134,17564,4096,256,159,5158.422,13588.723,71942144,true,gpu_nvme_kernel,,1,16
B2,Tutti-deployed,64,0.134,17564,4096,256,160,5169.093,13274.646,71942144,true,gpu_nvme_kernel,,1,16
B2,Tutti-deployed,64,0.134,17564,4096,256,161,5162.584,13277.699,71942144,true,gpu_nvme_kernel,,1,16
B2,Tutti-deployed,64,0.134,17564,4096,256,162,5165.236,13256.81,71942144,true,gpu_nvme_kernel,,1,16
B2,Tutti-deployed,64,0.134,17564,4096,256,163,5162.846,13253.463,71942144,true,gpu_nvme_kernel,,1,16
B2,Tutti-deployed,64,0.134,17564,4096,256,164,5160.601,13369.161,71942144,true,gpu_nvme_kernel,,1,16
B2,Tutti-deployed,64,0.134,17564,4096,256,165,5182.965,13673.824,71942144,true,gpu_nvme_kernel,,1,16
B2,Tutti-deployed,64,0.134,17564,4096,256,166,5159.157,13642.806,71942144,true,gpu_nvme_kernel,,1,16
B2,Tutti-deployed,64,0.134,17564,4096,256,167,5186.884,13419.36,71942144,true,gpu_nvme_kernel,,1,16
B2,Tutti-deployed,64,0.134,17564,4096,256,168,5151.254,13382.149,71942144,true,gpu_nvme_kernel,,1,16
B2,Tutti-deployed,64,0.134,17564,4096,256,169,5181.051,13333.415,71942144,true,gpu_nvme_kernel,,1,16
B2,Tutti-deployed,64,0.134,17564,4096,256,170,5164.65,13524.877,71942144,true,gpu_nvme_kernel,,1,16
B2,Tutti-deployed,64,0.134,17564,4096,256,171,5181.815,13391.828,71942144,true,gpu_nvme_kernel,,1,16
B2,Tutti-deployed,64,0.134,17564,4096,256,172,5176.331,13392.697,71942144,true,gpu_nvme_kernel,,1,16
B2,Tutti-deployed,64,0.134,17564,4096,256,173,5180.809,13254.152,71942144,true,gpu_nvme_kernel,,1,16
B2,Tutti-deployed,64,0.134,17564,4096,256,174,5189.035,13484.053,71942144,true,gpu_nvme_kernel,,1,16
B2,Tutti-deployed,64,0.134,17564,4096,256,175,5173.516,13363.174,71942144,true,gpu_nvme_kernel,,1,16
B2,Tutti-deployed,64,0.134,17564,4096,256,176,5183.894,13345.01,71942144,true,gpu_nvme_kernel,,1,16
B2,Tutti-deployed,64,0.134,17564,4096,256,177,5160.071,13430.826,71942144,true,gpu_nvme_kernel,,1,16
B2,Tutti-deployed,64,0.134,17564,4096,256,178,5179.965,13273.424,71942144,true,gpu_nvme_kernel,,1,16
B2,Tutti-deployed,64,0.134,17564,4096,256,179,5170.582,13212.19,71942144,true,gpu_nvme_kernel,,1,16
B2,Tutti-deployed,64,0.134,17564,4096,256,180,5199.429,13381.058,71942144,true,gpu_nvme_kernel,,1,16
B2,Tutti-deployed,64,0.134,17564,4096,256,181,5175.419,13419.721,71942144,true,gpu_nvme_kernel,,1,16
B2,Tutti-deployed,64,0.134,17564,4096,256,182,5167.167,13642.452,71942144,true,gpu_nvme_kernel,,1,16
B2,Tutti-deployed,64,0.134,17564,4096,256,183,5157.021,13473.219,71942144,true,gpu_nvme_kernel,,1,16
B2,Tutti-deployed,64,0.134,17564,4096,256,184,5163.523,13264.112,71942144,true,gpu_nvme_kernel,,1,16
B2,Tutti-deployed,64,0.134,17564,4096,256,185,5163.192,13404.48,71942144,true,gpu_nvme_kernel,,1,16
B2,Tutti-deployed,64,0.134,17564,4096,256,186,5160.969,13640.79,71942144,true,gpu_nvme_kernel,,1,16
B2,Tutti-deployed,64,0.134,17564,4096,256,187,5176.293,13681.536,71942144,true,gpu_nvme_kernel,,1,16
B2,Tutti-deployed,64,0.134,17564,4096,256,188,5172.101,13311.174,71942144,true,gpu_nvme_kernel,,1,16
B2,Tutti-deployed,64,0.134,17564,4096,256,189,5163.926,13422.727,71942144,true,gpu_nvme_kernel,,1,16
B2,Tutti-deployed,64,0.134,17564,4096,256,190,5175.262,13368.141,71942144,true,gpu_nvme_kernel,,1,16
B2,Tutti-deployed,64,0.134,17564,4096,256,191,5159.466,13685.696,71942144,true,gpu_nvme_kernel,,1,16
B2,Tutti-deployed,64,0.134,17564,4096,256,192,5171.969,13467.935,71942144,true,gpu_nvme_kernel,,1,16
B2,Tutti-deployed,64,0.134,17564,4096,256,193,5169.233,13271.972,71942144,true,gpu_nvme_kernel,,1,16
B2,Tutti-deployed,64,0.134,17564,4096,256,194,5182.2,13222.255,71942144,true,gpu_nvme_kernel,,1,16
B2,Tutti-deployed,64,0.134,17564,4096,256,195,5198.064,13375.955,71942144,true,gpu_nvme_kernel,,1,16
B2,Tutti-deployed,64,0.134,17564,4096,256,196,5160.662,13354.233,71942144,true,gpu_nvme_kernel,,1,16
B2,Tutti-deployed,64,0.134,17564,4096,256,197,5183.925,13200.857,71942144,true,gpu_nvme_kernel,,1,16
B2,Tutti-deployed,64,0.134,17564,4096,256,198,5170.881,13365.795,71942144,true,gpu_nvme_kernel,,1,16
B2,Tutti-deployed,64,0.134,17564,4096,256,199,5172.27,13321.641,71942144,true,gpu_nvme_kernel,,1,16
B2,Tutti-deployed,64,0.134,17564,4096,256,0,5190.937,13431.14,71942144,true,gpu_nvme_kernel,,3,16
B2,Tutti-deployed,64,0.3,39322,4096,256,0,11568.111,29905.253,161062912,true,gpu_nvme_kernel,,2,16
B2,Tutti-deployed,64,0.3,39322,4096,256,0,11582.28,29837.019,161062912,true,gpu_nvme_kernel,,0,16
B2,Tutti-deployed,64,0.3,39322,4096,256,1,11597.999,29873.114,161062912,true,gpu_nvme_kernel,,0,16
B2,Tutti-deployed,64,0.3,39322,4096,256,2,11587.296,29585.864,161062912,true,gpu_nvme_kernel,,0,16
B2,Tutti-deployed,64,0.3,39322,4096,256,3,11574.87,29739.157,161062912,true,gpu_nvme_kernel,,0,16
B2,Tutti-deployed,64,0.3,39322,4096,256,4,11528.976,29850.977,161062912,true,gpu_nvme_kernel,,0,16
B2,Tutti-deployed,64,0.3,39322,4096,256,5,11548.138,30270.032,161062912,true,gpu_nvme_kernel,,0,16
B2,Tutti-deployed,64,0.3,39322,4096,256,6,11557.933,29863.021,161062912,true,gpu_nvme_kernel,,0,16
B2,Tutti-deployed,64,0.3,39322,4096,256,7,11551.816,29796.211,161062912,true,gpu_nvme_kernel,,0,16
B2,Tutti-deployed,64,0.3,39322,4096,256,8,11588.524,29829.944,161062912,true,gpu_nvme_kernel,,0,16
B2,Tutti-deployed,64,0.3,39322,4096,256,9,11538.609,30338.749,161062912,true,gpu_nvme_kernel,,0,16
B2,Tutti-deployed,64,0.3,39322,4096,256,0,11536.481,29334.546,161062912,true,gpu_nvme_kernel,,1,16
B2,Tutti-deployed,64,0.3,39322,4096,256,1,11588.514,29947.228,161062912,true,gpu_nvme_kernel,,1,16
B2,Tutti-deployed,64,0.3,39322,4096,256,2,11581.817,29752.886,161062912,true,gpu_nvme_kernel,,1,16
B2,Tutti-deployed,64,0.3,39322,4096,256,3,11594.532,29612.113,161062912,true,gpu_nvme_kernel,,1,16
B2,Tutti-deployed,64,0.3,39322,4096,256,4,11582.956,29697.28,161062912,true,gpu_nvme_kernel,,1,16
B2,Tutti-deployed,64,0.3,39322,4096,256,5,11546.682,29750.984,161062912,true,gpu_nvme_kernel,,1,16
B2,Tutti-deployed,64,0.3,39322,4096,256,6,11623.17,29889.296,161062912,true,gpu_nvme_kernel,,1,16
B2,Tutti-deployed,64,0.3,39322,4096,256,7,11569.235,30027.74,161062912,true,gpu_nvme_kernel,,1,16
B2,Tutti-deployed,64,0.3,39322,4096,256,8,11604.139,30036.329,161062912,true,gpu_nvme_kernel,,1,16
B2,Tutti-deployed,64,0.3,39322,4096,256,9,11540.135,29849.41,161062912,true,gpu_nvme_kernel,,1,16
B2,Tutti-deployed,64,0.3,39322,4096,256,10,11583.407,29641.54,161062912,true,gpu_nvme_kernel,,1,16
B2,Tutti-deployed,64,0.3,39322,4096,256,11,11727.413,30006.106,161062912,true,gpu_nvme_kernel,,1,16
B2,Tutti-deployed,64,0.3,39322,4096,256,12,11620.952,30056.387,161062912,true,gpu_nvme_kernel,,1,16
B2,Tutti-deployed,64,0.3,39322,4096,256,13,11567.001,30178.341,161062912,true,gpu_nvme_kernel,,1,16
B2,Tutti-deployed,64,0.3,39322,4096,256,14,11580.729,29569.598,161062912,true,gpu_nvme_kernel,,1,16
B2,Tutti-deployed,64,0.3,39322,4096,256,15,11579.639,30130.849,161062912,true,gpu_nvme_kernel,,1,16
B2,Tutti-deployed,64,0.3,39322,4096,256,16,11578.657,29979.09,161062912,true,gpu_nvme_kernel,,1,16
B2,Tutti-deployed,64,0.3,39322,4096,256,17,11604.324,29661.764,161062912,true,gpu_nvme_kernel,,1,16
B2,Tutti-deployed,64,0.3,39322,4096,256,18,11575.137,29832.941,161062912,true,gpu_nvme_kernel,,1,16
B2,Tutti-deployed,64,0.3,39322,4096,256,19,11557.498,29514.685,161062912,true,gpu_nvme_kernel,,1,16
B2,Tutti-deployed,64,0.3,39322,4096,256,20,11485.509,29999.308,161062912,true,gpu_nvme_kernel,,1,16
B2,Tutti-deployed,64,0.3,39322,4096,256,21,11603.973,29630.583,161062912,true,gpu_nvme_kernel,,1,16
B2,Tutti-deployed,64,0.3,39322,4096,256,22,11589.316,29533.547,161062912,true,gpu_nvme_kernel,,1,16
B2,Tutti-deployed,64,0.3,39322,4096,256,23,11557.836,29557.872,161062912,true,gpu_nvme_kernel,,1,16
B2,Tutti-deployed,64,0.3,39322,4096,256,24,11532.943,30059.102,161062912,true,gpu_nvme_kernel,,1,16
B2,Tutti-deployed,64,0.3,39322,4096,256,25,11529.171,29918.56,161062912,true,gpu_nvme_kernel,,1,16
B2,Tutti-deployed,64,0.3,39322,4096,256,26,11564.978,30484.044,161062912,true,gpu_nvme_kernel,,1,16
B2,Tutti-deployed,64,0.3,39322,4096,256,27,11580.068,30217.807,161062912,true,gpu_nvme_kernel,,1,16
B2,Tutti-deployed,64,0.3,39322,4096,256,28,11549.716,29915.442,161062912,true,gpu_nvme_kernel,,1,16
B2,Tutti-deployed,64,0.3,39322,4096,256,29,11572.427,29914.877,161062912,true,gpu_nvme_kernel,,1,16
B2,Tutti-deployed,64,0.3,39322,4096,256,30,11575.588,30017.851,161062912,true,gpu_nvme_kernel,,1,16
B2,Tutti-deployed,64,0.3,39322,4096,256,31,11578.777,30182.424,161062912,true,gpu_nvme_kernel,,1,16
B2,Tutti-deployed,64,0.3,39322,4096,256,32,11594.429,30262.897,161062912,true,gpu_nvme_kernel,,1,16
B2,Tutti-deployed,64,0.3,39322,4096,256,33,11599.788,30142.34,161062912,true,gpu_nvme_kernel,,1,16
B2,Tutti-deployed,64,0.3,39322,4096,256,34,11557.872,29967.09,161062912,true,gpu_nvme_kernel,,1,16
B2,Tutti-deployed,64,0.3,39322,4096,256,35,11565.081,29747.394,161062912,true,gpu_nvme_kernel,,1,16
B2,Tutti-deployed,64,0.3,39322,4096,256,36,11565.514,30345.717,161062912,true,gpu_nvme_kernel,,1,16
B2,Tutti-deployed,64,0.3,39322,4096,256,37,11600.328,30031.306,161062912,true,gpu_nvme_kernel,,1,16
B2,Tutti-deployed,64,0.3,39322,4096,256,38,11575.587,29709.395,161062912,true,gpu_nvme_kernel,,1,16
B2,Tutti-deployed,64,0.3,39322,4096,256,39,11561.121,29638.903,161062912,true,gpu_nvme_kernel,,1,16
B2,Tutti-deployed,64,0.3,39322,4096,256,40,11524.058,29973.354,161062912,true,gpu_nvme_kernel,,1,16
B2,Tutti-deployed,64,0.3,39322,4096,256,41,11586.879,29665.677,161062912,true,gpu_nvme_kernel,,1,16
B2,Tutti-deployed,64,0.3,39322,4096,256,42,11545.796,30090.329,161062912,true,gpu_nvme_kernel,,1,16
B2,Tutti-deployed,64,0.3,39322,4096,256,43,11602.227,29722.713,161062912,true,gpu_nvme_kernel,,1,16
B2,Tutti-deployed,64,0.3,39322,4096,256,44,11534.168,30275.857,161062912,true,gpu_nvme_kernel,,1,16
B2,Tutti-deployed,64,0.3,39322,4096,256,45,11520.308,29796.916,161062912,true,gpu_nvme_kernel,,1,16
B2,Tutti-deployed,64,0.3,39322,4096,256,46,11592.702,30206.093,161062912,true,gpu_nvme_kernel,,1,16
B2,Tutti-deployed,64,0.3,39322,4096,256,47,11576.291,29658.039,161062912,true,gpu_nvme_kernel,,1,16
B2,Tutti-deployed,64,0.3,39322,4096,256,48,11581.706,29633.125,161062912,true,gpu_nvme_kernel,,1,16
B2,Tutti-deployed,64,0.3,39322,4096,256,49,11565.632,29776.477,161062912,true,gpu_nvme_kernel,,1,16
B2,Tutti-deployed,64,0.3,39322,4096,256,50,11548.827,30018.296,161062912,true,gpu_nvme_kernel,,1,16
B2,Tutti-deployed,64,0.3,39322,4096,256,51,11564.745,29775.519,161062912,true,gpu_nvme_kernel,,1,16
B2,Tutti-deployed,64,0.3,39322,4096,256,52,11560.078,30055.723,161062912,true,gpu_nvme_kernel,,1,16
B2,Tutti-deployed,64,0.3,39322,4096,256,53,11591.429,30150.916,161062912,true,gpu_nvme_kernel,,1,16
B2,Tutti-deployed,64,0.3,39322,4096,256,54,11595.414,30315.375,161062912,true,gpu_nvme_kernel,,1,16
B2,Tutti-deployed,64,0.3,39322,4096,256,55,11572.769,29579.832,161062912,true,gpu_nvme_kernel,,1,16
B2,Tutti-deployed,64,0.3,39322,4096,256,56,11571.498,29981.657,161062912,true,gpu_nvme_kernel,,1,16
B2,Tutti-deployed,64,0.3,39322,4096,256,57,11540.708,29793.649,161062912,true,gpu_nvme_kernel,,1,16
B2,Tutti-deployed,64,0.3,39322,4096,256,58,11571.909,29634.423,161062912,true,gpu_nvme_kernel,,1,16
B2,Tutti-deployed,64,0.3,39322,4096,256,59,13463.041,30132.34,161062912,true,gpu_nvme_kernel,,1,16
B2,Tutti-deployed,64,0.3,39322,4096,256,60,13388.444,30439.624,161062912,true,gpu_nvme_kernel,,1,16
B2,Tutti-deployed,64,0.3,39322,4096,256,61,13365.88,30239.033,161062912,true,gpu_nvme_kernel,,1,16
B2,Tutti-deployed,64,0.3,39322,4096,256,62,13354.633,30389.39,161062912,true,gpu_nvme_kernel,,1,16
B2,Tutti-deployed,64,0.3,39322,4096,256,63,13400.494,30195.71,161062912,true,gpu_nvme_kernel,,1,16
B2,Tutti-deployed,64,0.3,39322,4096,256,64,13431.46,30088.288,161062912,true,gpu_nvme_kernel,,1,16
B2,Tutti-deployed,64,0.3,39322,4096,256,65,13361.381,30104.988,161062912,true,gpu_nvme_kernel,,1,16
B2,Tutti-deployed,64,0.3,39322,4096,256,66,13402.262,30304.938,161062912,true,gpu_nvme_kernel,,1,16
B2,Tutti-deployed,64,0.3,39322,4096,256,67,13415.607,30046.164,161062912,true,gpu_nvme_kernel,,1,16
B2,Tutti-deployed,64,0.3,39322,4096,256,68,13371.102,30291.606,161062912,true,gpu_nvme_kernel,,1,16
B2,Tutti-deployed,64,0.3,39322,4096,256,69,13404.601,30148.659,161062912,true,gpu_nvme_kernel,,1,16
B2,Tutti-deployed,64,0.3,39322,4096,256,70,13330.689,30075.203,161062912,true,gpu_nvme_kernel,,1,16
B2,Tutti-deployed,64,0.3,39322,4096,256,71,13419.101,30253.61,161062912,true,gpu_nvme_kernel,,1,16
B2,Tutti-deployed,64,0.3,39322,4096,256,72,13312.172,30447.317,161062912,true,gpu_nvme_kernel,,1,16
B2,Tutti-deployed,64,0.3,39322,4096,256,73,13367.314,30266.726,161062912,true,gpu_nvme_kernel,,1,16
B2,Tutti-deployed,64,0.3,39322,4096,256,74,13351.639,30020.939,161062912,true,gpu_nvme_kernel,,1,16
B2,Tutti-deployed,64,0.3,39322,4096,256,75,13389.367,30475.644,161062912,true,gpu_nvme_kernel,,1,16
B2,Tutti-deployed,64,0.3,39322,4096,256,76,13409.831,30283.679,161062912,true,gpu_nvme_kernel,,1,16
B2,Tutti-deployed,64,0.3,39322,4096,256,77,13347.045,30093.804,161062912,true,gpu_nvme_kernel,,1,16
B2,Tutti-deployed,64,0.3,39322,4096,256,78,13350.632,29846.879,161062912,true,gpu_nvme_kernel,,1,16
B2,Tutti-deployed,64,0.3,39322,4096,256,79,13376.559,30433.305,161062912,true,gpu_nvme_kernel,,1,16
B2,Tutti-deployed,64,0.3,39322,4096,256,80,13358.751,30073.499,161062912,true,gpu_nvme_kernel,,1,16
B2,Tutti-deployed,64,0.3,39322,4096,256,81,13397.042,29852.355,161062912,true,gpu_nvme_kernel,,1,16
B2,Tutti-deployed,64,0.3,39322,4096,256,82,13330.472,30022.845,161062912,true,gpu_nvme_kernel,,1,16
B2,Tutti-deployed,64,0.3,39322,4096,256,83,13339.949,30503.589,161062912,true,gpu_nvme_kernel,,1,16
B2,Tutti-deployed,64,0.3,39322,4096,256,84,13378.043,30141.083,161062912,true,gpu_nvme_kernel,,1,16
B2,Tutti-deployed,64,0.3,39322,4096,256,85,13382.529,30245.414,161062912,true,gpu_nvme_kernel,,1,16
B2,Tutti-deployed,64,0.3,39322,4096,256,86,13368.029,29752.922,161062912,true,gpu_nvme_kernel,,1,16
B2,Tutti-deployed,64,0.3,39322,4096,256,87,13343.583,30279.038,161062912,true,gpu_nvme_kernel,,1,16
B2,Tutti-deployed,64,0.3,39322,4096,256,88,13346.678,30398.812,161062912,true,gpu_nvme_kernel,,1,16
B2,Tutti-deployed,64,0.3,39322,4096,256,89,13387.746,30219.058,161062912,true,gpu_nvme_kernel,,1,16
B2,Tutti-deployed,64,0.3,39322,4096,256,90,13427.077,30087.203,161062912,true,gpu_nvme_kernel,,1,16
B2,Tutti-deployed,64,0.3,39322,4096,256,91,13371.641,30310.686,161062912,true,gpu_nvme_kernel,,1,16
B2,Tutti-deployed,64,0.3,39322,4096,256,92,13358.505,30312.443,161062912,true,gpu_nvme_kernel,,1,16
B2,Tutti-deployed,64,0.3,39322,4096,256,93,13355.075,30136.805,161062912,true,gpu_nvme_kernel,,1,16
B2,Tutti-deployed,64,0.3,39322,4096,256,94,11669.339,29788.468,161062912,true,gpu_nvme_kernel,,1,16
B2,Tutti-deployed,64,0.3,39322,4096,256,95,11501.232,29994.714,161062912,true,gpu_nvme_kernel,,1,16
B2,Tutti-deployed,64,0.3,39322,4096,256,96,11579.079,30028.588,161062912,true,gpu_nvme_kernel,,1,16
B2,Tutti-deployed,64,0.3,39322,4096,256,97,11534.727,29543.538,161062912,true,gpu_nvme_kernel,,1,16
B2,Tutti-deployed,64,0.3,39322,4096,256,98,11541.238,29788.859,161062912,true,gpu_nvme_kernel,,1,16
B2,Tutti-deployed,64,0.3,39322,4096,256,99,11543.386,30162.414,161062912,true,gpu_nvme_kernel,,1,16
B2,Tutti-deployed,64,0.3,39322,4096,256,100,11502.292,29714.902,161062912,true,gpu_nvme_kernel,,1,16
B2,Tutti-deployed,64,0.3,39322,4096,256,101,11557.965,30076.978,161062912,true,gpu_nvme_kernel,,1,16
B2,Tutti-deployed,64,0.3,39322,4096,256,102,11538.171,30223.219,161062912,true,gpu_nvme_kernel,,1,16
B2,Tutti-deployed,64,0.3,39322,4096,256,103,11517.394,29536.973,161062912,true,gpu_nvme_kernel,,1,16
B2,Tutti-deployed,64,0.3,39322,4096,256,104,11581.474,29734.355,161062912,true,gpu_nvme_kernel,,1,16
B2,Tutti-deployed,64,0.3,39322,4096,256,105,11545.693,29891.807,161062912,true,gpu_nvme_kernel,,1,16
B2,Tutti-deployed,64,0.3,39322,4096,256,106,11588.687,30247.759,161062912,true,gpu_nvme_kernel,,1,16
B2,Tutti-deployed,64,0.3,39322,4096,256,107,11489.96,29953.339,161062912,true,gpu_nvme_kernel,,1,16
B2,Tutti-deployed,64,0.3,39322,4096,256,108,11542.5,29869.585,161062912,true,gpu_nvme_kernel,,1,16
B2,Tutti-deployed,64,0.3,39322,4096,256,109,11578.06,29915.887,161062912,true,gpu_nvme_kernel,,1,16
B2,Tutti-deployed,64,0.3,39322,4096,256,110,11558.944,29750.014,161062912,true,gpu_nvme_kernel,,1,16
B2,Tutti-deployed,64,0.3,39322,4096,256,111,11532.776,29733.033,161062912,true,gpu_nvme_kernel,,1,16
B2,Tutti-deployed,64,0.3,39322,4096,256,112,11500.19,30766.239,161062912,true,gpu_nvme_kernel,,1,16
B2,Tutti-deployed,64,0.3,39322,4096,256,113,11543.656,29920.142,161062912,true,gpu_nvme_kernel,,1,16
B2,Tutti-deployed,64,0.3,39322,4096,256,114,11551.378,29766.065,161062912,true,gpu_nvme_kernel,,1,16
B2,Tutti-deployed,64,0.3,39322,4096,256,115,11536.885,29726.533,161062912,true,gpu_nvme_kernel,,1,16
B2,Tutti-deployed,64,0.3,39322,4096,256,116,11542.858,29933.1,161062912,true,gpu_nvme_kernel,,1,16
B2,Tutti-deployed,64,0.3,39322,4096,256,117,11564.233,30038.45,161062912,true,gpu_nvme_kernel,,1,16
B2,Tutti-deployed,64,0.3,39322,4096,256,118,11521.981,29769.533,161062912,true,gpu_nvme_kernel,,1,16
B2,Tutti-deployed,64,0.3,39322,4096,256,119,11504.337,30047.837,161062912,true,gpu_nvme_kernel,,1,16
B2,Tutti-deployed,64,0.3,39322,4096,256,120,11510.885,29803.26,161062912,true,gpu_nvme_kernel,,1,16
B2,Tutti-deployed,64,0.3,39322,4096,256,121,11549.919,29957.69,161062912,true,gpu_nvme_kernel,,1,16
B2,Tutti-deployed,64,0.3,39322,4096,256,122,11527.615,29530.82,161062912,true,gpu_nvme_kernel,,1,16
B2,Tutti-deployed,64,0.3,39322,4096,256,123,11497.191,29898.03,161062912,true,gpu_nvme_kernel,,1,16
B2,Tutti-deployed,64,0.3,39322,4096,256,124,11582.294,29932.116,161062912,true,gpu_nvme_kernel,,1,16
B2,Tutti-deployed,64,0.3,39322,4096,256,125,11550.735,29992.183,161062912,true,gpu_nvme_kernel,,1,16
B2,Tutti-deployed,64,0.3,39322,4096,256,126,11543.64,30029.138,161062912,true,gpu_nvme_kernel,,1,16
B2,Tutti-deployed,64,0.3,39322,4096,256,127,11515.524,29745.39,161062912,true,gpu_nvme_kernel,,1,16
B2,Tutti-deployed,64,0.3,39322,4096,256,128,11562.84,29737.566,161062912,true,gpu_nvme_kernel,,1,16
B2,Tutti-deployed,64,0.3,39322,4096,256,129,11551.49,30177.521,161062912,true,gpu_nvme_kernel,,1,16
B2,Tutti-deployed,64,0.3,39322,4096,256,130,11475.392,29846.403,161062912,true,gpu_nvme_kernel,,1,16
B2,Tutti-deployed,64,0.3,39322,4096,256,131,11528.296,30280.532,161062912,true,gpu_nvme_kernel,,1,16
B2,Tutti-deployed,64,0.3,39322,4096,256,132,11552.416,30189.031,161062912,true,gpu_nvme_kernel,,1,16
B2,Tutti-deployed,64,0.3,39322,4096,256,133,11527.07,29909.394,161062912,true,gpu_nvme_kernel,,1,16
B2,Tutti-deployed,64,0.3,39322,4096,256,134,11561.595,29624.438,161062912,true,gpu_nvme_kernel,,1,16
B2,Tutti-deployed,64,0.3,39322,4096,256,135,11471.704,30030.192,161062912,true,gpu_nvme_kernel,,1,16
B2,Tutti-deployed,64,0.3,39322,4096,256,136,11582.421,29747.013,161062912,true,gpu_nvme_kernel,,1,16
B2,Tutti-deployed,64,0.3,39322,4096,256,137,11535.296,29672.104,161062912,true,gpu_nvme_kernel,,1,16
B2,Tutti-deployed,64,0.3,39322,4096,256,138,11539.154,29805.881,161062912,true,gpu_nvme_kernel,,1,16
B2,Tutti-deployed,64,0.3,39322,4096,256,139,11528.195,29692.418,161062912,true,gpu_nvme_kernel,,1,16
B2,Tutti-deployed,64,0.3,39322,4096,256,140,11510.723,29999.592,161062912,true,gpu_nvme_kernel,,1,16
B2,Tutti-deployed,64,0.3,39322,4096,256,141,11533.01,29674.928,161062912,true,gpu_nvme_kernel,,1,16
B2,Tutti-deployed,64,0.3,39322,4096,256,142,11586.39,29806.151,161062912,true,gpu_nvme_kernel,,1,16
B2,Tutti-deployed,64,0.3,39322,4096,256,143,11531.089,29716.633,161062912,true,gpu_nvme_kernel,,1,16
B2,Tutti-deployed,64,0.3,39322,4096,256,144,11533.124,29661.221,161062912,true,gpu_nvme_kernel,,1,16
B2,Tutti-deployed,64,0.3,39322,4096,256,145,11513.336,29799.553,161062912,true,gpu_nvme_kernel,,1,16
B2,Tutti-deployed,64,0.3,39322,4096,256,146,11485.924,29499.407,161062912,true,gpu_nvme_kernel,,1,16
B2,Tutti-deployed,64,0.3,39322,4096,256,147,11530.332,29918.767,161062912,true,gpu_nvme_kernel,,1,16
B2,Tutti-deployed,64,0.3,39322,4096,256,148,11556.791,29905.126,161062912,true,gpu_nvme_kernel,,1,16
B2,Tutti-deployed,64,0.3,39322,4096,256,149,11538.65,29757.064,161062912,true,gpu_nvme_kernel,,1,16
B2,Tutti-deployed,64,0.3,39322,4096,256,150,11528.319,30192.148,161062912,true,gpu_nvme_kernel,,1,16
B2,Tutti-deployed,64,0.3,39322,4096,256,151,11506.587,29759.04,161062912,true,gpu_nvme_kernel,,1,16
B2,Tutti-deployed,64,0.3,39322,4096,256,152,11540.554,29924.447,161062912,true,gpu_nvme_kernel,,1,16
B2,Tutti-deployed,64,0.3,39322,4096,256,153,11506.211,29766.908,161062912,true,gpu_nvme_kernel,,1,16
B2,Tutti-deployed,64,0.3,39322,4096,256,154,11524.91,30135.474,161062912,true,gpu_nvme_kernel,,1,16
B2,Tutti-deployed,64,0.3,39322,4096,256,155,11490.873,29731.176,161062912,true,gpu_nvme_kernel,,1,16
B2,Tutti-deployed,64,0.3,39322,4096,256,156,11560.027,29949.671,161062912,true,gpu_nvme_kernel,,1,16
B2,Tutti-deployed,64,0.3,39322,4096,256,157,11522.31,29914.785,161062912,true,gpu_nvme_kernel,,1,16
B2,Tutti-deployed,64,0.3,39322,4096,256,158,11559.164,29865.274,161062912,true,gpu_nvme_kernel,,1,16
B2,Tutti-deployed,64,0.3,39322,4096,256,159,11574.174,29865.703,161062912,true,gpu_nvme_kernel,,1,16
B2,Tutti-deployed,64,0.3,39322,4096,256,160,11510.423,29788.536,161062912,true,gpu_nvme_kernel,,1,16
B2,Tutti-deployed,64,0.3,39322,4096,256,161,11554.298,29700.632,161062912,true,gpu_nvme_kernel,,1,16
B2,Tutti-deployed,64,0.3,39322,4096,256,162,11535.298,29526.977,161062912,true,gpu_nvme_kernel,,1,16
B2,Tutti-deployed,64,0.3,39322,4096,256,163,11590.419,29718.398,161062912,true,gpu_nvme_kernel,,1,16
B2,Tutti-deployed,64,0.3,39322,4096,256,164,11570.709,29721.023,161062912,true,gpu_nvme_kernel,,1,16
B2,Tutti-deployed,64,0.3,39322,4096,256,165,11546.057,29949.851,161062912,true,gpu_nvme_kernel,,1,16
B2,Tutti-deployed,64,0.3,39322,4096,256,166,11488.024,29597.125,161062912,true,gpu_nvme_kernel,,1,16
B2,Tutti-deployed,64,0.3,39322,4096,256,167,11567.334,29719.462,161062912,true,gpu_nvme_kernel,,1,16
B2,Tutti-deployed,64,0.3,39322,4096,256,168,11610.716,29938.72,161062912,true,gpu_nvme_kernel,,1,16
B2,Tutti-deployed,64,0.3,39322,4096,256,169,11575.437,29566.349,161062912,true,gpu_nvme_kernel,,1,16
B2,Tutti-deployed,64,0.3,39322,4096,256,170,11544.513,30092.865,161062912,true,gpu_nvme_kernel,,1,16
B2,Tutti-deployed,64,0.3,39322,4096,256,171,11533.985,29715.832,161062912,true,gpu_nvme_kernel,,1,16
B2,Tutti-deployed,64,0.3,39322,4096,256,172,11599.639,29990.493,161062912,true,gpu_nvme_kernel,,1,16
B2,Tutti-deployed,64,0.3,39322,4096,256,173,11582.267,29782.659,161062912,true,gpu_nvme_kernel,,1,16
B2,Tutti-deployed,64,0.3,39322,4096,256,174,11527.54,29677.532,161062912,true,gpu_nvme_kernel,,1,16
B2,Tutti-deployed,64,0.3,39322,4096,256,175,11527.164,29723.204,161062912,true,gpu_nvme_kernel,,1,16
B2,Tutti-deployed,64,0.3,39322,4096,256,176,11513.253,29939.82,161062912,true,gpu_nvme_kernel,,1,16
B2,Tutti-deployed,64,0.3,39322,4096,256,177,11541.791,29776.463,161062912,true,gpu_nvme_kernel,,1,16
B2,Tutti-deployed,64,0.3,39322,4096,256,178,11537.859,29353.267,161062912,true,gpu_nvme_kernel,,1,16
B2,Tutti-deployed,64,0.3,39322,4096,256,179,11554.711,30085.603,161062912,true,gpu_nvme_kernel,,1,16
B2,Tutti-deployed,64,0.3,39322,4096,256,180,11526.185,29733.145,161062912,true,gpu_nvme_kernel,,1,16
B2,Tutti-deployed,64,0.3,39322,4096,256,181,11538.138,30024.703,161062912,true,gpu_nvme_kernel,,1,16
B2,Tutti-deployed,64,0.3,39322,4096,256,182,11563.467,30004.594,161062912,true,gpu_nvme_kernel,,1,16
B2,Tutti-deployed,64,0.3,39322,4096,256,183,11550.558,29672.654,161062912,true,gpu_nvme_kernel,,1,16
B2,Tutti-deployed,64,0.3,39322,4096,256,184,11558.269,29949.667,161062912,true,gpu_nvme_kernel,,1,16
B2,Tutti-deployed,64,0.3,39322,4096,256,185,11502.743,29805.481,161062912,true,gpu_nvme_kernel,,1,16
B2,Tutti-deployed,64,0.3,39322,4096,256,186,11517.713,29915.385,161062912,true,gpu_nvme_kernel,,1,16
B2,Tutti-deployed,64,0.3,39322,4096,256,187,11554.071,29967.284,161062912,true,gpu_nvme_kernel,,1,16
B2,Tutti-deployed,64,0.3,39322,4096,256,188,11560.556,29707.135,161062912,true,gpu_nvme_kernel,,1,16
B2,Tutti-deployed,64,0.3,39322,4096,256,189,11530.134,29828.281,161062912,true,gpu_nvme_kernel,,1,16
B2,Tutti-deployed,64,0.3,39322,4096,256,190,11506.171,29797.682,161062912,true,gpu_nvme_kernel,,1,16
B2,Tutti-deployed,64,0.3,39322,4096,256,191,11539.645,30035.843,161062912,true,gpu_nvme_kernel,,1,16
B2,Tutti-deployed,64,0.3,39322,4096,256,192,11528.12,29792.374,161062912,true,gpu_nvme_kernel,,1,16
B2,Tutti-deployed,64,0.3,39322,4096,256,193,11613.973,29842.53,161062912,true,gpu_nvme_kernel,,1,16
B2,Tutti-deployed,64,0.3,39322,4096,256,194,11500.723,29990.528,161062912,true,gpu_nvme_kernel,,1,16
B2,Tutti-deployed,64,0.3,39322,4096,256,195,11550.654,29767.004,161062912,true,gpu_nvme_kernel,,1,16
B2,Tutti-deployed,64,0.3,39322,4096,256,196,11536.688,29819.981,161062912,true,gpu_nvme_kernel,,1,16
B2,Tutti-deployed,64,0.3,39322,4096,256,197,11561.882,29462.809,161062912,true,gpu_nvme_kernel,,1,16
B2,Tutti-deployed,64,0.3,39322,4096,256,198,11514.301,29873.912,161062912,true,gpu_nvme_kernel,,1,16
B2,Tutti-deployed,64,0.3,39322,4096,256,199,11552.015,29769.176,161062912,true,gpu_nvme_kernel,,1,16
B2,Tutti-deployed,64,0.3,39322,4096,256,0,11537.163,30120.345,161062912,true,gpu_nvme_kernel,,3,16
A2,GDS,1,0.067,137,4096,256,0,3305.425,20652.778,561152,true,pending_log_review,,2,16
A2,GDS,1,0.067,137,4096,256,0,1080.681,1192.885,561152,true,pending_log_review,,0,16
A2,GDS,1,0.067,137,4096,256,1,861.989,2373.515,561152,true,pending_log_review,,0,16
A2,GDS,1,0.067,137,4096,256,2,895.285,998.347,561152,true,pending_log_review,,0,16
A2,GDS,1,0.067,137,4096,256,3,857.788,910.63,561152,true,pending_log_review,,0,16
A2,GDS,1,0.067,137,4096,256,4,906.304,1005.295,561152,true,pending_log_review,,0,16
A2,GDS,1,0.067,137,4096,256,5,780.546,883.328,561152,true,pending_log_review,,0,16
A2,GDS,1,0.067,137,4096,256,6,802.705,919.446,561152,true,pending_log_review,,0,16
A2,GDS,1,0.067,137,4096,256,7,783.06,886.188,561152,true,pending_log_review,,0,16
A2,GDS,1,0.067,137,4096,256,8,784.535,909.875,561152,true,pending_log_review,,0,16
A2,GDS,1,0.067,137,4096,256,9,822.14,945.722,561152,true,pending_log_review,,0,16
A2,GDS,1,0.067,137,4096,256,0,746.012,878.93,561152,true,pending_log_review,,1,16
A2,GDS,1,0.067,137,4096,256,1,757.053,867.793,561152,true,pending_log_review,,1,16
A2,GDS,1,0.067,137,4096,256,2,723.354,827.855,561152,true,pending_log_review,,1,16
A2,GDS,1,0.067,137,4096,256,3,754.107,888.103,561152,true,pending_log_review,,1,16
A2,GDS,1,0.067,137,4096,256,4,752.184,3946.341,561152,true,pending_log_review,,1,16
A2,GDS,1,0.067,137,4096,256,5,753.521,867.162,561152,true,pending_log_review,,1,16
A2,GDS,1,0.067,137,4096,256,6,766.361,898.329,561152,true,pending_log_review,,1,16
A2,GDS,1,0.067,137,4096,256,7,707.935,817.685,561152,true,pending_log_review,,1,16
A2,GDS,1,0.067,137,4096,256,8,749.815,885.111,561152,true,pending_log_review,,1,16
A2,GDS,1,0.067,137,4096,256,9,786.793,1849.763,561152,true,pending_log_review,,1,16
A2,GDS,1,0.067,137,4096,256,10,750.709,859.804,561152,true,pending_log_review,,1,16
A2,GDS,1,0.067,137,4096,256,11,740.479,836.925,561152,true,pending_log_review,,1,16
A2,GDS,1,0.067,137,4096,256,12,1353.148,1469.117,561152,true,pending_log_review,,1,16
A2,GDS,1,0.067,137,4096,256,13,682.032,789.492,561152,true,pending_log_review,,1,16
A2,GDS,1,0.067,137,4096,256,14,612.49,734.515,561152,true,pending_log_review,,1,16
A2,GDS,1,0.067,137,4096,256,15,755.383,862.513,561152,true,pending_log_review,,1,16
A2,GDS,1,0.067,137,4096,256,16,638.515,755.177,561152,true,pending_log_review,,1,16
A2,GDS,1,0.067,137,4096,256,17,630.542,744.403,561152,true,pending_log_review,,1,16
A2,GDS,1,0.067,137,4096,256,18,682.227,789.244,561152,true,pending_log_review,,1,16
A2,GDS,1,0.067,137,4096,256,19,642.535,779.322,561152,true,pending_log_review,,1,16
A2,GDS,1,0.067,137,4096,256,20,572.386,731.555,561152,true,pending_log_review,,1,16
A2,GDS,1,0.067,137,4096,256,21,730.038,822.725,561152,true,pending_log_review,,1,16
A2,GDS,1,0.067,137,4096,256,22,739.104,845.653,561152,true,pending_log_review,,1,16
A2,GDS,1,0.067,137,4096,256,23,570.661,717.601,561152,true,pending_log_review,,1,16
A2,GDS,1,0.067,137,4096,256,24,667.375,783.959,561152,true,pending_log_review,,1,16
A2,GDS,1,0.067,137,4096,256,25,571.086,720.528,561152,true,pending_log_review,,1,16
A2,GDS,1,0.067,137,4096,256,26,619.188,728.51,561152,true,pending_log_review,,1,16
A2,GDS,1,0.067,137,4096,256,27,582.913,705.044,561152,true,pending_log_review,,1,16
A2,GDS,1,0.067,137,4096,256,28,674.576,785.892,561152,true,pending_log_review,,1,16
A2,GDS,1,0.067,137,4096,256,29,582.235,708.21,561152,true,pending_log_review,,1,16
A2,GDS,1,0.067,137,4096,256,30,669.587,778.559,561152,true,pending_log_review,,1,16
A2,GDS,1,0.067,137,4096,256,31,655.743,777.116,561152,true,pending_log_review,,1,16
A2,GDS,1,0.067,137,4096,256,32,646.428,747.712,561152,true,pending_log_review,,1,16
A2,GDS,1,0.067,137,4096,256,33,608.522,718.54,561152,true,pending_log_review,,1,16
A2,GDS,1,0.067,137,4096,256,34,672.092,797.461,561152,true,pending_log_review,,1,16
A2,GDS,1,0.067,137,4096,256,35,658.886,736.914,561152,true,pending_log_review,,1,16
A2,GDS,1,0.067,137,4096,256,36,674.616,786.369,561152,true,pending_log_review,,1,16
A2,GDS,1,0.067,137,4096,256,37,668.686,799.245,561152,true,pending_log_review,,1,16
A2,GDS,1,0.067,137,4096,256,38,633.239,739.126,561152,true,pending_log_review,,1,16
A2,GDS,1,0.067,137,4096,256,39,669.473,821.972,561152,true,pending_log_review,,1,16
A2,GDS,1,0.067,137,4096,256,40,654.615,785.933,561152,true,pending_log_review,,1,16
A2,GDS,1,0.067,137,4096,256,41,597.823,735.057,561152,true,pending_log_review,,1,16
A2,GDS,1,0.067,137,4096,256,42,615.048,713.511,561152,true,pending_log_review,,1,16
A2,GDS,1,0.067,137,4096,256,43,646.331,756.437,561152,true,pending_log_review,,1,16
A2,GDS,1,0.067,137,4096,256,44,677.803,787.529,561152,true,pending_log_review,,1,16
A2,GDS,1,0.067,137,4096,256,45,657.427,784.776,561152,true,pending_log_review,,1,16
A2,GDS,1,0.067,137,4096,256,46,561.731,711.414,561152,true,pending_log_review,,1,16
A2,GDS,1,0.067,137,4096,256,47,640.412,754.797,561152,true,pending_log_review,,1,16
A2,GDS,1,0.067,137,4096,256,48,651.182,766.712,561152,true,pending_log_review,,1,16
A2,GDS,1,0.067,137,4096,256,49,605.656,754.75,561152,true,pending_log_review,,1,16
A2,GDS,1,0.067,137,4096,256,50,637.868,742.283,561152,true,pending_log_review,,1,16
A2,GDS,1,0.067,137,4096,256,51,630.984,762.226,561152,true,pending_log_review,,1,16
A2,GDS,1,0.067,137,4096,256,52,597.264,744.586,561152,true,pending_log_review,,1,16
A2,GDS,1,0.067,137,4096,256,53,634.646,774.405,561152,true,pending_log_review,,1,16
A2,GDS,1,0.067,137,4096,256,54,673.3,813.012,561152,true,pending_log_review,,1,16
A2,GDS,1,0.067,137,4096,256,55,608.923,723.538,561152,true,pending_log_review,,1,16
A2,GDS,1,0.067,137,4096,256,56,672.958,779.089,561152,true,pending_log_review,,1,16
A2,GDS,1,0.067,137,4096,256,57,682.979,793.838,561152,true,pending_log_review,,1,16
A2,GDS,1,0.067,137,4096,256,58,571.039,735.369,561152,true,pending_log_review,,1,16
A2,GDS,1,0.067,137,4096,256,59,576.125,679.129,561152,true,pending_log_review,,1,16
A2,GDS,1,0.067,137,4096,256,60,524.701,657.204,561152,true,pending_log_review,,1,16
A2,GDS,1,0.067,137,4096,256,61,613.316,773.973,561152,true,pending_log_review,,1,16
A2,GDS,1,0.067,137,4096,256,62,545.665,756.736,561152,true,pending_log_review,,1,16
A2,GDS,1,0.067,137,4096,256,63,693.342,837.951,561152,true,pending_log_review,,1,16
A2,GDS,1,0.067,137,4096,256,64,614.301,717.604,561152,true,pending_log_review,,1,16
A2,GDS,1,0.067,137,4096,256,65,609.276,755.19,561152,true,pending_log_review,,1,16
A2,GDS,1,0.067,137,4096,256,66,658.406,813.719,561152,true,pending_log_review,,1,16
A2,GDS,1,0.067,137,4096,256,67,811.952,2001.671,561152,true,pending_log_review,,1,16
A2,GDS,1,0.067,137,4096,256,68,833.244,933.702,561152,true,pending_log_review,,1,16
A2,GDS,1,0.067,137,4096,256,69,785.194,918.144,561152,true,pending_log_review,,1,16
A2,GDS,1,0.067,137,4096,256,70,743.973,886.46,561152,true,pending_log_review,,1,16
A2,GDS,1,0.067,137,4096,256,71,733.607,906.914,561152,true,pending_log_review,,1,16
A2,GDS,1,0.067,137,4096,256,72,758.126,856.417,561152,true,pending_log_review,,1,16
A2,GDS,1,0.067,137,4096,256,73,729.257,860.484,561152,true,pending_log_review,,1,16
A2,GDS,1,0.067,137,4096,256,74,747.28,857.314,561152,true,pending_log_review,,1,16
A2,GDS,1,0.067,137,4096,256,75,708.302,811.127,561152,true,pending_log_review,,1,16
A2,GDS,1,0.067,137,4096,256,76,802.938,931.226,561152,true,pending_log_review,,1,16
A2,GDS,1,0.067,137,4096,256,77,711.622,849.179,561152,true,pending_log_review,,1,16
A2,GDS,1,0.067,137,4096,256,78,769.622,892.946,561152,true,pending_log_review,,1,16
A2,GDS,1,0.067,137,4096,256,79,813.021,921.616,561152,true,pending_log_review,,1,16
A2,GDS,1,0.067,137,4096,256,80,754.36,878.143,561152,true,pending_log_review,,1,16
A2,GDS,1,0.067,137,4096,256,81,726.11,839.532,561152,true,pending_log_review,,1,16
A2,GDS,1,0.067,137,4096,256,82,770.722,891.558,561152,true,pending_log_review,,1,16
A2,GDS,1,0.067,137,4096,256,83,767.318,896.937,561152,true,pending_log_review,,1,16
A2,GDS,1,0.067,137,4096,256,84,829.342,932.669,561152,true,pending_log_review,,1,16
A2,GDS,1,0.067,137,4096,256,85,736.522,852.21,561152,true,pending_log_review,,1,16
A2,GDS,1,0.067,137,4096,256,86,769.236,882.13,561152,true,pending_log_review,,1,16
A2,GDS,1,0.067,137,4096,256,87,776.208,893.671,561152,true,pending_log_review,,1,16
A2,GDS,1,0.067,137,4096,256,88,702.012,829.661,561152,true,pending_log_review,,1,16
A2,GDS,1,0.067,137,4096,256,89,669.223,774.222,561152,true,pending_log_review,,1,16
A2,GDS,1,0.067,137,4096,256,90,762.79,868.059,561152,true,pending_log_review,,1,16
A2,GDS,1,0.067,137,4096,256,91,744.526,861.558,561152,true,pending_log_review,,1,16
A2,GDS,1,0.067,137,4096,256,92,812.941,921.421,561152,true,pending_log_review,,1,16
A2,GDS,1,0.067,137,4096,256,93,775.102,895.992,561152,true,pending_log_review,,1,16
A2,GDS,1,0.067,137,4096,256,94,740.058,865.998,561152,true,pending_log_review,,1,16
A2,GDS,1,0.067,137,4096,256,95,741.728,844.24,561152,true,pending_log_review,,1,16
A2,GDS,1,0.067,137,4096,256,96,711.988,842.564,561152,true,pending_log_review,,1,16
A2,GDS,1,0.067,137,4096,256,97,744.948,857.398,561152,true,pending_log_review,,1,16
A2,GDS,1,0.067,137,4096,256,98,829.345,979.229,561152,true,pending_log_review,,1,16
A2,GDS,1,0.067,137,4096,256,99,837.344,1024.5,561152,true,pending_log_review,,1,16
A2,GDS,1,0.067,137,4096,256,100,799.654,914.418,561152,true,pending_log_review,,1,16
A2,GDS,1,0.067,137,4096,256,101,834.825,945.574,561152,true,pending_log_review,,1,16
A2,GDS,1,0.067,137,4096,256,102,719.263,837.152,561152,true,pending_log_review,,1,16
A2,GDS,1,0.067,137,4096,256,103,741.188,812.018,561152,true,pending_log_review,,1,16
A2,GDS,1,0.067,137,4096,256,104,772.298,881.039,561152,true,pending_log_review,,1,16
A2,GDS,1,0.067,137,4096,256,105,760.224,877.932,561152,true,pending_log_review,,1,16
A2,GDS,1,0.067,137,4096,256,106,785.957,922.369,561152,true,pending_log_review,,1,16
A2,GDS,1,0.067,137,4096,256,107,801.229,941.489,561152,true,pending_log_review,,1,16
A2,GDS,1,0.067,137,4096,256,108,840.951,973.888,561152,true,pending_log_review,,1,16
A2,GDS,1,0.067,137,4096,256,109,749.575,876.417,561152,true,pending_log_review,,1,16
A2,GDS,1,0.067,137,4096,256,110,744.885,869.969,561152,true,pending_log_review,,1,16
A2,GDS,1,0.067,137,4096,256,111,784.941,897.004,561152,true,pending_log_review,,1,16
A2,GDS,1,0.067,137,4096,256,112,720.444,825.299,561152,true,pending_log_review,,1,16
A2,GDS,1,0.067,137,4096,256,113,732.423,861.269,561152,true,pending_log_review,,1,16
A2,GDS,1,0.067,137,4096,256,114,710.386,826.487,561152,true,pending_log_review,,1,16
A2,GDS,1,0.067,137,4096,256,115,768.19,860.516,561152,true,pending_log_review,,1,16
A2,GDS,1,0.067,137,4096,256,116,714.234,824.058,561152,true,pending_log_review,,1,16
A2,GDS,1,0.067,137,4096,256,117,736.553,854.378,561152,true,pending_log_review,,1,16
A2,GDS,1,0.067,137,4096,256,118,724.635,2686.79,561152,true,pending_log_review,,1,16
A2,GDS,1,0.067,137,4096,256,119,745.089,876.37,561152,true,pending_log_review,,1,16
A2,GDS,1,0.067,137,4096,256,120,721.114,831.73,561152,true,pending_log_review,,1,16
A2,GDS,1,0.067,137,4096,256,121,704.051,825.331,561152,true,pending_log_review,,1,16
A2,GDS,1,0.067,137,4096,256,122,738.131,853.329,561152,true,pending_log_review,,1,16
A2,GDS,1,0.067,137,4096,256,123,755.488,872.819,561152,true,pending_log_review,,1,16
A2,GDS,1,0.067,137,4096,256,124,752.694,879.329,561152,true,pending_log_review,,1,16
A2,GDS,1,0.067,137,4096,256,125,727.291,849.055,561152,true,pending_log_review,,1,16
A2,GDS,1,0.067,137,4096,256,126,789.863,906.966,561152,true,pending_log_review,,1,16
A2,GDS,1,0.067,137,4096,256,127,736.367,854.586,561152,true,pending_log_review,,1,16
A2,GDS,1,0.067,137,4096,256,128,721.559,849.381,561152,true,pending_log_review,,1,16
A2,GDS,1,0.067,137,4096,256,129,785.029,884.653,561152,true,pending_log_review,,1,16
A2,GDS,1,0.067,137,4096,256,130,753.649,866.864,561152,true,pending_log_review,,1,16
A2,GDS,1,0.067,137,4096,256,131,732.283,836.041,561152,true,pending_log_review,,1,16
A2,GDS,1,0.067,137,4096,256,132,737.531,875.631,561152,true,pending_log_review,,1,16
A2,GDS,1,0.067,137,4096,256,133,742.132,864.146,561152,true,pending_log_review,,1,16
A2,GDS,1,0.067,137,4096,256,134,726.357,833.056,561152,true,pending_log_review,,1,16
A2,GDS,1,0.067,137,4096,256,135,770.5,888.245,561152,true,pending_log_review,,1,16
A2,GDS,1,0.067,137,4096,256,136,739.415,896.385,561152,true,pending_log_review,,1,16
A2,GDS,1,0.067,137,4096,256,137,775.372,877.282,561152,true,pending_log_review,,1,16
A2,GDS,1,0.067,137,4096,256,138,744.168,867.821,561152,true,pending_log_review,,1,16
A2,GDS,1,0.067,137,4096,256,139,832.359,949.372,561152,true,pending_log_review,,1,16
A2,GDS,1,0.067,137,4096,256,140,737.149,909.524,561152,true,pending_log_review,,1,16
A2,GDS,1,0.067,137,4096,256,141,796.273,913.4,561152,true,pending_log_review,,1,16
A2,GDS,1,0.067,137,4096,256,142,796.318,978.88,561152,true,pending_log_review,,1,16
A2,GDS,1,0.067,137,4096,256,143,745.852,864.402,561152,true,pending_log_review,,1,16
A2,GDS,1,0.067,137,4096,256,144,807.455,910.884,561152,true,pending_log_review,,1,16
A2,GDS,1,0.067,137,4096,256,145,773.769,914.22,561152,true,pending_log_review,,1,16
A2,GDS,1,0.067,137,4096,256,146,1248.699,1362.446,561152,true,pending_log_review,,1,16
A2,GDS,1,0.067,137,4096,256,147,610.534,743.899,561152,true,pending_log_review,,1,16
A2,GDS,1,0.067,137,4096,256,148,555.324,659.208,561152,true,pending_log_review,,1,16
A2,GDS,1,0.067,137,4096,256,149,592.026,777.485,561152,true,pending_log_review,,1,16
A2,GDS,1,0.067,137,4096,256,150,584.697,714.576,561152,true,pending_log_review,,1,16
A2,GDS,1,0.067,137,4096,256,151,599.215,748.055,561152,true,pending_log_review,,1,16
A2,GDS,1,0.067,137,4096,256,152,578.567,674.529,561152,true,pending_log_review,,1,16
A2,GDS,1,0.067,137,4096,256,153,600.558,765.49,561152,true,pending_log_review,,1,16
A2,GDS,1,0.067,137,4096,256,154,596.639,710.334,561152,true,pending_log_review,,1,16
A2,GDS,1,0.067,137,4096,256,155,650.416,798.311,561152,true,pending_log_review,,1,16
A2,GDS,1,0.067,137,4096,256,156,914.623,1049.595,561152,true,pending_log_review,,1,16
A2,GDS,1,0.067,137,4096,256,157,699.718,821.813,561152,true,pending_log_review,,1,16
A2,GDS,1,0.067,137,4096,256,158,664.75,787.4,561152,true,pending_log_review,,1,16
A2,GDS,1,0.067,137,4096,256,159,979.622,1166.484,561152,true,pending_log_review,,1,16
A2,GDS,1,0.067,137,4096,256,160,773.468,896.455,561152,true,pending_log_review,,1,16
A2,GDS,1,0.067,137,4096,256,161,817.623,962.566,561152,true,pending_log_review,,1,16
A2,GDS,1,0.067,137,4096,256,162,795.882,900.442,561152,true,pending_log_review,,1,16
A2,GDS,1,0.067,137,4096,256,163,733.408,856.201,561152,true,pending_log_review,,1,16
A2,GDS,1,0.067,137,4096,256,164,715.747,819.841,561152,true,pending_log_review,,1,16
A2,GDS,1,0.067,137,4096,256,165,770.168,867.008,561152,true,pending_log_review,,1,16
A2,GDS,1,0.067,137,4096,256,166,761.05,888.15,561152,true,pending_log_review,,1,16
A2,GDS,1,0.067,137,4096,256,167,736.419,857.727,561152,true,pending_log_review,,1,16
A2,GDS,1,0.067,137,4096,256,168,814.489,920.158,561152,true,pending_log_review,,1,16
A2,GDS,1,0.067,137,4096,256,169,729.926,837.529,561152,true,pending_log_review,,1,16
A2,GDS,1,0.067,137,4096,256,170,757.746,859.711,561152,true,pending_log_review,,1,16
A2,GDS,1,0.067,137,4096,256,171,781.114,877.163,561152,true,pending_log_review,,1,16
A2,GDS,1,0.067,137,4096,256,172,816.669,925.689,561152,true,pending_log_review,,1,16
A2,GDS,1,0.067,137,4096,256,173,805.146,967.236,561152,true,pending_log_review,,1,16
A2,GDS,1,0.067,137,4096,256,174,835.242,943.761,561152,true,pending_log_review,,1,16
A2,GDS,1,0.067,137,4096,256,175,731.354,844.899,561152,true,pending_log_review,,1,16
A2,GDS,1,0.067,137,4096,256,176,735.676,845.218,561152,true,pending_log_review,,1,16
A2,GDS,1,0.067,137,4096,256,177,772.781,905.762,561152,true,pending_log_review,,1,16
A2,GDS,1,0.067,137,4096,256,178,807.832,927.963,561152,true,pending_log_review,,1,16
A2,GDS,1,0.067,137,4096,256,179,775.848,877.955,561152,true,pending_log_review,,1,16
A2,GDS,1,0.067,137,4096,256,180,785.721,912.66,561152,true,pending_log_review,,1,16
A2,GDS,1,0.067,137,4096,256,181,746.899,860.455,561152,true,pending_log_review,,1,16
A2,GDS,1,0.067,137,4096,256,182,730.462,883.015,561152,true,pending_log_review,,1,16
A2,GDS,1,0.067,137,4096,256,183,749.618,904.672,561152,true,pending_log_review,,1,16
A2,GDS,1,0.067,137,4096,256,184,762.677,909.615,561152,true,pending_log_review,,1,16
A2,GDS,1,0.067,137,4096,256,185,811.658,916.291,561152,true,pending_log_review,,1,16
A2,GDS,1,0.067,137,4096,256,186,744.506,842.259,561152,true,pending_log_review,,1,16
A2,GDS,1,0.067,137,4096,256,187,771.75,891.646,561152,true,pending_log_review,,1,16
A2,GDS,1,0.067,137,4096,256,188,750.928,859.385,561152,true,pending_log_review,,1,16
A2,GDS,1,0.067,137,4096,256,189,764.568,860.699,561152,true,pending_log_review,,1,16
A2,GDS,1,0.067,137,4096,256,190,815.047,951.312,561152,true,pending_log_review,,1,16
A2,GDS,1,0.067,137,4096,256,191,760.175,875.59,561152,true,pending_log_review,,1,16
A2,GDS,1,0.067,137,4096,256,192,756.347,867.193,561152,true,pending_log_review,,1,16
A2,GDS,1,0.067,137,4096,256,193,764.754,874.66,561152,true,pending_log_review,,1,16
A2,GDS,1,0.067,137,4096,256,194,743.133,894.848,561152,true,pending_log_review,,1,16
A2,GDS,1,0.067,137,4096,256,195,718.204,862.457,561152,true,pending_log_review,,1,16
A2,GDS,1,0.067,137,4096,256,196,811.858,944.628,561152,true,pending_log_review,,1,16
A2,GDS,1,0.067,137,4096,256,197,695.11,834.714,561152,true,pending_log_review,,1,16
A2,GDS,1,0.067,137,4096,256,198,843.534,955.55,561152,true,pending_log_review,,1,16
A2,GDS,1,0.067,137,4096,256,199,798.354,898.554,561152,true,pending_log_review,,1,16
A2,GDS,1,0.067,137,4096,256,0,738.146,884.817,561152,true,pending_log_review,,3,16
A2,GDS,1,0.134,274,4096,256,0,2175153.649,2192369.549,1122304,true,pending_log_review,,2,16
A2,GDS,1,0.134,274,4096,256,0,2145.972,3731.435,1122304,true,pending_log_review,,0,16
A2,GDS,1,0.134,274,4096,256,1,1367.206,4413.471,1122304,true,pending_log_review,,0,16
A2,GDS,1,0.134,274,4096,256,2,1366.148,23739.868,1122304,true,pending_log_review,,0,16
A2,GDS,1,0.134,274,4096,256,3,4776.55,6033.409,1122304,true,pending_log_review,,0,16
A2,GDS,1,0.134,274,4096,256,4,1730.005,4990.856,1122304,true,pending_log_review,,0,16
A2,GDS,1,0.134,274,4096,256,5,1441.941,3249.786,1122304,true,pending_log_review,,0,16
A2,GDS,1,0.134,274,4096,256,6,1574.069,1933.05,1122304,true,pending_log_review,,0,16
A2,GDS,1,0.134,274,4096,256,7,1427.913,28640.095,1122304,true,pending_log_review,,0,16
A2,GDS,1,0.134,274,4096,256,8,1413.36,209500.103,1122304,true,pending_log_review,,0,16
A2,GDS,1,0.134,274,4096,256,9,1590.723,1834.826,1122304,true,pending_log_review,,0,16
A2,GDS,1,0.134,274,4096,256,0,1550.659,1847.506,1122304,true,pending_log_review,,1,16
A2,GDS,1,0.134,274,4096,256,1,1447.701,1844.413,1122304,true,pending_log_review,,1,16
A2,GDS,1,0.134,274,4096,256,2,1612.729,2090.23,1122304,true,pending_log_review,,1,16
A2,GDS,1,0.134,274,4096,256,3,1411.232,1702.639,1122304,true,pending_log_review,,1,16
A2,GDS,1,0.134,274,4096,256,4,1805.208,2701.84,1122304,true,pending_log_review,,1,16
A2,GDS,1,0.134,274,4096,256,5,1464.819,1720.705,1122304,true,pending_log_review,,1,16
A2,GDS,1,0.134,274,4096,256,6,1343.035,1672.534,1122304,true,pending_log_review,,1,16
A2,GDS,1,0.134,274,4096,256,7,1380.319,1626.914,1122304,true,pending_log_review,,1,16
A2,GDS,1,0.134,274,4096,256,8,2409.389,5775.427,1122304,true,pending_log_review,,1,16
A2,GDS,1,0.134,274,4096,256,9,1279.57,3586.475,1122304,true,pending_log_review,,1,16
A2,GDS,1,0.134,274,4096,256,10,1231.714,1521.215,1122304,true,pending_log_review,,1,16
A2,GDS,1,0.134,274,4096,256,11,1133.976,1511.715,1122304,true,pending_log_review,,1,16
A2,GDS,1,0.134,274,4096,256,12,1199.653,1457.076,1122304,true,pending_log_review,,1,16
A2,GDS,1,0.134,274,4096,256,13,1176.391,1539.386,1122304,true,pending_log_review,,1,16
A2,GDS,1,0.134,274,4096,256,14,1202.233,1493.546,1122304,true,pending_log_review,,1,16
A2,GDS,1,0.134,274,4096,256,15,1147.451,1528.171,1122304,true,pending_log_review,,1,16
A2,GDS,1,0.134,274,4096,256,16,1070.048,1476.934,1122304,true,pending_log_review,,1,16
A2,GDS,1,0.134,274,4096,256,17,1171.861,1424.216,1122304,true,pending_log_review,,1,16
A2,GDS,1,0.134,274,4096,256,18,1163.223,1459.755,1122304,true,pending_log_review,,1,16
A2,GDS,1,0.134,274,4096,256,19,1101.37,1546.49,1122304,true,pending_log_review,,1,16
A2,GDS,1,0.134,274,4096,256,20,1122.856,1483.379,1122304,true,pending_log_review,,1,16
A2,GDS,1,0.134,274,4096,256,21,1304.308,1511.405,1122304,true,pending_log_review,,1,16
A2,GDS,1,0.134,274,4096,256,22,1164.095,1439.139,1122304,true,pending_log_review,,1,16
A2,GDS,1,0.134,274,4096,256,23,1084.659,1386.966,1122304,true,pending_log_review,,1,16
A2,GDS,1,0.134,274,4096,256,24,1099.603,1309.271,1122304,true,pending_log_review,,1,16
A2,GDS,1,0.134,274,4096,256,25,1119.783,1494.842,1122304,true,pending_log_review,,1,16
A2,GDS,1,0.134,274,4096,256,26,1133.272,1452.63,1122304,true,pending_log_review,,1,16
A2,GDS,1,0.134,274,4096,256,27,1133.371,1423.944,1122304,true,pending_log_review,,1,16
A2,GDS,1,0.134,274,4096,256,28,1220.782,1505.101,1122304,true,pending_log_review,,1,16
A2,GDS,1,0.134,274,4096,256,29,1105.523,1431.203,1122304,true,pending_log_review,,1,16
A2,GDS,1,0.134,274,4096,256,30,1140.917,1618.413,1122304,true,pending_log_review,,1,16
A2,GDS,1,0.134,274,4096,256,31,1172.384,1496.674,1122304,true,pending_log_review,,1,16
A2,GDS,1,0.134,274,4096,256,32,1180.285,1538.622,1122304,true,pending_log_review,,1,16
A2,GDS,1,0.134,274,4096,256,33,1168.46,1447.703,1122304,true,pending_log_review,,1,16
A2,GDS,1,0.134,274,4096,256,34,1164.137,1525.876,1122304,true,pending_log_review,,1,16
A2,GDS,1,0.134,274,4096,256,35,1138.69,1508.366,1122304,true,pending_log_review,,1,16
A2,GDS,1,0.134,274,4096,256,36,1116.475,1502.182,1122304,true,pending_log_review,,1,16
A2,GDS,1,0.134,274,4096,256,37,1136.111,1422.011,1122304,true,pending_log_review,,1,16
A2,GDS,1,0.134,274,4096,256,38,1163.392,1393.996,1122304,true,pending_log_review,,1,16
A2,GDS,1,0.134,274,4096,256,39,1157.664,1446.547,1122304,true,pending_log_review,,1,16
A2,GDS,1,0.134,274,4096,256,40,1144.328,1439.753,1122304,true,pending_log_review,,1,16
A2,GDS,1,0.134,274,4096,256,41,1258.563,1605.235,1122304,true,pending_log_review,,1,16
A2,GDS,1,0.134,274,4096,256,42,1179.256,1416.408,1122304,true,pending_log_review,,1,16
A2,GDS,1,0.134,274,4096,256,43,1157.389,1452.801,1122304,true,pending_log_review,,1,16
A2,GDS,1,0.134,274,4096,256,44,1242.172,1439.571,1122304,true,pending_log_review,,1,16
A2,GDS,1,0.134,274,4096,256,45,1178.432,1396.06,1122304,true,pending_log_review,,1,16
A2,GDS,1,0.134,274,4096,256,46,1093.019,1287.287,1122304,true,pending_log_review,,1,16
A2,GDS,1,0.134,274,4096,256,47,1201.28,1493.925,1122304,true,pending_log_review,,1,16
A2,GDS,1,0.134,274,4096,256,48,1153.067,1346.522,1122304,true,pending_log_review,,1,16
A2,GDS,1,0.134,274,4096,256,49,1169.163,1408.719,1122304,true,pending_log_review,,1,16
A2,GDS,1,0.134,274,4096,256,50,1246.441,1430.362,1122304,true,pending_log_review,,1,16
A2,GDS,1,0.134,274,4096,256,51,1208.144,1480.677,1122304,true,pending_log_review,,1,16
A2,GDS,1,0.134,274,4096,256,52,1290.571,1639.167,1122304,true,pending_log_review,,1,16
A2,GDS,1,0.134,274,4096,256,53,1266.719,1625.765,1122304,true,pending_log_review,,1,16
A2,GDS,1,0.134,274,4096,256,54,1220.122,1508.872,1122304,true,pending_log_review,,1,16
A2,GDS,1,0.134,274,4096,256,55,1201.203,1465.441,1122304,true,pending_log_review,,1,16
A2,GDS,1,0.134,274,4096,256,56,1139.211,1502.209,1122304,true,pending_log_review,,1,16
A2,GDS,1,0.134,274,4096,256,57,1057.27,1446.253,1122304,true,pending_log_review,,1,16
A2,GDS,1,0.134,274,4096,256,58,1170.035,1447.727,1122304,true,pending_log_review,,1,16
A2,GDS,1,0.134,274,4096,256,59,1203.512,1498.95,1122304,true,pending_log_review,,1,16
A2,GDS,1,0.134,274,4096,256,60,1147.642,1441.586,1122304,true,pending_log_review,,1,16
A2,GDS,1,0.134,274,4096,256,61,1264.765,1523.555,1122304,true,pending_log_review,,1,16
A2,GDS,1,0.134,274,4096,256,62,1117.751,1410.466,1122304,true,pending_log_review,,1,16
A2,GDS,1,0.134,274,4096,256,63,1249.717,1532.441,1122304,true,pending_log_review,,1,16
A2,GDS,1,0.134,274,4096,256,64,1275.123,1527.988,1122304,true,pending_log_review,,1,16
A2,GDS,1,0.134,274,4096,256,65,1261.084,1486.383,1122304,true,pending_log_review,,1,16
A2,GDS,1,0.134,274,4096,256,66,1169.188,1464.299,1122304,true,pending_log_review,,1,16
A2,GDS,1,0.134,274,4096,256,67,1227.426,1450.503,1122304,true,pending_log_review,,1,16
A2,GDS,1,0.134,274,4096,256,68,1142.247,1497.681,1122304,true,pending_log_review,,1,16
A2,GDS,1,0.134,274,4096,256,69,1220.068,1604.779,1122304,true,pending_log_review,,1,16
A2,GDS,1,0.134,274,4096,256,70,1147.556,1418.861,1122304,true,pending_log_review,,1,16
A2,GDS,1,0.134,274,4096,256,71,1051.743,1462.739,1122304,true,pending_log_review,,1,16
A2,GDS,1,0.134,274,4096,256,72,1259.934,1608.964,1122304,true,pending_log_review,,1,16
A2,GDS,1,0.134,274,4096,256,73,1250.234,1595.978,1122304,true,pending_log_review,,1,16
A2,GDS,1,0.134,274,4096,256,74,1212.906,1491.916,1122304,true,pending_log_review,,1,16
A2,GDS,1,0.134,274,4096,256,75,1180.655,1482.998,1122304,true,pending_log_review,,1,16
A2,GDS,1,0.134,274,4096,256,76,1258.346,1528.705,1122304,true,pending_log_review,,1,16
A2,GDS,1,0.134,274,4096,256,77,1096.211,1411.404,1122304,true,pending_log_review,,1,16
A2,GDS,1,0.134,274,4096,256,78,1142.968,1514.005,1122304,true,pending_log_review,,1,16
A2,GDS,1,0.134,274,4096,256,79,1235.995,1600.869,1122304,true,pending_log_review,,1,16
A2,GDS,1,0.134,274,4096,256,80,1163.209,1505.099,1122304,true,pending_log_review,,1,16
A2,GDS,1,0.134,274,4096,256,81,1130.446,1435.218,1122304,true,pending_log_review,,1,16
A2,GDS,1,0.134,274,4096,256,82,1245.868,1571.575,1122304,true,pending_log_review,,1,16
A2,GDS,1,0.134,274,4096,256,83,1137.68,1445.28,1122304,true,pending_log_review,,1,16
A2,GDS,1,0.134,274,4096,256,84,1199.734,1559.717,1122304,true,pending_log_review,,1,16
A2,GDS,1,0.134,274,4096,256,85,1178.022,1485.795,1122304,true,pending_log_review,,1,16
A2,GDS,1,0.134,274,4096,256,86,1201.785,1570.318,1122304,true,pending_log_review,,1,16
A2,GDS,1,0.134,274,4096,256,87,1265.157,1546.519,1122304,true,pending_log_review,,1,16
A2,GDS,1,0.134,274,4096,256,88,1153.016,1534.856,1122304,true,pending_log_review,,1,16
A2,GDS,1,0.134,274,4096,256,89,1025.614,1354.578,1122304,true,pending_log_review,,1,16
A2,GDS,1,0.134,274,4096,256,90,1122.684,1540.331,1122304,true,pending_log_review,,1,16
A2,GDS,1,0.134,274,4096,256,91,1167.51,1500.638,1122304,true,pending_log_review,,1,16
A2,GDS,1,0.134,274,4096,256,92,1132.552,1453.896,1122304,true,pending_log_review,,1,16
A2,GDS,1,0.134,274,4096,256,93,1043.245,1463.587,1122304,true,pending_log_review,,1,16
A2,GDS,1,0.134,274,4096,256,94,1167.573,1558.992,1122304,true,pending_log_review,,1,16
A2,GDS,1,0.134,274,4096,256,95,1244.154,1533.37,1122304,true,pending_log_review,,1,16
A2,GDS,1,0.134,274,4096,256,96,1184.845,1441.355,1122304,true,pending_log_review,,1,16
A2,GDS,1,0.134,274,4096,256,97,1251.652,1529.47,1122304,true,pending_log_review,,1,16
A2,GDS,1,0.134,274,4096,256,98,1124.402,1457.461,1122304,true,pending_log_review,,1,16
A2,GDS,1,0.134,274,4096,256,99,1140.056,1528.67,1122304,true,pending_log_review,,1,16
A2,GDS,1,0.134,274,4096,256,100,1174.63,1522.121,1122304,true,pending_log_review,,1,16
A2,GDS,1,0.134,274,4096,256,101,1213.501,1474.811,1122304,true,pending_log_review,,1,16
A2,GDS,1,0.134,274,4096,256,102,1104.167,1469.965,1122304,true,pending_log_review,,1,16
A2,GDS,1,0.134,274,4096,256,103,1220.722,1511.31,1122304,true,pending_log_review,,1,16
A2,GDS,1,0.134,274,4096,256,104,1232.675,1505.955,1122304,true,pending_log_review,,1,16
A2,GDS,1,0.134,274,4096,256,105,1152.719,1453.523,1122304,true,pending_log_review,,1,16
A2,GDS,1,0.134,274,4096,256,106,1083.615,1458.653,1122304,true,pending_log_review,,1,16
A2,GDS,1,0.134,274,4096,256,107,1125.509,1544.51,1122304,true,pending_log_review,,1,16
A2,GDS,1,0.134,274,4096,256,108,1148.292,1447.061,1122304,true,pending_log_review,,1,16
A2,GDS,1,0.134,274,4096,256,109,1135.586,1478.093,1122304,true,pending_log_review,,1,16
A2,GDS,1,0.134,274,4096,256,110,1158.497,1431.567,1122304,true,pending_log_review,,1,16
A2,GDS,1,0.134,274,4096,256,111,1222.968,1496.522,1122304,true,pending_log_review,,1,16
A2,GDS,1,0.134,274,4096,256,112,1135.766,1600.112,1122304,true,pending_log_review,,1,16
A2,GDS,1,0.134,274,4096,256,113,1276.564,1548.519,1122304,true,pending_log_review,,1,16
A2,GDS,1,0.134,274,4096,256,114,1148.197,1493.043,1122304,true,pending_log_review,,1,16
A2,GDS,1,0.134,274,4096,256,115,1112.838,1456.564,1122304,true,pending_log_review,,1,16
A2,GDS,1,0.134,274,4096,256,116,1145.305,1510.516,1122304,true,pending_log_review,,1,16
A2,GDS,1,0.134,274,4096,256,117,1185.248,1490.604,1122304,true,pending_log_review,,1,16
A2,GDS,1,0.134,274,4096,256,118,1188.999,1503.857,1122304,true,pending_log_review,,1,16
A2,GDS,1,0.134,274,4096,256,119,1150.162,1439.555,1122304,true,pending_log_review,,1,16
A2,GDS,1,0.134,274,4096,256,120,2687.122,2902.934,1122304,true,pending_log_review,,1,16
A2,GDS,1,0.134,274,4096,256,121,1437.997,1727.908,1122304,true,pending_log_review,,1,16
A2,GDS,1,0.134,274,4096,256,122,1471.722,1692.935,1122304,true,pending_log_review,,1,16
A2,GDS,1,0.134,274,4096,256,123,1578.77,1776.292,1122304,true,pending_log_review,,1,16
A2,GDS,1,0.134,274,4096,256,124,1436.676,1652.132,1122304,true,pending_log_review,,1,16
A2,GDS,1,0.134,274,4096,256,125,1469.391,1696.036,1122304,true,pending_log_review,,1,16
A2,GDS,1,0.134,274,4096,256,126,1349.801,1585.704,1122304,true,pending_log_review,,1,16
A2,GDS,1,0.134,274,4096,256,127,1322.037,1574.146,1122304,true,pending_log_review,,1,16
A2,GDS,1,0.134,274,4096,256,128,1462.273,1790.073,1122304,true,pending_log_review,,1,16
A2,GDS,1,0.134,274,4096,256,129,1379.029,1716.413,1122304,true,pending_log_review,,1,16
A2,GDS,1,0.134,274,4096,256,130,1377.411,1654.4,1122304,true,pending_log_review,,1,16
A2,GDS,1,0.134,274,4096,256,131,1516.852,1764.982,1122304,true,pending_log_review,,1,16
A2,GDS,1,0.134,274,4096,256,132,1416.436,1767.54,1122304,true,pending_log_review,,1,16
A2,GDS,1,0.134,274,4096,256,133,1397.213,1618.4,1122304,true,pending_log_review,,1,16
A2,GDS,1,0.134,274,4096,256,134,1362.587,1673.499,1122304,true,pending_log_review,,1,16
A2,GDS,1,0.134,274,4096,256,135,1491.882,1732.501,1122304,true,pending_log_review,,1,16
A2,GDS,1,0.134,274,4096,256,136,1496.635,1843.071,1122304,true,pending_log_review,,1,16
A2,GDS,1,0.134,274,4096,256,137,1353.888,1601.556,1122304,true,pending_log_review,,1,16
A2,GDS,1,0.134,274,4096,256,138,1411.427,1639.113,1122304,true,pending_log_review,,1,16
A2,GDS,1,0.134,274,4096,256,139,1368.234,1597.393,1122304,true,pending_log_review,,1,16
A2,GDS,1,0.134,274,4096,256,140,1537.866,966608.91,1122304,true,pending_log_review,,1,16
A2,GDS,1,0.134,274,4096,256,141,1449.163,1836.193,1122304,true,pending_log_review,,1,16
A2,GDS,1,0.134,274,4096,256,142,1393.662,1636.09,1122304,true,pending_log_review,,1,16
A2,GDS,1,0.134,274,4096,256,143,1487.936,1667.503,1122304,true,pending_log_review,,1,16
A2,GDS,1,0.134,274,4096,256,144,1363.293,1629.96,1122304,true,pending_log_review,,1,16
A2,GDS,1,0.134,274,4096,256,145,1354.922,1525.245,1122304,true,pending_log_review,,1,16
A2,GDS,1,0.134,274,4096,256,146,1422.37,1637.137,1122304,true,pending_log_review,,1,16
A2,GDS,1,0.134,274,4096,256,147,1406.719,1735.166,1122304,true,pending_log_review,,1,16
A2,GDS,1,0.134,274,4096,256,148,1503.665,1683.318,1122304,true,pending_log_review,,1,16
A2,GDS,1,0.134,274,4096,256,149,1873.518,2109.513,1122304,true,pending_log_review,,1,16
A2,GDS,1,0.134,274,4096,256,150,1250.888,1650.45,1122304,true,pending_log_review,,1,16
A2,GDS,1,0.134,274,4096,256,151,1258.943,1606.697,1122304,true,pending_log_review,,1,16
A2,GDS,1,0.134,274,4096,256,152,1268.811,1510.674,1122304,true,pending_log_review,,1,16
A2,GDS,1,0.134,274,4096,256,153,1152.036,1468.171,1122304,true,pending_log_review,,1,16
A2,GDS,1,0.134,274,4096,256,154,1075.547,1401.919,1122304,true,pending_log_review,,1,16
A2,GDS,1,0.134,274,4096,256,155,1071.418,1299.529,1122304,true,pending_log_review,,1,16
A2,GDS,1,0.134,274,4096,256,156,1201.926,1492.484,1122304,true,pending_log_review,,1,16
A2,GDS,1,0.134,274,4096,256,157,1141.54,1557.637,1122304,true,pending_log_review,,1,16
A2,GDS,1,0.134,274,4096,256,158,1190.979,1519.144,1122304,true,pending_log_review,,1,16
A2,GDS,1,0.134,274,4096,256,159,1209.628,1534.644,1122304,true,pending_log_review,,1,16
A2,GDS,1,0.134,274,4096,256,160,1133.171,1384.863,1122304,true,pending_log_review,,1,16
A2,GDS,1,0.134,274,4096,256,161,1218.271,1459.682,1122304,true,pending_log_review,,1,16
A2,GDS,1,0.134,274,4096,256,162,1059.715,1505.291,1122304,true,pending_log_review,,1,16
A2,GDS,1,0.134,274,4096,256,163,1266.546,1702.93,1122304,true,pending_log_review,,1,16
A2,GDS,1,0.134,274,4096,256,164,1161.131,1445.786,1122304,true,pending_log_review,,1,16
A2,GDS,1,0.134,274,4096,256,165,1083.146,1405.565,1122304,true,pending_log_review,,1,16
A2,GDS,1,0.134,274,4096,256,166,1217.272,1476.133,1122304,true,pending_log_review,,1,16
A2,GDS,1,0.134,274,4096,256,167,1202.785,1568.452,1122304,true,pending_log_review,,1,16
A2,GDS,1,0.134,274,4096,256,168,1301.505,1672.445,1122304,true,pending_log_review,,1,16
A2,GDS,1,0.134,274,4096,256,169,1191.821,1410.385,1122304,true,pending_log_review,,1,16
A2,GDS,1,0.134,274,4096,256,170,1163.703,1512.98,1122304,true,pending_log_review,,1,16
A2,GDS,1,0.134,274,4096,256,171,1200.327,1547.98,1122304,true,pending_log_review,,1,16
A2,GDS,1,0.134,274,4096,256,172,1214.555,1408.608,1122304,true,pending_log_review,,1,16
A2,GDS,1,0.134,274,4096,256,173,1148.901,1384.396,1122304,true,pending_log_review,,1,16
A2,GDS,1,0.134,274,4096,256,174,1205.053,1568.693,1122304,true,pending_log_review,,1,16
A2,GDS,1,0.134,274,4096,256,175,1084.64,1442.196,1122304,true,pending_log_review,,1,16
A2,GDS,1,0.134,274,4096,256,176,1110.695,1437.187,1122304,true,pending_log_review,,1,16
A2,GDS,1,0.134,274,4096,256,177,1171.819,1573.584,1122304,true,pending_log_review,,1,16
A2,GDS,1,0.134,274,4096,256,178,1097.149,1473.267,1122304,true,pending_log_review,,1,16
A2,GDS,1,0.134,274,4096,256,179,1218.015,1474.442,1122304,true,pending_log_review,,1,16
A2,GDS,1,0.134,274,4096,256,180,1255.014,1519.975,1122304,true,pending_log_review,,1,16
A2,GDS,1,0.134,274,4096,256,181,1225.969,1577.567,1122304,true,pending_log_review,,1,16
A2,GDS,1,0.134,274,4096,256,182,1200.079,1570.719,1122304,true,pending_log_review,,1,16
A2,GDS,1,0.134,274,4096,256,183,1161.876,1539.828,1122304,true,pending_log_review,,1,16
A2,GDS,1,0.134,274,4096,256,184,1118.929,1524.326,1122304,true,pending_log_review,,1,16
A2,GDS,1,0.134,274,4096,256,185,1192.039,1529.681,1122304,true,pending_log_review,,1,16
A2,GDS,1,0.134,274,4096,256,186,1180.159,1447.21,1122304,true,pending_log_review,,1,16
A2,GDS,1,0.134,274,4096,256,187,1229.26,1575.745,1122304,true,pending_log_review,,1,16
A2,GDS,1,0.134,274,4096,256,188,1175.237,1418.431,1122304,true,pending_log_review,,1,16
A2,GDS,1,0.134,274,4096,256,189,1186.617,1464.711,1122304,true,pending_log_review,,1,16
A2,GDS,1,0.134,274,4096,256,190,1116.483,1447.407,1122304,true,pending_log_review,,1,16
A2,GDS,1,0.134,274,4096,256,191,1120.129,1484.312,1122304,true,pending_log_review,,1,16
A2,GDS,1,0.134,274,4096,256,192,1175.713,1423.371,1122304,true,pending_log_review,,1,16
A2,GDS,1,0.134,274,4096,256,193,1210.456,1446.587,1122304,true,pending_log_review,,1,16
A2,GDS,1,0.134,274,4096,256,194,1211.58,1548.948,1122304,true,pending_log_review,,1,16
A2,GDS,1,0.134,274,4096,256,195,1156.204,1450.19,1122304,true,pending_log_review,,1,16
A2,GDS,1,0.134,274,4096,256,196,1313.207,1648.744,1122304,true,pending_log_review,,1,16
A2,GDS,1,0.134,274,4096,256,197,1087.803,1508.687,1122304,true,pending_log_review,,1,16
A2,GDS,1,0.134,274,4096,256,198,1081.867,1425.85,1122304,true,pending_log_review,,1,16
A2,GDS,1,0.134,274,4096,256,199,1191.122,1512.33,1122304,true,pending_log_review,,1,16
A2,GDS,1,0.134,274,4096,256,0,1202.463,1414.534,1122304,true,pending_log_review,,3,16
A2,GDS,1,0.3,614,4096,256,0,2266.54,3797.832,2514944,true,pending_log_review,,2,16
A2,GDS,1,0.3,614,4096,256,0,2328.806,8700.424,2514944,true,pending_log_review,,0,16
A2,GDS,1,0.3,614,4096,256,1,2591.344,4412.095,2514944,true,pending_log_review,,0,16
A2,GDS,1,0.3,614,4096,256,2,2508.392,3236.304,2514944,true,pending_log_review,,0,16
A2,GDS,1,0.3,614,4096,256,3,2241.202,4043.128,2514944,true,pending_log_review,,0,16
A2,GDS,1,0.3,614,4096,256,4,2553.975,4980.964,2514944,true,pending_log_review,,0,16
A2,GDS,1,0.3,614,4096,256,5,2500.015,2977.649,2514944,true,pending_log_review,,0,16
A2,GDS,1,0.3,614,4096,256,6,7358.1,8816.315,2514944,true,pending_log_review,,0,16
A2,GDS,1,0.3,614,4096,256,7,2829.935,3254.581,2514944,true,pending_log_review,,0,16
A2,GDS,1,0.3,614,4096,256,8,2901.362,3839.827,2514944,true,pending_log_review,,0,16
A2,GDS,1,0.3,614,4096,256,9,2838.031,3213.648,2514944,true,pending_log_review,,0,16
A2,GDS,1,0.3,614,4096,256,0,4046.786,6120.043,2514944,true,pending_log_review,,1,16
A2,GDS,1,0.3,614,4096,256,1,2896.85,3464.654,2514944,true,pending_log_review,,1,16
A2,GDS,1,0.3,614,4096,256,2,2929.26,3358.943,2514944,true,pending_log_review,,1,16
A2,GDS,1,0.3,614,4096,256,3,2918.965,3385.857,2514944,true,pending_log_review,,1,16
A2,GDS,1,0.3,614,4096,256,4,2815.089,3226.927,2514944,true,pending_log_review,,1,16
A2,GDS,1,0.3,614,4096,256,5,2873.349,3309.545,2514944,true,pending_log_review,,1,16
A2,GDS,1,0.3,614,4096,256,6,2822.058,3515.922,2514944,true,pending_log_review,,1,16
A2,GDS,1,0.3,614,4096,256,7,2826.798,3359.109,2514944,true,pending_log_review,,1,16
A2,GDS,1,0.3,614,4096,256,8,2891.515,3361.089,2514944,true,pending_log_review,,1,16
A2,GDS,1,0.3,614,4096,256,9,3117.301,3561.335,2514944,true,pending_log_review,,1,16
A2,GDS,1,0.3,614,4096,256,10,2952.654,3378.875,2514944,true,pending_log_review,,1,16
A2,GDS,1,0.3,614,4096,256,11,2958.446,3353.506,2514944,true,pending_log_review,,1,16
A2,GDS,1,0.3,614,4096,256,12,2930.593,3343.327,2514944,true,pending_log_review,,1,16
A2,GDS,1,0.3,614,4096,256,13,2884.001,3383.348,2514944,true,pending_log_review,,1,16
A2,GDS,1,0.3,614,4096,256,14,2845.478,3376.809,2514944,true,pending_log_review,,1,16
A2,GDS,1,0.3,614,4096,256,15,2975.447,3414.325,2514944,true,pending_log_review,,1,16
A2,GDS,1,0.3,614,4096,256,16,2865.552,3377.14,2514944,true,pending_log_review,,1,16
A2,GDS,1,0.3,614,4096,256,17,2853.038,3239.231,2514944,true,pending_log_review,,1,16
A2,GDS,1,0.3,614,4096,256,18,2913.934,3413.764,2514944,true,pending_log_review,,1,16
A2,GDS,1,0.3,614,4096,256,19,2974.492,3448.402,2514944,true,pending_log_review,,1,16
A2,GDS,1,0.3,614,4096,256,20,2927.183,3297.16,2514944,true,pending_log_review,,1,16
A2,GDS,1,0.3,614,4096,256,21,3043.482,3531.406,2514944,true,pending_log_review,,1,16
A2,GDS,1,0.3,614,4096,256,22,2623.901,3248.971,2514944,true,pending_log_review,,1,16
A2,GDS,1,0.3,614,4096,256,23,2459.833,3206.766,2514944,true,pending_log_review,,1,16
A2,GDS,1,0.3,614,4096,256,24,2339.843,3131.084,2514944,true,pending_log_review,,1,16
A2,GDS,1,0.3,614,4096,256,25,2359.651,3069.626,2514944,true,pending_log_review,,1,16
A2,GDS,1,0.3,614,4096,256,26,2377.566,2969.359,2514944,true,pending_log_review,,1,16
A2,GDS,1,0.3,614,4096,256,27,2399.834,3113.009,2514944,true,pending_log_review,,1,16
A2,GDS,1,0.3,614,4096,256,28,2389.454,2855.697,2514944,true,pending_log_review,,1,16
A2,GDS,1,0.3,614,4096,256,29,2376.562,3108.695,2514944,true,pending_log_review,,1,16
A2,GDS,1,0.3,614,4096,256,30,2432.308,3066.851,2514944,true,pending_log_review,,1,16
A2,GDS,1,0.3,614,4096,256,31,2544.77,3212.537,2514944,true,pending_log_review,,1,16
A2,GDS,1,0.3,614,4096,256,32,2367.663,3201.632,2514944,true,pending_log_review,,1,16
A2,GDS,1,0.3,614,4096,256,33,2482.776,2850.21,2514944,true,pending_log_review,,1,16
A2,GDS,1,0.3,614,4096,256,34,2342.415,3064.394,2514944,true,pending_log_review,,1,16
A2,GDS,1,0.3,614,4096,256,35,2442.265,3019.439,2514944,true,pending_log_review,,1,16
A2,GDS,1,0.3,614,4096,256,36,2515.617,3280.456,2514944,true,pending_log_review,,1,16
A2,GDS,1,0.3,614,4096,256,37,2383.304,3170.738,2514944,true,pending_log_review,,1,16
A2,GDS,1,0.3,614,4096,256,38,2520.62,3087.19,2514944,true,pending_log_review,,1,16
A2,GDS,1,0.3,614,4096,256,39,2448.137,3110.679,2514944,true,pending_log_review,,1,16
A2,GDS,1,0.3,614,4096,256,40,2307.319,2876.862,2514944,true,pending_log_review,,1,16
A2,GDS,1,0.3,614,4096,256,41,2347.75,3076.1,2514944,true,pending_log_review,,1,16
A2,GDS,1,0.3,614,4096,256,42,2333.303,3253.3,2514944,true,pending_log_review,,1,16
A2,GDS,1,0.3,614,4096,256,43,2413.544,3066.904,2514944,true,pending_log_review,,1,16
A2,GDS,1,0.3,614,4096,256,44,2344.863,3323.076,2514944,true,pending_log_review,,1,16
A2,GDS,1,0.3,614,4096,256,45,2499.632,2891.28,2514944,true,pending_log_review,,1,16
A2,GDS,1,0.3,614,4096,256,46,2474.02,3261.312,2514944,true,pending_log_review,,1,16
A2,GDS,1,0.3,614,4096,256,47,2342.421,2928.318,2514944,true,pending_log_review,,1,16
A2,GDS,1,0.3,614,4096,256,48,2293.55,2912.063,2514944,true,pending_log_review,,1,16
A2,GDS,1,0.3,614,4096,256,49,2411.889,3308.532,2514944,true,pending_log_review,,1,16
A2,GDS,1,0.3,614,4096,256,50,2404.145,3168.247,2514944,true,pending_log_review,,1,16
A2,GDS,1,0.3,614,4096,256,51,2353.476,3211.378,2514944,true,pending_log_review,,1,16
A2,GDS,1,0.3,614,4096,256,52,2337.943,3269.401,2514944,true,pending_log_review,,1,16
A2,GDS,1,0.3,614,4096,256,53,2499.011,3156.026,2514944,true,pending_log_review,,1,16
A2,GDS,1,0.3,614,4096,256,54,2534.282,3093.178,2514944,true,pending_log_review,,1,16
A2,GDS,1,0.3,614,4096,256,55,2374.148,2918.323,2514944,true,pending_log_review,,1,16
A2,GDS,1,0.3,614,4096,256,56,2473.358,3149.657,2514944,true,pending_log_review,,1,16
A2,GDS,1,0.3,614,4096,256,57,2380.968,3022.111,2514944,true,pending_log_review,,1,16
A2,GDS,1,0.3,614,4096,256,58,2416.224,3184.934,2514944,true,pending_log_review,,1,16
A2,GDS,1,0.3,614,4096,256,59,2373.559,2880.059,2514944,true,pending_log_review,,1,16
A2,GDS,1,0.3,614,4096,256,60,2448.834,3224.129,2514944,true,pending_log_review,,1,16
A2,GDS,1,0.3,614,4096,256,61,3759.872,4428.736,2514944,true,pending_log_review,,1,16
A2,GDS,1,0.3,614,4096,256,62,2990.682,3494.464,2514944,true,pending_log_review,,1,16
A2,GDS,1,0.3,614,4096,256,63,2881.287,3285.251,2514944,true,pending_log_review,,1,16
A2,GDS,1,0.3,614,4096,256,64,2889.263,3385.677,2514944,true,pending_log_review,,1,16
A2,GDS,1,0.3,614,4096,256,65,2900.28,3357.167,2514944,true,pending_log_review,,1,16
A2,GDS,1,0.3,614,4096,256,66,2957.416,3379.784,2514944,true,pending_log_review,,1,16
A2,GDS,1,0.3,614,4096,256,67,2890.333,3307.726,2514944,true,pending_log_review,,1,16
A2,GDS,1,0.3,614,4096,256,68,2971.353,3433.36,2514944,true,pending_log_review,,1,16
A2,GDS,1,0.3,614,4096,256,69,6245.704,7095.978,2514944,true,pending_log_review,,1,16
A2,GDS,1,0.3,614,4096,256,70,2414.403,3245.345,2514944,true,pending_log_review,,1,16
A2,GDS,1,0.3,614,4096,256,71,2508.41,3092.123,2514944,true,pending_log_review,,1,16
A2,GDS,1,0.3,614,4096,256,72,2386.037,3223.064,2514944,true,pending_log_review,,1,16
A2,GDS,1,0.3,614,4096,256,73,2271.849,2861.034,2514944,true,pending_log_review,,1,16
A2,GDS,1,0.3,614,4096,256,74,2321.274,3072.772,2514944,true,pending_log_review,,1,16
A2,GDS,1,0.3,614,4096,256,75,2402.878,3111.088,2514944,true,pending_log_review,,1,16
A2,GDS,1,0.3,614,4096,256,76,2425.503,3241.815,2514944,true,pending_log_review,,1,16
A2,GDS,1,0.3,614,4096,256,77,2320.924,3152.253,2514944,true,pending_log_review,,1,16
A2,GDS,1,0.3,614,4096,256,78,2453.094,3197.759,2514944,true,pending_log_review,,1,16
A2,GDS,1,0.3,614,4096,256,79,2365.986,3051.443,2514944,true,pending_log_review,,1,16
A2,GDS,1,0.3,614,4096,256,80,2358.651,3093.211,2514944,true,pending_log_review,,1,16
A2,GDS,1,0.3,614,4096,256,81,2365.598,3270.445,2514944,true,pending_log_review,,1,16
A2,GDS,1,0.3,614,4096,256,82,2409.066,3012.673,2514944,true,pending_log_review,,1,16
A2,GDS,1,0.3,614,4096,256,83,2386.816,3157.212,2514944,true,pending_log_review,,1,16
A2,GDS,1,0.3,614,4096,256,84,2323.815,3091.392,2514944,true,pending_log_review,,1,16
A2,GDS,1,0.3,614,4096,256,85,2545.774,3091.609,2514944,true,pending_log_review,,1,16
A2,GDS,1,0.3,614,4096,256,86,2365.553,3130.4,2514944,true,pending_log_review,,1,16
A2,GDS,1,0.3,614,4096,256,87,2441.665,2905.26,2514944,true,pending_log_review,,1,16
A2,GDS,1,0.3,614,4096,256,88,2568.934,3081.046,2514944,true,pending_log_review,,1,16
A2,GDS,1,0.3,614,4096,256,89,2408.985,3121.856,2514944,true,pending_log_review,,1,16
A2,GDS,1,0.3,614,4096,256,90,2428.204,3114.176,2514944,true,pending_log_review,,1,16
A2,GDS,1,0.3,614,4096,256,91,2344.109,3219.62,2514944,true,pending_log_review,,1,16
A2,GDS,1,0.3,614,4096,256,92,2304.283,3052.821,2514944,true,pending_log_review,,1,16
A2,GDS,1,0.3,614,4096,256,93,2295.6,3293.359,2514944,true,pending_log_review,,1,16
A2,GDS,1,0.3,614,4096,256,94,2389.131,3142.463,2514944,true,pending_log_review,,1,16
A2,GDS,1,0.3,614,4096,256,95,2447.217,3102.44,2514944,true,pending_log_review,,1,16
A2,GDS,1,0.3,614,4096,256,96,2348.944,3175.911,2514944,true,pending_log_review,,1,16
A2,GDS,1,0.3,614,4096,256,97,2827.755,3407.401,2514944,true,pending_log_review,,1,16
A2,GDS,1,0.3,614,4096,256,98,3063.812,3508.366,2514944,true,pending_log_review,,1,16
A2,GDS,1,0.3,614,4096,256,99,2940.328,3389.377,2514944,true,pending_log_review,,1,16
A2,GDS,1,0.3,614,4096,256,100,2923.491,3444.535,2514944,true,pending_log_review,,1,16
A2,GDS,1,0.3,614,4096,256,101,2868.358,3288.516,2514944,true,pending_log_review,,1,16
A2,GDS,1,0.3,614,4096,256,102,3023.755,3462.557,2514944,true,pending_log_review,,1,16
A2,GDS,1,0.3,614,4096,256,103,2801.849,3170.948,2514944,true,pending_log_review,,1,16
A2,GDS,1,0.3,614,4096,256,104,6054.641,6815.336,2514944,true,pending_log_review,,1,16
A2,GDS,1,0.3,614,4096,256,105,2314.703,3134.86,2514944,true,pending_log_review,,1,16
A2,GDS,1,0.3,614,4096,256,106,2465.421,3087.637,2514944,true,pending_log_review,,1,16
A2,GDS,1,0.3,614,4096,256,107,2449.706,3071.379,2514944,true,pending_log_review,,1,16
A2,GDS,1,0.3,614,4096,256,108,2466.094,2965.265,2514944,true,pending_log_review,,1,16
A2,GDS,1,0.3,614,4096,256,109,2494.656,3260.222,2514944,true,pending_log_review,,1,16
A2,GDS,1,0.3,614,4096,256,110,2371.049,2863.591,2514944,true,pending_log_review,,1,16
A2,GDS,1,0.3,614,4096,256,111,2441.763,3036.777,2514944,true,pending_log_review,,1,16
A2,GDS,1,0.3,614,4096,256,112,2446.852,3022.612,2514944,true,pending_log_review,,1,16
A2,GDS,1,0.3,614,4096,256,113,2418.747,3230.947,2514944,true,pending_log_review,,1,16
A2,GDS,1,0.3,614,4096,256,114,2598.408,3123.186,2514944,true,pending_log_review,,1,16
A2,GDS,1,0.3,614,4096,256,115,2343.281,2966.279,2514944,true,pending_log_review,,1,16
A2,GDS,1,0.3,614,4096,256,116,2292.05,3120.989,2514944,true,pending_log_review,,1,16
A2,GDS,1,0.3,614,4096,256,117,2325.384,3215.746,2514944,true,pending_log_review,,1,16
A2,GDS,1,0.3,614,4096,256,118,2408.952,2956.272,2514944,true,pending_log_review,,1,16
A2,GDS,1,0.3,614,4096,256,119,2444.948,3188.374,2514944,true,pending_log_review,,1,16
A2,GDS,1,0.3,614,4096,256,120,2323.283,3094.224,2514944,true,pending_log_review,,1,16
A2,GDS,1,0.3,614,4096,256,121,2401.624,2950.06,2514944,true,pending_log_review,,1,16
A2,GDS,1,0.3,614,4096,256,122,2353.491,3095.18,2514944,true,pending_log_review,,1,16
A2,GDS,1,0.3,614,4096,256,123,2270.857,3062.63,2514944,true,pending_log_review,,1,16
A2,GDS,1,0.3,614,4096,256,124,2365.641,3274.84,2514944,true,pending_log_review,,1,16
A2,GDS,1,0.3,614,4096,256,125,2477.601,2962.569,2514944,true,pending_log_review,,1,16
A2,GDS,1,0.3,614,4096,256,126,2397.357,3069.145,2514944,true,pending_log_review,,1,16
A2,GDS,1,0.3,614,4096,256,127,2265.711,2797.932,2514944,true,pending_log_review,,1,16
A2,GDS,1,0.3,614,4096,256,128,2412.088,3200.678,2514944,true,pending_log_review,,1,16
A2,GDS,1,0.3,614,4096,256,129,2448.943,2939.442,2514944,true,pending_log_review,,1,16
A2,GDS,1,0.3,614,4096,256,130,2399.071,3041.284,2514944,true,pending_log_review,,1,16
A2,GDS,1,0.3,614,4096,256,131,2455.059,2978.195,2514944,true,pending_log_review,,1,16
A2,GDS,1,0.3,614,4096,256,132,2303.66,3224.663,2514944,true,pending_log_review,,1,16
A2,GDS,1,0.3,614,4096,256,133,2387.964,3025.37,2514944,true,pending_log_review,,1,16
A2,GDS,1,0.3,614,4096,256,134,2448.451,3135.95,2514944,true,pending_log_review,,1,16
A2,GDS,1,0.3,614,4096,256,135,2419.54,3080.54,2514944,true,pending_log_review,,1,16
A2,GDS,1,0.3,614,4096,256,136,2274.31,3038.736,2514944,true,pending_log_review,,1,16
A2,GDS,1,0.3,614,4096,256,137,2385.735,3120.729,2514944,true,pending_log_review,,1,16
A2,GDS,1,0.3,614,4096,256,138,2442.793,3148.585,2514944,true,pending_log_review,,1,16
A2,GDS,1,0.3,614,4096,256,139,2369.207,3038.643,2514944,true,pending_log_review,,1,16
A2,GDS,1,0.3,614,4096,256,140,2384.582,2917.919,2514944,true,pending_log_review,,1,16
A2,GDS,1,0.3,614,4096,256,141,2461.277,3204.551,2514944,true,pending_log_review,,1,16
A2,GDS,1,0.3,614,4096,256,142,2433.533,2958.023,2514944,true,pending_log_review,,1,16
A2,GDS,1,0.3,614,4096,256,143,2371.398,3076.292,2514944,true,pending_log_review,,1,16
A2,GDS,1,0.3,614,4096,256,144,2552.846,3127.16,2514944,true,pending_log_review,,1,16
A2,GDS,1,0.3,614,4096,256,145,2345.907,3019.008,2514944,true,pending_log_review,,1,16
A2,GDS,1,0.3,614,4096,256,146,2373.649,3256.541,2514944,true,pending_log_review,,1,16
A2,GDS,1,0.3,614,4096,256,147,2297.378,3325.125,2514944,true,pending_log_review,,1,16
A2,GDS,1,0.3,614,4096,256,148,2446.041,2954.633,2514944,true,pending_log_review,,1,16
A2,GDS,1,0.3,614,4096,256,149,2304.721,3172.277,2514944,true,pending_log_review,,1,16
A2,GDS,1,0.3,614,4096,256,150,2469.821,3107.255,2514944,true,pending_log_review,,1,16
A2,GDS,1,0.3,614,4096,256,151,2359.55,2940.539,2514944,true,pending_log_review,,1,16
A2,GDS,1,0.3,614,4096,256,152,2391.777,3132.76,2514944,true,pending_log_review,,1,16
A2,GDS,1,0.3,614,4096,256,153,2334.01,2767.941,2514944,true,pending_log_review,,1,16
A2,GDS,1,0.3,614,4096,256,154,2426.133,3298.375,2514944,true,pending_log_review,,1,16
A2,GDS,1,0.3,614,4096,256,155,2374.723,2937.177,2514944,true,pending_log_review,,1,16
A2,GDS,1,0.3,614,4096,256,156,3293.42,3908.431,2514944,true,pending_log_review,,1,16
A2,GDS,1,0.3,614,4096,256,157,2926.53,3404.383,2514944,true,pending_log_review,,1,16
A2,GDS,1,0.3,614,4096,256,158,3042.809,3466.056,2514944,true,pending_log_review,,1,16
A2,GDS,1,0.3,614,4096,256,159,2881.855,3345.352,2514944,true,pending_log_review,,1,16
A2,GDS,1,0.3,614,4096,256,160,2823.998,3507.044,2514944,true,pending_log_review,,1,16
A2,GDS,1,0.3,614,4096,256,161,2843.357,3273.112,2514944,true,pending_log_review,,1,16
A2,GDS,1,0.3,614,4096,256,162,2882.999,3330.269,2514944,true,pending_log_review,,1,16
A2,GDS,1,0.3,614,4096,256,163,2933.638,3370.176,2514944,true,pending_log_review,,1,16
A2,GDS,1,0.3,614,4096,256,164,2856.917,3299.935,2514944,true,pending_log_review,,1,16
A2,GDS,1,0.3,614,4096,256,165,2980.679,3581.687,2514944,true,pending_log_review,,1,16
A2,GDS,1,0.3,614,4096,256,166,2824.088,3277.769,2514944,true,pending_log_review,,1,16
A2,GDS,1,0.3,614,4096,256,167,4824.869,5818.61,2514944,true,pending_log_review,,1,16
A2,GDS,1,0.3,614,4096,256,168,2360.378,2959.773,2514944,true,pending_log_review,,1,16
A2,GDS,1,0.3,614,4096,256,169,2383.793,3234.668,2514944,true,pending_log_review,,1,16
A2,GDS,1,0.3,614,4096,256,170,2402.043,2803.185,2514944,true,pending_log_review,,1,16
A2,GDS,1,0.3,614,4096,256,171,2291.198,3081.296,2514944,true,pending_log_review,,1,16
A2,GDS,1,0.3,614,4096,256,172,2428.743,2916.64,2514944,true,pending_log_review,,1,16
A2,GDS,1,0.3,614,4096,256,173,2450.942,3069.944,2514944,true,pending_log_review,,1,16
A2,GDS,1,0.3,614,4096,256,174,2299.971,3228.939,2514944,true,pending_log_review,,1,16
A2,GDS,1,0.3,614,4096,256,175,2526.107,3186.7,2514944,true,pending_log_review,,1,16
A2,GDS,1,0.3,614,4096,256,176,2402.372,2943.824,2514944,true,pending_log_review,,1,16
A2,GDS,1,0.3,614,4096,256,177,2376.559,2806.503,2514944,true,pending_log_review,,1,16
A2,GDS,1,0.3,614,4096,256,178,2454.409,3207.222,2514944,true,pending_log_review,,1,16
A2,GDS,1,0.3,614,4096,256,179,2388.932,2979.018,2514944,true,pending_log_review,,1,16
A2,GDS,1,0.3,614,4096,256,180,2351.001,3074.499,2514944,true,pending_log_review,,1,16
A2,GDS,1,0.3,614,4096,256,181,2398.085,2954.468,2514944,true,pending_log_review,,1,16
A2,GDS,1,0.3,614,4096,256,182,2563.076,3204.639,2514944,true,pending_log_review,,1,16
A2,GDS,1,0.3,614,4096,256,183,2468.051,2889.852,2514944,true,pending_log_review,,1,16
A2,GDS,1,0.3,614,4096,256,184,2321.269,3108.235,2514944,true,pending_log_review,,1,16
A2,GDS,1,0.3,614,4096,256,185,2425.731,3005.702,2514944,true,pending_log_review,,1,16
A2,GDS,1,0.3,614,4096,256,186,2337.15,3141.635,2514944,true,pending_log_review,,1,16
A2,GDS,1,0.3,614,4096,256,187,2409.034,2839.627,2514944,true,pending_log_review,,1,16
A2,GDS,1,0.3,614,4096,256,188,2469.44,2957.054,2514944,true,pending_log_review,,1,16
A2,GDS,1,0.3,614,4096,256,189,2387.877,3112.592,2514944,true,pending_log_review,,1,16
A2,GDS,1,0.3,614,4096,256,190,2509.803,3108.086,2514944,true,pending_log_review,,1,16
A2,GDS,1,0.3,614,4096,256,191,2430.198,3191.612,2514944,true,pending_log_review,,1,16
A2,GDS,1,0.3,614,4096,256,192,2421.06,3144.405,2514944,true,pending_log_review,,1,16
A2,GDS,1,0.3,614,4096,256,193,2260.189,3001.983,2514944,true,pending_log_review,,1,16
A2,GDS,1,0.3,614,4096,256,194,2375.641,3124.629,2514944,true,pending_log_review,,1,16
A2,GDS,1,0.3,614,4096,256,195,2715.87,3138.447,2514944,true,pending_log_review,,1,16
A2,GDS,1,0.3,614,4096,256,196,2464.869,3071.792,2514944,true,pending_log_review,,1,16
A2,GDS,1,0.3,614,4096,256,197,2362.082,3011.335,2514944,true,pending_log_review,,1,16
A2,GDS,1,0.3,614,4096,256,198,2623.262,3122.444,2514944,true,pending_log_review,,1,16
A2,GDS,1,0.3,614,4096,256,199,2311.063,3015.832,2514944,true,pending_log_review,,1,16
A2,GDS,1,0.3,614,4096,256,0,2453.48,3239.289,2514944,true,pending_log_review,,3,16
A2,GDS,4,0.067,549,4096,256,0,2140.061,2680.745,2248704,true,pending_log_review,,2,16
A2,GDS,4,0.067,549,4096,256,0,2056.172,2790.71,2248704,true,pending_log_review,,0,16
A2,GDS,4,0.067,549,4096,256,1,2159.545,2662.657,2248704,true,pending_log_review,,0,16
A2,GDS,4,0.067,549,4096,256,2,2130.323,2723.733,2248704,true,pending_log_review,,0,16
A2,GDS,4,0.067,549,4096,256,3,2229.218,2826.836,2248704,true,pending_log_review,,0,16
A2,GDS,4,0.067,549,4096,256,4,2109.519,2762.606,2248704,true,pending_log_review,,0,16
A2,GDS,4,0.067,549,4096,256,5,2832.894,3213.502,2248704,true,pending_log_review,,0,16
A2,GDS,4,0.067,549,4096,256,6,2578.145,2984.023,2248704,true,pending_log_review,,0,16
A2,GDS,4,0.067,549,4096,256,7,2743.145,3106.553,2248704,true,pending_log_review,,0,16
A2,GDS,4,0.067,549,4096,256,8,2661.571,3032.08,2248704,true,pending_log_review,,0,16
A2,GDS,4,0.067,549,4096,256,9,5071.452,5804.406,2248704,true,pending_log_review,,0,16
A2,GDS,4,0.067,549,4096,256,0,2644.853,3051.663,2248704,true,pending_log_review,,1,16
A2,GDS,4,0.067,549,4096,256,1,2801.681,3175.044,2248704,true,pending_log_review,,1,16
A2,GDS,4,0.067,549,4096,256,2,2584.077,2946.497,2248704,true,pending_log_review,,1,16
A2,GDS,4,0.067,549,4096,256,3,2708.954,3077.619,2248704,true,pending_log_review,,1,16
A2,GDS,4,0.067,549,4096,256,4,2563.075,3157.252,2248704,true,pending_log_review,,1,16
A2,GDS,4,0.067,549,4096,256,5,2615.84,3020.558,2248704,true,pending_log_review,,1,16
A2,GDS,4,0.067,549,4096,256,6,2526.229,2902.997,2248704,true,pending_log_review,,1,16
A2,GDS,4,0.067,549,4096,256,7,2752.547,3090.697,2248704,true,pending_log_review,,1,16
A2,GDS,4,0.067,549,4096,256,8,2597.69,3028.7,2248704,true,pending_log_review,,1,16
A2,GDS,4,0.067,549,4096,256,9,2836.597,3214.149,2248704,true,pending_log_review,,1,16
A2,GDS,4,0.067,549,4096,256,10,2760.662,3169.133,2248704,true,pending_log_review,,1,16
A2,GDS,4,0.067,549,4096,256,11,2706.393,3237.502,2248704,true,pending_log_review,,1,16
A2,GDS,4,0.067,549,4096,256,12,2651.437,3071.738,2248704,true,pending_log_review,,1,16
A2,GDS,4,0.067,549,4096,256,13,2706.42,3109.839,2248704,true,pending_log_review,,1,16
A2,GDS,4,0.067,549,4096,256,14,2656.026,3005.689,2248704,true,pending_log_review,,1,16
A2,GDS,4,0.067,549,4096,256,15,2554.987,2920.036,2248704,true,pending_log_review,,1,16
A2,GDS,4,0.067,549,4096,256,16,2711.253,3126.029,2248704,true,pending_log_review,,1,16
A2,GDS,4,0.067,549,4096,256,17,2734.906,3074.59,2248704,true,pending_log_review,,1,16
A2,GDS,4,0.067,549,4096,256,18,2897.265,3312.87,2248704,true,pending_log_review,,1,16
A2,GDS,4,0.067,549,4096,256,19,2652.589,3011.912,2248704,true,pending_log_review,,1,16
A2,GDS,4,0.067,549,4096,256,20,2603.962,3121.023,2248704,true,pending_log_review,,1,16
A2,GDS,4,0.067,549,4096,256,21,2596.982,3060.514,2248704,true,pending_log_review,,1,16
A2,GDS,4,0.067,549,4096,256,22,2578.624,2955.074,2248704,true,pending_log_review,,1,16
A2,GDS,4,0.067,549,4096,256,23,2667.58,3110.062,2248704,true,pending_log_review,,1,16
A2,GDS,4,0.067,549,4096,256,24,2585.593,3062.518,2248704,true,pending_log_review,,1,16
A2,GDS,4,0.067,549,4096,256,25,2624.023,2965.93,2248704,true,pending_log_review,,1,16
A2,GDS,4,0.067,549,4096,256,26,2564.362,3031.423,2248704,true,pending_log_review,,1,16
A2,GDS,4,0.067,549,4096,256,27,2598.367,3205.732,2248704,true,pending_log_review,,1,16
A2,GDS,4,0.067,549,4096,256,28,2714.839,3084.597,2248704,true,pending_log_review,,1,16
A2,GDS,4,0.067,549,4096,256,29,2732.261,3125.74,2248704,true,pending_log_review,,1,16
A2,GDS,4,0.067,549,4096,256,30,2548.064,2975.66,2248704,true,pending_log_review,,1,16
A2,GDS,4,0.067,549,4096,256,31,2778.069,3226.618,2248704,true,pending_log_review,,1,16
A2,GDS,4,0.067,549,4096,256,32,2583.644,2940.3,2248704,true,pending_log_review,,1,16
A2,GDS,4,0.067,549,4096,256,33,2595.547,2981.912,2248704,true,pending_log_review,,1,16
A2,GDS,4,0.067,549,4096,256,34,2570.402,2990.723,2248704,true,pending_log_review,,1,16
A2,GDS,4,0.067,549,4096,256,35,2534.958,3031.709,2248704,true,pending_log_review,,1,16
A2,GDS,4,0.067,549,4096,256,36,2648.047,3021.953,2248704,true,pending_log_review,,1,16
A2,GDS,4,0.067,549,4096,256,37,2756.645,3178.261,2248704,true,pending_log_review,,1,16
A2,GDS,4,0.067,549,4096,256,38,2668.41,3093.582,2248704,true,pending_log_review,,1,16
A2,GDS,4,0.067,549,4096,256,39,2493.175,2933.519,2248704,true,pending_log_review,,1,16
A2,GDS,4,0.067,549,4096,256,40,2459.733,2998.731,2248704,true,pending_log_review,,1,16
A2,GDS,4,0.067,549,4096,256,41,2618.681,3135.933,2248704,true,pending_log_review,,1,16
A2,GDS,4,0.067,549,4096,256,42,2551.891,2905.757,2248704,true,pending_log_review,,1,16
A2,GDS,4,0.067,549,4096,256,43,2512.871,2924.188,2248704,true,pending_log_review,,1,16
A2,GDS,4,0.067,549,4096,256,44,2603.041,3020.608,2248704,true,pending_log_review,,1,16
A2,GDS,4,0.067,549,4096,256,45,2761.328,3147.439,2248704,true,pending_log_review,,1,16
A2,GDS,4,0.067,549,4096,256,46,2621.695,3078.923,2248704,true,pending_log_review,,1,16
A2,GDS,4,0.067,549,4096,256,47,2534.345,2874.326,2248704,true,pending_log_review,,1,16
A2,GDS,4,0.067,549,4096,256,48,2616.324,2952.694,2248704,true,pending_log_review,,1,16
A2,GDS,4,0.067,549,4096,256,49,2723.233,3086.773,2248704,true,pending_log_review,,1,16
A2,GDS,4,0.067,549,4096,256,50,2567.141,2931.415,2248704,true,pending_log_review,,1,16
A2,GDS,4,0.067,549,4096,256,51,2534.87,2869.026,2248704,true,pending_log_review,,1,16
A2,GDS,4,0.067,549,4096,256,52,2685.333,3044.141,2248704,true,pending_log_review,,1,16
A2,GDS,4,0.067,549,4096,256,53,4450.957,5278.733,2248704,true,pending_log_review,,1,16
A2,GDS,4,0.067,549,4096,256,54,2204.723,2883.794,2248704,true,pending_log_review,,1,16
A2,GDS,4,0.067,549,4096,256,55,2184.933,2727.857,2248704,true,pending_log_review,,1,16
A2,GDS,4,0.067,549,4096,256,56,2104.75,2882.896,2248704,true,pending_log_review,,1,16
A2,GDS,4,0.067,549,4096,256,57,2166.582,2804.811,2248704,true,pending_log_review,,1,16
A2,GDS,4,0.067,549,4096,256,58,2092.702,2822.981,2248704,true,pending_log_review,,1,16
A2,GDS,4,0.067,549,4096,256,59,2229.992,2816.886,2248704,true,pending_log_review,,1,16
A2,GDS,4,0.067,549,4096,256,60,2272.601,2765.841,2248704,true,pending_log_review,,1,16
A2,GDS,4,0.067,549,4096,256,61,5309.438,5969.129,2248704,true,pending_log_review,,1,16
A2,GDS,4,0.067,549,4096,256,62,2686.084,3031.46,2248704,true,pending_log_review,,1,16
A2,GDS,4,0.067,549,4096,256,63,2665.946,3034.366,2248704,true,pending_log_review,,1,16
A2,GDS,4,0.067,549,4096,256,64,2773.492,3136.511,2248704,true,pending_log_review,,1,16
A2,GDS,4,0.067,549,4096,256,65,2801.527,3199.033,2248704,true,pending_log_review,,1,16
A2,GDS,4,0.067,549,4096,256,66,2620.441,3007.093,2248704,true,pending_log_review,,1,16
A2,GDS,4,0.067,549,4096,256,67,2807.199,3253.119,2248704,true,pending_log_review,,1,16
A2,GDS,4,0.067,549,4096,256,68,2556.721,2944.424,2248704,true,pending_log_review,,1,16
A2,GDS,4,0.067,549,4096,256,69,2556.971,3022.786,2248704,true,pending_log_review,,1,16
A2,GDS,4,0.067,549,4096,256,70,2643.161,3179.102,2248704,true,pending_log_review,,1,16
A2,GDS,4,0.067,549,4096,256,71,2597.079,3102.805,2248704,true,pending_log_review,,1,16
A2,GDS,4,0.067,549,4096,256,72,2612.698,3038.814,2248704,true,pending_log_review,,1,16
A2,GDS,4,0.067,549,4096,256,73,2914.372,3347.505,2248704,true,pending_log_review,,1,16
A2,GDS,4,0.067,549,4096,256,74,2295.504,2920.867,2248704,true,pending_log_review,,1,16
A2,GDS,4,0.067,549,4096,256,75,2285.787,2711.348,2248704,true,pending_log_review,,1,16
A2,GDS,4,0.067,549,4096,256,76,2094.144,2745.838,2248704,true,pending_log_review,,1,16
A2,GDS,4,0.067,549,4096,256,77,2234.533,2782.913,2248704,true,pending_log_review,,1,16
A2,GDS,4,0.067,549,4096,256,78,2127.804,2797.281,2248704,true,pending_log_review,,1,16
A2,GDS,4,0.067,549,4096,256,79,2066.847,2588.087,2248704,true,pending_log_review,,1,16
A2,GDS,4,0.067,549,4096,256,80,2200.136,2578.832,2248704,true,pending_log_review,,1,16
A2,GDS,4,0.067,549,4096,256,81,2127.366,2744.123,2248704,true,pending_log_review,,1,16
A2,GDS,4,0.067,549,4096,256,82,2317.584,2821.452,2248704,true,pending_log_review,,1,16
A2,GDS,4,0.067,549,4096,256,83,2136.649,2619.388,2248704,true,pending_log_review,,1,16
A2,GDS,4,0.067,549,4096,256,84,2277.138,2798.77,2248704,true,pending_log_review,,1,16
A2,GDS,4,0.067,549,4096,256,85,2083.614,2939.014,2248704,true,pending_log_review,,1,16
A2,GDS,4,0.067,549,4096,256,86,2118.091,2682.969,2248704,true,pending_log_review,,1,16
A2,GDS,4,0.067,549,4096,256,87,2215.966,2616.896,2248704,true,pending_log_review,,1,16
A2,GDS,4,0.067,549,4096,256,88,2160.236,2698.186,2248704,true,pending_log_review,,1,16
A2,GDS,4,0.067,549,4096,256,89,2133.869,2844.43,2248704,true,pending_log_review,,1,16
A2,GDS,4,0.067,549,4096,256,90,2198.299,2692.048,2248704,true,pending_log_review,,1,16
A2,GDS,4,0.067,549,4096,256,91,2144.177,2544.981,2248704,true,pending_log_review,,1,16
A2,GDS,4,0.067,549,4096,256,92,2224.482,2764.531,2248704,true,pending_log_review,,1,16
A2,GDS,4,0.067,549,4096,256,93,2139.901,2481.97,2248704,true,pending_log_review,,1,16
A2,GDS,4,0.067,549,4096,256,94,2210.478,2749.785,2248704,true,pending_log_review,,1,16
A2,GDS,4,0.067,549,4096,256,95,2187.648,2830.883,2248704,true,pending_log_review,,1,16
A2,GDS,4,0.067,549,4096,256,96,2130.511,2619.143,2248704,true,pending_log_review,,1,16
A2,GDS,4,0.067,549,4096,256,97,2118.254,2806.629,2248704,true,pending_log_review,,1,16
A2,GDS,4,0.067,549,4096,256,98,2199.824,2833.229,2248704,true,pending_log_review,,1,16
A2,GDS,4,0.067,549,4096,256,99,2186.909,2626.296,2248704,true,pending_log_review,,1,16
A2,GDS,4,0.067,549,4096,256,100,2223.718,2868.582,2248704,true,pending_log_review,,1,16
A2,GDS,4,0.067,549,4096,256,101,2124.097,2808.484,2248704,true,pending_log_review,,1,16
A2,GDS,4,0.067,549,4096,256,102,2070.099,2625.709,2248704,true,pending_log_review,,1,16
A2,GDS,4,0.067,549,4096,256,103,2137.017,2806.722,2248704,true,pending_log_review,,1,16
A2,GDS,4,0.067,549,4096,256,104,2064.736,2791.862,2248704,true,pending_log_review,,1,16
A2,GDS,4,0.067,549,4096,256,105,2170.905,2602.474,2248704,true,pending_log_review,,1,16
A2,GDS,4,0.067,549,4096,256,106,2130.93,2743.473,2248704,true,pending_log_review,,1,16
A2,GDS,4,0.067,549,4096,256,107,2214.82,2905.819,2248704,true,pending_log_review,,1,16
A2,GDS,4,0.067,549,4096,256,108,2075.174,2927.764,2248704,true,pending_log_review,,1,16
A2,GDS,4,0.067,549,4096,256,109,2193.417,2667.086,2248704,true,pending_log_review,,1,16
A2,GDS,4,0.067,549,4096,256,110,2089.919,2729.188,2248704,true,pending_log_review,,1,16
A2,GDS,4,0.067,549,4096,256,111,2201.972,2887.578,2248704,true,pending_log_review,,1,16
A2,GDS,4,0.067,549,4096,256,112,2199.802,2700.03,2248704,true,pending_log_review,,1,16
A2,GDS,4,0.067,549,4096,256,113,2062.985,2903.563,2248704,true,pending_log_review,,1,16
A2,GDS,4,0.067,549,4096,256,114,2310.885,3194.557,2248704,true,pending_log_review,,1,16
A2,GDS,4,0.067,549,4096,256,115,2239.288,2865.902,2248704,true,pending_log_review,,1,16
A2,GDS,4,0.067,549,4096,256,116,2148.012,2664.376,2248704,true,pending_log_review,,1,16
A2,GDS,4,0.067,549,4096,256,117,2357.317,2910.23,2248704,true,pending_log_review,,1,16
A2,GDS,4,0.067,549,4096,256,118,2168.718,2606.113,2248704,true,pending_log_review,,1,16
A2,GDS,4,0.067,549,4096,256,119,2149.229,2786.739,2248704,true,pending_log_review,,1,16
A2,GDS,4,0.067,549,4096,256,120,2157.206,2787.628,2248704,true,pending_log_review,,1,16
A2,GDS,4,0.067,549,4096,256,121,2151.852,2819.441,2248704,true,pending_log_review,,1,16
A2,GDS,4,0.067,549,4096,256,122,2083.452,2542.293,2248704,true,pending_log_review,,1,16
A2,GDS,4,0.067,549,4096,256,123,2113.745,2663.48,2248704,true,pending_log_review,,1,16
A2,GDS,4,0.067,549,4096,256,124,2175.798,2533.474,2248704,true,pending_log_review,,1,16
A2,GDS,4,0.067,549,4096,256,125,2246.738,2789.681,2248704,true,pending_log_review,,1,16
A2,GDS,4,0.067,549,4096,256,126,2146.312,2788.319,2248704,true,pending_log_review,,1,16
A2,GDS,4,0.067,549,4096,256,127,2135.656,2545.038,2248704,true,pending_log_review,,1,16
A2,GDS,4,0.067,549,4096,256,128,2184.912,2700.644,2248704,true,pending_log_review,,1,16
A2,GDS,4,0.067,549,4096,256,129,2248.72,2915.82,2248704,true,pending_log_review,,1,16
A2,GDS,4,0.067,549,4096,256,130,2172.393,2608.577,2248704,true,pending_log_review,,1,16
A2,GDS,4,0.067,549,4096,256,131,2197.22,2710.623,2248704,true,pending_log_review,,1,16
A2,GDS,4,0.067,549,4096,256,132,2173.3,2819.141,2248704,true,pending_log_review,,1,16
A2,GDS,4,0.067,549,4096,256,133,2164.485,2782.99,2248704,true,pending_log_review,,1,16
A2,GDS,4,0.067,549,4096,256,134,2167.86,2509.377,2248704,true,pending_log_review,,1,16
A2,GDS,4,0.067,549,4096,256,135,2101.45,2760.456,2248704,true,pending_log_review,,1,16
A2,GDS,4,0.067,549,4096,256,136,2171.182,2592.03,2248704,true,pending_log_review,,1,16
A2,GDS,4,0.067,549,4096,256,137,2223.182,2677.578,2248704,true,pending_log_review,,1,16
A2,GDS,4,0.067,549,4096,256,138,2154.685,2804.387,2248704,true,pending_log_review,,1,16
A2,GDS,4,0.067,549,4096,256,139,2151.116,2824.228,2248704,true,pending_log_review,,1,16
A2,GDS,4,0.067,549,4096,256,140,2126.877,2579.976,2248704,true,pending_log_review,,1,16
A2,GDS,4,0.067,549,4096,256,141,2176.065,2867.492,2248704,true,pending_log_review,,1,16
A2,GDS,4,0.067,549,4096,256,142,2180.539,2824.256,2248704,true,pending_log_review,,1,16
A2,GDS,4,0.067,549,4096,256,143,2146.301,2591.911,2248704,true,pending_log_review,,1,16
A2,GDS,4,0.067,549,4096,256,144,2278.785,2915.752,2248704,true,pending_log_review,,1,16
A2,GDS,4,0.067,549,4096,256,145,2128.114,2738.448,2248704,true,pending_log_review,,1,16
A2,GDS,4,0.067,549,4096,256,146,2090.339,2470.726,2248704,true,pending_log_review,,1,16
A2,GDS,4,0.067,549,4096,256,147,2344.94,2657.61,2248704,true,pending_log_review,,1,16
A2,GDS,4,0.067,549,4096,256,148,2090.378,2431.985,2248704,true,pending_log_review,,1,16
A2,GDS,4,0.067,549,4096,256,149,2292.411,2621.478,2248704,true,pending_log_review,,1,16
A2,GDS,4,0.067,549,4096,256,150,2202.355,2504.201,2248704,true,pending_log_review,,1,16
A2,GDS,4,0.067,549,4096,256,151,2224.809,2591.769,2248704,true,pending_log_review,,1,16
A2,GDS,4,0.067,549,4096,256,152,2152.851,2533.026,2248704,true,pending_log_review,,1,16
A2,GDS,4,0.067,549,4096,256,153,2252.457,2954.038,2248704,true,pending_log_review,,1,16
A2,GDS,4,0.067,549,4096,256,154,2193.707,2792.457,2248704,true,pending_log_review,,1,16
A2,GDS,4,0.067,549,4096,256,155,2228.784,2682.421,2248704,true,pending_log_review,,1,16
A2,GDS,4,0.067,549,4096,256,156,2179.034,2807.992,2248704,true,pending_log_review,,1,16
A2,GDS,4,0.067,549,4096,256,157,2224.784,2713.279,2248704,true,pending_log_review,,1,16
A2,GDS,4,0.067,549,4096,256,158,2231.03,2700.855,2248704,true,pending_log_review,,1,16
A2,GDS,4,0.067,549,4096,256,159,2182.525,2784.182,2248704,true,pending_log_review,,1,16
A2,GDS,4,0.067,549,4096,256,160,2158.518,2723.407,2248704,true,pending_log_review,,1,16
A2,GDS,4,0.067,549,4096,256,161,2243.751,2656.716,2248704,true,pending_log_review,,1,16
A2,GDS,4,0.067,549,4096,256,162,2251.437,2880.046,2248704,true,pending_log_review,,1,16
A2,GDS,4,0.067,549,4096,256,163,2169.665,2599.079,2248704,true,pending_log_review,,1,16
A2,GDS,4,0.067,549,4096,256,164,2217.541,2869.751,2248704,true,pending_log_review,,1,16
A2,GDS,4,0.067,549,4096,256,165,2102.696,2884.75,2248704,true,pending_log_review,,1,16
A2,GDS,4,0.067,549,4096,256,166,2199.981,2579.985,2248704,true,pending_log_review,,1,16
A2,GDS,4,0.067,549,4096,256,167,2141.077,2934.246,2248704,true,pending_log_review,,1,16
A2,GDS,4,0.067,549,4096,256,168,2176.66,2866.107,2248704,true,pending_log_review,,1,16
A2,GDS,4,0.067,549,4096,256,169,2333.717,2835.414,2248704,true,pending_log_review,,1,16
A2,GDS,4,0.067,549,4096,256,170,2098.338,2651.385,2248704,true,pending_log_review,,1,16
A2,GDS,4,0.067,549,4096,256,171,2149.671,2706.606,2248704,true,pending_log_review,,1,16
A2,GDS,4,0.067,549,4096,256,172,2287.092,2880.472,2248704,true,pending_log_review,,1,16
A2,GDS,4,0.067,549,4096,256,173,2181.353,2874.787,2248704,true,pending_log_review,,1,16
A2,GDS,4,0.067,549,4096,256,174,2182.401,2536.617,2248704,true,pending_log_review,,1,16
A2,GDS,4,0.067,549,4096,256,175,2147.418,2731.116,2248704,true,pending_log_review,,1,16
A2,GDS,4,0.067,549,4096,256,176,2246.191,2672.358,2248704,true,pending_log_review,,1,16
A2,GDS,4,0.067,549,4096,256,177,2156.69,2801.388,2248704,true,pending_log_review,,1,16
A2,GDS,4,0.067,549,4096,256,178,2160.922,2551.487,2248704,true,pending_log_review,,1,16
A2,GDS,4,0.067,549,4096,256,179,2147.55,2663.988,2248704,true,pending_log_review,,1,16
A2,GDS,4,0.067,549,4096,256,180,2031.461,2648.131,2248704,true,pending_log_review,,1,16
A2,GDS,4,0.067,549,4096,256,181,2108.428,2748.311,2248704,true,pending_log_review,,1,16
A2,GDS,4,0.067,549,4096,256,182,2208.31,2741.582,2248704,true,pending_log_review,,1,16
A2,GDS,4,0.067,549,4096,256,183,2276.578,2635.909,2248704,true,pending_log_review,,1,16
A2,GDS,4,0.067,549,4096,256,184,2135.99,2783.971,2248704,true,pending_log_review,,1,16
A2,GDS,4,0.067,549,4096,256,185,2092.718,2677.213,2248704,true,pending_log_review,,1,16
A2,GDS,4,0.067,549,4096,256,186,2136.027,2880.918,2248704,true,pending_log_review,,1,16
A2,GDS,4,0.067,549,4096,256,187,2132.094,2697.322,2248704,true,pending_log_review,,1,16
A2,GDS,4,0.067,549,4096,256,188,2064.501,2702.817,2248704,true,pending_log_review,,1,16
A2,GDS,4,0.067,549,4096,256,189,2168.136,2853.661,2248704,true,pending_log_review,,1,16
A2,GDS,4,0.067,549,4096,256,190,2288.221,2755.39,2248704,true,pending_log_review,,1,16
A2,GDS,4,0.067,549,4096,256,191,2233.549,2845.289,2248704,true,pending_log_review,,1,16
A2,GDS,4,0.067,549,4096,256,192,2182.121,2650.418,2248704,true,pending_log_review,,1,16
A2,GDS,4,0.067,549,4096,256,193,2142.444,2656.464,2248704,true,pending_log_review,,1,16
A2,GDS,4,0.067,549,4096,256,194,2209.726,2843.273,2248704,true,pending_log_review,,1,16
A2,GDS,4,0.067,549,4096,256,195,2178.317,2661.488,2248704,true,pending_log_review,,1,16
A2,GDS,4,0.067,549,4096,256,196,2166.98,2929.215,2248704,true,pending_log_review,,1,16
A2,GDS,4,0.067,549,4096,256,197,2195.648,2664.481,2248704,true,pending_log_review,,1,16
A2,GDS,4,0.067,549,4096,256,198,2270.65,2883.797,2248704,true,pending_log_review,,1,16
A2,GDS,4,0.067,549,4096,256,199,2097.693,2669.648,2248704,true,pending_log_review,,1,16
A2,GDS,4,0.067,549,4096,256,0,2029.964,2612.814,2248704,true,pending_log_review,,3,16
A2,GDS,4,0.134,1098,4096,256,0,4244.042,5325.073,4497408,true,pending_log_review,,2,16
A2,GDS,4,0.134,1098,4096,256,0,4175.823,5539.169,4497408,true,pending_log_review,,0,16
A2,GDS,4,0.134,1098,4096,256,1,4009.08,5200.913,4497408,true,pending_log_review,,0,16
A2,GDS,4,0.134,1098,4096,256,2,4476.022,5226.467,4497408,true,pending_log_review,,0,16
A2,GDS,4,0.134,1098,4096,256,3,4271.843,5230.615,4497408,true,pending_log_review,,0,16
A2,GDS,4,0.134,1098,4096,256,4,4128.187,5228.717,4497408,true,pending_log_review,,0,16
A2,GDS,4,0.134,1098,4096,256,5,4166.05,5324.34,4497408,true,pending_log_review,,0,16
A2,GDS,4,0.134,1098,4096,256,6,4284.94,5507.662,4497408,true,pending_log_review,,0,16
A2,GDS,4,0.134,1098,4096,256,7,4156.149,5563.681,4497408,true,pending_log_review,,0,16
A2,GDS,4,0.134,1098,4096,256,8,4278.589,5708.886,4497408,true,pending_log_review,,0,16
A2,GDS,4,0.134,1098,4096,256,9,4182.864,5317.532,4497408,true,pending_log_review,,0,16
A2,GDS,4,0.134,1098,4096,256,0,4099.526,5198.253,4497408,true,pending_log_review,,1,16
A2,GDS,4,0.134,1098,4096,256,1,4289.628,5248.458,4497408,true,pending_log_review,,1,16
A2,GDS,4,0.134,1098,4096,256,2,4341.352,5487.198,4497408,true,pending_log_review,,1,16
A2,GDS,4,0.134,1098,4096,256,3,4149.036,5027.402,4497408,true,pending_log_review,,1,16
A2,GDS,4,0.134,1098,4096,256,4,4081.092,5302.062,4497408,true,pending_log_review,,1,16
A2,GDS,4,0.134,1098,4096,256,5,4210.943,4976.968,4497408,true,pending_log_review,,1,16
A2,GDS,4,0.134,1098,4096,256,6,4230.465,5207.838,4497408,true,pending_log_review,,1,16
A2,GDS,4,0.134,1098,4096,256,7,4212.147,5030.527,4497408,true,pending_log_review,,1,16
A2,GDS,4,0.134,1098,4096,256,8,4270.12,5325.722,4497408,true,pending_log_review,,1,16
A2,GDS,4,0.134,1098,4096,256,9,4197.001,5466.807,4497408,true,pending_log_review,,1,16
A2,GDS,4,0.134,1098,4096,256,10,4158.55,5537.379,4497408,true,pending_log_review,,1,16
A2,GDS,4,0.134,1098,4096,256,11,4279.885,5465.331,4497408,true,pending_log_review,,1,16
A2,GDS,4,0.134,1098,4096,256,12,4111.579,5544.262,4497408,true,pending_log_review,,1,16
A2,GDS,4,0.134,1098,4096,256,13,4222.323,5145.637,4497408,true,pending_log_review,,1,16
A2,GDS,4,0.134,1098,4096,256,14,4123.941,5275.196,4497408,true,pending_log_review,,1,16
A2,GDS,4,0.134,1098,4096,256,15,4195.264,5516.961,4497408,true,pending_log_review,,1,16
A2,GDS,4,0.134,1098,4096,256,16,4153.425,5144.587,4497408,true,pending_log_review,,1,16
A2,GDS,4,0.134,1098,4096,256,17,4157.803,5452.028,4497408,true,pending_log_review,,1,16
A2,GDS,4,0.134,1098,4096,256,18,4200.626,5272.587,4497408,true,pending_log_review,,1,16
A2,GDS,4,0.134,1098,4096,256,19,4085.863,5310.299,4497408,true,pending_log_review,,1,16
A2,GDS,4,0.134,1098,4096,256,20,4140.164,5485.463,4497408,true,pending_log_review,,1,16
A2,GDS,4,0.134,1098,4096,256,21,4090.242,5277.859,4497408,true,pending_log_review,,1,16
A2,GDS,4,0.134,1098,4096,256,22,4243.537,5284.039,4497408,true,pending_log_review,,1,16
A2,GDS,4,0.134,1098,4096,256,23,4144.639,5557.963,4497408,true,pending_log_review,,1,16
A2,GDS,4,0.134,1098,4096,256,24,4094.737,5122.964,4497408,true,pending_log_review,,1,16
A2,GDS,4,0.134,1098,4096,256,25,4398.662,5181.961,4497408,true,pending_log_review,,1,16
A2,GDS,4,0.134,1098,4096,256,26,4203.842,5127.993,4497408,true,pending_log_review,,1,16
A2,GDS,4,0.134,1098,4096,256,27,4227.215,5351.172,4497408,true,pending_log_review,,1,16
A2,GDS,4,0.134,1098,4096,256,28,4183.253,5448.053,4497408,true,pending_log_review,,1,16
A2,GDS,4,0.134,1098,4096,256,29,4096.095,5028.47,4497408,true,pending_log_review,,1,16
A2,GDS,4,0.134,1098,4096,256,30,4141.609,5275.289,4497408,true,pending_log_review,,1,16
A2,GDS,4,0.134,1098,4096,256,31,4390.071,5512.554,4497408,true,pending_log_review,,1,16
A2,GDS,4,0.134,1098,4096,256,32,4149.226,5586.734,4497408,true,pending_log_review,,1,16
A2,GDS,4,0.134,1098,4096,256,33,4110.44,5472.005,4497408,true,pending_log_review,,1,16
A2,GDS,4,0.134,1098,4096,256,34,4093.906,5205.742,4497408,true,pending_log_review,,1,16
A2,GDS,4,0.134,1098,4096,256,35,4162.364,5336.796,4497408,true,pending_log_review,,1,16
A2,GDS,4,0.134,1098,4096,256,36,4375.81,5746.438,4497408,true,pending_log_review,,1,16
A2,GDS,4,0.134,1098,4096,256,37,4136.351,5350.775,4497408,true,pending_log_review,,1,16
A2,GDS,4,0.134,1098,4096,256,38,4241.554,5718.236,4497408,true,pending_log_review,,1,16
A2,GDS,4,0.134,1098,4096,256,39,4212.967,5452.51,4497408,true,pending_log_review,,1,16
A2,GDS,4,0.134,1098,4096,256,40,4182.265,5190.993,4497408,true,pending_log_review,,1,16
A2,GDS,4,0.134,1098,4096,256,41,4114.09,5512.512,4497408,true,pending_log_review,,1,16
A2,GDS,4,0.134,1098,4096,256,42,4020.075,5226.368,4497408,true,pending_log_review,,1,16
A2,GDS,4,0.134,1098,4096,256,43,4228.635,5489.954,4497408,true,pending_log_review,,1,16
A2,GDS,4,0.134,1098,4096,256,44,4181.06,5784.777,4497408,true,pending_log_review,,1,16
A2,GDS,4,0.134,1098,4096,256,45,4153.898,5454.463,4497408,true,pending_log_review,,1,16
A2,GDS,4,0.134,1098,4096,256,46,4061.052,5500.28,4497408,true,pending_log_review,,1,16
A2,GDS,4,0.134,1098,4096,256,47,4260.905,5553.259,4497408,true,pending_log_review,,1,16
A2,GDS,4,0.134,1098,4096,256,48,4286.566,5592.933,4497408,true,pending_log_review,,1,16
A2,GDS,4,0.134,1098,4096,256,49,4150.4,5497.484,4497408,true,pending_log_review,,1,16
A2,GDS,4,0.134,1098,4096,256,50,4045.918,5479.309,4497408,true,pending_log_review,,1,16
A2,GDS,4,0.134,1098,4096,256,51,4004.434,5115.854,4497408,true,pending_log_review,,1,16
A2,GDS,4,0.134,1098,4096,256,52,4171.463,5449.42,4497408,true,pending_log_review,,1,16
A2,GDS,4,0.134,1098,4096,256,53,4175.253,5092.119,4497408,true,pending_log_review,,1,16
A2,GDS,4,0.134,1098,4096,256,54,4098.336,4846.612,4497408,true,pending_log_review,,1,16
A2,GDS,4,0.134,1098,4096,256,55,4191.417,5144.641,4497408,true,pending_log_review,,1,16
A2,GDS,4,0.134,1098,4096,256,56,4200.629,5178.29,4497408,true,pending_log_review,,1,16
A2,GDS,4,0.134,1098,4096,256,57,4159.538,5309.972,4497408,true,pending_log_review,,1,16
A2,GDS,4,0.134,1098,4096,256,58,4296.659,5425.017,4497408,true,pending_log_review,,1,16
A2,GDS,4,0.134,1098,4096,256,59,4196.645,5541.781,4497408,true,pending_log_review,,1,16
A2,GDS,4,0.134,1098,4096,256,60,4188.283,5611.77,4497408,true,pending_log_review,,1,16
A2,GDS,4,0.134,1098,4096,256,61,4211.268,5602.348,4497408,true,pending_log_review,,1,16
A2,GDS,4,0.134,1098,4096,256,62,4126.245,5523.827,4497408,true,pending_log_review,,1,16
A2,GDS,4,0.134,1098,4096,256,63,4376.075,5444.17,4497408,true,pending_log_review,,1,16
A2,GDS,4,0.134,1098,4096,256,64,4033.74,5513.291,4497408,true,pending_log_review,,1,16
A2,GDS,4,0.134,1098,4096,256,65,4118.058,5415.306,4497408,true,pending_log_review,,1,16
A2,GDS,4,0.134,1098,4096,256,66,4198.017,5714.109,4497408,true,pending_log_review,,1,16
A2,GDS,4,0.134,1098,4096,256,67,4349.5,5321.857,4497408,true,pending_log_review,,1,16
A2,GDS,4,0.134,1098,4096,256,68,4266.375,5575.538,4497408,true,pending_log_review,,1,16
A2,GDS,4,0.134,1098,4096,256,69,4244.578,5658.741,4497408,true,pending_log_review,,1,16
A2,GDS,4,0.134,1098,4096,256,70,4206.935,5597.578,4497408,true,pending_log_review,,1,16
A2,GDS,4,0.134,1098,4096,256,71,4139.253,5548.853,4497408,true,pending_log_review,,1,16
A2,GDS,4,0.134,1098,4096,256,72,4177.235,5342.778,4497408,true,pending_log_review,,1,16
A2,GDS,4,0.134,1098,4096,256,73,4291.256,5383.744,4497408,true,pending_log_review,,1,16
A2,GDS,4,0.134,1098,4096,256,74,4160.595,5478.127,4497408,true,pending_log_review,,1,16
A2,GDS,4,0.134,1098,4096,256,75,4203.189,5609.702,4497408,true,pending_log_review,,1,16
A2,GDS,4,0.134,1098,4096,256,76,4303.248,5732.617,4497408,true,pending_log_review,,1,16
A2,GDS,4,0.134,1098,4096,256,77,4309.292,5529.006,4497408,true,pending_log_review,,1,16
A2,GDS,4,0.134,1098,4096,256,78,4251.913,5510.434,4497408,true,pending_log_review,,1,16
A2,GDS,4,0.134,1098,4096,256,79,4136.709,5516.362,4497408,true,pending_log_review,,1,16
A2,GDS,4,0.134,1098,4096,256,80,4286.653,5520.641,4497408,true,pending_log_review,,1,16
A2,GDS,4,0.134,1098,4096,256,81,4093.141,5285.233,4497408,true,pending_log_review,,1,16
A2,GDS,4,0.134,1098,4096,256,82,4254.743,5645.203,4497408,true,pending_log_review,,1,16
A2,GDS,4,0.134,1098,4096,256,83,4217.933,5566.598,4497408,true,pending_log_review,,1,16
A2,GDS,4,0.134,1098,4096,256,84,4183.712,5418.304,4497408,true,pending_log_review,,1,16
A2,GDS,4,0.134,1098,4096,256,85,4118.031,5153.029,4497408,true,pending_log_review,,1,16
A2,GDS,4,0.134,1098,4096,256,86,4253.039,5438.806,4497408,true,pending_log_review,,1,16
A2,GDS,4,0.134,1098,4096,256,87,4316.105,5557.024,4497408,true,pending_log_review,,1,16
A2,GDS,4,0.134,1098,4096,256,88,4211.157,5494.127,4497408,true,pending_log_review,,1,16
A2,GDS,4,0.134,1098,4096,256,89,4189.975,5201.828,4497408,true,pending_log_review,,1,16
A2,GDS,4,0.134,1098,4096,256,90,4232.36,5513.252,4497408,true,pending_log_review,,1,16
A2,GDS,4,0.134,1098,4096,256,91,4166.023,5265.001,4497408,true,pending_log_review,,1,16
A2,GDS,4,0.134,1098,4096,256,92,4252.513,5669.105,4497408,true,pending_log_review,,1,16
A2,GDS,4,0.134,1098,4096,256,93,4309.905,5455.901,4497408,true,pending_log_review,,1,16
A2,GDS,4,0.134,1098,4096,256,94,4115.064,5438.75,4497408,true,pending_log_review,,1,16
A2,GDS,4,0.134,1098,4096,256,95,4273.507,5155.7,4497408,true,pending_log_review,,1,16
A2,GDS,4,0.134,1098,4096,256,96,4098.795,5208.327,4497408,true,pending_log_review,,1,16
A2,GDS,4,0.134,1098,4096,256,97,4142.214,5069.395,4497408,true,pending_log_review,,1,16
A2,GDS,4,0.134,1098,4096,256,98,4163.457,5189.296,4497408,true,pending_log_review,,1,16
A2,GDS,4,0.134,1098,4096,256,99,4168.351,5446.04,4497408,true,pending_log_review,,1,16
A2,GDS,4,0.134,1098,4096,256,100,4283.984,5218.896,4497408,true,pending_log_review,,1,16
A2,GDS,4,0.134,1098,4096,256,101,4145.456,5478.149,4497408,true,pending_log_review,,1,16
A2,GDS,4,0.134,1098,4096,256,102,4237.794,5642.056,4497408,true,pending_log_review,,1,16
A2,GDS,4,0.134,1098,4096,256,103,5537.807,6419.405,4497408,true,pending_log_review,,1,16
A2,GDS,4,0.134,1098,4096,256,104,4888.861,5844.262,4497408,true,pending_log_review,,1,16
A2,GDS,4,0.134,1098,4096,256,105,4917.121,5707.79,4497408,true,pending_log_review,,1,16
A2,GDS,4,0.134,1098,4096,256,106,4954.741,5732.566,4497408,true,pending_log_review,,1,16
A2,GDS,4,0.134,1098,4096,256,107,4989.896,5819.277,4497408,true,pending_log_review,,1,16
A2,GDS,4,0.134,1098,4096,256,108,10450.729,11855.741,4497408,true,pending_log_review,,1,16
A2,GDS,4,0.134,1098,4096,256,109,4242.395,5387.649,4497408,true,pending_log_review,,1,16
A2,GDS,4,0.134,1098,4096,256,110,3904.041,5290.866,4497408,true,pending_log_review,,1,16
A2,GDS,4,0.134,1098,4096,256,111,4198.109,5289.515,4497408,true,pending_log_review,,1,16
A2,GDS,4,0.134,1098,4096,256,112,4287.151,5560.695,4497408,true,pending_log_review,,1,16
A2,GDS,4,0.134,1098,4096,256,113,4243.888,5421.965,4497408,true,pending_log_review,,1,16
A2,GDS,4,0.134,1098,4096,256,114,4160.266,5175.285,4497408,true,pending_log_review,,1,16
A2,GDS,4,0.134,1098,4096,256,115,4086.021,5457.822,4497408,true,pending_log_review,,1,16
A2,GDS,4,0.134,1098,4096,256,116,4106.029,5342.235,4497408,true,pending_log_review,,1,16
A2,GDS,4,0.134,1098,4096,256,117,4137.466,5499.569,4497408,true,pending_log_review,,1,16
A2,GDS,4,0.134,1098,4096,256,118,4159.162,5433.365,4497408,true,pending_log_review,,1,16
A2,GDS,4,0.134,1098,4096,256,119,4126.469,5092.207,4497408,true,pending_log_review,,1,16
A2,GDS,4,0.134,1098,4096,256,120,4073.995,5461.725,4497408,true,pending_log_review,,1,16
A2,GDS,4,0.134,1098,4096,256,121,4235.094,5589.019,4497408,true,pending_log_review,,1,16
A2,GDS,4,0.134,1098,4096,256,122,4279.037,5657.384,4497408,true,pending_log_review,,1,16
A2,GDS,4,0.134,1098,4096,256,123,4179.865,5693.958,4497408,true,pending_log_review,,1,16
A2,GDS,4,0.134,1098,4096,256,124,4085.893,5338.651,4497408,true,pending_log_review,,1,16
A2,GDS,4,0.134,1098,4096,256,125,4214.681,5719.863,4497408,true,pending_log_review,,1,16
A2,GDS,4,0.134,1098,4096,256,126,4151.824,5381.561,4497408,true,pending_log_review,,1,16
A2,GDS,4,0.134,1098,4096,256,127,4188.382,5462.159,4497408,true,pending_log_review,,1,16
A2,GDS,4,0.134,1098,4096,256,128,4174.216,5232.043,4497408,true,pending_log_review,,1,16
A2,GDS,4,0.134,1098,4096,256,129,4661.465,5679.068,4497408,true,pending_log_review,,1,16
A2,GDS,4,0.134,1098,4096,256,130,5160.518,6011.767,4497408,true,pending_log_review,,1,16
A2,GDS,4,0.134,1098,4096,256,131,4774.141,5767.433,4497408,true,pending_log_review,,1,16
A2,GDS,4,0.134,1098,4096,256,132,5546.083,6319.144,4497408,true,pending_log_review,,1,16
A2,GDS,4,0.134,1098,4096,256,133,5019.839,5812.549,4497408,true,pending_log_review,,1,16
A2,GDS,4,0.134,1098,4096,256,134,4842.586,5617.879,4497408,true,pending_log_review,,1,16
A2,GDS,4,0.134,1098,4096,256,135,4909.893,6039.245,4497408,true,pending_log_review,,1,16
A2,GDS,4,0.134,1098,4096,256,136,4886.709,5863.045,4497408,true,pending_log_review,,1,16
A2,GDS,4,0.134,1098,4096,256,137,4938.42,5795.039,4497408,true,pending_log_review,,1,16
A2,GDS,4,0.134,1098,4096,256,138,5080.75,6001.33,4497408,true,pending_log_review,,1,16
A2,GDS,4,0.134,1098,4096,256,139,5370.625,6221.713,4497408,true,pending_log_review,,1,16
A2,GDS,4,0.134,1098,4096,256,140,4813.935,5582.009,4497408,true,pending_log_review,,1,16
A2,GDS,4,0.134,1098,4096,256,141,5368.294,6300.819,4497408,true,pending_log_review,,1,16
A2,GDS,4,0.134,1098,4096,256,142,4374.458,5106.915,4497408,true,pending_log_review,,1,16
A2,GDS,4,0.134,1098,4096,256,143,11149.888,12329.585,4497408,true,pending_log_review,,1,16
A2,GDS,4,0.134,1098,4096,256,144,5444.913,6336.095,4497408,true,pending_log_review,,1,16
A2,GDS,4,0.134,1098,4096,256,145,5452.459,6343.097,4497408,true,pending_log_review,,1,16
A2,GDS,4,0.134,1098,4096,256,146,4844.102,5815.309,4497408,true,pending_log_review,,1,16
A2,GDS,4,0.134,1098,4096,256,147,5011.145,5953.306,4497408,true,pending_log_review,,1,16
A2,GDS,4,0.134,1098,4096,256,148,4779.875,5998.251,4497408,true,pending_log_review,,1,16
A2,GDS,4,0.134,1098,4096,256,149,4934.416,5757.123,4497408,true,pending_log_review,,1,16
A2,GDS,4,0.134,1098,4096,256,150,5150.464,5987.986,4497408,true,pending_log_review,,1,16
A2,GDS,4,0.134,1098,4096,256,151,4852.014,5630.471,4497408,true,pending_log_review,,1,16
A2,GDS,4,0.134,1098,4096,256,152,5446.729,6407.126,4497408,true,pending_log_review,,1,16
A2,GDS,4,0.134,1098,4096,256,153,4986.366,5790.817,4497408,true,pending_log_review,,1,16
A2,GDS,4,0.134,1098,4096,256,154,5122.079,5941.988,4497408,true,pending_log_review,,1,16
A2,GDS,4,0.134,1098,4096,256,155,5185.774,6095.831,4497408,true,pending_log_review,,1,16
A2,GDS,4,0.134,1098,4096,256,156,5186.887,6094.063,4497408,true,pending_log_review,,1,16
A2,GDS,4,0.134,1098,4096,256,157,6461.693,7473.293,4497408,true,pending_log_review,,1,16
A2,GDS,4,0.134,1098,4096,256,158,9697.962,10844.523,4497408,true,pending_log_review,,1,16
A2,GDS,4,0.134,1098,4096,256,159,4260.055,5605.161,4497408,true,pending_log_review,,1,16
A2,GDS,4,0.134,1098,4096,256,160,4177.495,5293.433,4497408,true,pending_log_review,,1,16
A2,GDS,4,0.134,1098,4096,256,161,4113.454,5484.842,4497408,true,pending_log_review,,1,16
A2,GDS,4,0.134,1098,4096,256,162,4018.217,5179.814,4497408,true,pending_log_review,,1,16
A2,GDS,4,0.134,1098,4096,256,163,4179.615,5378.377,4497408,true,pending_log_review,,1,16
A2,GDS,4,0.134,1098,4096,256,164,4127.89,5497.442,4497408,true,pending_log_review,,1,16
A2,GDS,4,0.134,1098,4096,256,165,4256.977,5480.852,4497408,true,pending_log_review,,1,16
A2,GDS,4,0.134,1098,4096,256,166,4207.463,5287.004,4497408,true,pending_log_review,,1,16
A2,GDS,4,0.134,1098,4096,256,167,4105.256,4856.069,4497408,true,pending_log_review,,1,16
A2,GDS,4,0.134,1098,4096,256,168,4154.604,5106.348,4497408,true,pending_log_review,,1,16
A2,GDS,4,0.134,1098,4096,256,169,4123.209,5135.231,4497408,true,pending_log_review,,1,16
A2,GDS,4,0.134,1098,4096,256,170,10614.199,12048.239,4497408,true,pending_log_review,,1,16
A2,GDS,4,0.134,1098,4096,256,171,4476.257,5165.866,4497408,true,pending_log_review,,1,16
A2,GDS,4,0.134,1098,4096,256,172,4062.169,4910.369,4497408,true,pending_log_review,,1,16
A2,GDS,4,0.134,1098,4096,256,173,4105.667,5150.84,4497408,true,pending_log_review,,1,16
A2,GDS,4,0.134,1098,4096,256,174,4052.595,4846.21,4497408,true,pending_log_review,,1,16
A2,GDS,4,0.134,1098,4096,256,175,4036.326,4850.593,4497408,true,pending_log_review,,1,16
A2,GDS,4,0.134,1098,4096,256,176,4092.715,5179.466,4497408,true,pending_log_review,,1,16
A2,GDS,4,0.134,1098,4096,256,177,7138.011,8493.9,4497408,true,pending_log_review,,1,16
A2,GDS,4,0.134,1098,4096,256,178,5133.201,5956.877,4497408,true,pending_log_review,,1,16
A2,GDS,4,0.134,1098,4096,256,179,5299.574,6161.296,4497408,true,pending_log_review,,1,16
A2,GDS,4,0.134,1098,4096,256,180,5009.38,5826.497,4497408,true,pending_log_review,,1,16
A2,GDS,4,0.134,1098,4096,256,181,5249.36,6037.695,4497408,true,pending_log_review,,1,16
A2,GDS,4,0.134,1098,4096,256,182,5094.738,5878.647,4497408,true,pending_log_review,,1,16
A2,GDS,4,0.134,1098,4096,256,183,5321.005,6080.388,4497408,true,pending_log_review,,1,16
A2,GDS,4,0.134,1098,4096,256,184,5127.528,6002.005,4497408,true,pending_log_review,,1,16
A2,GDS,4,0.134,1098,4096,256,185,5035.407,5818.054,4497408,true,pending_log_review,,1,16
A2,GDS,4,0.134,1098,4096,256,186,5217.456,6131.266,4497408,true,pending_log_review,,1,16
A2,GDS,4,0.134,1098,4096,256,187,5112.487,5948.766,4497408,true,pending_log_review,,1,16
A2,GDS,4,0.134,1098,4096,256,188,5029.648,5851.934,4497408,true,pending_log_review,,1,16
A2,GDS,4,0.134,1098,4096,256,189,5106.813,5882.225,4497408,true,pending_log_review,,1,16
A2,GDS,4,0.134,1098,4096,256,190,5220.969,6107.837,4497408,true,pending_log_review,,1,16
A2,GDS,4,0.134,1098,4096,256,191,5340.212,6224.589,4497408,true,pending_log_review,,1,16
A2,GDS,4,0.134,1098,4096,256,192,5140.653,5958.509,4497408,true,pending_log_review,,1,16
A2,GDS,4,0.134,1098,4096,256,193,4883.907,5790.568,4497408,true,pending_log_review,,1,16
A2,GDS,4,0.134,1098,4096,256,194,5304.93,6108.513,4497408,true,pending_log_review,,1,16
A2,GDS,4,0.134,1098,4096,256,195,5140.506,6008.086,4497408,true,pending_log_review,,1,16
A2,GDS,4,0.134,1098,4096,256,196,5210.522,6074.458,4497408,true,pending_log_review,,1,16
A2,GDS,4,0.134,1098,4096,256,197,5262.559,6118.748,4497408,true,pending_log_review,,1,16
A2,GDS,4,0.134,1098,4096,256,198,4977.187,5830.545,4497408,true,pending_log_review,,1,16
A2,GDS,4,0.134,1098,4096,256,199,4903.912,5770.128,4497408,true,pending_log_review,,1,16
A2,GDS,4,0.134,1098,4096,256,0,5218.536,6094.997,4497408,true,pending_log_review,,3,16
A2,GDS,4,0.3,2458,4096,256,0,10912.537,12801.491,10067968,true,pending_log_review,,2,16
A2,GDS,4,0.3,2458,4096,256,0,11408.384,13447.983,10067968,true,pending_log_review,,0,16
A2,GDS,4,0.3,2458,4096,256,1,11319.41,13338.495,10067968,true,pending_log_review,,0,16
A2,GDS,4,0.3,2458,4096,256,2,16462.162,18668.12,10067968,true,pending_log_review,,0,16
A2,GDS,4,0.3,2458,4096,256,3,9091.939,11129.084,10067968,true,pending_log_review,,0,16
A2,GDS,4,0.3,2458,4096,256,4,9302.841,11168.432,10067968,true,pending_log_review,,0,16
A2,GDS,4,0.3,2458,4096,256,5,9264.179,10900.156,10067968,true,pending_log_review,,0,16
A2,GDS,4,0.3,2458,4096,256,6,8888.087,10719.09,10067968,true,pending_log_review,,0,16
A2,GDS,4,0.3,2458,4096,256,7,9021.432,11163.932,10067968,true,pending_log_review,,0,16
A2,GDS,4,0.3,2458,4096,256,8,9300.968,10963.421,10067968,true,pending_log_review,,0,16
A2,GDS,4,0.3,2458,4096,256,9,9249.688,11604.386,10067968,true,pending_log_review,,0,16
A2,GDS,4,0.3,2458,4096,256,0,8875.166,10813.854,10067968,true,pending_log_review,,1,16
A2,GDS,4,0.3,2458,4096,256,1,9198.458,11302.63,10067968,true,pending_log_review,,1,16
A2,GDS,4,0.3,2458,4096,256,2,9652.405,11530.296,10067968,true,pending_log_review,,1,16
A2,GDS,4,0.3,2458,4096,256,3,9249.721,11284.1,10067968,true,pending_log_review,,1,16
A2,GDS,4,0.3,2458,4096,256,4,9002.582,10600.05,10067968,true,pending_log_review,,1,16
A2,GDS,4,0.3,2458,4096,256,5,9079.829,11306.755,10067968,true,pending_log_review,,1,16
A2,GDS,4,0.3,2458,4096,256,6,9283.268,11508.693,10067968,true,pending_log_review,,1,16
A2,GDS,4,0.3,2458,4096,256,7,8926.73,10765.036,10067968,true,pending_log_review,,1,16
A2,GDS,4,0.3,2458,4096,256,8,9079.677,11337.617,10067968,true,pending_log_review,,1,16
A2,GDS,4,0.3,2458,4096,256,9,9331.847,10991.634,10067968,true,pending_log_review,,1,16
A2,GDS,4,0.3,2458,4096,256,10,9144.989,11200.985,10067968,true,pending_log_review,,1,16
A2,GDS,4,0.3,2458,4096,256,11,9332.298,11688.745,10067968,true,pending_log_review,,1,16
A2,GDS,4,0.3,2458,4096,256,12,9023.573,11154.264,10067968,true,pending_log_review,,1,16
A2,GDS,4,0.3,2458,4096,256,13,9489.739,11148.748,10067968,true,pending_log_review,,1,16
A2,GDS,4,0.3,2458,4096,256,14,8957.659,11021.421,10067968,true,pending_log_review,,1,16
A2,GDS,4,0.3,2458,4096,256,15,9139.392,11040.256,10067968,true,pending_log_review,,1,16
A2,GDS,4,0.3,2458,4096,256,16,9105.357,11342.998,10067968,true,pending_log_review,,1,16
A2,GDS,4,0.3,2458,4096,256,17,9045.644,11040.647,10067968,true,pending_log_review,,1,16
A2,GDS,4,0.3,2458,4096,256,18,9141.416,11025.324,10067968,true,pending_log_review,,1,16
A2,GDS,4,0.3,2458,4096,256,19,16333.896,18853.574,10067968,true,pending_log_review,,1,16
A2,GDS,4,0.3,2458,4096,256,20,10853.094,12634.399,10067968,true,pending_log_review,,1,16
A2,GDS,4,0.3,2458,4096,256,21,11631.792,13735.298,10067968,true,pending_log_review,,1,16
A2,GDS,4,0.3,2458,4096,256,22,11098.049,13041.089,10067968,true,pending_log_review,,1,16
A2,GDS,4,0.3,2458,4096,256,23,11364.333,13294.569,10067968,true,pending_log_review,,1,16
A2,GDS,4,0.3,2458,4096,256,24,11180.921,13182.436,10067968,true,pending_log_review,,1,16
A2,GDS,4,0.3,2458,4096,256,25,11513.453,13593.929,10067968,true,pending_log_review,,1,16
A2,GDS,4,0.3,2458,4096,256,26,11774.555,13770.563,10067968,true,pending_log_review,,1,16
A2,GDS,4,0.3,2458,4096,256,27,14342.871,16739.396,10067968,true,pending_log_review,,1,16
A2,GDS,4,0.3,2458,4096,256,28,9883.2,11617.495,10067968,true,pending_log_review,,1,16
A2,GDS,4,0.3,2458,4096,256,29,9416.805,11506.868,10067968,true,pending_log_review,,1,16
A2,GDS,4,0.3,2458,4096,256,30,9299.667,11073.283,10067968,true,pending_log_review,,1,16
A2,GDS,4,0.3,2458,4096,256,31,9143.127,11216.025,10067968,true,pending_log_review,,1,16
A2,GDS,4,0.3,2458,4096,256,32,9137.031,11233.718,10067968,true,pending_log_review,,1,16
A2,GDS,4,0.3,2458,4096,256,33,9356.233,11221.123,10067968,true,pending_log_review,,1,16
A2,GDS,4,0.3,2458,4096,256,34,9016.002,10874.196,10067968,true,pending_log_review,,1,16
A2,GDS,4,0.3,2458,4096,256,35,9042.136,10809.351,10067968,true,pending_log_review,,1,16
A2,GDS,4,0.3,2458,4096,256,36,9302.68,11333.912,10067968,true,pending_log_review,,1,16
A2,GDS,4,0.3,2458,4096,256,37,16509.807,19044.97,10067968,true,pending_log_review,,1,16
A2,GDS,4,0.3,2458,4096,256,38,11468.942,13491.789,10067968,true,pending_log_review,,1,16
A2,GDS,4,0.3,2458,4096,256,39,11519.132,13459.706,10067968,true,pending_log_review,,1,16
A2,GDS,4,0.3,2458,4096,256,40,10987.907,12933.343,10067968,true,pending_log_review,,1,16
A2,GDS,4,0.3,2458,4096,256,41,11698.866,13747.087,10067968,true,pending_log_review,,1,16
A2,GDS,4,0.3,2458,4096,256,42,10543.51,12370.507,10067968,true,pending_log_review,,1,16
A2,GDS,4,0.3,2458,4096,256,43,11578.934,13665.301,10067968,true,pending_log_review,,1,16
A2,GDS,4,0.3,2458,4096,256,44,11105.651,13002.772,10067968,true,pending_log_review,,1,16
A2,GDS,4,0.3,2458,4096,256,45,11731.673,13783.6,10067968,true,pending_log_review,,1,16
A2,GDS,4,0.3,2458,4096,256,46,10698.396,12570.515,10067968,true,pending_log_review,,1,16
A2,GDS,4,0.3,2458,4096,256,47,10631.522,12542.807,10067968,true,pending_log_review,,1,16
A2,GDS,4,0.3,2458,4096,256,48,11985.505,14001.142,10067968,true,pending_log_review,,1,16
A2,GDS,4,0.3,2458,4096,256,49,11460.992,13464.338,10067968,true,pending_log_review,,1,16
A2,GDS,4,0.3,2458,4096,256,50,16378.572,18660.322,10067968,true,pending_log_review,,1,16
A2,GDS,4,0.3,2458,4096,256,51,8927.774,10700.213,10067968,true,pending_log_review,,1,16
A2,GDS,4,0.3,2458,4096,256,52,9226.245,11197.61,10067968,true,pending_log_review,,1,16
A2,GDS,4,0.3,2458,4096,256,53,9195.761,11348.234,10067968,true,pending_log_review,,1,16
A2,GDS,4,0.3,2458,4096,256,54,8980.148,11107.667,10067968,true,pending_log_review,,1,16
A2,GDS,4,0.3,2458,4096,256,55,9188.055,11163.104,10067968,true,pending_log_review,,1,16
A2,GDS,4,0.3,2458,4096,256,56,9282.748,11438.279,10067968,true,pending_log_review,,1,16
A2,GDS,4,0.3,2458,4096,256,57,16556.968,18878.391,10067968,true,pending_log_review,,1,16
A2,GDS,4,0.3,2458,4096,256,58,11456.97,13417.15,10067968,true,pending_log_review,,1,16
A2,GDS,4,0.3,2458,4096,256,59,11196.079,13122.42,10067968,true,pending_log_review,,1,16
A2,GDS,4,0.3,2458,4096,256,60,10847.09,12753.794,10067968,true,pending_log_review,,1,16
A2,GDS,4,0.3,2458,4096,256,61,10694.952,12621.593,10067968,true,pending_log_review,,1,16
A2,GDS,4,0.3,2458,4096,256,62,11363.913,13288.206,10067968,true,pending_log_review,,1,16
A2,GDS,4,0.3,2458,4096,256,63,11461.985,13505.567,10067968,true,pending_log_review,,1,16
A2,GDS,4,0.3,2458,4096,256,64,11064.659,12861.831,10067968,true,pending_log_review,,1,16
A2,GDS,4,0.3,2458,4096,256,65,14341.295,16678.5,10067968,true,pending_log_review,,1,16
A2,GDS,4,0.3,2458,4096,256,66,9050.537,10902.453,10067968,true,pending_log_review,,1,16
A2,GDS,4,0.3,2458,4096,256,67,9209.358,11447.96,10067968,true,pending_log_review,,1,16
A2,GDS,4,0.3,2458,4096,256,68,9272.502,11145.784,10067968,true,pending_log_review,,1,16
A2,GDS,4,0.3,2458,4096,256,69,8979.614,11115.554,10067968,true,pending_log_review,,1,16
A2,GDS,4,0.3,2458,4096,256,70,9020.079,10669.949,10067968,true,pending_log_review,,1,16
A2,GDS,4,0.3,2458,4096,256,71,9161.478,10857.311,10067968,true,pending_log_review,,1,16
A2,GDS,4,0.3,2458,4096,256,72,10039.506,11850.558,10067968,true,pending_log_review,,1,16
A2,GDS,4,0.3,2458,4096,256,73,8987.141,10633.449,10067968,true,pending_log_review,,1,16
A2,GDS,4,0.3,2458,4096,256,74,9303.193,11026.293,10067968,true,pending_log_review,,1,16
A2,GDS,4,0.3,2458,4096,256,75,9362.058,11724.112,10067968,true,pending_log_review,,1,16
A2,GDS,4,0.3,2458,4096,256,76,9139.502,11086.826,10067968,true,pending_log_review,,1,16
A2,GDS,4,0.3,2458,4096,256,77,9262.374,11300.658,10067968,true,pending_log_review,,1,16
A2,GDS,4,0.3,2458,4096,256,78,9017.358,11153.721,10067968,true,pending_log_review,,1,16
A2,GDS,4,0.3,2458,4096,256,79,16834.104,19699.942,10067968,true,pending_log_review,,1,16
A2,GDS,4,0.3,2458,4096,256,80,10972.603,12850.682,10067968,true,pending_log_review,,1,16
A2,GDS,4,0.3,2458,4096,256,81,16412.78,18590.318,10067968,true,pending_log_review,,1,16
A2,GDS,4,0.3,2458,4096,256,82,9319.687,11544.02,10067968,true,pending_log_review,,1,16
A2,GDS,4,0.3,2458,4096,256,83,9263.304,11014.41,10067968,true,pending_log_review,,1,16
A2,GDS,4,0.3,2458,4096,256,84,9228.955,11390.329,10067968,true,pending_log_review,,1,16
A2,GDS,4,0.3,2458,4096,256,85,9370.929,11129.024,10067968,true,pending_log_review,,1,16
A2,GDS,4,0.3,2458,4096,256,86,9057.097,11110.511,10067968,true,pending_log_review,,1,16
A2,GDS,4,0.3,2458,4096,256,87,9082.115,10916.728,10067968,true,pending_log_review,,1,16
A2,GDS,4,0.3,2458,4096,256,88,16046.876,18473.37,10067968,true,pending_log_review,,1,16
A2,GDS,4,0.3,2458,4096,256,89,11505.952,13660.935,10067968,true,pending_log_review,,1,16
A2,GDS,4,0.3,2458,4096,256,90,11596.099,13514.294,10067968,true,pending_log_review,,1,16
A2,GDS,4,0.3,2458,4096,256,91,11227.568,13114.47,10067968,true,pending_log_review,,1,16
A2,GDS,4,0.3,2458,4096,256,92,11411.662,13360.198,10067968,true,pending_log_review,,1,16
A2,GDS,4,0.3,2458,4096,256,93,14911.45,17259.566,10067968,true,pending_log_review,,1,16
A2,GDS,4,0.3,2458,4096,256,94,9790.351,11491.828,10067968,true,pending_log_review,,1,16
A2,GDS,4,0.3,2458,4096,256,95,13105.426,15322.838,10067968,true,pending_log_review,,1,16
A2,GDS,4,0.3,2458,4096,256,96,10893.835,12728.443,10067968,true,pending_log_review,,1,16
A2,GDS,4,0.3,2458,4096,256,97,10669.336,12496.931,10067968,true,pending_log_review,,1,16
A2,GDS,4,0.3,2458,4096,256,98,16600.113,19064.474,10067968,true,pending_log_review,,1,16
A2,GDS,4,0.3,2458,4096,256,99,9038.21,11160.81,10067968,true,pending_log_review,,1,16
A2,GDS,4,0.3,2458,4096,256,100,9311.046,10916.595,10067968,true,pending_log_review,,1,16
A2,GDS,4,0.3,2458,4096,256,101,9354.869,11029.998,10067968,true,pending_log_review,,1,16
A2,GDS,4,0.3,2458,4096,256,102,9383.48,11032.211,10067968,true,pending_log_review,,1,16
A2,GDS,4,0.3,2458,4096,256,103,9498.425,11724.646,10067968,true,pending_log_review,,1,16
A2,GDS,4,0.3,2458,4096,256,104,9025.418,10661.348,10067968,true,pending_log_review,,1,16
A2,GDS,4,0.3,2458,4096,256,105,17122.742,19552.895,10067968,true,pending_log_review,,1,16
A2,GDS,4,0.3,2458,4096,256,106,11428.562,13392.818,10067968,true,pending_log_review,,1,16
A2,GDS,4,0.3,2458,4096,256,107,11262.091,13284.237,10067968,true,pending_log_review,,1,16
A2,GDS,4,0.3,2458,4096,256,108,11619.313,13753.975,10067968,true,pending_log_review,,1,16
A2,GDS,4,0.3,2458,4096,256,109,10723.852,12632.635,10067968,true,pending_log_review,,1,16
A2,GDS,4,0.3,2458,4096,256,110,11802.906,13865.478,10067968,true,pending_log_review,,1,16
A2,GDS,4,0.3,2458,4096,256,111,10921.632,12711.467,10067968,true,pending_log_review,,1,16
A2,GDS,4,0.3,2458,4096,256,112,16706.452,19263.573,10067968,true,pending_log_review,,1,16
A2,GDS,4,0.3,2458,4096,256,113,9173.12,11238.031,10067968,true,pending_log_review,,1,16
A2,GDS,4,0.3,2458,4096,256,114,9147.183,11049.928,10067968,true,pending_log_review,,1,16
A2,GDS,4,0.3,2458,4096,256,115,9269.152,10973.418,10067968,true,pending_log_review,,1,16
A2,GDS,4,0.3,2458,4096,256,116,9075.452,11035.109,10067968,true,pending_log_review,,1,16
A2,GDS,4,0.3,2458,4096,256,117,9113.761,11483.781,10067968,true,pending_log_review,,1,16
A2,GDS,4,0.3,2458,4096,256,118,9146.38,10925.359,10067968,true,pending_log_review,,1,16
A2,GDS,4,0.3,2458,4096,256,119,9240.827,11408.97,10067968,true,pending_log_review,,1,16
A2,GDS,4,0.3,2458,4096,256,120,8833.811,11125.979,10067968,true,pending_log_review,,1,16
A2,GDS,4,0.3,2458,4096,256,121,8856.565,10872.904,10067968,true,pending_log_review,,1,16
A2,GDS,4,0.3,2458,4096,256,122,9261.698,11446.863,10067968,true,pending_log_review,,1,16
A2,GDS,4,0.3,2458,4096,256,123,9193.575,11253.997,10067968,true,pending_log_review,,1,16
A2,GDS,4,0.3,2458,4096,256,124,9282.65,11269.351,10067968,true,pending_log_review,,1,16
A2,GDS,4,0.3,2458,4096,256,125,9135.484,11202.413,10067968,true,pending_log_review,,1,16
A2,GDS,4,0.3,2458,4096,256,126,8822.085,10543.734,10067968,true,pending_log_review,,1,16
A2,GDS,4,0.3,2458,4096,256,127,9086.538,10961.846,10067968,true,pending_log_review,,1,16
A2,GDS,4,0.3,2458,4096,256,128,9215.211,11006.048,10067968,true,pending_log_review,,1,16
A2,GDS,4,0.3,2458,4096,256,129,9256.17,11402.545,10067968,true,pending_log_review,,1,16
A2,GDS,4,0.3,2458,4096,256,130,9346.375,11577.461,10067968,true,pending_log_review,,1,16
A2,GDS,4,0.3,2458,4096,256,131,8945.395,10620.373,10067968,true,pending_log_review,,1,16
A2,GDS,4,0.3,2458,4096,256,132,9201.256,11245.486,10067968,true,pending_log_review,,1,16
A2,GDS,4,0.3,2458,4096,256,133,9054.032,11008.733,10067968,true,pending_log_review,,1,16
A2,GDS,4,0.3,2458,4096,256,134,9358.366,11419.197,10067968,true,pending_log_review,,1,16
A2,GDS,4,0.3,2458,4096,256,135,9032.549,11058.856,10067968,true,pending_log_review,,1,16
A2,GDS,4,0.3,2458,4096,256,136,9373.842,11155.591,10067968,true,pending_log_review,,1,16
A2,GDS,4,0.3,2458,4096,256,137,9020.569,11415.653,10067968,true,pending_log_review,,1,16
A2,GDS,4,0.3,2458,4096,256,138,9300.506,10940.475,10067968,true,pending_log_review,,1,16
A2,GDS,4,0.3,2458,4096,256,139,9732.439,11485.784,10067968,true,pending_log_review,,1,16
A2,GDS,4,0.3,2458,4096,256,140,11803.014,13851.888,10067968,true,pending_log_review,,1,16
A2,GDS,4,0.3,2458,4096,256,141,11575.937,13667.966,10067968,true,pending_log_review,,1,16
A2,GDS,4,0.3,2458,4096,256,142,11673.97,13702.377,10067968,true,pending_log_review,,1,16
A2,GDS,4,0.3,2458,4096,256,143,11542.841,13554.908,10067968,true,pending_log_review,,1,16
A2,GDS,4,0.3,2458,4096,256,144,11655.605,13704.47,10067968,true,pending_log_review,,1,16
A2,GDS,4,0.3,2458,4096,256,145,11436.021,13560.479,10067968,true,pending_log_review,,1,16
A2,GDS,4,0.3,2458,4096,256,146,11537.971,13477.024,10067968,true,pending_log_review,,1,16
A2,GDS,4,0.3,2458,4096,256,147,11393.385,13427.873,10067968,true,pending_log_review,,1,16
A2,GDS,4,0.3,2458,4096,256,148,11587.88,13554.911,10067968,true,pending_log_review,,1,16
A2,GDS,4,0.3,2458,4096,256,149,10881.862,12704.685,10067968,true,pending_log_review,,1,16
A2,GDS,4,0.3,2458,4096,256,150,11615.055,13644.515,10067968,true,pending_log_review,,1,16
A2,GDS,4,0.3,2458,4096,256,151,14672.905,17051.438,10067968,true,pending_log_review,,1,16
A2,GDS,4,0.3,2458,4096,256,152,9449.367,11641.852,10067968,true,pending_log_review,,1,16
A2,GDS,4,0.3,2458,4096,256,153,9051.024,11352.559,10067968,true,pending_log_review,,1,16
A2,GDS,4,0.3,2458,4096,256,154,9206.911,11278.947,10067968,true,pending_log_review,,1,16
A2,GDS,4,0.3,2458,4096,256,155,9186.555,10906.455,10067968,true,pending_log_review,,1,16
A2,GDS,4,0.3,2458,4096,256,156,9149.153,10901.604,10067968,true,pending_log_review,,1,16
A2,GDS,4,0.3,2458,4096,256,157,8918.379,10775.487,10067968,true,pending_log_review,,1,16
A2,GDS,4,0.3,2458,4096,256,158,9384.175,11491.14,10067968,true,pending_log_review,,1,16
A2,GDS,4,0.3,2458,4096,256,159,10111.27,11948.969,10067968,true,pending_log_review,,1,16
A2,GDS,4,0.3,2458,4096,256,160,9038.295,11050.209,10067968,true,pending_log_review,,1,16
A2,GDS,4,0.3,2458,4096,256,161,9205.044,10790.286,10067968,true,pending_log_review,,1,16
A2,GDS,4,0.3,2458,4096,256,162,9554.8,11664.428,10067968,true,pending_log_review,,1,16
A2,GDS,4,0.3,2458,4096,256,163,9186.071,11374.415,10067968,true,pending_log_review,,1,16
A2,GDS,4,0.3,2458,4096,256,164,10119.931,11861.222,10067968,true,pending_log_review,,1,16
A2,GDS,4,0.3,2458,4096,256,165,9040.449,11135.444,10067968,true,pending_log_review,,1,16
A2,GDS,4,0.3,2458,4096,256,166,9154.793,11505.5,10067968,true,pending_log_review,,1,16
A2,GDS,4,0.3,2458,4096,256,167,9261.599,11005.816,10067968,true,pending_log_review,,1,16
A2,GDS,4,0.3,2458,4096,256,168,9193.302,11261.513,10067968,true,pending_log_review,,1,16
A2,GDS,4,0.3,2458,4096,256,169,9015.099,11330.585,10067968,true,pending_log_review,,1,16
A2,GDS,4,0.3,2458,4096,256,170,21787.401,24558.431,10067968,true,pending_log_review,,1,16
A2,GDS,4,0.3,2458,4096,256,171,9054.644,11313.369,10067968,true,pending_log_review,,1,16
A2,GDS,4,0.3,2458,4096,256,172,9317.455,11449.668,10067968,true,pending_log_review,,1,16
A2,GDS,4,0.3,2458,4096,256,173,9067.811,10768.22,10067968,true,pending_log_review,,1,16
A2,GDS,4,0.3,2458,4096,256,174,9493.38,11792.544,10067968,true,pending_log_review,,1,16
A2,GDS,4,0.3,2458,4096,256,175,8940.028,10951.591,10067968,true,pending_log_review,,1,16
A2,GDS,4,0.3,2458,4096,256,176,9439.879,11173.613,10067968,true,pending_log_review,,1,16
A2,GDS,4,0.3,2458,4096,256,177,9360.601,11419.387,10067968,true,pending_log_review,,1,16
A2,GDS,4,0.3,2458,4096,256,178,8987.678,10796.071,10067968,true,pending_log_review,,1,16
A2,GDS,4,0.3,2458,4096,256,179,9148.722,10864.311,10067968,true,pending_log_review,,1,16
A2,GDS,4,0.3,2458,4096,256,180,9492.642,11210.249,10067968,true,pending_log_review,,1,16
A2,GDS,4,0.3,2458,4096,256,181,9141.705,11529.715,10067968,true,pending_log_review,,1,16
A2,GDS,4,0.3,2458,4096,256,182,17026.997,19568.491,10067968,true,pending_log_review,,1,16
A2,GDS,4,0.3,2458,4096,256,183,11799.149,13847.589,10067968,true,pending_log_review,,1,16
A2,GDS,4,0.3,2458,4096,256,184,17240.047,19610.287,10067968,true,pending_log_review,,1,16
A2,GDS,4,0.3,2458,4096,256,185,9254.87,11127.557,10067968,true,pending_log_review,,1,16
A2,GDS,4,0.3,2458,4096,256,186,9509.588,11109.545,10067968,true,pending_log_review,,1,16
A2,GDS,4,0.3,2458,4096,256,187,10052.357,11722.371,10067968,true,pending_log_review,,1,16
A2,GDS,4,0.3,2458,4096,256,188,9017.243,10887.496,10067968,true,pending_log_review,,1,16
A2,GDS,4,0.3,2458,4096,256,189,10083.963,11764.891,10067968,true,pending_log_review,,1,16
A2,GDS,4,0.3,2458,4096,256,190,9000.789,10992.095,10067968,true,pending_log_review,,1,16
A2,GDS,4,0.3,2458,4096,256,191,9489.414,11448.179,10067968,true,pending_log_review,,1,16
A2,GDS,4,0.3,2458,4096,256,192,11820.955,13943.501,10067968,true,pending_log_review,,1,16
A2,GDS,4,0.3,2458,4096,256,193,10983.42,12807.129,10067968,true,pending_log_review,,1,16
A2,GDS,4,0.3,2458,4096,256,194,11763.306,13827.65,10067968,true,pending_log_review,,1,16
A2,GDS,4,0.3,2458,4096,256,195,11213.542,13176.804,10067968,true,pending_log_review,,1,16
A2,GDS,4,0.3,2458,4096,256,196,11722.462,13887.957,10067968,true,pending_log_review,,1,16
A2,GDS,4,0.3,2458,4096,256,197,11083.791,13236.731,10067968,true,pending_log_review,,1,16
A2,GDS,4,0.3,2458,4096,256,198,10416.097,12298.195,10067968,true,pending_log_review,,1,16
A2,GDS,4,0.3,2458,4096,256,199,11403.581,13385.925,10067968,true,pending_log_review,,1,16
A2,GDS,4,0.3,2458,4096,256,0,10718.911,12511.731,10067968,true,pending_log_review,,3,16
A2,GDS,16,0.067,2195,4096,256,0,10566.913,12423.026,8990720,true,pending_log_review,,2,16
A2,GDS,16,0.067,2195,4096,256,0,10053.392,11699.986,8990720,true,pending_log_review,,0,16
A2,GDS,16,0.067,2195,4096,256,1,10029.524,11875.985,8990720,true,pending_log_review,,0,16
A2,GDS,16,0.067,2195,4096,256,2,10167.156,11919.404,8990720,true,pending_log_review,,0,16
A2,GDS,16,0.067,2195,4096,256,3,10342.294,12080.003,8990720,true,pending_log_review,,0,16
A2,GDS,16,0.067,2195,4096,256,4,9876.835,11599.937,8990720,true,pending_log_review,,0,16
A2,GDS,16,0.067,2195,4096,256,5,13624.891,15965.062,8990720,true,pending_log_review,,0,16
A2,GDS,16,0.067,2195,4096,256,6,8073.329,9633.213,8990720,true,pending_log_review,,0,16
A2,GDS,16,0.067,2195,4096,256,7,8178.355,10105.335,8990720,true,pending_log_review,,0,16
A2,GDS,16,0.067,2195,4096,256,8,7997.493,9884.264,8990720,true,pending_log_review,,0,16
A2,GDS,16,0.067,2195,4096,256,9,10731.008,12705.179,8990720,true,pending_log_review,,0,16
A2,GDS,16,0.067,2195,4096,256,0,9923.917,11627.807,8990720,true,pending_log_review,,1,16
A2,GDS,16,0.067,2195,4096,256,1,10483.203,12276.028,8990720,true,pending_log_review,,1,16
A2,GDS,16,0.067,2195,4096,256,2,13420.661,15468.128,8990720,true,pending_log_review,,1,16
A2,GDS,16,0.067,2195,4096,256,3,7963.532,9385.878,8990720,true,pending_log_review,,1,16
A2,GDS,16,0.067,2195,4096,256,4,8215.491,9797.856,8990720,true,pending_log_review,,1,16
A2,GDS,16,0.067,2195,4096,256,5,8332.794,10378.677,8990720,true,pending_log_review,,1,16
A2,GDS,16,0.067,2195,4096,256,6,7823.762,9517.713,8990720,true,pending_log_review,,1,16
A2,GDS,16,0.067,2195,4096,256,7,8450.054,9989.903,8990720,true,pending_log_review,,1,16
A2,GDS,16,0.067,2195,4096,256,8,7930.789,9509.021,8990720,true,pending_log_review,,1,16
A2,GDS,16,0.067,2195,4096,256,9,8324.499,10108.245,8990720,true,pending_log_review,,1,16
A2,GDS,16,0.067,2195,4096,256,10,8276.239,10311.179,8990720,true,pending_log_review,,1,16
A2,GDS,16,0.067,2195,4096,256,11,15297.323,17480.374,8990720,true,pending_log_review,,1,16
A2,GDS,16,0.067,2195,4096,256,12,9459.542,11146.948,8990720,true,pending_log_review,,1,16
A2,GDS,16,0.067,2195,4096,256,13,10412.73,12271.077,8990720,true,pending_log_review,,1,16
A2,GDS,16,0.067,2195,4096,256,14,9963.807,11614.839,8990720,true,pending_log_review,,1,16
A2,GDS,16,0.067,2195,4096,256,15,10279.912,12098.303,8990720,true,pending_log_review,,1,16
A2,GDS,16,0.067,2195,4096,256,16,13712.721,15618.982,8990720,true,pending_log_review,,1,16
A2,GDS,16,0.067,2195,4096,256,17,8554.547,10496.724,8990720,true,pending_log_review,,1,16
A2,GDS,16,0.067,2195,4096,256,18,8339.476,10577.288,8990720,true,pending_log_review,,1,16
A2,GDS,16,0.067,2195,4096,256,19,8154.417,9966.198,8990720,true,pending_log_review,,1,16
A2,GDS,16,0.067,2195,4096,256,20,8236.454,10299.531,8990720,true,pending_log_review,,1,16
A2,GDS,16,0.067,2195,4096,256,21,8348.987,10030.876,8990720,true,pending_log_review,,1,16
A2,GDS,16,0.067,2195,4096,256,22,8100.861,10160.234,8990720,true,pending_log_review,,1,16
A2,GDS,16,0.067,2195,4096,256,23,15858.748,18065.52,8990720,true,pending_log_review,,1,16
A2,GDS,16,0.067,2195,4096,256,24,10382.307,12142.723,8990720,true,pending_log_review,,1,16
A2,GDS,16,0.067,2195,4096,256,25,9946.948,11585.574,8990720,true,pending_log_review,,1,16
A2,GDS,16,0.067,2195,4096,256,26,9837.106,11678.731,8990720,true,pending_log_review,,1,16
A2,GDS,16,0.067,2195,4096,256,27,9682.982,11310.073,8990720,true,pending_log_review,,1,16
A2,GDS,16,0.067,2195,4096,256,28,12898.951,14740.896,8990720,true,pending_log_review,,1,16
A2,GDS,16,0.067,2195,4096,256,29,12677.926,15011.346,8990720,true,pending_log_review,,1,16
A2,GDS,16,0.067,2195,4096,256,30,9729.057,11391.658,8990720,true,pending_log_review,,1,16
A2,GDS,16,0.067,2195,4096,256,31,10566.049,12452.221,8990720,true,pending_log_review,,1,16
A2,GDS,16,0.067,2195,4096,256,32,11780.756,13930.086,8990720,true,pending_log_review,,1,16
A2,GDS,16,0.067,2195,4096,256,33,15449.817,17644.667,8990720,true,pending_log_review,,1,16
A2,GDS,16,0.067,2195,4096,256,34,11344.319,13288.532,8990720,true,pending_log_review,,1,16
A2,GDS,16,0.067,2195,4096,256,35,8522.987,10232.191,8990720,true,pending_log_review,,1,16
A2,GDS,16,0.067,2195,4096,256,36,8166.168,9578.756,8990720,true,pending_log_review,,1,16
A2,GDS,16,0.067,2195,4096,256,37,8038.435,9820.271,8990720,true,pending_log_review,,1,16
A2,GDS,16,0.067,2195,4096,256,38,8137.219,10300.752,8990720,true,pending_log_review,,1,16
A2,GDS,16,0.067,2195,4096,256,39,8692.333,10274.877,8990720,true,pending_log_review,,1,16
A2,GDS,16,0.067,2195,4096,256,40,8276.639,10051.899,8990720,true,pending_log_review,,1,16
A2,GDS,16,0.067,2195,4096,256,41,8311.728,10277.666,8990720,true,pending_log_review,,1,16
A2,GDS,16,0.067,2195,4096,256,42,9221.682,11005.071,8990720,true,pending_log_review,,1,16
A2,GDS,16,0.067,2195,4096,256,43,11855.914,13819.915,8990720,true,pending_log_review,,1,16
A2,GDS,16,0.067,2195,4096,256,44,8073.059,9503.678,8990720,true,pending_log_review,,1,16
A2,GDS,16,0.067,2195,4096,256,45,8205.233,10297.094,8990720,true,pending_log_review,,1,16
A2,GDS,16,0.067,2195,4096,256,46,8420.896,9939.922,8990720,true,pending_log_review,,1,16
A2,GDS,16,0.067,2195,4096,256,47,8267.012,10363.203,8990720,true,pending_log_review,,1,16
A2,GDS,16,0.067,2195,4096,256,48,8177.772,9807.752,8990720,true,pending_log_review,,1,16
A2,GDS,16,0.067,2195,4096,256,49,8324.274,10398.485,8990720,true,pending_log_review,,1,16
A2,GDS,16,0.067,2195,4096,256,50,8076.623,9708.286,8990720,true,pending_log_review,,1,16
A2,GDS,16,0.067,2195,4096,256,51,7925.328,9631.234,8990720,true,pending_log_review,,1,16
A2,GDS,16,0.067,2195,4096,256,52,8318.888,10398.077,8990720,true,pending_log_review,,1,16
A2,GDS,16,0.067,2195,4096,256,53,8249.988,10015.322,8990720,true,pending_log_review,,1,16
A2,GDS,16,0.067,2195,4096,256,54,8016.431,10174.137,8990720,true,pending_log_review,,1,16
A2,GDS,16,0.067,2195,4096,256,55,8234.269,10248.98,8990720,true,pending_log_review,,1,16
A2,GDS,16,0.067,2195,4096,256,56,8559.112,10149.544,8990720,true,pending_log_review,,1,16
A2,GDS,16,0.067,2195,4096,256,57,8039.618,9710.336,8990720,true,pending_log_review,,1,16
A2,GDS,16,0.067,2195,4096,256,58,8404.144,10249.804,8990720,true,pending_log_review,,1,16
A2,GDS,16,0.067,2195,4096,256,59,8111.113,10160.329,8990720,true,pending_log_review,,1,16
A2,GDS,16,0.067,2195,4096,256,60,8232.064,10263.047,8990720,true,pending_log_review,,1,16
A2,GDS,16,0.067,2195,4096,256,61,8249.986,10029.519,8990720,true,pending_log_review,,1,16
A2,GDS,16,0.067,2195,4096,256,62,8119.91,10074.086,8990720,true,pending_log_review,,1,16
A2,GDS,16,0.067,2195,4096,256,63,8330.499,10353.357,8990720,true,pending_log_review,,1,16
A2,GDS,16,0.067,2195,4096,256,64,8069.083,9803.519,8990720,true,pending_log_review,,1,16
A2,GDS,16,0.067,2195,4096,256,65,8455.588,10689.901,8990720,true,pending_log_review,,1,16
A2,GDS,16,0.067,2195,4096,256,66,14381.36,16508.48,8990720,true,pending_log_review,,1,16
A2,GDS,16,0.067,2195,4096,256,67,10257.288,12168.25,8990720,true,pending_log_review,,1,16
A2,GDS,16,0.067,2195,4096,256,68,10276.172,12140.123,8990720,true,pending_log_review,,1,16
A2,GDS,16,0.067,2195,4096,256,69,10619.087,12608.073,8990720,true,pending_log_review,,1,16
A2,GDS,16,0.067,2195,4096,256,70,10286.807,12125.389,8990720,true,pending_log_review,,1,16
A2,GDS,16,0.067,2195,4096,256,71,8395.002,10065.462,8990720,true,pending_log_review,,1,16
A2,GDS,16,0.067,2195,4096,256,72,7995.452,9397.762,8990720,true,pending_log_review,,1,16
A2,GDS,16,0.067,2195,4096,256,73,8358.187,10530.609,8990720,true,pending_log_review,,1,16
A2,GDS,16,0.067,2195,4096,256,74,8057.768,9584.123,8990720,true,pending_log_review,,1,16
A2,GDS,16,0.067,2195,4096,256,75,8330.438,10380.399,8990720,true,pending_log_review,,1,16
A2,GDS,16,0.067,2195,4096,256,76,8170.322,10097.241,8990720,true,pending_log_review,,1,16
A2,GDS,16,0.067,2195,4096,256,77,8056.646,9514.324,8990720,true,pending_log_review,,1,16
A2,GDS,16,0.067,2195,4096,256,78,8195.386,10247.341,8990720,true,pending_log_review,,1,16
A2,GDS,16,0.067,2195,4096,256,79,8071.326,9940.571,8990720,true,pending_log_review,,1,16
A2,GDS,16,0.067,2195,4096,256,80,8058.123,9718.171,8990720,true,pending_log_review,,1,16
A2,GDS,16,0.067,2195,4096,256,81,8548.521,10388.246,8990720,true,pending_log_review,,1,16
A2,GDS,16,0.067,2195,4096,256,82,8923.596,10482.959,8990720,true,pending_log_review,,1,16
A2,GDS,16,0.067,2195,4096,256,83,8165.406,10345.846,8990720,true,pending_log_review,,1,16
A2,GDS,16,0.067,2195,4096,256,84,8078.694,9991.097,8990720,true,pending_log_review,,1,16
A2,GDS,16,0.067,2195,4096,256,85,8080.355,9618.118,8990720,true,pending_log_review,,1,16
A2,GDS,16,0.067,2195,4096,256,86,8130.503,10197.236,8990720,true,pending_log_review,,1,16
A2,GDS,16,0.067,2195,4096,256,87,8189.097,9696.237,8990720,true,pending_log_review,,1,16
A2,GDS,16,0.067,2195,4096,256,88,8320.505,10386.457,8990720,true,pending_log_review,,1,16
A2,GDS,16,0.067,2195,4096,256,89,8279.519,10273.735,8990720,true,pending_log_review,,1,16
A2,GDS,16,0.067,2195,4096,256,90,8115.102,10188.603,8990720,true,pending_log_review,,1,16
A2,GDS,16,0.067,2195,4096,256,91,8063.557,9904.172,8990720,true,pending_log_review,,1,16
A2,GDS,16,0.067,2195,4096,256,92,8125.04,10103.758,8990720,true,pending_log_review,,1,16
A2,GDS,16,0.067,2195,4096,256,93,8376.271,10572.072,8990720,true,pending_log_review,,1,16
A2,GDS,16,0.067,2195,4096,256,94,8421.342,9968.549,8990720,true,pending_log_review,,1,16
A2,GDS,16,0.067,2195,4096,256,95,8405.874,10645.508,8990720,true,pending_log_review,,1,16
A2,GDS,16,0.067,2195,4096,256,96,8290.897,10092.567,8990720,true,pending_log_review,,1,16
A2,GDS,16,0.067,2195,4096,256,97,8163.989,9936.449,8990720,true,pending_log_review,,1,16
A2,GDS,16,0.067,2195,4096,256,98,8200.72,10512.554,8990720,true,pending_log_review,,1,16
A2,GDS,16,0.067,2195,4096,256,99,8095.935,9805.882,8990720,true,pending_log_review,,1,16
A2,GDS,16,0.067,2195,4096,256,100,8137.599,9999.248,8990720,true,pending_log_review,,1,16
A2,GDS,16,0.067,2195,4096,256,101,8347.279,10219.763,8990720,true,pending_log_review,,1,16
A2,GDS,16,0.067,2195,4096,256,102,8065.628,9800.873,8990720,true,pending_log_review,,1,16
A2,GDS,16,0.067,2195,4096,256,103,8284.202,10130.197,8990720,true,pending_log_review,,1,16
A2,GDS,16,0.067,2195,4096,256,104,8273.514,9947.322,8990720,true,pending_log_review,,1,16
A2,GDS,16,0.067,2195,4096,256,105,8249.347,9847.192,8990720,true,pending_log_review,,1,16
A2,GDS,16,0.067,2195,4096,256,106,8070.07,10154.114,8990720,true,pending_log_review,,1,16
A2,GDS,16,0.067,2195,4096,256,107,8091.021,10157.029,8990720,true,pending_log_review,,1,16
A2,GDS,16,0.067,2195,4096,256,108,8298.78,10182.891,8990720,true,pending_log_review,,1,16
A2,GDS,16,0.067,2195,4096,256,109,8594.431,10099.89,8990720,true,pending_log_review,,1,16
A2,GDS,16,0.067,2195,4096,256,110,8068.753,9639.795,8990720,true,pending_log_review,,1,16
A2,GDS,16,0.067,2195,4096,256,111,8239.075,10353.981,8990720,true,pending_log_review,,1,16
A2,GDS,16,0.067,2195,4096,256,112,8116.611,10080.009,8990720,true,pending_log_review,,1,16
A2,GDS,16,0.067,2195,4096,256,113,8012.007,9761.542,8990720,true,pending_log_review,,1,16
A2,GDS,16,0.067,2195,4096,256,114,8055.352,10075.254,8990720,true,pending_log_review,,1,16
A2,GDS,16,0.067,2195,4096,256,115,8172.128,9956.475,8990720,true,pending_log_review,,1,16
A2,GDS,16,0.067,2195,4096,256,116,8593.412,10597.845,8990720,true,pending_log_review,,1,16
A2,GDS,16,0.067,2195,4096,256,117,10691.801,12501.803,8990720,true,pending_log_review,,1,16
A2,GDS,16,0.067,2195,4096,256,118,10347.886,12212.068,8990720,true,pending_log_review,,1,16
A2,GDS,16,0.067,2195,4096,256,119,14636.89,17082.299,8990720,true,pending_log_review,,1,16
A2,GDS,16,0.067,2195,4096,256,120,8265.788,9885.269,8990720,true,pending_log_review,,1,16
A2,GDS,16,0.067,2195,4096,256,121,7967.113,10116.308,8990720,true,pending_log_review,,1,16
A2,GDS,16,0.067,2195,4096,256,122,8837.164,10482.035,8990720,true,pending_log_review,,1,16
A2,GDS,16,0.067,2195,4096,256,123,11392.332,13497.064,8990720,true,pending_log_review,,1,16
A2,GDS,16,0.067,2195,4096,256,124,15489.105,17778.765,8990720,true,pending_log_review,,1,16
A2,GDS,16,0.067,2195,4096,256,125,8105.894,9731.23,8990720,true,pending_log_review,,1,16
A2,GDS,16,0.067,2195,4096,256,126,8078.704,9862.223,8990720,true,pending_log_review,,1,16
A2,GDS,16,0.067,2195,4096,256,127,8045.485,9780.21,8990720,true,pending_log_review,,1,16
A2,GDS,16,0.067,2195,4096,256,128,9024.976,10638.966,8990720,true,pending_log_review,,1,16
A2,GDS,16,0.067,2195,4096,256,129,9588.426,11216.866,8990720,true,pending_log_review,,1,16
A2,GDS,16,0.067,2195,4096,256,130,8597.642,10080.639,8990720,true,pending_log_review,,1,16
A2,GDS,16,0.067,2195,4096,256,131,7920.362,10012.324,8990720,true,pending_log_review,,1,16
A2,GDS,16,0.067,2195,4096,256,132,8270.597,10163.789,8990720,true,pending_log_review,,1,16
A2,GDS,16,0.067,2195,4096,256,133,8163.245,9972.855,8990720,true,pending_log_review,,1,16
A2,GDS,16,0.067,2195,4096,256,134,8274.864,10398.045,8990720,true,pending_log_review,,1,16
A2,GDS,16,0.067,2195,4096,256,135,15362.425,17438.64,8990720,true,pending_log_review,,1,16
A2,GDS,16,0.067,2195,4096,256,136,9730.685,11516.157,8990720,true,pending_log_review,,1,16
A2,GDS,16,0.067,2195,4096,256,137,10036.755,11772.746,8990720,true,pending_log_review,,1,16
A2,GDS,16,0.067,2195,4096,256,138,10057.114,11693.42,8990720,true,pending_log_review,,1,16
A2,GDS,16,0.067,2195,4096,256,139,10013.593,11827.602,8990720,true,pending_log_review,,1,16
A2,GDS,16,0.067,2195,4096,256,140,10332.822,12307.066,8990720,true,pending_log_review,,1,16
A2,GDS,16,0.067,2195,4096,256,141,21230.377,23672.879,8990720,true,pending_log_review,,1,16
A2,GDS,16,0.067,2195,4096,256,142,10039.504,11737.771,8990720,true,pending_log_review,,1,16
A2,GDS,16,0.067,2195,4096,256,143,9801.166,11567.183,8990720,true,pending_log_review,,1,16
A2,GDS,16,0.067,2195,4096,256,144,9689.314,11430.029,8990720,true,pending_log_review,,1,16
A2,GDS,16,0.067,2195,4096,256,145,10375.696,12154.291,8990720,true,pending_log_review,,1,16
A2,GDS,16,0.067,2195,4096,256,146,10160.096,11941.253,8990720,true,pending_log_review,,1,16
A2,GDS,16,0.067,2195,4096,256,147,15193.648,17622.208,8990720,true,pending_log_review,,1,16
A2,GDS,16,0.067,2195,4096,256,148,8227.938,9835.045,8990720,true,pending_log_review,,1,16
A2,GDS,16,0.067,2195,4096,256,149,8518.428,10570.456,8990720,true,pending_log_review,,1,16
A2,GDS,16,0.067,2195,4096,256,150,8102.025,10104.394,8990720,true,pending_log_review,,1,16
A2,GDS,16,0.067,2195,4096,256,151,8068.089,9584.255,8990720,true,pending_log_review,,1,16
A2,GDS,16,0.067,2195,4096,256,152,8335.352,10425.989,8990720,true,pending_log_review,,1,16
A2,GDS,16,0.067,2195,4096,256,153,8191.523,9962.533,8990720,true,pending_log_review,,1,16
A2,GDS,16,0.067,2195,4096,256,154,8659.525,10236.083,8990720,true,pending_log_review,,1,16
A2,GDS,16,0.067,2195,4096,256,155,8098.993,9668.213,8990720,true,pending_log_review,,1,16
A2,GDS,16,0.067,2195,4096,256,156,8256.609,10107.635,8990720,true,pending_log_review,,1,16
A2,GDS,16,0.067,2195,4096,256,157,10340.557,12224.587,8990720,true,pending_log_review,,1,16
A2,GDS,16,0.067,2195,4096,256,158,9540.198,11210.981,8990720,true,pending_log_review,,1,16
A2,GDS,16,0.067,2195,4096,256,159,12449.587,14286.795,8990720,true,pending_log_review,,1,16
A2,GDS,16,0.067,2195,4096,256,160,8278.552,10222.556,8990720,true,pending_log_review,,1,16
A2,GDS,16,0.067,2195,4096,256,161,8181.847,9569.53,8990720,true,pending_log_review,,1,16
A2,GDS,16,0.067,2195,4096,256,162,8034.714,9570.741,8990720,true,pending_log_review,,1,16
A2,GDS,16,0.067,2195,4096,256,163,8331.301,10360.12,8990720,true,pending_log_review,,1,16
A2,GDS,16,0.067,2195,4096,256,164,8168.191,10091.298,8990720,true,pending_log_review,,1,16
A2,GDS,16,0.067,2195,4096,256,165,8218.319,9929.791,8990720,true,pending_log_review,,1,16
A2,GDS,16,0.067,2195,4096,256,166,8384.131,10325.306,8990720,true,pending_log_review,,1,16
A2,GDS,16,0.067,2195,4096,256,167,10262.123,12132.827,8990720,true,pending_log_review,,1,16
A2,GDS,16,0.067,2195,4096,256,168,10681.805,12505.784,8990720,true,pending_log_review,,1,16
A2,GDS,16,0.067,2195,4096,256,169,9880.143,11618.397,8990720,true,pending_log_review,,1,16
A2,GDS,16,0.067,2195,4096,256,170,10370.426,12055.557,8990720,true,pending_log_review,,1,16
A2,GDS,16,0.067,2195,4096,256,171,10246.336,12168.314,8990720,true,pending_log_review,,1,16
A2,GDS,16,0.067,2195,4096,256,172,19210.093,21574.848,8990720,true,pending_log_review,,1,16
A2,GDS,16,0.067,2195,4096,256,173,10647.296,12511.148,8990720,true,pending_log_review,,1,16
A2,GDS,16,0.067,2195,4096,256,174,10593.042,12576.305,8990720,true,pending_log_review,,1,16
A2,GDS,16,0.067,2195,4096,256,175,10523.643,12396.436,8990720,true,pending_log_review,,1,16
A2,GDS,16,0.067,2195,4096,256,176,10240.577,11945.42,8990720,true,pending_log_review,,1,16
A2,GDS,16,0.067,2195,4096,256,177,10034.713,11807.858,8990720,true,pending_log_review,,1,16
A2,GDS,16,0.067,2195,4096,256,178,10418.086,12195.855,8990720,true,pending_log_review,,1,16
A2,GDS,16,0.067,2195,4096,256,179,10285.096,12180.408,8990720,true,pending_log_review,,1,16
A2,GDS,16,0.067,2195,4096,256,180,10422.027,12296.929,8990720,true,pending_log_review,,1,16
A2,GDS,16,0.067,2195,4096,256,181,10116.9,11811.35,8990720,true,pending_log_review,,1,16
A2,GDS,16,0.067,2195,4096,256,182,10678.056,12487.816,8990720,true,pending_log_review,,1,16
A2,GDS,16,0.067,2195,4096,256,183,10394.414,12245.778,8990720,true,pending_log_review,,1,16
A2,GDS,16,0.067,2195,4096,256,184,9692.316,12017.082,8990720,true,pending_log_review,,1,16
A2,GDS,16,0.067,2195,4096,256,185,10527.87,12321.942,8990720,true,pending_log_review,,1,16
A2,GDS,16,0.067,2195,4096,256,186,10183.041,11946.859,8990720,true,pending_log_review,,1,16
A2,GDS,16,0.067,2195,4096,256,187,9432.917,11222.998,8990720,true,pending_log_review,,1,16
A2,GDS,16,0.067,2195,4096,256,188,10319.022,12289.339,8990720,true,pending_log_review,,1,16
A2,GDS,16,0.067,2195,4096,256,189,10154.662,11912.195,8990720,true,pending_log_review,,1,16
A2,GDS,16,0.067,2195,4096,256,190,10565.556,12480.408,8990720,true,pending_log_review,,1,16
A2,GDS,16,0.067,2195,4096,256,191,9670.142,11326.536,8990720,true,pending_log_review,,1,16
A2,GDS,16,0.067,2195,4096,256,192,9965.653,11709.118,8990720,true,pending_log_review,,1,16
A2,GDS,16,0.067,2195,4096,256,193,10468.697,12296.358,8990720,true,pending_log_review,,1,16
A2,GDS,16,0.067,2195,4096,256,194,9537.09,11125.254,8990720,true,pending_log_review,,1,16
A2,GDS,16,0.067,2195,4096,256,195,10309.948,12070.217,8990720,true,pending_log_review,,1,16
A2,GDS,16,0.067,2195,4096,256,196,9637.433,11295.329,8990720,true,pending_log_review,,1,16
A2,GDS,16,0.067,2195,4096,256,197,9640.681,11365.096,8990720,true,pending_log_review,,1,16
A2,GDS,16,0.067,2195,4096,256,198,10416.271,12305.506,8990720,true,pending_log_review,,1,16
A2,GDS,16,0.067,2195,4096,256,199,10473.367,12281.345,8990720,true,pending_log_review,,1,16
A2,GDS,16,0.067,2195,4096,256,0,10497.565,12282.319,8990720,true,pending_log_review,,3,16
A2,GDS,16,0.134,4391,4096,256,0,20181.505,23926.466,17985536,true,pending_log_review,,2,16
A2,GDS,16,0.134,4391,4096,256,0,19508.372,23067.35,17985536,true,pending_log_review,,0,16
A2,GDS,16,0.134,4391,4096,256,1,19729.323,23397.605,17985536,true,pending_log_review,,0,16
A2,GDS,16,0.134,4391,4096,256,2,19368.451,23006.304,17985536,true,pending_log_review,,0,16
A2,GDS,16,0.134,4391,4096,256,3,19596.851,23070.081,17985536,true,pending_log_review,,0,16
A2,GDS,16,0.134,4391,4096,256,4,26247.949,30191.62,17985536,true,pending_log_review,,0,16
A2,GDS,16,0.134,4391,4096,256,5,25522.418,29694.765,17985536,true,pending_log_review,,0,16
A2,GDS,16,0.134,4391,4096,256,6,24134.46,28138.691,17985536,true,pending_log_review,,0,16
A2,GDS,16,0.134,4391,4096,256,7,20111.349,23673.39,17985536,true,pending_log_review,,0,16
A2,GDS,16,0.134,4391,4096,256,8,25756.247,30091.302,17985536,true,pending_log_review,,0,16
A2,GDS,16,0.134,4391,4096,256,9,20030.709,23775.304,17985536,true,pending_log_review,,0,16
A2,GDS,16,0.134,4391,4096,256,0,23575.701,27915.081,17985536,true,pending_log_review,,1,16
A2,GDS,16,0.134,4391,4096,256,1,20441.278,24208.868,17985536,true,pending_log_review,,1,16
A2,GDS,16,0.134,4391,4096,256,2,25287.617,29101.143,17985536,true,pending_log_review,,1,16
A2,GDS,16,0.134,4391,4096,256,3,20317.204,24249.404,17985536,true,pending_log_review,,1,16
A2,GDS,16,0.134,4391,4096,256,4,26179.565,30121.717,17985536,true,pending_log_review,,1,16
A2,GDS,16,0.134,4391,4096,256,5,19932.658,23675.511,17985536,true,pending_log_review,,1,16
A2,GDS,16,0.134,4391,4096,256,6,20257.789,24094.999,17985536,true,pending_log_review,,1,16
A2,GDS,16,0.134,4391,4096,256,7,20303.719,24049.139,17985536,true,pending_log_review,,1,16
A2,GDS,16,0.134,4391,4096,256,8,24865.847,28634.793,17985536,true,pending_log_review,,1,16
A2,GDS,16,0.134,4391,4096,256,9,25398.156,29340.039,17985536,true,pending_log_review,,1,16
A2,GDS,16,0.134,4391,4096,256,10,20331.255,24098.433,17985536,true,pending_log_review,,1,16
A2,GDS,16,0.134,4391,4096,256,11,19865.478,23563.716,17985536,true,pending_log_review,,1,16
A2,GDS,16,0.134,4391,4096,256,12,19839.675,23503.753,17985536,true,pending_log_review,,1,16
A2,GDS,16,0.134,4391,4096,256,13,19542.829,23175.228,17985536,true,pending_log_review,,1,16
A2,GDS,16,0.134,4391,4096,256,14,26882.681,30908.72,17985536,true,pending_log_review,,1,16
A2,GDS,16,0.134,4391,4096,256,15,20228.424,23765.152,17985536,true,pending_log_review,,1,16
A2,GDS,16,0.134,4391,4096,256,16,20365.085,24143.332,17985536,true,pending_log_review,,1,16
A2,GDS,16,0.134,4391,4096,256,17,19688.539,23554.258,17985536,true,pending_log_review,,1,16
A2,GDS,16,0.134,4391,4096,256,18,20227.637,24031.068,17985536,true,pending_log_review,,1,16
A2,GDS,16,0.134,4391,4096,256,19,19947.578,23646.917,17985536,true,pending_log_review,,1,16
A2,GDS,16,0.134,4391,4096,256,20,20029.274,23982.23,17985536,true,pending_log_review,,1,16
A2,GDS,16,0.134,4391,4096,256,21,20455.54,24269.351,17985536,true,pending_log_review,,1,16
A2,GDS,16,0.134,4391,4096,256,22,20338.566,24059.078,17985536,true,pending_log_review,,1,16
A2,GDS,16,0.134,4391,4096,256,23,19535.227,23180.006,17985536,true,pending_log_review,,1,16
A2,GDS,16,0.134,4391,4096,256,24,25093.331,29456.355,17985536,true,pending_log_review,,1,16
A2,GDS,16,0.134,4391,4096,256,25,19529.452,22946.485,17985536,true,pending_log_review,,1,16
A2,GDS,16,0.134,4391,4096,256,26,20104.813,23868.354,17985536,true,pending_log_review,,1,16
A2,GDS,16,0.134,4391,4096,256,27,26453.499,30375.754,17985536,true,pending_log_review,,1,16
A2,GDS,16,0.134,4391,4096,256,28,20267.984,24085.286,17985536,true,pending_log_review,,1,16
A2,GDS,16,0.134,4391,4096,256,29,19644.869,23283.293,17985536,true,pending_log_review,,1,16
A2,GDS,16,0.134,4391,4096,256,30,19405.921,23137.588,17985536,true,pending_log_review,,1,16
A2,GDS,16,0.134,4391,4096,256,31,19858.361,23360.162,17985536,true,pending_log_review,,1,16
A2,GDS,16,0.134,4391,4096,256,32,25559.913,29659.312,17985536,true,pending_log_review,,1,16
A2,GDS,16,0.134,4391,4096,256,33,25854.229,29660.674,17985536,true,pending_log_review,,1,16
A2,GDS,16,0.134,4391,4096,256,34,20333.104,24045.819,17985536,true,pending_log_review,,1,16
A2,GDS,16,0.134,4391,4096,256,35,24913.241,29381.946,17985536,true,pending_log_review,,1,16
A2,GDS,16,0.134,4391,4096,256,36,19817.099,23590.687,17985536,true,pending_log_review,,1,16
A2,GDS,16,0.134,4391,4096,256,37,20370.681,24216.621,17985536,true,pending_log_review,,1,16
A2,GDS,16,0.134,4391,4096,256,38,20100.939,23768.374,17985536,true,pending_log_review,,1,16
A2,GDS,16,0.134,4391,4096,256,39,20438.948,24325.546,17985536,true,pending_log_review,,1,16
A2,GDS,16,0.134,4391,4096,256,40,21758.596,25991.416,17985536,true,pending_log_review,,1,16
A2,GDS,16,0.134,4391,4096,256,41,20241.55,24052.317,17985536,true,pending_log_review,,1,16
A2,GDS,16,0.134,4391,4096,256,42,24244.651,28911.093,17985536,true,pending_log_review,,1,16
A2,GDS,16,0.134,4391,4096,256,43,20168.747,23806.264,17985536,true,pending_log_review,,1,16
A2,GDS,16,0.134,4391,4096,256,44,19975.514,23658.397,17985536,true,pending_log_review,,1,16
A2,GDS,16,0.134,4391,4096,256,45,26071.928,30308.745,17985536,true,pending_log_review,,1,16
A2,GDS,16,0.134,4391,4096,256,46,19754.195,23381.447,17985536,true,pending_log_review,,1,16
A2,GDS,16,0.134,4391,4096,256,47,19382.246,22865.841,17985536,true,pending_log_review,,1,16
A2,GDS,16,0.134,4391,4096,256,48,19776.694,23583.957,17985536,true,pending_log_review,,1,16
A2,GDS,16,0.134,4391,4096,256,49,26081.666,29888.344,17985536,true,pending_log_review,,1,16
A2,GDS,16,0.134,4391,4096,256,50,20155.798,23888.449,17985536,true,pending_log_review,,1,16
A2,GDS,16,0.134,4391,4096,256,51,19952.464,23580.657,17985536,true,pending_log_review,,1,16
A2,GDS,16,0.134,4391,4096,256,52,26053.909,29801.128,17985536,true,pending_log_review,,1,16
A2,GDS,16,0.134,4391,4096,256,53,25466.574,29477.984,17985536,true,pending_log_review,,1,16
A2,GDS,16,0.134,4391,4096,256,54,19975.35,23690.131,17985536,true,pending_log_review,,1,16
A2,GDS,16,0.134,4391,4096,256,55,20539.329,24271.539,17985536,true,pending_log_review,,1,16
A2,GDS,16,0.134,4391,4096,256,56,20703.313,24442.706,17985536,true,pending_log_review,,1,16
A2,GDS,16,0.134,4391,4096,256,57,19710.962,23327.671,17985536,true,pending_log_review,,1,16
A2,GDS,16,0.134,4391,4096,256,58,20576.558,24408.024,17985536,true,pending_log_review,,1,16
A2,GDS,16,0.134,4391,4096,256,59,19705.661,23281.437,17985536,true,pending_log_review,,1,16
A2,GDS,16,0.134,4391,4096,256,60,19861.367,23483.055,17985536,true,pending_log_review,,1,16
A2,GDS,16,0.134,4391,4096,256,61,20282.982,24031.069,17985536,true,pending_log_review,,1,16
A2,GDS,16,0.134,4391,4096,256,62,20486.342,24180.176,17985536,true,pending_log_review,,1,16
A2,GDS,16,0.134,4391,4096,256,63,26098.828,29925.769,17985536,true,pending_log_review,,1,16
A2,GDS,16,0.134,4391,4096,256,64,19785.453,23355.908,17985536,true,pending_log_review,,1,16
A2,GDS,16,0.134,4391,4096,256,65,24784.911,28957.317,17985536,true,pending_log_review,,1,16
A2,GDS,16,0.134,4391,4096,256,66,19872.853,23554.832,17985536,true,pending_log_review,,1,16
A2,GDS,16,0.134,4391,4096,256,67,25621.826,29544.027,17985536,true,pending_log_review,,1,16
A2,GDS,16,0.134,4391,4096,256,68,19993.519,23691.427,17985536,true,pending_log_review,,1,16
A2,GDS,16,0.134,4391,4096,256,69,25411.732,29657.443,17985536,true,pending_log_review,,1,16
A2,GDS,16,0.134,4391,4096,256,70,20126.727,23831.6,17985536,true,pending_log_review,,1,16
A2,GDS,16,0.134,4391,4096,256,71,25900.176,30191.489,17985536,true,pending_log_review,,1,16
A2,GDS,16,0.134,4391,4096,256,72,20609.482,24425.221,17985536,true,pending_log_review,,1,16
A2,GDS,16,0.134,4391,4096,256,73,20029.427,23769.901,17985536,true,pending_log_review,,1,16
A2,GDS,16,0.134,4391,4096,256,74,20213.908,23940.272,17985536,true,pending_log_review,,1,16
A2,GDS,16,0.134,4391,4096,256,75,20444.892,24229.946,17985536,true,pending_log_review,,1,16
A2,GDS,16,0.134,4391,4096,256,76,19888.599,23512.869,17985536,true,pending_log_review,,1,16
A2,GDS,16,0.134,4391,4096,256,77,19513.066,23071.895,17985536,true,pending_log_review,,1,16
A2,GDS,16,0.134,4391,4096,256,78,20388.377,24060.703,17985536,true,pending_log_review,,1,16
A2,GDS,16,0.134,4391,4096,256,79,20630.208,24522.342,17985536,true,pending_log_review,,1,16
A2,GDS,16,0.134,4391,4096,256,80,20084.442,23725.849,17985536,true,pending_log_review,,1,16
A2,GDS,16,0.134,4391,4096,256,81,19500.536,23035.591,17985536,true,pending_log_review,,1,16
A2,GDS,16,0.134,4391,4096,256,82,25864.452,29848.351,17985536,true,pending_log_review,,1,16
A2,GDS,16,0.134,4391,4096,256,83,20221.213,24007.913,17985536,true,pending_log_review,,1,16
A2,GDS,16,0.134,4391,4096,256,84,19772.047,23494.018,17985536,true,pending_log_review,,1,16
A2,GDS,16,0.134,4391,4096,256,85,19897.319,23685.259,17985536,true,pending_log_review,,1,16
A2,GDS,16,0.134,4391,4096,256,86,20601.855,24312.199,17985536,true,pending_log_review,,1,16
A2,GDS,16,0.134,4391,4096,256,87,25056.329,29153.26,17985536,true,pending_log_review,,1,16
A2,GDS,16,0.134,4391,4096,256,88,20463.787,24167.151,17985536,true,pending_log_review,,1,16
A2,GDS,16,0.134,4391,4096,256,89,20130.831,23825.362,17985536,true,pending_log_review,,1,16
A2,GDS,16,0.134,4391,4096,256,90,25510.88,29479.629,17985536,true,pending_log_review,,1,16
A2,GDS,16,0.134,4391,4096,256,91,20486.44,24317.961,17985536,true,pending_log_review,,1,16
A2,GDS,16,0.134,4391,4096,256,92,19680.471,23271.757,17985536,true,pending_log_review,,1,16
A2,GDS,16,0.134,4391,4096,256,93,20330.233,24188.455,17985536,true,pending_log_review,,1,16
A2,GDS,16,0.134,4391,4096,256,94,20050.822,23898.69,17985536,true,pending_log_review,,1,16
A2,GDS,16,0.134,4391,4096,256,95,25949.281,30048.016,17985536,true,pending_log_review,,1,16
A2,GDS,16,0.134,4391,4096,256,96,20264.21,24005.049,17985536,true,pending_log_review,,1,16
A2,GDS,16,0.134,4391,4096,256,97,20032.168,23678.689,17985536,true,pending_log_review,,1,16
A2,GDS,16,0.134,4391,4096,256,98,19263.836,22897.853,17985536,true,pending_log_review,,1,16
A2,GDS,16,0.134,4391,4096,256,99,25867.442,30045.468,17985536,true,pending_log_review,,1,16
A2,GDS,16,0.134,4391,4096,256,100,20083.041,23770.904,17985536,true,pending_log_review,,1,16
A2,GDS,16,0.134,4391,4096,256,101,25292.188,29656.904,17985536,true,pending_log_review,,1,16
A2,GDS,16,0.134,4391,4096,256,102,19997.632,23688.126,17985536,true,pending_log_review,,1,16
A2,GDS,16,0.134,4391,4096,256,103,20290.712,23947.532,17985536,true,pending_log_review,,1,16
A2,GDS,16,0.134,4391,4096,256,104,20334.163,23920.835,17985536,true,pending_log_review,,1,16
A2,GDS,16,0.134,4391,4096,256,105,20266.485,23907.547,17985536,true,pending_log_review,,1,16
A2,GDS,16,0.134,4391,4096,256,106,25918.833,29767.451,17985536,true,pending_log_review,,1,16
A2,GDS,16,0.134,4391,4096,256,107,20043.272,23948.178,17985536,true,pending_log_review,,1,16
A2,GDS,16,0.134,4391,4096,256,108,20098.642,24099.929,17985536,true,pending_log_review,,1,16
A2,GDS,16,0.134,4391,4096,256,109,20306.845,24116.627,17985536,true,pending_log_review,,1,16
A2,GDS,16,0.134,4391,4096,256,110,20256.432,23956.679,17985536,true,pending_log_review,,1,16
A2,GDS,16,0.134,4391,4096,256,111,20701.35,24399.049,17985536,true,pending_log_review,,1,16
A2,GDS,16,0.134,4391,4096,256,112,25444.53,29686.629,17985536,true,pending_log_review,,1,16
A2,GDS,16,0.134,4391,4096,256,113,20356.747,24039.644,17985536,true,pending_log_review,,1,16
A2,GDS,16,0.134,4391,4096,256,114,26012.141,30199.482,17985536,true,pending_log_review,,1,16
A2,GDS,16,0.134,4391,4096,256,115,20047.749,23560.717,17985536,true,pending_log_review,,1,16
A2,GDS,16,0.134,4391,4096,256,116,19926.064,23539.096,17985536,true,pending_log_review,,1,16
A2,GDS,16,0.134,4391,4096,256,117,20582.168,24290.211,17985536,true,pending_log_review,,1,16
A2,GDS,16,0.134,4391,4096,256,118,20306.275,24165.925,17985536,true,pending_log_review,,1,16
A2,GDS,16,0.134,4391,4096,256,119,20435.683,24131.135,17985536,true,pending_log_review,,1,16
A2,GDS,16,0.134,4391,4096,256,120,25467.631,29484.396,17985536,true,pending_log_review,,1,16
A2,GDS,16,0.134,4391,4096,256,121,20270.414,24032.23,17985536,true,pending_log_review,,1,16
A2,GDS,16,0.134,4391,4096,256,122,20009.315,23750.99,17985536,true,pending_log_review,,1,16
A2,GDS,16,0.134,4391,4096,256,123,20019.537,23698.659,17985536,true,pending_log_review,,1,16
A2,GDS,16,0.134,4391,4096,256,124,20285.853,23987.643,17985536,true,pending_log_review,,1,16
A2,GDS,16,0.134,4391,4096,256,125,20209.604,24035.012,17985536,true,pending_log_review,,1,16
A2,GDS,16,0.134,4391,4096,256,126,20244.411,23889.032,17985536,true,pending_log_review,,1,16
A2,GDS,16,0.134,4391,4096,256,127,19346.262,22938.342,17985536,true,pending_log_review,,1,16
A2,GDS,16,0.134,4391,4096,256,128,19676.826,23224.441,17985536,true,pending_log_review,,1,16
A2,GDS,16,0.134,4391,4096,256,129,19861.695,23444.071,17985536,true,pending_log_review,,1,16
A2,GDS,16,0.134,4391,4096,256,130,24633.125,29281.862,17985536,true,pending_log_review,,1,16
A2,GDS,16,0.134,4391,4096,256,131,19818.899,23503.871,17985536,true,pending_log_review,,1,16
A2,GDS,16,0.134,4391,4096,256,132,25987.338,30043.2,17985536,true,pending_log_review,,1,16
A2,GDS,16,0.134,4391,4096,256,133,20591.37,24377.899,17985536,true,pending_log_review,,1,16
A2,GDS,16,0.134,4391,4096,256,134,20593.803,24436.433,17985536,true,pending_log_review,,1,16
A2,GDS,16,0.134,4391,4096,256,135,20161.144,23860.548,17985536,true,pending_log_review,,1,16
A2,GDS,16,0.134,4391,4096,256,136,20331.84,24032.886,17985536,true,pending_log_review,,1,16
A2,GDS,16,0.134,4391,4096,256,137,20055.788,23701.463,17985536,true,pending_log_review,,1,16
A2,GDS,16,0.134,4391,4096,256,138,20106.708,23883.104,17985536,true,pending_log_review,,1,16
A2,GDS,16,0.134,4391,4096,256,139,20280.654,24112.542,17985536,true,pending_log_review,,1,16
A2,GDS,16,0.134,4391,4096,256,140,26567.301,30548.327,17985536,true,pending_log_review,,1,16
A2,GDS,16,0.134,4391,4096,256,141,19920.77,23587.372,17985536,true,pending_log_review,,1,16
A2,GDS,16,0.134,4391,4096,256,142,19877.349,23546.248,17985536,true,pending_log_review,,1,16
A2,GDS,16,0.134,4391,4096,256,143,20424.891,24232.732,17985536,true,pending_log_review,,1,16
A2,GDS,16,0.134,4391,4096,256,144,20580.947,24490.326,17985536,true,pending_log_review,,1,16
A2,GDS,16,0.134,4391,4096,256,145,20095.321,23830.497,17985536,true,pending_log_review,,1,16
A2,GDS,16,0.134,4391,4096,256,146,26196.755,30217.766,17985536,true,pending_log_review,,1,16
A2,GDS,16,0.134,4391,4096,256,147,19668.113,23092.953,17985536,true,pending_log_review,,1,16
A2,GDS,16,0.134,4391,4096,256,148,20050.705,23613.612,17985536,true,pending_log_review,,1,16
A2,GDS,16,0.134,4391,4096,256,149,19813.081,23581.629,17985536,true,pending_log_review,,1,16
A2,GDS,16,0.134,4391,4096,256,150,20345.219,24073.12,17985536,true,pending_log_review,,1,16
A2,GDS,16,0.134,4391,4096,256,151,20098.616,24179.438,17985536,true,pending_log_review,,1,16
A2,GDS,16,0.134,4391,4096,256,152,19738.323,23209.197,17985536,true,pending_log_review,,1,16
A2,GDS,16,0.134,4391,4096,256,153,26090.251,30368.62,17985536,true,pending_log_review,,1,16
A2,GDS,16,0.134,4391,4096,256,154,20109.142,23936.849,17985536,true,pending_log_review,,1,16
A2,GDS,16,0.134,4391,4096,256,155,19524.725,22974.227,17985536,true,pending_log_review,,1,16
A2,GDS,16,0.134,4391,4096,256,156,19807.525,23573.901,17985536,true,pending_log_review,,1,16
A2,GDS,16,0.134,4391,4096,256,157,24842.666,29059.122,17985536,true,pending_log_review,,1,16
A2,GDS,16,0.134,4391,4096,256,158,20297.967,23899.274,17985536,true,pending_log_review,,1,16
A2,GDS,16,0.134,4391,4096,256,159,20727.483,24434.215,17985536,true,pending_log_review,,1,16
A2,GDS,16,0.134,4391,4096,256,160,19851.278,23577.02,17985536,true,pending_log_review,,1,16
A2,GDS,16,0.134,4391,4096,256,161,19403.336,22952.692,17985536,true,pending_log_review,,1,16
A2,GDS,16,0.134,4391,4096,256,162,25770.191,29686.692,17985536,true,pending_log_review,,1,16
A2,GDS,16,0.134,4391,4096,256,163,20103.873,23685.8,17985536,true,pending_log_review,,1,16
A2,GDS,16,0.134,4391,4096,256,164,20495.085,24384.363,17985536,true,pending_log_review,,1,16
A2,GDS,16,0.134,4391,4096,256,165,19937.311,23499.736,17985536,true,pending_log_review,,1,16
A2,GDS,16,0.134,4391,4096,256,166,25960.729,30347.363,17985536,true,pending_log_review,,1,16
A2,GDS,16,0.134,4391,4096,256,167,20235.732,23817.642,17985536,true,pending_log_review,,1,16
A2,GDS,16,0.134,4391,4096,256,168,26555.189,30674.651,17985536,true,pending_log_review,,1,16
A2,GDS,16,0.134,4391,4096,256,169,20300.881,24045.088,17985536,true,pending_log_review,,1,16
A2,GDS,16,0.134,4391,4096,256,170,31561.494,36151.532,17985536,true,pending_log_review,,1,16
A2,GDS,16,0.134,4391,4096,256,171,20450.671,24120.431,17985536,true,pending_log_review,,1,16
A2,GDS,16,0.134,4391,4096,256,172,20153.896,23840.3,17985536,true,pending_log_review,,1,16
A2,GDS,16,0.134,4391,4096,256,173,19883.823,23502.453,17985536,true,pending_log_review,,1,16
A2,GDS,16,0.134,4391,4096,256,174,19389.121,22877.742,17985536,true,pending_log_review,,1,16
A2,GDS,16,0.134,4391,4096,256,175,25349.225,29097.56,17985536,true,pending_log_review,,1,16
A2,GDS,16,0.134,4391,4096,256,176,19959.078,23809.277,17985536,true,pending_log_review,,1,16
A2,GDS,16,0.134,4391,4096,256,177,25341.132,29722.39,17985536,true,pending_log_review,,1,16
A2,GDS,16,0.134,4391,4096,256,178,20034.177,23715.16,17985536,true,pending_log_review,,1,16
A2,GDS,16,0.134,4391,4096,256,179,25803.336,29998.406,17985536,true,pending_log_review,,1,16
A2,GDS,16,0.134,4391,4096,256,180,19855.696,23584.453,17985536,true,pending_log_review,,1,16
A2,GDS,16,0.134,4391,4096,256,181,20317.839,24070.859,17985536,true,pending_log_review,,1,16
A2,GDS,16,0.134,4391,4096,256,182,20007.726,23597.467,17985536,true,pending_log_review,,1,16
A2,GDS,16,0.134,4391,4096,256,183,20244.359,23980.77,17985536,true,pending_log_review,,1,16
A2,GDS,16,0.134,4391,4096,256,184,20124.132,23864.886,17985536,true,pending_log_review,,1,16
A2,GDS,16,0.134,4391,4096,256,185,20297.049,23980.58,17985536,true,pending_log_review,,1,16
A2,GDS,16,0.134,4391,4096,256,186,19760.298,23354.563,17985536,true,pending_log_review,,1,16
A2,GDS,16,0.134,4391,4096,256,187,19687.201,23242.754,17985536,true,pending_log_review,,1,16
A2,GDS,16,0.134,4391,4096,256,188,20050.206,23549.367,17985536,true,pending_log_review,,1,16
A2,GDS,16,0.134,4391,4096,256,189,25732.603,30035.927,17985536,true,pending_log_review,,1,16
A2,GDS,16,0.134,4391,4096,256,190,19923.756,23588.622,17985536,true,pending_log_review,,1,16
A2,GDS,16,0.134,4391,4096,256,191,20383.851,24218.093,17985536,true,pending_log_review,,1,16
A2,GDS,16,0.134,4391,4096,256,192,20095.488,23827.394,17985536,true,pending_log_review,,1,16
A2,GDS,16,0.134,4391,4096,256,193,19651.952,23234.492,17985536,true,pending_log_review,,1,16
A2,GDS,16,0.134,4391,4096,256,194,19491.656,23010.632,17985536,true,pending_log_review,,1,16
A2,GDS,16,0.134,4391,4096,256,195,20582.217,24435.953,17985536,true,pending_log_review,,1,16
A2,GDS,16,0.134,4391,4096,256,196,19263.807,22762.687,17985536,true,pending_log_review,,1,16
A2,GDS,16,0.134,4391,4096,256,197,19862.265,23363.001,17985536,true,pending_log_review,,1,16
A2,GDS,16,0.134,4391,4096,256,198,20129.665,23850.739,17985536,true,pending_log_review,,1,16
A2,GDS,16,0.134,4391,4096,256,199,25879.448,29723.368,17985536,true,pending_log_review,,1,16
A2,GDS,16,0.134,4391,4096,256,0,21104.964,25029.356,17985536,true,pending_log_review,,3,16
A2,GDS,16,0.3,9830,4096,256,0,44640.288,53370.254,40263680,true,pending_log_review,,2,16
A2,GDS,16,0.3,9830,4096,256,0,55596.039,64958.877,40263680,true,pending_log_review,,0,16
A2,GDS,16,0.3,9830,4096,256,1,44878.535,53565.813,40263680,true,pending_log_review,,0,16
A2,GDS,16,0.3,9830,4096,256,2,55410.84,64404.975,40263680,true,pending_log_review,,0,16
A2,GDS,16,0.3,9830,4096,256,3,44977.317,53554.628,40263680,true,pending_log_review,,0,16
A2,GDS,16,0.3,9830,4096,256,4,44147.221,52577.232,40263680,true,pending_log_review,,0,16
A2,GDS,16,0.3,9830,4096,256,5,44133.806,52346.76,40263680,true,pending_log_review,,0,16
A2,GDS,16,0.3,9830,4096,256,6,44195.946,52951.579,40263680,true,pending_log_review,,0,16
A2,GDS,16,0.3,9830,4096,256,7,44901.554,53347.734,40263680,true,pending_log_review,,0,16
A2,GDS,16,0.3,9830,4096,256,8,49926.833,59048.502,40263680,true,pending_log_review,,0,16
A2,GDS,16,0.3,9830,4096,256,9,45029.99,53707.594,40263680,true,pending_log_review,,0,16
A2,GDS,16,0.3,9830,4096,256,0,45264.918,53776.112,40263680,true,pending_log_review,,1,16
A2,GDS,16,0.3,9830,4096,256,1,49853.859,58552.37,40263680,true,pending_log_review,,1,16
A2,GDS,16,0.3,9830,4096,256,2,50731.771,59378.879,40263680,true,pending_log_review,,1,16
A2,GDS,16,0.3,9830,4096,256,3,51245.564,60041.082,40263680,true,pending_log_review,,1,16
A2,GDS,16,0.3,9830,4096,256,4,45139.913,53553.704,40263680,true,pending_log_review,,1,16
A2,GDS,16,0.3,9830,4096,256,5,44695.872,53250.331,40263680,true,pending_log_review,,1,16
A2,GDS,16,0.3,9830,4096,256,6,44923.506,53366.843,40263680,true,pending_log_review,,1,16
A2,GDS,16,0.3,9830,4096,256,7,44167.606,52552.932,40263680,true,pending_log_review,,1,16
A2,GDS,16,0.3,9830,4096,256,8,54807.966,64441.467,40263680,true,pending_log_review,,1,16
A2,GDS,16,0.3,9830,4096,256,9,44769.584,53221.298,40263680,true,pending_log_review,,1,16
A2,GDS,16,0.3,9830,4096,256,10,44789.688,52977.278,40263680,true,pending_log_review,,1,16
A2,GDS,16,0.3,9830,4096,256,11,50262.07,59204.758,40263680,true,pending_log_review,,1,16
A2,GDS,16,0.3,9830,4096,256,12,51219.384,60022.294,40263680,true,pending_log_review,,1,16
A2,GDS,16,0.3,9830,4096,256,13,54390.309,64151.053,40263680,true,pending_log_review,,1,16
A2,GDS,16,0.3,9830,4096,256,14,57042.043,66420.727,40263680,true,pending_log_review,,1,16
A2,GDS,16,0.3,9830,4096,256,15,45371.562,54058.396,40263680,true,pending_log_review,,1,16
A2,GDS,16,0.3,9830,4096,256,16,44758.659,53036.541,40263680,true,pending_log_review,,1,16
A2,GDS,16,0.3,9830,4096,256,17,44524.338,53064.431,40263680,true,pending_log_review,,1,16
A2,GDS,16,0.3,9830,4096,256,18,50036.212,59131.533,40263680,true,pending_log_review,,1,16
A2,GDS,16,0.3,9830,4096,256,19,45500.845,54063.856,40263680,true,pending_log_review,,1,16
A2,GDS,16,0.3,9830,4096,256,20,44787.392,53017.206,40263680,true,pending_log_review,,1,16
A2,GDS,16,0.3,9830,4096,256,21,44541.083,52910.439,40263680,true,pending_log_review,,1,16
A2,GDS,16,0.3,9830,4096,256,22,44787.662,53275.783,40263680,true,pending_log_review,,1,16
A2,GDS,16,0.3,9830,4096,256,23,50742.863,59640.301,40263680,true,pending_log_review,,1,16
A2,GDS,16,0.3,9830,4096,256,24,50250.459,59117.99,40263680,true,pending_log_review,,1,16
A2,GDS,16,0.3,9830,4096,256,25,50978.074,59716.432,40263680,true,pending_log_review,,1,16
A2,GDS,16,0.3,9830,4096,256,26,50556.61,59402.687,40263680,true,pending_log_review,,1,16
A2,GDS,16,0.3,9830,4096,256,27,49908.213,58622.089,40263680,true,pending_log_review,,1,16
A2,GDS,16,0.3,9830,4096,256,28,50636.417,59521.355,40263680,true,pending_log_review,,1,16
A2,GDS,16,0.3,9830,4096,256,29,43965.444,52200.388,40263680,true,pending_log_review,,1,16
A2,GDS,16,0.3,9830,4096,256,30,49967.81,58948.303,40263680,true,pending_log_review,,1,16
A2,GDS,16,0.3,9830,4096,256,31,50480.589,59643.338,40263680,true,pending_log_review,,1,16
A2,GDS,16,0.3,9830,4096,256,32,55586.395,64958.179,40263680,true,pending_log_review,,1,16
A2,GDS,16,0.3,9830,4096,256,33,49280.891,57870.523,40263680,true,pending_log_review,,1,16
A2,GDS,16,0.3,9830,4096,256,34,44706.127,53320.815,40263680,true,pending_log_review,,1,16
A2,GDS,16,0.3,9830,4096,256,35,45265.593,53536.745,40263680,true,pending_log_review,,1,16
A2,GDS,16,0.3,9830,4096,256,36,45106.546,53557.54,40263680,true,pending_log_review,,1,16
A2,GDS,16,0.3,9830,4096,256,37,45196.093,53575.804,40263680,true,pending_log_review,,1,16
A2,GDS,16,0.3,9830,4096,256,38,50493.285,59357.888,40263680,true,pending_log_review,,1,16
A2,GDS,16,0.3,9830,4096,256,39,44286.036,52437.804,40263680,true,pending_log_review,,1,16
A2,GDS,16,0.3,9830,4096,256,40,50091.443,59062.739,40263680,true,pending_log_review,,1,16
A2,GDS,16,0.3,9830,4096,256,41,44471.294,53136.716,40263680,true,pending_log_review,,1,16
A2,GDS,16,0.3,9830,4096,256,42,50376.515,59474.305,40263680,true,pending_log_review,,1,16
A2,GDS,16,0.3,9830,4096,256,43,44301.5,52634.341,40263680,true,pending_log_review,,1,16
A2,GDS,16,0.3,9830,4096,256,44,44827.281,53275.602,40263680,true,pending_log_review,,1,16
A2,GDS,16,0.3,9830,4096,256,45,50787.234,59538.218,40263680,true,pending_log_review,,1,16
A2,GDS,16,0.3,9830,4096,256,46,44588.914,53056.92,40263680,true,pending_log_review,,1,16
A2,GDS,16,0.3,9830,4096,256,47,44814.73,53499.901,40263680,true,pending_log_review,,1,16
A2,GDS,16,0.3,9830,4096,256,48,44185.312,52677.061,40263680,true,pending_log_review,,1,16
A2,GDS,16,0.3,9830,4096,256,49,55774.599,65234.894,40263680,true,pending_log_review,,1,16
A2,GDS,16,0.3,9830,4096,256,50,54571.317,64040.579,40263680,true,pending_log_review,,1,16
A2,GDS,16,0.3,9830,4096,256,51,56648.931,66004.339,40263680,true,pending_log_review,,1,16
A2,GDS,16,0.3,9830,4096,256,52,44886.295,53323.203,40263680,true,pending_log_review,,1,16
A2,GDS,16,0.3,9830,4096,256,53,44862.896,53245.894,40263680,true,pending_log_review,,1,16
A2,GDS,16,0.3,9830,4096,256,54,45457.532,54125.959,40263680,true,pending_log_review,,1,16
A2,GDS,16,0.3,9830,4096,256,55,50051.043,59402.533,40263680,true,pending_log_review,,1,16
A2,GDS,16,0.3,9830,4096,256,56,44445.245,52871.548,40263680,true,pending_log_review,,1,16
A2,GDS,16,0.3,9830,4096,256,57,49854.762,58637.13,40263680,true,pending_log_review,,1,16
A2,GDS,16,0.3,9830,4096,256,58,44306.475,52636.762,40263680,true,pending_log_review,,1,16
A2,GDS,16,0.3,9830,4096,256,59,50126.638,58873.541,40263680,true,pending_log_review,,1,16
A2,GDS,16,0.3,9830,4096,256,60,50272.594,59065.081,40263680,true,pending_log_review,,1,16
A2,GDS,16,0.3,9830,4096,256,61,44689.385,53147.071,40263680,true,pending_log_review,,1,16
A2,GDS,16,0.3,9830,4096,256,62,60332.567,69986.067,40263680,true,pending_log_review,,1,16
A2,GDS,16,0.3,9830,4096,256,63,50292.517,59127.798,40263680,true,pending_log_review,,1,16
A2,GDS,16,0.3,9830,4096,256,64,44746.709,52954.481,40263680,true,pending_log_review,,1,16
A2,GDS,16,0.3,9830,4096,256,65,44511.119,52970.645,40263680,true,pending_log_review,,1,16
A2,GDS,16,0.3,9830,4096,256,66,45235.33,53721.053,40263680,true,pending_log_review,,1,16
A2,GDS,16,0.3,9830,4096,256,67,55881.972,65295.215,40263680,true,pending_log_review,,1,16
A2,GDS,16,0.3,9830,4096,256,68,44646.426,53143.879,40263680,true,pending_log_review,,1,16
A2,GDS,16,0.3,9830,4096,256,69,43971.995,52346.916,40263680,true,pending_log_review,,1,16
A2,GDS,16,0.3,9830,4096,256,70,49010.6,57716.966,40263680,true,pending_log_review,,1,16
A2,GDS,16,0.3,9830,4096,256,71,50404.261,59298.647,40263680,true,pending_log_review,,1,16
A2,GDS,16,0.3,9830,4096,256,72,44969.575,53485.178,40263680,true,pending_log_review,,1,16
A2,GDS,16,0.3,9830,4096,256,73,44594.186,53005.113,40263680,true,pending_log_review,,1,16
A2,GDS,16,0.3,9830,4096,256,74,49633.643,58434.029,40263680,true,pending_log_review,,1,16
A2,GDS,16,0.3,9830,4096,256,75,44178.291,52703.284,40263680,true,pending_log_review,,1,16
A2,GDS,16,0.3,9830,4096,256,76,49371.511,58431.486,40263680,true,pending_log_review,,1,16
A2,GDS,16,0.3,9830,4096,256,77,44750.797,53190.285,40263680,true,pending_log_review,,1,16
A2,GDS,16,0.3,9830,4096,256,78,50653.523,59599.659,40263680,true,pending_log_review,,1,16
A2,GDS,16,0.3,9830,4096,256,79,45302.501,53510.042,40263680,true,pending_log_review,,1,16
A2,GDS,16,0.3,9830,4096,256,80,44997.222,54025.208,40263680,true,pending_log_review,,1,16
A2,GDS,16,0.3,9830,4096,256,81,44785.115,53278.354,40263680,true,pending_log_review,,1,16
A2,GDS,16,0.3,9830,4096,256,82,55830.435,64968.409,40263680,true,pending_log_review,,1,16
A2,GDS,16,0.3,9830,4096,256,83,50397.32,59195.74,40263680,true,pending_log_review,,1,16
A2,GDS,16,0.3,9830,4096,256,84,45120.465,53889.665,40263680,true,pending_log_review,,1,16
A2,GDS,16,0.3,9830,4096,256,85,44093.105,52697.599,40263680,true,pending_log_review,,1,16
A2,GDS,16,0.3,9830,4096,256,86,45017.766,53837.525,40263680,true,pending_log_review,,1,16
A2,GDS,16,0.3,9830,4096,256,87,44852.113,53145.402,40263680,true,pending_log_review,,1,16
A2,GDS,16,0.3,9830,4096,256,88,50904.718,59592.254,40263680,true,pending_log_review,,1,16
A2,GDS,16,0.3,9830,4096,256,89,50743.49,59441.153,40263680,true,pending_log_review,,1,16
A2,GDS,16,0.3,9830,4096,256,90,44912.51,53346.622,40263680,true,pending_log_review,,1,16
A2,GDS,16,0.3,9830,4096,256,91,50566.202,59499.058,40263680,true,pending_log_review,,1,16
A2,GDS,16,0.3,9830,4096,256,92,50754.27,59317.349,40263680,true,pending_log_review,,1,16
A2,GDS,16,0.3,9830,4096,256,93,55916.94,64962.4,40263680,true,pending_log_review,,1,16
A2,GDS,16,0.3,9830,4096,256,94,50460.715,59228.202,40263680,true,pending_log_review,,1,16
A2,GDS,16,0.3,9830,4096,256,95,44646.463,53335.668,40263680,true,pending_log_review,,1,16
A2,GDS,16,0.3,9830,4096,256,96,44801.33,53132.291,40263680,true,pending_log_review,,1,16
A2,GDS,16,0.3,9830,4096,256,97,50229.857,59563.266,40263680,true,pending_log_review,,1,16
A2,GDS,16,0.3,9830,4096,256,98,45244.312,53851.065,40263680,true,pending_log_review,,1,16
A2,GDS,16,0.3,9830,4096,256,99,45117.84,53656.429,40263680,true,pending_log_review,,1,16
A2,GDS,16,0.3,9830,4096,256,100,45232.107,53625.05,40263680,true,pending_log_review,,1,16
A2,GDS,16,0.3,9830,4096,256,101,44905.124,53426.817,40263680,true,pending_log_review,,1,16
A2,GDS,16,0.3,9830,4096,256,102,50880.937,59852.446,40263680,true,pending_log_review,,1,16
A2,GDS,16,0.3,9830,4096,256,103,44694.062,53120.808,40263680,true,pending_log_review,,1,16
A2,GDS,16,0.3,9830,4096,256,104,44448.627,52680.32,40263680,true,pending_log_review,,1,16
A2,GDS,16,0.3,9830,4096,256,105,44986.794,53762.371,40263680,true,pending_log_review,,1,16
A2,GDS,16,0.3,9830,4096,256,106,50923.23,59890.772,40263680,true,pending_log_review,,1,16
A2,GDS,16,0.3,9830,4096,256,107,50573.577,59372.865,40263680,true,pending_log_review,,1,16
A2,GDS,16,0.3,9830,4096,256,108,44510.824,52937.303,40263680,true,pending_log_review,,1,16
A2,GDS,16,0.3,9830,4096,256,109,44177.241,52589.593,40263680,true,pending_log_review,,1,16
A2,GDS,16,0.3,9830,4096,256,110,44873.917,53430.707,40263680,true,pending_log_review,,1,16
A2,GDS,16,0.3,9830,4096,256,111,44341.502,53006.397,40263680,true,pending_log_review,,1,16
A2,GDS,16,0.3,9830,4096,256,112,44750.872,53287.969,40263680,true,pending_log_review,,1,16
A2,GDS,16,0.3,9830,4096,256,113,55984.469,65544.804,40263680,true,pending_log_review,,1,16
A2,GDS,16,0.3,9830,4096,256,114,44808.787,53374.754,40263680,true,pending_log_review,,1,16
A2,GDS,16,0.3,9830,4096,256,115,50583.452,59270.915,40263680,true,pending_log_review,,1,16
A2,GDS,16,0.3,9830,4096,256,116,45181.358,53799.996,40263680,true,pending_log_review,,1,16
A2,GDS,16,0.3,9830,4096,256,117,45229.448,53618.482,40263680,true,pending_log_review,,1,16
A2,GDS,16,0.3,9830,4096,256,118,49424.629,58520.827,40263680,true,pending_log_review,,1,16
A2,GDS,16,0.3,9830,4096,256,119,45321.103,53843.774,40263680,true,pending_log_review,,1,16
A2,GDS,16,0.3,9830,4096,256,120,45014.439,53784.424,40263680,true,pending_log_review,,1,16
A2,GDS,16,0.3,9830,4096,256,121,44587.919,53018.78,40263680,true,pending_log_review,,1,16
A2,GDS,16,0.3,9830,4096,256,122,45005.563,53612.652,40263680,true,pending_log_review,,1,16
A2,GDS,16,0.3,9830,4096,256,123,44343.052,52929.083,40263680,true,pending_log_review,,1,16
A2,GDS,16,0.3,9830,4096,256,124,50669.133,59464.397,40263680,true,pending_log_review,,1,16
A2,GDS,16,0.3,9830,4096,256,125,51028.002,59873.725,40263680,true,pending_log_review,,1,16
A2,GDS,16,0.3,9830,4096,256,126,50995.901,59826.706,40263680,true,pending_log_review,,1,16
A2,GDS,16,0.3,9830,4096,256,127,44109.844,52487.592,40263680,true,pending_log_review,,1,16
A2,GDS,16,0.3,9830,4096,256,128,50434.579,59317.968,40263680,true,pending_log_review,,1,16
A2,GDS,16,0.3,9830,4096,256,129,50966.778,59722.358,40263680,true,pending_log_review,,1,16
A2,GDS,16,0.3,9830,4096,256,130,50286.612,59106.214,40263680,true,pending_log_review,,1,16
A2,GDS,16,0.3,9830,4096,256,131,50968.458,59932.086,40263680,true,pending_log_review,,1,16
A2,GDS,16,0.3,9830,4096,256,132,49800.644,58843.011,40263680,true,pending_log_review,,1,16
A2,GDS,16,0.3,9830,4096,256,133,44808.926,53380.972,40263680,true,pending_log_review,,1,16
A2,GDS,16,0.3,9830,4096,256,134,43794.6,51985.827,40263680,true,pending_log_review,,1,16
A2,GDS,16,0.3,9830,4096,256,135,51028.31,59830.656,40263680,true,pending_log_review,,1,16
A2,GDS,16,0.3,9830,4096,256,136,45334.127,53800.401,40263680,true,pending_log_review,,1,16
A2,GDS,16,0.3,9830,4096,256,137,50177.963,58913.85,40263680,true,pending_log_review,,1,16
A2,GDS,16,0.3,9830,4096,256,138,45118.485,53901.343,40263680,true,pending_log_review,,1,16
A2,GDS,16,0.3,9830,4096,256,139,44958.212,53455.779,40263680,true,pending_log_review,,1,16
A2,GDS,16,0.3,9830,4096,256,140,45118.595,53737.301,40263680,true,pending_log_review,,1,16
A2,GDS,16,0.3,9830,4096,256,141,53379.424,62975.005,40263680,true,pending_log_review,,1,16
A2,GDS,16,0.3,9830,4096,256,142,45500.688,54230.099,40263680,true,pending_log_review,,1,16
A2,GDS,16,0.3,9830,4096,256,143,45552.835,53980.299,40263680,true,pending_log_review,,1,16
A2,GDS,16,0.3,9830,4096,256,144,44332.454,52497.93,40263680,true,pending_log_review,,1,16
A2,GDS,16,0.3,9830,4096,256,145,45032.715,53490.609,40263680,true,pending_log_review,,1,16
A2,GDS,16,0.3,9830,4096,256,146,44385.762,52811.718,40263680,true,pending_log_review,,1,16
A2,GDS,16,0.3,9830,4096,256,147,44709.206,53072.566,40263680,true,pending_log_review,,1,16
A2,GDS,16,0.3,9830,4096,256,148,44631.689,53369.081,40263680,true,pending_log_review,,1,16
A2,GDS,16,0.3,9830,4096,256,149,51247.36,60898.708,40263680,true,pending_log_review,,1,16
A2,GDS,16,0.3,9830,4096,256,150,45905.407,54710.742,40263680,true,pending_log_review,,1,16
A2,GDS,16,0.3,9830,4096,256,151,44966.973,53517.108,40263680,true,pending_log_review,,1,16
A2,GDS,16,0.3,9830,4096,256,152,49614.355,58598.406,40263680,true,pending_log_review,,1,16
A2,GDS,16,0.3,9830,4096,256,153,44317.789,52772.906,40263680,true,pending_log_review,,1,16
A2,GDS,16,0.3,9830,4096,256,154,44665.534,53257.811,40263680,true,pending_log_review,,1,16
A2,GDS,16,0.3,9830,4096,256,155,55070.569,64331.585,40263680,true,pending_log_review,,1,16
A2,GDS,16,0.3,9830,4096,256,156,44684.333,53285.311,40263680,true,pending_log_review,,1,16
A2,GDS,16,0.3,9830,4096,256,157,50718.381,59571.575,40263680,true,pending_log_review,,1,16
A2,GDS,16,0.3,9830,4096,256,158,50553.297,59744.875,40263680,true,pending_log_review,,1,16
A2,GDS,16,0.3,9830,4096,256,159,49722.116,58656.689,40263680,true,pending_log_review,,1,16
A2,GDS,16,0.3,9830,4096,256,160,50924.199,60012.627,40263680,true,pending_log_review,,1,16
A2,GDS,16,0.3,9830,4096,256,161,44562.19,53015.862,40263680,true,pending_log_review,,1,16
A2,GDS,16,0.3,9830,4096,256,162,51767.233,60958.621,40263680,true,pending_log_review,,1,16
A2,GDS,16,0.3,9830,4096,256,163,50617.363,59700.762,40263680,true,pending_log_review,,1,16
A2,GDS,16,0.3,9830,4096,256,164,44864.982,53640.646,40263680,true,pending_log_review,,1,16
A2,GDS,16,0.3,9830,4096,256,165,44846.669,53338.857,40263680,true,pending_log_review,,1,16
A2,GDS,16,0.3,9830,4096,256,166,45316.475,54156.433,40263680,true,pending_log_review,,1,16
A2,GDS,16,0.3,9830,4096,256,167,50376.032,59008.025,40263680,true,pending_log_review,,1,16
A2,GDS,16,0.3,9830,4096,256,168,44903.747,53643.4,40263680,true,pending_log_review,,1,16
A2,GDS,16,0.3,9830,4096,256,169,44421.51,53369.009,40263680,true,pending_log_review,,1,16
A2,GDS,16,0.3,9830,4096,256,170,44939.423,53485.714,40263680,true,pending_log_review,,1,16
A2,GDS,16,0.3,9830,4096,256,171,44948.007,53592.167,40263680,true,pending_log_review,,1,16
A2,GDS,16,0.3,9830,4096,256,172,44451.226,53140.512,40263680,true,pending_log_review,,1,16
A2,GDS,16,0.3,9830,4096,256,173,45271.803,53986.308,40263680,true,pending_log_review,,1,16
A2,GDS,16,0.3,9830,4096,256,174,44424.05,53218.416,40263680,true,pending_log_review,,1,16
A2,GDS,16,0.3,9830,4096,256,175,44804.433,53301.298,40263680,true,pending_log_review,,1,16
A2,GDS,16,0.3,9830,4096,256,176,49288.302,58598.599,40263680,true,pending_log_review,,1,16
A2,GDS,16,0.3,9830,4096,256,177,55746.687,65151.938,40263680,true,pending_log_review,,1,16
A2,GDS,16,0.3,9830,4096,256,178,44980.99,53633.36,40263680,true,pending_log_review,,1,16
A2,GDS,16,0.3,9830,4096,256,179,50518.201,59694.75,40263680,true,pending_log_review,,1,16
A2,GDS,16,0.3,9830,4096,256,180,45246.662,54089.43,40263680,true,pending_log_review,,1,16
A2,GDS,16,0.3,9830,4096,256,181,45344.775,54114.01,40263680,true,pending_log_review,,1,16
A2,GDS,16,0.3,9830,4096,256,182,50336.829,59191.62,40263680,true,pending_log_review,,1,16
A2,GDS,16,0.3,9830,4096,256,183,45083.767,53963.109,40263680,true,pending_log_review,,1,16
A2,GDS,16,0.3,9830,4096,256,184,44960.135,53403.526,40263680,true,pending_log_review,,1,16
A2,GDS,16,0.3,9830,4096,256,185,50851.137,59545.604,40263680,true,pending_log_review,,1,16
A2,GDS,16,0.3,9830,4096,256,186,50369.435,59532.932,40263680,true,pending_log_review,,1,16
A2,GDS,16,0.3,9830,4096,256,187,44802.347,53390.555,40263680,true,pending_log_review,,1,16
A2,GDS,16,0.3,9830,4096,256,188,50985.752,60257.722,40263680,true,pending_log_review,,1,16
A2,GDS,16,0.3,9830,4096,256,189,45037.314,53746.328,40263680,true,pending_log_review,,1,16
A2,GDS,16,0.3,9830,4096,256,190,49959.445,59254.546,40263680,true,pending_log_review,,1,16
A2,GDS,16,0.3,9830,4096,256,191,44794.772,53564.989,40263680,true,pending_log_review,,1,16
A2,GDS,16,0.3,9830,4096,256,192,55300.349,65270.199,40263680,true,pending_log_review,,1,16
A2,GDS,16,0.3,9830,4096,256,193,44752.489,53579.953,40263680,true,pending_log_review,,1,16
A2,GDS,16,0.3,9830,4096,256,194,45017.187,53669.769,40263680,true,pending_log_review,,1,16
A2,GDS,16,0.3,9830,4096,256,195,56209.448,65654.3,40263680,true,pending_log_review,,1,16
A2,GDS,16,0.3,9830,4096,256,196,44911.927,53587.448,40263680,true,pending_log_review,,1,16
A2,GDS,16,0.3,9830,4096,256,197,49786.793,58991.609,40263680,true,pending_log_review,,1,16
A2,GDS,16,0.3,9830,4096,256,198,44371.593,53032.679,40263680,true,pending_log_review,,1,16
A2,GDS,16,0.3,9830,4096,256,199,55729.865,65159.729,40263680,true,pending_log_review,,1,16
A2,GDS,16,0.3,9830,4096,256,0,50108.854,59742.425,40263680,true,pending_log_review,,3,16
A2,GDS,64,0.067,8782,4096,256,0,39941.473,47594.375,35971072,true,pending_log_review,,2,16
A2,GDS,64,0.067,8782,4096,256,0,40321.352,47861.89,35971072,true,pending_log_review,,0,16
A2,GDS,64,0.067,8782,4096,256,1,45015.005,53224.693,35971072,true,pending_log_review,,0,16
A2,GDS,64,0.067,8782,4096,256,2,45744.766,54180.12,35971072,true,pending_log_review,,0,16
A2,GDS,64,0.067,8782,4096,256,3,40232.64,48217.219,35971072,true,pending_log_review,,0,16
A2,GDS,64,0.067,8782,4096,256,4,39744.879,47384.407,35971072,true,pending_log_review,,0,16
A2,GDS,64,0.067,8782,4096,256,5,40012.073,48024.076,35971072,true,pending_log_review,,0,16
A2,GDS,64,0.067,8782,4096,256,6,45142.442,53068.102,35971072,true,pending_log_review,,0,16
A2,GDS,64,0.067,8782,4096,256,7,45486.444,53805.102,35971072,true,pending_log_review,,0,16
A2,GDS,64,0.067,8782,4096,256,8,40006.621,47618.782,35971072,true,pending_log_review,,0,16
A2,GDS,64,0.067,8782,4096,256,9,40312.35,48030.493,35971072,true,pending_log_review,,0,16
A2,GDS,64,0.067,8782,4096,256,0,40310.216,48147.073,35971072,true,pending_log_review,,1,16
A2,GDS,64,0.067,8782,4096,256,1,40327.002,47882.384,35971072,true,pending_log_review,,1,16
A2,GDS,64,0.067,8782,4096,256,2,40588.367,48313.07,35971072,true,pending_log_review,,1,16
A2,GDS,64,0.067,8782,4096,256,3,45543.731,53977.714,35971072,true,pending_log_review,,1,16
A2,GDS,64,0.067,8782,4096,256,4,39644.865,47096.292,35971072,true,pending_log_review,,1,16
A2,GDS,64,0.067,8782,4096,256,5,46575.771,55000.05,35971072,true,pending_log_review,,1,16
A2,GDS,64,0.067,8782,4096,256,6,39444.321,47021.166,35971072,true,pending_log_review,,1,16
A2,GDS,64,0.067,8782,4096,256,7,39873.511,47736.381,35971072,true,pending_log_review,,1,16
A2,GDS,64,0.067,8782,4096,256,8,45888.49,54074.817,35971072,true,pending_log_review,,1,16
A2,GDS,64,0.067,8782,4096,256,9,39703.084,47330.254,35971072,true,pending_log_review,,1,16
A2,GDS,64,0.067,8782,4096,256,10,39872.975,47974.894,35971072,true,pending_log_review,,1,16
A2,GDS,64,0.067,8782,4096,256,11,45902.937,54012.215,35971072,true,pending_log_review,,1,16
A2,GDS,64,0.067,8782,4096,256,12,47223.352,55743.725,35971072,true,pending_log_review,,1,16
A2,GDS,64,0.067,8782,4096,256,13,46082.978,54084.651,35971072,true,pending_log_review,,1,16
A2,GDS,64,0.067,8782,4096,256,14,39498.45,47101.516,35971072,true,pending_log_review,,1,16
A2,GDS,64,0.067,8782,4096,256,15,44909.429,53005.29,35971072,true,pending_log_review,,1,16
A2,GDS,64,0.067,8782,4096,256,16,45997.57,54197.424,35971072,true,pending_log_review,,1,16
A2,GDS,64,0.067,8782,4096,256,17,46201.907,54280.524,35971072,true,pending_log_review,,1,16
A2,GDS,64,0.067,8782,4096,256,18,45956.36,54411.921,35971072,true,pending_log_review,,1,16
A2,GDS,64,0.067,8782,4096,256,19,39809.315,47873.344,35971072,true,pending_log_review,,1,16
A2,GDS,64,0.067,8782,4096,256,20,45661.561,54159.533,35971072,true,pending_log_review,,1,16
A2,GDS,64,0.067,8782,4096,256,21,45784.688,53877.459,35971072,true,pending_log_review,,1,16
A2,GDS,64,0.067,8782,4096,256,22,40572.988,48452.123,35971072,true,pending_log_review,,1,16
A2,GDS,64,0.067,8782,4096,256,23,45597.566,53551.579,35971072,true,pending_log_review,,1,16
A2,GDS,64,0.067,8782,4096,256,24,39899.093,47564.501,35971072,true,pending_log_review,,1,16
A2,GDS,64,0.067,8782,4096,256,25,40236.255,48110.12,35971072,true,pending_log_review,,1,16
A2,GDS,64,0.067,8782,4096,256,26,44421.51,52446.605,35971072,true,pending_log_review,,1,16
A2,GDS,64,0.067,8782,4096,256,27,45455.69,53629.298,35971072,true,pending_log_review,,1,16
A2,GDS,64,0.067,8782,4096,256,28,45749.797,53666.819,35971072,true,pending_log_review,,1,16
A2,GDS,64,0.067,8782,4096,256,29,40204.828,47865.67,35971072,true,pending_log_review,,1,16
A2,GDS,64,0.067,8782,4096,256,30,45467.946,53519.422,35971072,true,pending_log_review,,1,16
A2,GDS,64,0.067,8782,4096,256,31,39738.671,47502.288,35971072,true,pending_log_review,,1,16
A2,GDS,64,0.067,8782,4096,256,32,39880.547,47655.016,35971072,true,pending_log_review,,1,16
A2,GDS,64,0.067,8782,4096,256,33,40288.728,47879.669,35971072,true,pending_log_review,,1,16
A2,GDS,64,0.067,8782,4096,256,34,40067.48,47692.853,35971072,true,pending_log_review,,1,16
A2,GDS,64,0.067,8782,4096,256,35,46032.915,54134.544,35971072,true,pending_log_review,,1,16
A2,GDS,64,0.067,8782,4096,256,36,40549.672,48500.51,35971072,true,pending_log_review,,1,16
A2,GDS,64,0.067,8782,4096,256,37,40283.135,48108.32,35971072,true,pending_log_review,,1,16
A2,GDS,64,0.067,8782,4096,256,38,46313.343,54534.976,35971072,true,pending_log_review,,1,16
A2,GDS,64,0.067,8782,4096,256,39,39544.528,47194.692,35971072,true,pending_log_review,,1,16
A2,GDS,64,0.067,8782,4096,256,40,40805.321,48720.788,35971072,true,pending_log_review,,1,16
A2,GDS,64,0.067,8782,4096,256,41,40019.69,47645.633,35971072,true,pending_log_review,,1,16
A2,GDS,64,0.067,8782,4096,256,42,40630.708,48550.904,35971072,true,pending_log_review,,1,16
A2,GDS,64,0.067,8782,4096,256,43,46454.773,54573.485,35971072,true,pending_log_review,,1,16
A2,GDS,64,0.067,8782,4096,256,44,40060.751,47676.448,35971072,true,pending_log_review,,1,16
A2,GDS,64,0.067,8782,4096,256,45,40383.547,48214.517,35971072,true,pending_log_review,,1,16
A2,GDS,64,0.067,8782,4096,256,46,39945.386,47517.887,35971072,true,pending_log_review,,1,16
A2,GDS,64,0.067,8782,4096,256,47,39659.065,47259.079,35971072,true,pending_log_review,,1,16
A2,GDS,64,0.067,8782,4096,256,48,45442.863,54094.361,35971072,true,pending_log_review,,1,16
A2,GDS,64,0.067,8782,4096,256,49,40142.247,48069.193,35971072,true,pending_log_review,,1,16
A2,GDS,64,0.067,8782,4096,256,50,46527.316,54529.439,35971072,true,pending_log_review,,1,16
A2,GDS,64,0.067,8782,4096,256,51,39396.592,46728.812,35971072,true,pending_log_review,,1,16
A2,GDS,64,0.067,8782,4096,256,52,45594.609,54004.798,35971072,true,pending_log_review,,1,16
A2,GDS,64,0.067,8782,4096,256,53,45869.994,54005.185,35971072,true,pending_log_review,,1,16
A2,GDS,64,0.067,8782,4096,256,54,46545.476,54506.406,35971072,true,pending_log_review,,1,16
A2,GDS,64,0.067,8782,4096,256,55,45981.774,53828.394,35971072,true,pending_log_review,,1,16
A2,GDS,64,0.067,8782,4096,256,56,39975.479,47759.075,35971072,true,pending_log_review,,1,16
A2,GDS,64,0.067,8782,4096,256,57,39685.643,47080.674,35971072,true,pending_log_review,,1,16
A2,GDS,64,0.067,8782,4096,256,58,50363.227,59090.289,35971072,true,pending_log_review,,1,16
A2,GDS,64,0.067,8782,4096,256,59,46029.58,53840.101,35971072,true,pending_log_review,,1,16
A2,GDS,64,0.067,8782,4096,256,60,50495.136,59045.967,35971072,true,pending_log_review,,1,16
A2,GDS,64,0.067,8782,4096,256,61,45347.082,53093.52,35971072,true,pending_log_review,,1,16
A2,GDS,64,0.067,8782,4096,256,62,39924.853,47741.733,35971072,true,pending_log_review,,1,16
A2,GDS,64,0.067,8782,4096,256,63,39852.001,47644.638,35971072,true,pending_log_review,,1,16
A2,GDS,64,0.067,8782,4096,256,64,45399.66,54082.318,35971072,true,pending_log_review,,1,16
A2,GDS,64,0.067,8782,4096,256,65,40277.368,48410.398,35971072,true,pending_log_review,,1,16
A2,GDS,64,0.067,8782,4096,256,66,50812.106,59351.343,35971072,true,pending_log_review,,1,16
A2,GDS,64,0.067,8782,4096,256,67,45805.946,54063.457,35971072,true,pending_log_review,,1,16
A2,GDS,64,0.067,8782,4096,256,68,45853.231,53744.977,35971072,true,pending_log_review,,1,16
A2,GDS,64,0.067,8782,4096,256,69,40353.006,48082.046,35971072,true,pending_log_review,,1,16
A2,GDS,64,0.067,8782,4096,256,70,43940.699,52206.202,35971072,true,pending_log_review,,1,16
A2,GDS,64,0.067,8782,4096,256,71,46259.986,54091.958,35971072,true,pending_log_review,,1,16
A2,GDS,64,0.067,8782,4096,256,72,39862.675,47413.265,35971072,true,pending_log_review,,1,16
A2,GDS,64,0.067,8782,4096,256,73,39933.809,47541.344,35971072,true,pending_log_review,,1,16
A2,GDS,64,0.067,8782,4096,256,74,40572.565,48125.139,35971072,true,pending_log_review,,1,16
A2,GDS,64,0.067,8782,4096,256,75,39784.784,47285.82,35971072,true,pending_log_review,,1,16
A2,GDS,64,0.067,8782,4096,256,76,39779.85,47488.354,35971072,true,pending_log_review,,1,16
A2,GDS,64,0.067,8782,4096,256,77,39629.341,47428.878,35971072,true,pending_log_review,,1,16
A2,GDS,64,0.067,8782,4096,256,78,50313.34,59702.011,35971072,true,pending_log_review,,1,16
A2,GDS,64,0.067,8782,4096,256,79,40007.395,47877.341,35971072,true,pending_log_review,,1,16
A2,GDS,64,0.067,8782,4096,256,80,51078.987,59591.468,35971072,true,pending_log_review,,1,16
A2,GDS,64,0.067,8782,4096,256,81,45789.084,53739.073,35971072,true,pending_log_review,,1,16
A2,GDS,64,0.067,8782,4096,256,82,40462.691,48187.675,35971072,true,pending_log_review,,1,16
A2,GDS,64,0.067,8782,4096,256,83,39856.495,47331.106,35971072,true,pending_log_review,,1,16
A2,GDS,64,0.067,8782,4096,256,84,46287.546,54020.273,35971072,true,pending_log_review,,1,16
A2,GDS,64,0.067,8782,4096,256,85,46752.815,54639.245,35971072,true,pending_log_review,,1,16
A2,GDS,64,0.067,8782,4096,256,86,45625.99,53639.887,35971072,true,pending_log_review,,1,16
A2,GDS,64,0.067,8782,4096,256,87,45963.537,54198.297,35971072,true,pending_log_review,,1,16
A2,GDS,64,0.067,8782,4096,256,88,60381.86,70166.797,35971072,true,pending_log_review,,1,16
A2,GDS,64,0.067,8782,4096,256,89,39553.616,47107.896,35971072,true,pending_log_review,,1,16
A2,GDS,64,0.067,8782,4096,256,90,46910.694,55182.407,35971072,true,pending_log_review,,1,16
A2,GDS,64,0.067,8782,4096,256,91,46153.392,54443.319,35971072,true,pending_log_review,,1,16
A2,GDS,64,0.067,8782,4096,256,92,39991.271,47963.729,35971072,true,pending_log_review,,1,16
A2,GDS,64,0.067,8782,4096,256,93,45923.879,53943.334,35971072,true,pending_log_review,,1,16
A2,GDS,64,0.067,8782,4096,256,94,39869.725,47525.381,35971072,true,pending_log_review,,1,16
A2,GDS,64,0.067,8782,4096,256,95,45323.628,53451.414,35971072,true,pending_log_review,,1,16
A2,GDS,64,0.067,8782,4096,256,96,40522.807,48349.63,35971072,true,pending_log_review,,1,16
A2,GDS,64,0.067,8782,4096,256,97,39468.002,47023.712,35971072,true,pending_log_review,,1,16
A2,GDS,64,0.067,8782,4096,256,98,45668.625,53784.298,35971072,true,pending_log_review,,1,16
A2,GDS,64,0.067,8782,4096,256,99,45975.941,53912.204,35971072,true,pending_log_review,,1,16
A2,GDS,64,0.067,8782,4096,256,100,40824.149,48558.296,35971072,true,pending_log_review,,1,16
A2,GDS,64,0.067,8782,4096,256,101,40072.303,48093.926,35971072,true,pending_log_review,,1,16
A2,GDS,64,0.067,8782,4096,256,102,45827.433,54041.149,35971072,true,pending_log_review,,1,16
A2,GDS,64,0.067,8782,4096,256,103,45890.47,53776.191,35971072,true,pending_log_review,,1,16
A2,GDS,64,0.067,8782,4096,256,104,45657.622,53824.121,35971072,true,pending_log_review,,1,16
A2,GDS,64,0.067,8782,4096,256,105,39948.338,47826.184,35971072,true,pending_log_review,,1,16
A2,GDS,64,0.067,8782,4096,256,106,40102.692,47919.922,35971072,true,pending_log_review,,1,16
A2,GDS,64,0.067,8782,4096,256,107,45549.627,53403.277,35971072,true,pending_log_review,,1,16
A2,GDS,64,0.067,8782,4096,256,108,45905.21,54110.595,35971072,true,pending_log_review,,1,16
A2,GDS,64,0.067,8782,4096,256,109,45667.704,53515.3,35971072,true,pending_log_review,,1,16
A2,GDS,64,0.067,8782,4096,256,110,40455.702,48301.539,35971072,true,pending_log_review,,1,16
A2,GDS,64,0.067,8782,4096,256,111,39377.122,46992.119,35971072,true,pending_log_review,,1,16
A2,GDS,64,0.067,8782,4096,256,112,45497.428,53783.147,35971072,true,pending_log_review,,1,16
A2,GDS,64,0.067,8782,4096,256,113,45619.066,53829.35,35971072,true,pending_log_review,,1,16
A2,GDS,64,0.067,8782,4096,256,114,45667.573,53784.45,35971072,true,pending_log_review,,1,16
A2,GDS,64,0.067,8782,4096,256,115,51864.425,60521.402,35971072,true,pending_log_review,,1,16
A2,GDS,64,0.067,8782,4096,256,116,41016.414,49194.608,35971072,true,pending_log_review,,1,16
A2,GDS,64,0.067,8782,4096,256,117,48330.436,58802.856,35971072,true,pending_log_review,,1,16
A2,GDS,64,0.067,8782,4096,256,118,53693.425,66074.467,35971072,true,pending_log_review,,1,16
A2,GDS,64,0.067,8782,4096,256,119,53793.712,68573.227,35971072,true,pending_log_review,,1,16
A2,GDS,64,0.067,8782,4096,256,120,56524.804,71854.051,35971072,true,pending_log_review,,1,16
A2,GDS,64,0.067,8782,4096,256,121,55864.913,71077.455,35971072,true,pending_log_review,,1,16
A2,GDS,64,0.067,8782,4096,256,122,65704.995,81571.052,35971072,true,pending_log_review,,1,16
A2,GDS,64,0.067,8782,4096,256,123,63448.868,79041.664,35971072,true,pending_log_review,,1,16
A2,GDS,64,0.067,8782,4096,256,124,59678.275,74714.026,35971072,true,pending_log_review,,1,16
A2,GDS,64,0.067,8782,4096,256,125,60510.217,75600.056,35971072,true,pending_log_review,,1,16
A2,GDS,64,0.067,8782,4096,256,126,73001.742,88938.367,35971072,true,pending_log_review,,1,16
A2,GDS,64,0.067,8782,4096,256,127,56445.905,71988.565,35971072,true,pending_log_review,,1,16
A2,GDS,64,0.067,8782,4096,256,128,66484.085,83511.312,35971072,true,pending_log_review,,1,16
A2,GDS,64,0.067,8782,4096,256,129,61169.597,76634.147,35971072,true,pending_log_review,,1,16
A2,GDS,64,0.067,8782,4096,256,130,66298.403,82050.378,35971072,true,pending_log_review,,1,16
A2,GDS,64,0.067,8782,4096,256,131,75827.322,91829.877,35971072,true,pending_log_review,,1,16
A2,GDS,64,0.067,8782,4096,256,132,56708.062,72641.879,35971072,true,pending_log_review,,1,16
A2,GDS,64,0.067,8782,4096,256,133,56330.93,72189.217,35971072,true,pending_log_review,,1,16
A2,GDS,64,0.067,8782,4096,256,134,62345.552,78309.351,35971072,true,pending_log_review,,1,16
A2,GDS,64,0.067,8782,4096,256,135,68004.842,83432.528,35971072,true,pending_log_review,,1,16
A2,GDS,64,0.067,8782,4096,256,136,54982.471,70719.289,35971072,true,pending_log_review,,1,16
A2,GDS,64,0.067,8782,4096,256,137,56818.497,72781.667,35971072,true,pending_log_review,,1,16
A2,GDS,64,0.067,8782,4096,256,138,57481.828,73523.033,35971072,true,pending_log_review,,1,16
A2,GDS,64,0.067,8782,4096,256,139,59621.259,74782.354,35971072,true,pending_log_review,,1,16
A2,GDS,64,0.067,8782,4096,256,140,62120.068,78368.427,35971072,true,pending_log_review,,1,16
A2,GDS,64,0.067,8782,4096,256,141,65369.105,80652.47,35971072,true,pending_log_review,,1,16
A2,GDS,64,0.067,8782,4096,256,142,62062.241,77765.46,35971072,true,pending_log_review,,1,16
A2,GDS,64,0.067,8782,4096,256,143,61363.026,77239.153,35971072,true,pending_log_review,,1,16
A2,GDS,64,0.067,8782,4096,256,144,56653.297,72697.349,35971072,true,pending_log_review,,1,16
A2,GDS,64,0.067,8782,4096,256,145,59879.65,75639.698,35971072,true,pending_log_review,,1,16
A2,GDS,64,0.067,8782,4096,256,146,55452.132,70873.03,35971072,true,pending_log_review,,1,16
A2,GDS,64,0.067,8782,4096,256,147,53867.777,69473.132,35971072,true,pending_log_review,,1,16
A2,GDS,64,0.067,8782,4096,256,148,63002.782,79731.267,35971072,true,pending_log_review,,1,16
A2,GDS,64,0.067,8782,4096,256,149,56890.427,72495.076,35971072,true,pending_log_review,,1,16
A2,GDS,64,0.067,8782,4096,256,150,56300.013,71432.15,35971072,true,pending_log_review,,1,16
A2,GDS,64,0.067,8782,4096,256,151,58964.004,75689.341,35971072,true,pending_log_review,,1,16
A2,GDS,64,0.067,8782,4096,256,152,67676.574,83121.118,35971072,true,pending_log_review,,1,16
A2,GDS,64,0.067,8782,4096,256,153,64518.569,80528.054,35971072,true,pending_log_review,,1,16
A2,GDS,64,0.067,8782,4096,256,154,54491.302,70130.822,35971072,true,pending_log_review,,1,16
A2,GDS,64,0.067,8782,4096,256,155,53836.902,69339.081,35971072,true,pending_log_review,,1,16
A2,GDS,64,0.067,8782,4096,256,156,66199.484,83277.15,35971072,true,pending_log_review,,1,16
A2,GDS,64,0.067,8782,4096,256,157,59474.323,75195.985,35971072,true,pending_log_review,,1,16
A2,GDS,64,0.067,8782,4096,256,158,56206.879,72148.497,35971072,true,pending_log_review,,1,16
A2,GDS,64,0.067,8782,4096,256,159,54763.224,71176.838,35971072,true,pending_log_review,,1,16
A2,GDS,64,0.067,8782,4096,256,160,60500.883,75992.756,35971072,true,pending_log_review,,1,16
A2,GDS,64,0.067,8782,4096,256,161,55900.908,71414.004,35971072,true,pending_log_review,,1,16
A2,GDS,64,0.067,8782,4096,256,162,61854.865,77803.557,35971072,true,pending_log_review,,1,16
A2,GDS,64,0.067,8782,4096,256,163,55889.418,71730.692,35971072,true,pending_log_review,,1,16
A2,GDS,64,0.067,8782,4096,256,164,56976.107,72528.045,35971072,true,pending_log_review,,1,16
A2,GDS,64,0.067,8782,4096,256,165,56272.582,71668.685,35971072,true,pending_log_review,,1,16
A2,GDS,64,0.067,8782,4096,256,166,68735.626,85135.918,35971072,true,pending_log_review,,1,16
A2,GDS,64,0.067,8782,4096,256,167,55443.597,71220.184,35971072,true,pending_log_review,,1,16
A2,GDS,64,0.067,8782,4096,256,168,61991.005,78080.064,35971072,true,pending_log_review,,1,16
A2,GDS,64,0.067,8782,4096,256,169,68287.288,83737.828,35971072,true,pending_log_review,,1,16
A2,GDS,64,0.067,8782,4096,256,170,74349.877,90090.534,35971072,true,pending_log_review,,1,16
A2,GDS,64,0.067,8782,4096,256,171,58902.984,75985.172,35971072,true,pending_log_review,,1,16
A2,GDS,64,0.067,8782,4096,256,172,54438.007,70333.22,35971072,true,pending_log_review,,1,16
A2,GDS,64,0.067,8782,4096,256,173,64778.77,80049.527,35971072,true,pending_log_review,,1,16
A2,GDS,64,0.067,8782,4096,256,174,55262.119,71837.302,35971072,true,pending_log_review,,1,16
A2,GDS,64,0.067,8782,4096,256,175,56315.353,72102.529,35971072,true,pending_log_review,,1,16
A2,GDS,64,0.067,8782,4096,256,176,64915.58,81917.129,35971072,true,pending_log_review,,1,16
A2,GDS,64,0.067,8782,4096,256,177,61806.855,77280.96,35971072,true,pending_log_review,,1,16
A2,GDS,64,0.067,8782,4096,256,178,54863.806,70687.742,35971072,true,pending_log_review,,1,16
A2,GDS,64,0.067,8782,4096,256,179,67950.351,83978.436,35971072,true,pending_log_review,,1,16
A2,GDS,64,0.067,8782,4096,256,180,62577.16,78227.762,35971072,true,pending_log_review,,1,16
A2,GDS,64,0.067,8782,4096,256,181,59521.16,75747.626,35971072,true,pending_log_review,,1,16
A2,GDS,64,0.067,8782,4096,256,182,60904.622,78139.424,35971072,true,pending_log_review,,1,16
A2,GDS,64,0.067,8782,4096,256,183,55236.109,71338.812,35971072,true,pending_log_review,,1,16
A2,GDS,64,0.067,8782,4096,256,184,60818.796,77423.385,35971072,true,pending_log_review,,1,16
A2,GDS,64,0.067,8782,4096,256,185,66549.222,82489.384,35971072,true,pending_log_review,,1,16
A2,GDS,64,0.067,8782,4096,256,186,58650.196,75240.145,35971072,true,pending_log_review,,1,16
A2,GDS,64,0.067,8782,4096,256,187,64920.081,81396.259,35971072,true,pending_log_review,,1,16
A2,GDS,64,0.067,8782,4096,256,188,54903.524,70342.231,35971072,true,pending_log_review,,1,16
A2,GDS,64,0.067,8782,4096,256,189,55283.81,71317.899,35971072,true,pending_log_review,,1,16
A2,GDS,64,0.067,8782,4096,256,190,60928.232,76661.995,35971072,true,pending_log_review,,1,16
A2,GDS,64,0.067,8782,4096,256,191,54271.477,70237.553,35971072,true,pending_log_review,,1,16
A2,GDS,64,0.067,8782,4096,256,192,54905.02,70886.234,35971072,true,pending_log_review,,1,16
A2,GDS,64,0.067,8782,4096,256,193,55522.971,71984.264,35971072,true,pending_log_review,,1,16
A2,GDS,64,0.067,8782,4096,256,194,55106.824,71096.944,35971072,true,pending_log_review,,1,16
A2,GDS,64,0.067,8782,4096,256,195,55555.832,70890.687,35971072,true,pending_log_review,,1,16
A2,GDS,64,0.067,8782,4096,256,196,69322.211,86448.485,35971072,true,pending_log_review,,1,16
A2,GDS,64,0.067,8782,4096,256,197,60258.39,76207.502,35971072,true,pending_log_review,,1,16
A2,GDS,64,0.067,8782,4096,256,198,60421.586,76927.469,35971072,true,pending_log_review,,1,16
A2,GDS,64,0.067,8782,4096,256,199,55185.969,70752.445,35971072,true,pending_log_review,,1,16
A2,GDS,64,0.067,8782,4096,256,0,66209.706,82044.669,35971072,true,pending_log_review,,3,16
A2,GDS,64,0.134,17564,4096,256,0,128393.699,162549.332,71942144,true,pending_log_review,,2,16
A2,GDS,64,0.134,17564,4096,256,0,112943.447,146305.318,71942144,true,pending_log_review,,0,16
A2,GDS,64,0.134,17564,4096,256,1,132714.413,166804.603,71942144,true,pending_log_review,,0,16
A2,GDS,64,0.134,17564,4096,256,2,128358.53,162535.186,71942144,true,pending_log_review,,0,16
A2,GDS,64,0.134,17564,4096,256,3,125146.47,159065.888,71942144,true,pending_log_review,,0,16
A2,GDS,64,0.134,17564,4096,256,4,123777.33,157161.589,71942144,true,pending_log_review,,0,16
A2,GDS,64,0.134,17564,4096,256,5,118412.273,151688.303,71942144,true,pending_log_review,,0,16
A2,GDS,64,0.134,17564,4096,256,6,125039.215,158428.224,71942144,true,pending_log_review,,0,16
A2,GDS,64,0.134,17564,4096,256,7,129510.683,163176.155,71942144,true,pending_log_review,,0,16
A2,GDS,64,0.134,17564,4096,256,8,125288.752,158499.034,71942144,true,pending_log_review,,0,16
A2,GDS,64,0.134,17564,4096,256,9,130678.895,164762.963,71942144,true,pending_log_review,,0,16
A2,GDS,64,0.134,17564,4096,256,0,121157.257,154807.223,71942144,true,pending_log_review,,1,16
A2,GDS,64,0.134,17564,4096,256,1,117616.403,150879.036,71942144,true,pending_log_review,,1,16
A2,GDS,64,0.134,17564,4096,256,2,123829.912,156989.228,71942144,true,pending_log_review,,1,16
A2,GDS,64,0.134,17564,4096,256,3,118165.932,151603.538,71942144,true,pending_log_review,,1,16
A2,GDS,64,0.134,17564,4096,256,4,130115.085,163509.478,71942144,true,pending_log_review,,1,16
A2,GDS,64,0.134,17564,4096,256,5,113753.118,146705.098,71942144,true,pending_log_review,,1,16
A2,GDS,64,0.134,17564,4096,256,6,119179.76,151465.516,71942144,true,pending_log_review,,1,16
A2,GDS,64,0.134,17564,4096,256,7,128032.002,160425.133,71942144,true,pending_log_review,,1,16
A2,GDS,64,0.134,17564,4096,256,8,125391.023,159211.877,71942144,true,pending_log_review,,1,16
A2,GDS,64,0.134,17564,4096,256,9,117456.654,151280.951,71942144,true,pending_log_review,,1,16
A2,GDS,64,0.134,17564,4096,256,10,123836.213,156762.359,71942144,true,pending_log_review,,1,16
A2,GDS,64,0.134,17564,4096,256,11,119052.798,151421.22,71942144,true,pending_log_review,,1,16
A2,GDS,64,0.134,17564,4096,256,12,120216.075,152773.629,71942144,true,pending_log_review,,1,16
A2,GDS,64,0.134,17564,4096,256,13,155038.573,188233.436,71942144,true,pending_log_review,,1,16
A2,GDS,64,0.134,17564,4096,256,14,122994.076,155297.651,71942144,true,pending_log_review,,1,16
A2,GDS,64,0.134,17564,4096,256,15,121004.291,154378.45,71942144,true,pending_log_review,,1,16
A2,GDS,64,0.134,17564,4096,256,16,123141.723,157082.522,71942144,true,pending_log_review,,1,16
A2,GDS,64,0.134,17564,4096,256,17,113420.869,146189.135,71942144,true,pending_log_review,,1,16
A2,GDS,64,0.134,17564,4096,256,18,122804.123,155038.781,71942144,true,pending_log_review,,1,16
A2,GDS,64,0.134,17564,4096,256,19,130300.587,163321.395,71942144,true,pending_log_review,,1,16
A2,GDS,64,0.134,17564,4096,256,20,123495.059,157443.973,71942144,true,pending_log_review,,1,16
A2,GDS,64,0.134,17564,4096,256,21,113187.887,146364.702,71942144,true,pending_log_review,,1,16
A2,GDS,64,0.134,17564,4096,256,22,119982.004,154209.653,71942144,true,pending_log_review,,1,16
A2,GDS,64,0.134,17564,4096,256,23,118133.484,151474.479,71942144,true,pending_log_review,,1,16
A2,GDS,64,0.134,17564,4096,256,24,120232.454,153216.998,71942144,true,pending_log_review,,1,16
A2,GDS,64,0.134,17564,4096,256,25,115548.267,148611.675,71942144,true,pending_log_review,,1,16
A2,GDS,64,0.134,17564,4096,256,26,118259.396,151371.259,71942144,true,pending_log_review,,1,16
A2,GDS,64,0.134,17564,4096,256,27,134887.92,168394.652,71942144,true,pending_log_review,,1,16
A2,GDS,64,0.134,17564,4096,256,28,126533.177,158107.967,71942144,true,pending_log_review,,1,16
A2,GDS,64,0.134,17564,4096,256,29,132057.987,165646.03,71942144,true,pending_log_review,,1,16
A2,GDS,64,0.134,17564,4096,256,30,120024.007,150710.969,71942144,true,pending_log_review,,1,16
A2,GDS,64,0.134,17564,4096,256,31,130964.304,163484.84,71942144,true,pending_log_review,,1,16
A2,GDS,64,0.134,17564,4096,256,32,131579.487,164258.98,71942144,true,pending_log_review,,1,16
A2,GDS,64,0.134,17564,4096,256,33,114608.775,147706.732,71942144,true,pending_log_review,,1,16
A2,GDS,64,0.134,17564,4096,256,34,127185.662,158725.377,71942144,true,pending_log_review,,1,16
A2,GDS,64,0.134,17564,4096,256,35,128029.791,160814.013,71942144,true,pending_log_review,,1,16
A2,GDS,64,0.134,17564,4096,256,36,113690.089,146383.744,71942144,true,pending_log_review,,1,16
A2,GDS,64,0.134,17564,4096,256,37,120005.134,152229.011,71942144,true,pending_log_review,,1,16
A2,GDS,64,0.134,17564,4096,256,38,114753.803,147319.017,71942144,true,pending_log_review,,1,16
A2,GDS,64,0.134,17564,4096,256,39,112861.302,145990.508,71942144,true,pending_log_review,,1,16
A2,GDS,64,0.134,17564,4096,256,40,120980.14,153988.149,71942144,true,pending_log_review,,1,16
A2,GDS,64,0.134,17564,4096,256,41,135094.968,167446.352,71942144,true,pending_log_review,,1,16
A2,GDS,64,0.134,17564,4096,256,42,128809.053,161940.192,71942144,true,pending_log_review,,1,16
A2,GDS,64,0.134,17564,4096,256,43,122797.028,156896.737,71942144,true,pending_log_review,,1,16
A2,GDS,64,0.134,17564,4096,256,44,111628.579,144660.974,71942144,true,pending_log_review,,1,16
A2,GDS,64,0.134,17564,4096,256,45,115451.719,148647.333,71942144,true,pending_log_review,,1,16
A2,GDS,64,0.134,17564,4096,256,46,118391.684,150991.687,71942144,true,pending_log_review,,1,16
A2,GDS,64,0.134,17564,4096,256,47,113563.563,147073.18,71942144,true,pending_log_review,,1,16
A2,GDS,64,0.134,17564,4096,256,48,125829.549,158505.644,71942144,true,pending_log_review,,1,16
A2,GDS,64,0.134,17564,4096,256,49,121368.945,154178.248,71942144,true,pending_log_review,,1,16
A2,GDS,64,0.134,17564,4096,256,50,124976.98,157955.53,71942144,true,pending_log_review,,1,16
A2,GDS,64,0.134,17564,4096,256,51,125582.108,158618.241,71942144,true,pending_log_review,,1,16
A2,GDS,64,0.134,17564,4096,256,52,128378.315,161262.238,71942144,true,pending_log_review,,1,16
A2,GDS,64,0.134,17564,4096,256,53,121392.842,154815.7,71942144,true,pending_log_review,,1,16
A2,GDS,64,0.134,17564,4096,256,54,135691.679,169379.198,71942144,true,pending_log_review,,1,16
A2,GDS,64,0.134,17564,4096,256,55,137961.17,172446.238,71942144,true,pending_log_review,,1,16
A2,GDS,64,0.134,17564,4096,256,56,124615.967,158040.179,71942144,true,pending_log_review,,1,16
A2,GDS,64,0.134,17564,4096,256,57,144405.561,178504.568,71942144,true,pending_log_review,,1,16
A2,GDS,64,0.134,17564,4096,256,58,124242.439,157595.368,71942144,true,pending_log_review,,1,16
A2,GDS,64,0.134,17564,4096,256,59,130202.642,163812.917,71942144,true,pending_log_review,,1,16
A2,GDS,64,0.134,17564,4096,256,60,113815.006,146635.422,71942144,true,pending_log_review,,1,16
A2,GDS,64,0.134,17564,4096,256,61,119716.209,153286.835,71942144,true,pending_log_review,,1,16
A2,GDS,64,0.134,17564,4096,256,62,124635.388,157934.887,71942144,true,pending_log_review,,1,16
A2,GDS,64,0.134,17564,4096,256,63,122549.368,156227.695,71942144,true,pending_log_review,,1,16
A2,GDS,64,0.134,17564,4096,256,64,122770.374,156165.081,71942144,true,pending_log_review,,1,16
A2,GDS,64,0.134,17564,4096,256,65,119939.025,152946.871,71942144,true,pending_log_review,,1,16
A2,GDS,64,0.134,17564,4096,256,66,113539.868,145947.086,71942144,true,pending_log_review,,1,16
A2,GDS,64,0.134,17564,4096,256,67,111406.805,144926.929,71942144,true,pending_log_review,,1,16
A2,GDS,64,0.134,17564,4096,256,68,135630.237,169447.089,71942144,true,pending_log_review,,1,16
A2,GDS,64,0.134,17564,4096,256,69,122177.672,155570.877,71942144,true,pending_log_review,,1,16
A2,GDS,64,0.134,17564,4096,256,70,131646.748,164219.384,71942144,true,pending_log_review,,1,16
A2,GDS,64,0.134,17564,4096,256,71,117703.738,150865.592,71942144,true,pending_log_review,,1,16
A2,GDS,64,0.134,17564,4096,256,72,120801.463,155128.621,71942144,true,pending_log_review,,1,16
A2,GDS,64,0.134,17564,4096,256,73,117215.128,151580.495,71942144,true,pending_log_review,,1,16
A2,GDS,64,0.134,17564,4096,256,74,123346.994,157129.86,71942144,true,pending_log_review,,1,16
A2,GDS,64,0.134,17564,4096,256,75,131775.158,165327.175,71942144,true,pending_log_review,,1,16
A2,GDS,64,0.134,17564,4096,256,76,124202.393,158233.944,71942144,true,pending_log_review,,1,16
A2,GDS,64,0.134,17564,4096,256,77,132186.044,164720.51,71942144,true,pending_log_review,,1,16
A2,GDS,64,0.134,17564,4096,256,78,118849.754,152257.145,71942144,true,pending_log_review,,1,16
A2,GDS,64,0.134,17564,4096,256,79,135101,168666.48,71942144,true,pending_log_review,,1,16
A2,GDS,64,0.134,17564,4096,256,80,130436.002,164686.549,71942144,true,pending_log_review,,1,16
A2,GDS,64,0.134,17564,4096,256,81,122398.209,156261.213,71942144,true,pending_log_review,,1,16
A2,GDS,64,0.134,17564,4096,256,82,126737.952,159215.117,71942144,true,pending_log_review,,1,16
A2,GDS,64,0.134,17564,4096,256,83,114835.596,148130.668,71942144,true,pending_log_review,,1,16
A2,GDS,64,0.134,17564,4096,256,84,121066.843,154353.659,71942144,true,pending_log_review,,1,16
A2,GDS,64,0.134,17564,4096,256,85,123187.772,156262.34,71942144,true,pending_log_review,,1,16
A2,GDS,64,0.134,17564,4096,256,86,134795.636,168586.615,71942144,true,pending_log_review,,1,16
A2,GDS,64,0.134,17564,4096,256,87,119844.634,153651.467,71942144,true,pending_log_review,,1,16
A2,GDS,64,0.134,17564,4096,256,88,134730.03,168133.006,71942144,true,pending_log_review,,1,16
A2,GDS,64,0.134,17564,4096,256,89,125741.035,159282.858,71942144,true,pending_log_review,,1,16
A2,GDS,64,0.134,17564,4096,256,90,131097.885,163078.518,71942144,true,pending_log_review,,1,16
A2,GDS,64,0.134,17564,4096,256,91,127707.605,161261.272,71942144,true,pending_log_review,,1,16
A2,GDS,64,0.134,17564,4096,256,92,125986.228,159011.623,71942144,true,pending_log_review,,1,16
A2,GDS,64,0.134,17564,4096,256,93,130608.594,163687.206,71942144,true,pending_log_review,,1,16
A2,GDS,64,0.134,17564,4096,256,94,128150.45,160926.884,71942144,true,pending_log_review,,1,16
A2,GDS,64,0.134,17564,4096,256,95,122772.42,156402.97,71942144,true,pending_log_review,,1,16
A2,GDS,64,0.134,17564,4096,256,96,142278.086,176716.632,71942144,true,pending_log_review,,1,16
A2,GDS,64,0.134,17564,4096,256,97,116050.525,147389.905,71942144,true,pending_log_review,,1,16
A2,GDS,64,0.134,17564,4096,256,98,130246.446,163060.219,71942144,true,pending_log_review,,1,16
A2,GDS,64,0.134,17564,4096,256,99,122207.541,153472.174,71942144,true,pending_log_review,,1,16
A2,GDS,64,0.134,17564,4096,256,100,120188.424,153742.031,71942144,true,pending_log_review,,1,16
A2,GDS,64,0.134,17564,4096,256,101,113912.661,146548.63,71942144,true,pending_log_review,,1,16
A2,GDS,64,0.134,17564,4096,256,102,138656.783,170761.007,71942144,true,pending_log_review,,1,16
A2,GDS,64,0.134,17564,4096,256,103,117497.225,149692.887,71942144,true,pending_log_review,,1,16
A2,GDS,64,0.134,17564,4096,256,104,123820.822,156970.972,71942144,true,pending_log_review,,1,16
A2,GDS,64,0.134,17564,4096,256,105,131648.886,164437.207,71942144,true,pending_log_review,,1,16
A2,GDS,64,0.134,17564,4096,256,106,115669.266,148791.03,71942144,true,pending_log_review,,1,16
A2,GDS,64,0.134,17564,4096,256,107,120125.852,151587.248,71942144,true,pending_log_review,,1,16
A2,GDS,64,0.134,17564,4096,256,108,125277.41,158721.22,71942144,true,pending_log_review,,1,16
A2,GDS,64,0.134,17564,4096,256,109,125860.88,159708.651,71942144,true,pending_log_review,,1,16
A2,GDS,64,0.134,17564,4096,256,110,135023.998,169393.416,71942144,true,pending_log_review,,1,16
A2,GDS,64,0.134,17564,4096,256,111,117669.758,151047.789,71942144,true,pending_log_review,,1,16
A2,GDS,64,0.134,17564,4096,256,112,131085.744,163568.457,71942144,true,pending_log_review,,1,16
A2,GDS,64,0.134,17564,4096,256,113,120643.571,154247.654,71942144,true,pending_log_review,,1,16
A2,GDS,64,0.134,17564,4096,256,114,113276.023,146524.61,71942144,true,pending_log_review,,1,16
A2,GDS,64,0.134,17564,4096,256,115,119487.946,152533.612,71942144,true,pending_log_review,,1,16
A2,GDS,64,0.134,17564,4096,256,116,112913.238,144547.173,71942144,true,pending_log_review,,1,16
A2,GDS,64,0.134,17564,4096,256,117,124953.772,157942.052,71942144,true,pending_log_review,,1,16
A2,GDS,64,0.134,17564,4096,256,118,119673.353,153022.455,71942144,true,pending_log_review,,1,16
A2,GDS,64,0.134,17564,4096,256,119,120481.948,155152.014,71942144,true,pending_log_review,,1,16
A2,GDS,64,0.134,17564,4096,256,120,109751.394,143336.958,71942144,true,pending_log_review,,1,16
A2,GDS,64,0.134,17564,4096,256,121,131876.396,164535.495,71942144,true,pending_log_review,,1,16
A2,GDS,64,0.134,17564,4096,256,122,117193.178,149457.99,71942144,true,pending_log_review,,1,16
A2,GDS,64,0.134,17564,4096,256,123,118209.273,151669.338,71942144,true,pending_log_review,,1,16
A2,GDS,64,0.134,17564,4096,256,124,129783.525,162096.503,71942144,true,pending_log_review,,1,16
A2,GDS,64,0.134,17564,4096,256,125,124460.252,157008.063,71942144,true,pending_log_review,,1,16
A2,GDS,64,0.134,17564,4096,256,126,122794.007,155168.73,71942144,true,pending_log_review,,1,16
A2,GDS,64,0.134,17564,4096,256,127,122250.392,154246.396,71942144,true,pending_log_review,,1,16
A2,GDS,64,0.134,17564,4096,256,128,125120.77,158082.518,71942144,true,pending_log_review,,1,16
A2,GDS,64,0.134,17564,4096,256,129,123283.563,157038.683,71942144,true,pending_log_review,,1,16
A2,GDS,64,0.134,17564,4096,256,130,121887.084,155652.203,71942144,true,pending_log_review,,1,16
A2,GDS,64,0.134,17564,4096,256,131,125805.937,159396.892,71942144,true,pending_log_review,,1,16
A2,GDS,64,0.134,17564,4096,256,132,118743.481,151042.797,71942144,true,pending_log_review,,1,16
A2,GDS,64,0.134,17564,4096,256,133,121694.471,155780.568,71942144,true,pending_log_review,,1,16
A2,GDS,64,0.134,17564,4096,256,134,113705.484,147283.857,71942144,true,pending_log_review,,1,16
A2,GDS,64,0.134,17564,4096,256,135,124410.946,157029.126,71942144,true,pending_log_review,,1,16
A2,GDS,64,0.134,17564,4096,256,136,116848.91,149197.434,71942144,true,pending_log_review,,1,16
A2,GDS,64,0.134,17564,4096,256,137,129531.472,162169.173,71942144,true,pending_log_review,,1,16
A2,GDS,64,0.134,17564,4096,256,138,121522.436,154018.633,71942144,true,pending_log_review,,1,16
A2,GDS,64,0.134,17564,4096,256,139,123025.471,156828.039,71942144,true,pending_log_review,,1,16
A2,GDS,64,0.134,17564,4096,256,140,127809.018,161850.472,71942144,true,pending_log_review,,1,16
A2,GDS,64,0.134,17564,4096,256,141,125942.599,159121.385,71942144,true,pending_log_review,,1,16
A2,GDS,64,0.134,17564,4096,256,142,112146.079,145678.356,71942144,true,pending_log_review,,1,16
A2,GDS,64,0.134,17564,4096,256,143,116929.975,150691.713,71942144,true,pending_log_review,,1,16
A2,GDS,64,0.134,17564,4096,256,144,126214.393,159214.167,71942144,true,pending_log_review,,1,16
A2,GDS,64,0.134,17564,4096,256,145,122003.594,155132.119,71942144,true,pending_log_review,,1,16
A2,GDS,64,0.134,17564,4096,256,146,132635.765,166139.353,71942144,true,pending_log_review,,1,16
A2,GDS,64,0.134,17564,4096,256,147,114713.242,147794.355,71942144,true,pending_log_review,,1,16
A2,GDS,64,0.134,17564,4096,256,148,119341.178,151541.877,71942144,true,pending_log_review,,1,16
A2,GDS,64,0.134,17564,4096,256,149,125217.078,158309.021,71942144,true,pending_log_review,,1,16
A2,GDS,64,0.134,17564,4096,256,150,122687.137,155999.272,71942144,true,pending_log_review,,1,16
A2,GDS,64,0.134,17564,4096,256,151,118525.901,152328.812,71942144,true,pending_log_review,,1,16
A2,GDS,64,0.134,17564,4096,256,152,132787.437,166563.485,71942144,true,pending_log_review,,1,16
A2,GDS,64,0.134,17564,4096,256,153,109503.309,140858.09,71942144,true,pending_log_review,,1,16
A2,GDS,64,0.134,17564,4096,256,154,128870.143,163658.22,71942144,true,pending_log_review,,1,16
A2,GDS,64,0.134,17564,4096,256,155,131252.203,163381.079,71942144,true,pending_log_review,,1,16
A2,GDS,64,0.134,17564,4096,256,156,116953.974,149686.697,71942144,true,pending_log_review,,1,16
A2,GDS,64,0.134,17564,4096,256,157,115963.078,148371.634,71942144,true,pending_log_review,,1,16
A2,GDS,64,0.134,17564,4096,256,158,116199.255,148448.671,71942144,true,pending_log_review,,1,16
A2,GDS,64,0.134,17564,4096,256,159,122777.23,155941.37,71942144,true,pending_log_review,,1,16
A2,GDS,64,0.134,17564,4096,256,160,116299.034,148915.757,71942144,true,pending_log_review,,1,16
A2,GDS,64,0.134,17564,4096,256,161,113575.059,145674.083,71942144,true,pending_log_review,,1,16
A2,GDS,64,0.134,17564,4096,256,162,121763.743,154263.878,71942144,true,pending_log_review,,1,16
A2,GDS,64,0.134,17564,4096,256,163,120003.135,152771.98,71942144,true,pending_log_review,,1,16
A2,GDS,64,0.134,17564,4096,256,164,120096.267,151766.058,71942144,true,pending_log_review,,1,16
A2,GDS,64,0.134,17564,4096,256,165,132016.891,164707.737,71942144,true,pending_log_review,,1,16
A2,GDS,64,0.134,17564,4096,256,166,122047.009,154514.196,71942144,true,pending_log_review,,1,16
A2,GDS,64,0.134,17564,4096,256,167,136449.17,169291.463,71942144,true,pending_log_review,,1,16
A2,GDS,64,0.134,17564,4096,256,168,111088.942,143264.683,71942144,true,pending_log_review,,1,16
A2,GDS,64,0.134,17564,4096,256,169,117361.322,149242.314,71942144,true,pending_log_review,,1,16
A2,GDS,64,0.134,17564,4096,256,170,118681.126,150794.871,71942144,true,pending_log_review,,1,16
A2,GDS,64,0.134,17564,4096,256,171,130341.145,164220.085,71942144,true,pending_log_review,,1,16
A2,GDS,64,0.134,17564,4096,256,172,121701.626,153918.499,71942144,true,pending_log_review,,1,16
A2,GDS,64,0.134,17564,4096,256,173,116827.482,150307.476,71942144,true,pending_log_review,,1,16
A2,GDS,64,0.134,17564,4096,256,174,115699.035,148683.153,71942144,true,pending_log_review,,1,16
A2,GDS,64,0.134,17564,4096,256,175,122494.14,155341.589,71942144,true,pending_log_review,,1,16
A2,GDS,64,0.134,17564,4096,256,176,116559.752,149223.261,71942144,true,pending_log_review,,1,16
A2,GDS,64,0.134,17564,4096,256,177,121883.073,155297.921,71942144,true,pending_log_review,,1,16
A2,GDS,64,0.134,17564,4096,256,178,121714.393,154507.473,71942144,true,pending_log_review,,1,16
A2,GDS,64,0.134,17564,4096,256,179,123562.389,155889.42,71942144,true,pending_log_review,,1,16
A2,GDS,64,0.134,17564,4096,256,180,111766.51,144021.299,71942144,true,pending_log_review,,1,16
A2,GDS,64,0.134,17564,4096,256,181,113520.527,145697.641,71942144,true,pending_log_review,,1,16
A2,GDS,64,0.134,17564,4096,256,182,115917.546,149157.329,71942144,true,pending_log_review,,1,16
A2,GDS,64,0.134,17564,4096,256,183,116540.461,149373.178,71942144,true,pending_log_review,,1,16
A2,GDS,64,0.134,17564,4096,256,184,117078.92,149783.61,71942144,true,pending_log_review,,1,16
A2,GDS,64,0.134,17564,4096,256,185,118213.112,150398.992,71942144,true,pending_log_review,,1,16
A2,GDS,64,0.134,17564,4096,256,186,126494.753,159530.444,71942144,true,pending_log_review,,1,16
A2,GDS,64,0.134,17564,4096,256,187,128877.53,161128.929,71942144,true,pending_log_review,,1,16
A2,GDS,64,0.134,17564,4096,256,188,120313.061,153817.598,71942144,true,pending_log_review,,1,16
A2,GDS,64,0.134,17564,4096,256,189,111948.01,144764.632,71942144,true,pending_log_review,,1,16
A2,GDS,64,0.134,17564,4096,256,190,128569.585,161510.369,71942144,true,pending_log_review,,1,16
A2,GDS,64,0.134,17564,4096,256,191,123120.528,155138.795,71942144,true,pending_log_review,,1,16
A2,GDS,64,0.134,17564,4096,256,192,132501.517,165464.399,71942144,true,pending_log_review,,1,16
A2,GDS,64,0.134,17564,4096,256,193,116942.485,149336.357,71942144,true,pending_log_review,,1,16
A2,GDS,64,0.134,17564,4096,256,194,122415.988,154839.232,71942144,true,pending_log_review,,1,16
A2,GDS,64,0.134,17564,4096,256,195,118429.702,150589.638,71942144,true,pending_log_review,,1,16
A2,GDS,64,0.134,17564,4096,256,196,109968.284,142893.376,71942144,true,pending_log_review,,1,16
A2,GDS,64,0.134,17564,4096,256,197,108446.149,141444.955,71942144,true,pending_log_review,,1,16
A2,GDS,64,0.134,17564,4096,256,198,115691.691,148352.377,71942144,true,pending_log_review,,1,16
A2,GDS,64,0.134,17564,4096,256,199,122446.345,155246.053,71942144,true,pending_log_review,,1,16
A2,GDS,64,0.134,17564,4096,256,0,127815.409,160378.029,71942144,true,pending_log_review,,3,16
A2,GDS,64,0.3,39322,4096,256,0,268960.552,341995.748,161062912,true,pending_log_review,,2,16
A2,GDS,64,0.3,39322,4096,256,0,267448.159,341159.932,161062912,true,pending_log_review,,0,16
A2,GDS,64,0.3,39322,4096,256,1,259899.235,334225.086,161062912,true,pending_log_review,,0,16
A2,GDS,64,0.3,39322,4096,256,2,273135.896,345658.3,161062912,true,pending_log_review,,0,16
A2,GDS,64,0.3,39322,4096,256,3,276380.381,349159.713,161062912,true,pending_log_review,,0,16
A2,GDS,64,0.3,39322,4096,256,4,267025.483,340907.408,161062912,true,pending_log_review,,0,16
A2,GDS,64,0.3,39322,4096,256,5,265598.884,337923.314,161062912,true,pending_log_review,,0,16
A2,GDS,64,0.3,39322,4096,256,6,258590.205,332023.547,161062912,true,pending_log_review,,0,16
A2,GDS,64,0.3,39322,4096,256,7,275912.363,348729.982,161062912,true,pending_log_review,,0,16
A2,GDS,64,0.3,39322,4096,256,8,270137.073,343538.02,161062912,true,pending_log_review,,0,16
A2,GDS,64,0.3,39322,4096,256,9,271652.134,345027.638,161062912,true,pending_log_review,,0,16
A2,GDS,64,0.3,39322,4096,256,0,263535.105,337325.466,161062912,true,pending_log_review,,1,16
A2,GDS,64,0.3,39322,4096,256,1,268959.277,341870.481,161062912,true,pending_log_review,,1,16
A2,GDS,64,0.3,39322,4096,256,2,269835.795,342991.462,161062912,true,pending_log_review,,1,16
A2,GDS,64,0.3,39322,4096,256,3,252986.501,326711.494,161062912,true,pending_log_review,,1,16
A2,GDS,64,0.3,39322,4096,256,4,271440.938,344664.447,161062912,true,pending_log_review,,1,16
A2,GDS,64,0.3,39322,4096,256,5,277677.689,351194.285,161062912,true,pending_log_review,,1,16
A2,GDS,64,0.3,39322,4096,256,6,267566.258,340365.006,161062912,true,pending_log_review,,1,16
A2,GDS,64,0.3,39322,4096,256,7,269377.436,341302.462,161062912,true,pending_log_review,,1,16
A2,GDS,64,0.3,39322,4096,256,8,283573.678,357198.464,161062912,true,pending_log_review,,1,16
A2,GDS,64,0.3,39322,4096,256,9,254505.394,326451.26,161062912,true,pending_log_review,,1,16
A2,GDS,64,0.3,39322,4096,256,10,262264.184,336692.554,161062912,true,pending_log_review,,1,16
A2,GDS,64,0.3,39322,4096,256,11,256437.062,328066.147,161062912,true,pending_log_review,,1,16
A2,GDS,64,0.3,39322,4096,256,12,242948.273,314221.317,161062912,true,pending_log_review,,1,16
A2,GDS,64,0.3,39322,4096,256,13,265625.149,338795.652,161062912,true,pending_log_review,,1,16
A2,GDS,64,0.3,39322,4096,256,14,255739.073,329117.817,161062912,true,pending_log_review,,1,16
A2,GDS,64,0.3,39322,4096,256,15,258945.32,334136.382,161062912,true,pending_log_review,,1,16
A2,GDS,64,0.3,39322,4096,256,16,256844.949,331509.84,161062912,true,pending_log_review,,1,16
A2,GDS,64,0.3,39322,4096,256,17,265951.784,342480.945,161062912,true,pending_log_review,,1,16
A2,GDS,64,0.3,39322,4096,256,18,270259.577,344465.666,161062912,true,pending_log_review,,1,16
A2,GDS,64,0.3,39322,4096,256,19,262008.773,335783.662,161062912,true,pending_log_review,,1,16
A2,GDS,64,0.3,39322,4096,256,20,248869.81,323725.42,161062912,true,pending_log_review,,1,16
A2,GDS,64,0.3,39322,4096,256,21,254878.116,327416.221,161062912,true,pending_log_review,,1,16
A2,GDS,64,0.3,39322,4096,256,22,266473.603,338186.823,161062912,true,pending_log_review,,1,16
A2,GDS,64,0.3,39322,4096,256,23,275421.607,349035.145,161062912,true,pending_log_review,,1,16
A2,GDS,64,0.3,39322,4096,256,24,255965.085,328872.782,161062912,true,pending_log_review,,1,16
A2,GDS,64,0.3,39322,4096,256,25,270143.441,343316.766,161062912,true,pending_log_review,,1,16
A2,GDS,64,0.3,39322,4096,256,26,263802.194,337502.727,161062912,true,pending_log_review,,1,16
A2,GDS,64,0.3,39322,4096,256,27,274917.919,349820.591,161062912,true,pending_log_review,,1,16
A2,GDS,64,0.3,39322,4096,256,28,266934.424,339564.493,161062912,true,pending_log_review,,1,16
A2,GDS,64,0.3,39322,4096,256,29,272178.914,344709.445,161062912,true,pending_log_review,,1,16
A2,GDS,64,0.3,39322,4096,256,30,272878.714,348374.658,161062912,true,pending_log_review,,1,16
A2,GDS,64,0.3,39322,4096,256,31,275710.471,350768.885,161062912,true,pending_log_review,,1,16
A2,GDS,64,0.3,39322,4096,256,32,266006.302,339278.122,161062912,true,pending_log_review,,1,16
A2,GDS,64,0.3,39322,4096,256,33,273286.336,348017.621,161062912,true,pending_log_review,,1,16
A2,GDS,64,0.3,39322,4096,256,34,277208.724,354084.517,161062912,true,pending_log_review,,1,16
A2,GDS,64,0.3,39322,4096,256,35,283208.127,359232.62,161062912,true,pending_log_review,,1,16
A2,GDS,64,0.3,39322,4096,256,36,275424.923,350509.61,161062912,true,pending_log_review,,1,16
A2,GDS,64,0.3,39322,4096,256,37,269694.741,345323.184,161062912,true,pending_log_review,,1,16
A2,GDS,64,0.3,39322,4096,256,38,285656.838,361175.758,161062912,true,pending_log_review,,1,16
A2,GDS,64,0.3,39322,4096,256,39,274494.476,348617.772,161062912,true,pending_log_review,,1,16
A2,GDS,64,0.3,39322,4096,256,40,266510.551,340563.994,161062912,true,pending_log_review,,1,16
A2,GDS,64,0.3,39322,4096,256,41,282886.059,356211.122,161062912,true,pending_log_review,,1,16
A2,GDS,64,0.3,39322,4096,256,42,271482.769,346700.558,161062912,true,pending_log_review,,1,16
A2,GDS,64,0.3,39322,4096,256,43,272214.393,346233.034,161062912,true,pending_log_review,,1,16
A2,GDS,64,0.3,39322,4096,256,44,276206.982,348564.292,161062912,true,pending_log_review,,1,16
A2,GDS,64,0.3,39322,4096,256,45,267244.787,341607.96,161062912,true,pending_log_review,,1,16
A2,GDS,64,0.3,39322,4096,256,46,258673.787,333305.136,161062912,true,pending_log_review,,1,16
A2,GDS,64,0.3,39322,4096,256,47,257572.072,330447.827,161062912,true,pending_log_review,,1,16
A2,GDS,64,0.3,39322,4096,256,48,288529.103,365514.383,161062912,true,pending_log_review,,1,16
A2,GDS,64,0.3,39322,4096,256,49,268413.666,343964.828,161062912,true,pending_log_review,,1,16
A2,GDS,64,0.3,39322,4096,256,50,276579.586,353868.657,161062912,true,pending_log_review,,1,16
A2,GDS,64,0.3,39322,4096,256,51,296200.971,371081.643,161062912,true,pending_log_review,,1,16
A2,GDS,64,0.3,39322,4096,256,52,281723.401,357414.758,161062912,true,pending_log_review,,1,16
A2,GDS,64,0.3,39322,4096,256,53,278287.025,353843.32,161062912,true,pending_log_review,,1,16
A2,GDS,64,0.3,39322,4096,256,54,288595.014,363583.168,161062912,true,pending_log_review,,1,16
A2,GDS,64,0.3,39322,4096,256,55,274564.097,349528.887,161062912,true,pending_log_review,,1,16
A2,GDS,64,0.3,39322,4096,256,56,265292.268,343652.547,161062912,true,pending_log_review,,1,16
A2,GDS,64,0.3,39322,4096,256,57,279077.764,355828.797,161062912,true,pending_log_review,,1,16
A2,GDS,64,0.3,39322,4096,256,58,273620.091,349665.326,161062912,true,pending_log_review,,1,16
A2,GDS,64,0.3,39322,4096,256,59,273072.888,347936.284,161062912,true,pending_log_review,,1,16
A2,GDS,64,0.3,39322,4096,256,60,270681.134,347355.055,161062912,true,pending_log_review,,1,16
A2,GDS,64,0.3,39322,4096,256,61,267305.104,342131.79,161062912,true,pending_log_review,,1,16
A2,GDS,64,0.3,39322,4096,256,62,270655.527,345598.276,161062912,true,pending_log_review,,1,16
A2,GDS,64,0.3,39322,4096,256,63,282016.635,357213.68,161062912,true,pending_log_review,,1,16
A2,GDS,64,0.3,39322,4096,256,64,277220.879,351202.767,161062912,true,pending_log_review,,1,16
A2,GDS,64,0.3,39322,4096,256,65,275834.241,352277.549,161062912,true,pending_log_review,,1,16
A2,GDS,64,0.3,39322,4096,256,66,265514.691,340608.438,161062912,true,pending_log_review,,1,16
A2,GDS,64,0.3,39322,4096,256,67,279549.775,355276.264,161062912,true,pending_log_review,,1,16
A2,GDS,64,0.3,39322,4096,256,68,277407.462,352957.841,161062912,true,pending_log_review,,1,16
A2,GDS,64,0.3,39322,4096,256,69,260836.664,334151.531,161062912,true,pending_log_review,,1,16
A2,GDS,64,0.3,39322,4096,256,70,253632.519,326845.637,161062912,true,pending_log_review,,1,16
A2,GDS,64,0.3,39322,4096,256,71,263681.645,339835.581,161062912,true,pending_log_review,,1,16
A2,GDS,64,0.3,39322,4096,256,72,291458.088,367746.323,161062912,true,pending_log_review,,1,16
A2,GDS,64,0.3,39322,4096,256,73,269017.232,345376.763,161062912,true,pending_log_review,,1,16
A2,GDS,64,0.3,39322,4096,256,74,267387.442,343119.206,161062912,true,pending_log_review,,1,16
A2,GDS,64,0.3,39322,4096,256,75,261672.896,337473.553,161062912,true,pending_log_review,,1,16
A2,GDS,64,0.3,39322,4096,256,76,269761.071,346798.891,161062912,true,pending_log_review,,1,16
A2,GDS,64,0.3,39322,4096,256,77,286920.685,362763.198,161062912,true,pending_log_review,,1,16
A2,GDS,64,0.3,39322,4096,256,78,264435.769,336310.61,161062912,true,pending_log_review,,1,16
A2,GDS,64,0.3,39322,4096,256,79,274340.43,349474.121,161062912,true,pending_log_review,,1,16
A2,GDS,64,0.3,39322,4096,256,80,264134.05,339422.545,161062912,true,pending_log_review,,1,16
A2,GDS,64,0.3,39322,4096,256,81,291212.604,366191.33,161062912,true,pending_log_review,,1,16
A2,GDS,64,0.3,39322,4096,256,82,287395.471,363664.571,161062912,true,pending_log_review,,1,16
A2,GDS,64,0.3,39322,4096,256,83,283353.202,357338.128,161062912,true,pending_log_review,,1,16
A2,GDS,64,0.3,39322,4096,256,84,278510.504,354895.957,161062912,true,pending_log_review,,1,16
A2,GDS,64,0.3,39322,4096,256,85,281824.903,355506.919,161062912,true,pending_log_review,,1,16
A2,GDS,64,0.3,39322,4096,256,86,298823.805,375177.889,161062912,true,pending_log_review,,1,16
A2,GDS,64,0.3,39322,4096,256,87,275344.182,350045.717,161062912,true,pending_log_review,,1,16
A2,GDS,64,0.3,39322,4096,256,88,281321.562,357258.52,161062912,true,pending_log_review,,1,16
A2,GDS,64,0.3,39322,4096,256,89,278237.228,352566.463,161062912,true,pending_log_review,,1,16
A2,GDS,64,0.3,39322,4096,256,90,292173.13,365555.552,161062912,true,pending_log_review,,1,16
A2,GDS,64,0.3,39322,4096,256,91,278957.371,353915.361,161062912,true,pending_log_review,,1,16
A2,GDS,64,0.3,39322,4096,256,92,296565.172,370667.553,161062912,true,pending_log_review,,1,16
A2,GDS,64,0.3,39322,4096,256,93,292489.296,368137.058,161062912,true,pending_log_review,,1,16
A2,GDS,64,0.3,39322,4096,256,94,268032.205,343403.744,161062912,true,pending_log_review,,1,16
A2,GDS,64,0.3,39322,4096,256,95,293422.188,368070.978,161062912,true,pending_log_review,,1,16
A2,GDS,64,0.3,39322,4096,256,96,285465.336,358398.382,161062912,true,pending_log_review,,1,16
A2,GDS,64,0.3,39322,4096,256,97,306406.788,382383.364,161062912,true,pending_log_review,,1,16
A2,GDS,64,0.3,39322,4096,256,98,278472.772,351653.834,161062912,true,pending_log_review,,1,16
A2,GDS,64,0.3,39322,4096,256,99,278531.292,351690.34,161062912,true,pending_log_review,,1,16
A2,GDS,64,0.3,39322,4096,256,100,275209.961,349627.656,161062912,true,pending_log_review,,1,16
A2,GDS,64,0.3,39322,4096,256,101,272907.487,347811.445,161062912,true,pending_log_review,,1,16
A2,GDS,64,0.3,39322,4096,256,102,295380.482,371054.53,161062912,true,pending_log_review,,1,16
A2,GDS,64,0.3,39322,4096,256,103,271284.895,345135.029,161062912,true,pending_log_review,,1,16
A2,GDS,64,0.3,39322,4096,256,104,291419.644,368242.825,161062912,true,pending_log_review,,1,16
A2,GDS,64,0.3,39322,4096,256,105,284653.146,359076.023,161062912,true,pending_log_review,,1,16
A2,GDS,64,0.3,39322,4096,256,106,291543.838,365689.93,161062912,true,pending_log_review,,1,16
A2,GDS,64,0.3,39322,4096,256,107,280780.161,354669.144,161062912,true,pending_log_review,,1,16
A2,GDS,64,0.3,39322,4096,256,108,290409.119,364961.822,161062912,true,pending_log_review,,1,16
A2,GDS,64,0.3,39322,4096,256,109,280170.074,354771.036,161062912,true,pending_log_review,,1,16
A2,GDS,64,0.3,39322,4096,256,110,269352.939,345591.73,161062912,true,pending_log_review,,1,16
A2,GDS,64,0.3,39322,4096,256,111,268082.232,344034.731,161062912,true,pending_log_review,,1,16
A2,GDS,64,0.3,39322,4096,256,112,278910.496,354887.404,161062912,true,pending_log_review,,1,16
A2,GDS,64,0.3,39322,4096,256,113,273279.19,348132.937,161062912,true,pending_log_review,,1,16
A2,GDS,64,0.3,39322,4096,256,114,268428.273,343954.34,161062912,true,pending_log_review,,1,16
A2,GDS,64,0.3,39322,4096,256,115,272541.82,346427.555,161062912,true,pending_log_review,,1,16
A2,GDS,64,0.3,39322,4096,256,116,271382.497,348457.976,161062912,true,pending_log_review,,1,16
A2,GDS,64,0.3,39322,4096,256,117,292033.948,370247.849,161062912,true,pending_log_review,,1,16
A2,GDS,64,0.3,39322,4096,256,118,279639.847,352890.92,161062912,true,pending_log_review,,1,16
A2,GDS,64,0.3,39322,4096,256,119,274869.192,349027.153,161062912,true,pending_log_review,,1,16
A2,GDS,64,0.3,39322,4096,256,120,271868.103,344933.829,161062912,true,pending_log_review,,1,16
A2,GDS,64,0.3,39322,4096,256,121,267312.94,341581.894,161062912,true,pending_log_review,,1,16
A2,GDS,64,0.3,39322,4096,256,122,280356.911,354703.702,161062912,true,pending_log_review,,1,16
A2,GDS,64,0.3,39322,4096,256,123,278917.382,352747.774,161062912,true,pending_log_review,,1,16
A2,GDS,64,0.3,39322,4096,256,124,286560.466,360422.56,161062912,true,pending_log_review,,1,16
A2,GDS,64,0.3,39322,4096,256,125,276145.597,349506.697,161062912,true,pending_log_review,,1,16
A2,GDS,64,0.3,39322,4096,256,126,264693.641,338347.236,161062912,true,pending_log_review,,1,16
A2,GDS,64,0.3,39322,4096,256,127,291857.164,371012.66,161062912,true,pending_log_review,,1,16
A2,GDS,64,0.3,39322,4096,256,128,287124.974,361001.712,161062912,true,pending_log_review,,1,16
A2,GDS,64,0.3,39322,4096,256,129,269630.026,344333.335,161062912,true,pending_log_review,,1,16
A2,GDS,64,0.3,39322,4096,256,130,286836.543,360336.095,161062912,true,pending_log_review,,1,16
A2,GDS,64,0.3,39322,4096,256,131,262166.191,334133.913,161062912,true,pending_log_review,,1,16
A2,GDS,64,0.3,39322,4096,256,132,258458.803,329696.066,161062912,true,pending_log_review,,1,16
A2,GDS,64,0.3,39322,4096,256,133,279854.802,352650.822,161062912,true,pending_log_review,,1,16
A2,GDS,64,0.3,39322,4096,256,134,283070.153,356443.4,161062912,true,pending_log_review,,1,16
A2,GDS,64,0.3,39322,4096,256,135,272614.858,345465.273,161062912,true,pending_log_review,,1,16
A2,GDS,64,0.3,39322,4096,256,136,255977.19,327179.838,161062912,true,pending_log_review,,1,16
A2,GDS,64,0.3,39322,4096,256,137,270364.025,342811.634,161062912,true,pending_log_review,,1,16
A2,GDS,64,0.3,39322,4096,256,138,273359.711,346257.863,161062912,true,pending_log_review,,1,16
A2,GDS,64,0.3,39322,4096,256,139,269926.586,342223.377,161062912,true,pending_log_review,,1,16
A2,GDS,64,0.3,39322,4096,256,140,272077.71,344423.474,161062912,true,pending_log_review,,1,16
A2,GDS,64,0.3,39322,4096,256,141,271013.596,342809.219,161062912,true,pending_log_review,,1,16
A2,GDS,64,0.3,39322,4096,256,142,271526.82,343856.373,161062912,true,pending_log_review,,1,16
A2,GDS,64,0.3,39322,4096,256,143,260564.099,333263.711,161062912,true,pending_log_review,,1,16
A2,GDS,64,0.3,39322,4096,256,144,254095.443,327073.397,161062912,true,pending_log_review,,1,16
A2,GDS,64,0.3,39322,4096,256,145,284549.036,356954.764,161062912,true,pending_log_review,,1,16
A2,GDS,64,0.3,39322,4096,256,146,260674.237,334079.659,161062912,true,pending_log_review,,1,16
A2,GDS,64,0.3,39322,4096,256,147,261409.627,334298.793,161062912,true,pending_log_review,,1,16
A2,GDS,64,0.3,39322,4096,256,148,279323.364,352914.272,161062912,true,pending_log_review,,1,16
A2,GDS,64,0.3,39322,4096,256,149,280398.128,353443.775,161062912,true,pending_log_review,,1,16
A2,GDS,64,0.3,39322,4096,256,150,270363.463,341719.161,161062912,true,pending_log_review,,1,16
A2,GDS,64,0.3,39322,4096,256,151,264653.723,337848.513,161062912,true,pending_log_review,,1,16
A2,GDS,64,0.3,39322,4096,256,152,278956.593,352152.76,161062912,true,pending_log_review,,1,16
A2,GDS,64,0.3,39322,4096,256,153,266312.23,339269.541,161062912,true,pending_log_review,,1,16
A2,GDS,64,0.3,39322,4096,256,154,301654.67,377312.398,161062912,true,pending_log_review,,1,16
A2,GDS,64,0.3,39322,4096,256,155,261803.555,336151.669,161062912,true,pending_log_review,,1,16
A2,GDS,64,0.3,39322,4096,256,156,279468.191,353072.101,161062912,true,pending_log_review,,1,16
A2,GDS,64,0.3,39322,4096,256,157,265994.348,341261.518,161062912,true,pending_log_review,,1,16
A2,GDS,64,0.3,39322,4096,256,158,267016.082,342552.159,161062912,true,pending_log_review,,1,16
A2,GDS,64,0.3,39322,4096,256,159,275310.937,350319.992,161062912,true,pending_log_review,,1,16
A2,GDS,64,0.3,39322,4096,256,160,301381.183,376232.037,161062912,true,pending_log_review,,1,16
A2,GDS,64,0.3,39322,4096,256,161,277901.576,352839.483,161062912,true,pending_log_review,,1,16
A2,GDS,64,0.3,39322,4096,256,162,273208.094,348134.424,161062912,true,pending_log_review,,1,16
A2,GDS,64,0.3,39322,4096,256,163,281845.34,355071.618,161062912,true,pending_log_review,,1,16
A2,GDS,64,0.3,39322,4096,256,164,262307.787,336081.252,161062912,true,pending_log_review,,1,16
A2,GDS,64,0.3,39322,4096,256,165,287027.168,361969.713,161062912,true,pending_log_review,,1,16
A2,GDS,64,0.3,39322,4096,256,166,266293.377,341152.665,161062912,true,pending_log_review,,1,16
A2,GDS,64,0.3,39322,4096,256,167,272367.617,347026.672,161062912,true,pending_log_review,,1,16
A2,GDS,64,0.3,39322,4096,256,168,274806.659,349355.331,161062912,true,pending_log_review,,1,16
A2,GDS,64,0.3,39322,4096,256,169,256797.966,332368.925,161062912,true,pending_log_review,,1,16
A2,GDS,64,0.3,39322,4096,256,170,272753.728,347480.461,161062912,true,pending_log_review,,1,16
A2,GDS,64,0.3,39322,4096,256,171,275625.977,351456.162,161062912,true,pending_log_review,,1,16
A2,GDS,64,0.3,39322,4096,256,172,276811.782,353974.486,161062912,true,pending_log_review,,1,16
A2,GDS,64,0.3,39322,4096,256,173,282284.734,357656.751,161062912,true,pending_log_review,,1,16
A2,GDS,64,0.3,39322,4096,256,174,275412.306,351801.75,161062912,true,pending_log_review,,1,16
A2,GDS,64,0.3,39322,4096,256,175,276079.002,351787.577,161062912,true,pending_log_review,,1,16
A2,GDS,64,0.3,39322,4096,256,176,291061.655,365141.748,161062912,true,pending_log_review,,1,16
A2,GDS,64,0.3,39322,4096,256,177,297067.823,372380.322,161062912,true,pending_log_review,,1,16
A2,GDS,64,0.3,39322,4096,256,178,264073.482,337353.058,161062912,true,pending_log_review,,1,16
A2,GDS,64,0.3,39322,4096,256,179,295523.119,369608.843,161062912,true,pending_log_review,,1,16
A2,GDS,64,0.3,39322,4096,256,180,278701.975,351493.252,161062912,true,pending_log_review,,1,16
A2,GDS,64,0.3,39322,4096,256,181,262169.575,336199.336,161062912,true,pending_log_review,,1,16
A2,GDS,64,0.3,39322,4096,256,182,279995.939,355863.849,161062912,true,pending_log_review,,1,16
A2,GDS,64,0.3,39322,4096,256,183,265151.112,339808.302,161062912,true,pending_log_review,,1,16
A2,GDS,64,0.3,39322,4096,256,184,268989.111,343241.176,161062912,true,pending_log_review,,1,16
A2,GDS,64,0.3,39322,4096,256,185,296956.823,371189.268,161062912,true,pending_log_review,,1,16
A2,GDS,64,0.3,39322,4096,256,186,270071.845,343980.592,161062912,true,pending_log_review,,1,16
A2,GDS,64,0.3,39322,4096,256,187,269971.267,345090.494,161062912,true,pending_log_review,,1,16
A2,GDS,64,0.3,39322,4096,256,188,284043.192,358591.912,161062912,true,pending_log_review,,1,16
A2,GDS,64,0.3,39322,4096,256,189,225329.633,274401.237,161062912,true,pending_log_review,,1,16
A2,GDS,64,0.3,39322,4096,256,190,182308.595,217311.265,161062912,true,pending_log_review,,1,16
A2,GDS,64,0.3,39322,4096,256,191,194243.414,230276.47,161062912,true,pending_log_review,,1,16
A2,GDS,64,0.3,39322,4096,256,192,194541.167,231127.277,161062912,true,pending_log_review,,1,16
A2,GDS,64,0.3,39322,4096,256,193,177653.804,212510.665,161062912,true,pending_log_review,,1,16
A2,GDS,64,0.3,39322,4096,256,194,176535.157,211241.027,161062912,true,pending_log_review,,1,16
A2,GDS,64,0.3,39322,4096,256,195,176889.077,211708.372,161062912,true,pending_log_review,,1,16
A2,GDS,64,0.3,39322,4096,256,196,188995.646,224229.65,161062912,true,pending_log_review,,1,16
A2,GDS,64,0.3,39322,4096,256,197,189592.028,225021.793,161062912,true,pending_log_review,,1,16
A2,GDS,64,0.3,39322,4096,256,198,181755.22,216797.467,161062912,true,pending_log_review,,1,16
A2,GDS,64,0.3,39322,4096,256,199,182422.536,217732.796,161062912,true,pending_log_review,,1,16
A2,GDS,64,0.3,39322,4096,256,0,192784.78,228382.629,161062912,true,pending_log_review,,3,16
