backend,request_batch,miss_rate,n_reads,io_size,queue_depth,round,submit_us,completion_us,bytes_read,correct,direct_path,error,phase,submission_group
Tutti-v0.1.1,1,0.067,137,4096,256,0,353.69,739.802,561152,true,public_local_nvme_gpu,,2,16
Tutti-v0.1.1,1,0.067,137,4096,256,0,343.065,727.339,561152,true,public_local_nvme_gpu,,0,16
Tutti-v0.1.1,1,0.067,137,4096,256,1,310.093,700.528,561152,true,public_local_nvme_gpu,,0,16
Tutti-v0.1.1,1,0.067,137,4096,256,2,309.951,694.329,561152,true,public_local_nvme_gpu,,0,16
Tutti-v0.1.1,1,0.067,137,4096,256,3,305.041,688.208,561152,true,public_local_nvme_gpu,,0,16
Tutti-v0.1.1,1,0.067,137,4096,256,4,284.69,677.704,561152,true,public_local_nvme_gpu,,0,16
Tutti-v0.1.1,1,0.067,137,4096,256,5,288.593,698.969,561152,true,public_local_nvme_gpu,,0,16
Tutti-v0.1.1,1,0.067,137,4096,256,6,285.816,674.536,561152,true,public_local_nvme_gpu,,0,16
Tutti-v0.1.1,1,0.067,137,4096,256,7,304.646,692.928,561152,true,public_local_nvme_gpu,,0,16
Tutti-v0.1.1,1,0.067,137,4096,256,8,287.381,691.125,561152,true,public_local_nvme_gpu,,0,16
Tutti-v0.1.1,1,0.067,137,4096,256,9,289.379,682.965,561152,true,public_local_nvme_gpu,,0,16
Tutti-v0.1.1,1,0.067,137,4096,256,0,299.895,691.874,561152,true,public_local_nvme_gpu,,1,16
Tutti-v0.1.1,1,0.067,137,4096,256,1,292.159,670.524,561152,true,public_local_nvme_gpu,,1,16
Tutti-v0.1.1,1,0.067,137,4096,256,2,292.52,674.027,561152,true,public_local_nvme_gpu,,1,16
Tutti-v0.1.1,1,0.067,137,4096,256,3,287.8,678.516,561152,true,public_local_nvme_gpu,,1,16
Tutti-v0.1.1,1,0.067,137,4096,256,4,285.262,681.794,561152,true,public_local_nvme_gpu,,1,16
Tutti-v0.1.1,1,0.067,137,4096,256,5,281.474,666.421,561152,true,public_local_nvme_gpu,,1,16
Tutti-v0.1.1,1,0.067,137,4096,256,6,278.599,667.409,561152,true,public_local_nvme_gpu,,1,16
Tutti-v0.1.1,1,0.067,137,4096,256,7,286.779,673.126,561152,true,public_local_nvme_gpu,,1,16
Tutti-v0.1.1,1,0.067,137,4096,256,8,281.112,667.581,561152,true,public_local_nvme_gpu,,1,16
Tutti-v0.1.1,1,0.067,137,4096,256,9,283.561,680.437,561152,true,public_local_nvme_gpu,,1,16
Tutti-v0.1.1,1,0.067,137,4096,256,10,283.173,671.767,561152,true,public_local_nvme_gpu,,1,16
Tutti-v0.1.1,1,0.067,137,4096,256,11,278.642,667,561152,true,public_local_nvme_gpu,,1,16
Tutti-v0.1.1,1,0.067,137,4096,256,12,283.589,671.421,561152,true,public_local_nvme_gpu,,1,16
Tutti-v0.1.1,1,0.067,137,4096,256,13,285.194,672.413,561152,true,public_local_nvme_gpu,,1,16
Tutti-v0.1.1,1,0.067,137,4096,256,14,289.556,674.912,561152,true,public_local_nvme_gpu,,1,16
Tutti-v0.1.1,1,0.067,137,4096,256,15,297.626,677.063,561152,true,public_local_nvme_gpu,,1,16
Tutti-v0.1.1,1,0.067,137,4096,256,16,297.601,679.038,561152,true,public_local_nvme_gpu,,1,16
Tutti-v0.1.1,1,0.067,137,4096,256,17,289.627,670.392,561152,true,public_local_nvme_gpu,,1,16
Tutti-v0.1.1,1,0.067,137,4096,256,18,290.024,679.66,561152,true,public_local_nvme_gpu,,1,16
Tutti-v0.1.1,1,0.067,137,4096,256,19,283.998,672.333,561152,true,public_local_nvme_gpu,,1,16
Tutti-v0.1.1,1,0.067,137,4096,256,20,274.319,669.022,561152,true,public_local_nvme_gpu,,1,16
Tutti-v0.1.1,1,0.067,137,4096,256,21,287.129,755.958,561152,true,public_local_nvme_gpu,,1,16
Tutti-v0.1.1,1,0.067,137,4096,256,22,278.725,665.348,561152,true,public_local_nvme_gpu,,1,16
Tutti-v0.1.1,1,0.067,137,4096,256,23,279.828,672.749,561152,true,public_local_nvme_gpu,,1,16
Tutti-v0.1.1,1,0.067,137,4096,256,24,278.98,674.91,561152,true,public_local_nvme_gpu,,1,16
Tutti-v0.1.1,1,0.067,137,4096,256,25,320.318,712.987,561152,true,public_local_nvme_gpu,,1,16
Tutti-v0.1.1,1,0.067,137,4096,256,26,295.863,687.598,561152,true,public_local_nvme_gpu,,1,16
Tutti-v0.1.1,1,0.067,137,4096,256,27,290.237,689.181,561152,true,public_local_nvme_gpu,,1,16
Tutti-v0.1.1,1,0.067,137,4096,256,28,495.518,877.827,561152,true,public_local_nvme_gpu,,1,16
Tutti-v0.1.1,1,0.067,137,4096,256,29,346.859,758.423,561152,true,public_local_nvme_gpu,,1,16
Tutti-v0.1.1,1,0.067,137,4096,256,30,300.586,686.559,561152,true,public_local_nvme_gpu,,1,16
Tutti-v0.1.1,1,0.067,137,4096,256,31,289.94,681.182,561152,true,public_local_nvme_gpu,,1,16
Tutti-v0.1.1,1,0.067,137,4096,256,32,294.665,680.848,561152,true,public_local_nvme_gpu,,1,16
Tutti-v0.1.1,1,0.067,137,4096,256,33,287.346,678.413,561152,true,public_local_nvme_gpu,,1,16
Tutti-v0.1.1,1,0.067,137,4096,256,34,285.948,685.661,561152,true,public_local_nvme_gpu,,1,16
Tutti-v0.1.1,1,0.067,137,4096,256,35,281.186,669.418,561152,true,public_local_nvme_gpu,,1,16
Tutti-v0.1.1,1,0.067,137,4096,256,36,280.995,680.043,561152,true,public_local_nvme_gpu,,1,16
Tutti-v0.1.1,1,0.067,137,4096,256,37,284.793,693.433,561152,true,public_local_nvme_gpu,,1,16
Tutti-v0.1.1,1,0.067,137,4096,256,38,318.884,705.435,561152,true,public_local_nvme_gpu,,1,16
Tutti-v0.1.1,1,0.067,137,4096,256,39,296.903,706.822,561152,true,public_local_nvme_gpu,,1,16
Tutti-v0.1.1,1,0.067,137,4096,256,40,284.212,676.313,561152,true,public_local_nvme_gpu,,1,16
Tutti-v0.1.1,1,0.067,137,4096,256,41,315.829,728.828,561152,true,public_local_nvme_gpu,,1,16
Tutti-v0.1.1,1,0.067,137,4096,256,42,285.603,671.168,561152,true,public_local_nvme_gpu,,1,16
Tutti-v0.1.1,1,0.067,137,4096,256,43,296.03,682.814,561152,true,public_local_nvme_gpu,,1,16
Tutti-v0.1.1,1,0.067,137,4096,256,44,293.536,682.955,561152,true,public_local_nvme_gpu,,1,16
Tutti-v0.1.1,1,0.067,137,4096,256,45,290.851,676.904,561152,true,public_local_nvme_gpu,,1,16
Tutti-v0.1.1,1,0.067,137,4096,256,46,274.612,660.414,561152,true,public_local_nvme_gpu,,1,16
Tutti-v0.1.1,1,0.067,137,4096,256,47,283.117,692.622,561152,true,public_local_nvme_gpu,,1,16
Tutti-v0.1.1,1,0.067,137,4096,256,48,275.051,668.431,561152,true,public_local_nvme_gpu,,1,16
Tutti-v0.1.1,1,0.067,137,4096,256,49,284.635,671.517,561152,true,public_local_nvme_gpu,,1,16
Tutti-v0.1.1,1,0.067,137,4096,256,50,271.4,681.261,561152,true,public_local_nvme_gpu,,1,16
Tutti-v0.1.1,1,0.067,137,4096,256,51,292.286,678.742,561152,true,public_local_nvme_gpu,,1,16
Tutti-v0.1.1,1,0.067,137,4096,256,52,291.892,692.694,561152,true,public_local_nvme_gpu,,1,16
Tutti-v0.1.1,1,0.067,137,4096,256,53,300.688,682.711,561152,true,public_local_nvme_gpu,,1,16
Tutti-v0.1.1,1,0.067,137,4096,256,54,301.884,689.917,561152,true,public_local_nvme_gpu,,1,16
Tutti-v0.1.1,1,0.067,137,4096,256,55,287.611,677.85,561152,true,public_local_nvme_gpu,,1,16
Tutti-v0.1.1,1,0.067,137,4096,256,56,298.622,683.948,561152,true,public_local_nvme_gpu,,1,16
Tutti-v0.1.1,1,0.067,137,4096,256,57,279.128,670.963,561152,true,public_local_nvme_gpu,,1,16
Tutti-v0.1.1,1,0.067,137,4096,256,58,285.093,672.362,561152,true,public_local_nvme_gpu,,1,16
Tutti-v0.1.1,1,0.067,137,4096,256,59,268.81,647.216,561152,true,public_local_nvme_gpu,,1,16
Tutti-v0.1.1,1,0.067,137,4096,256,60,276.879,665.648,561152,true,public_local_nvme_gpu,,1,16
Tutti-v0.1.1,1,0.067,137,4096,256,61,266.902,644.266,561152,true,public_local_nvme_gpu,,1,16
Tutti-v0.1.1,1,0.067,137,4096,256,62,276.035,671.992,561152,true,public_local_nvme_gpu,,1,16
Tutti-v0.1.1,1,0.067,137,4096,256,63,265.706,641.335,561152,true,public_local_nvme_gpu,,1,16
Tutti-v0.1.1,1,0.067,137,4096,256,64,285.199,700.605,561152,true,public_local_nvme_gpu,,1,16
Tutti-v0.1.1,1,0.067,137,4096,256,65,267.671,652.317,561152,true,public_local_nvme_gpu,,1,16
Tutti-v0.1.1,1,0.067,137,4096,256,66,273.524,666.729,561152,true,public_local_nvme_gpu,,1,16
Tutti-v0.1.1,1,0.067,137,4096,256,67,265.122,638.017,561152,true,public_local_nvme_gpu,,1,16
Tutti-v0.1.1,1,0.067,137,4096,256,68,275.716,650.064,561152,true,public_local_nvme_gpu,,1,16
Tutti-v0.1.1,1,0.067,137,4096,256,69,269.067,650.629,561152,true,public_local_nvme_gpu,,1,16
Tutti-v0.1.1,1,0.067,137,4096,256,70,272.116,646.867,561152,true,public_local_nvme_gpu,,1,16
Tutti-v0.1.1,1,0.067,137,4096,256,71,269.014,652.371,561152,true,public_local_nvme_gpu,,1,16
Tutti-v0.1.1,1,0.067,137,4096,256,72,272.276,656.188,561152,true,public_local_nvme_gpu,,1,16
Tutti-v0.1.1,1,0.067,137,4096,256,73,258.467,625.577,561152,true,public_local_nvme_gpu,,1,16
Tutti-v0.1.1,1,0.067,137,4096,256,74,261.528,638.947,561152,true,public_local_nvme_gpu,,1,16
Tutti-v0.1.1,1,0.067,137,4096,256,75,295.995,667.497,561152,true,public_local_nvme_gpu,,1,16
Tutti-v0.1.1,1,0.067,137,4096,256,76,260.647,634.154,561152,true,public_local_nvme_gpu,,1,16
Tutti-v0.1.1,1,0.067,137,4096,256,77,257.57,637.45,561152,true,public_local_nvme_gpu,,1,16
Tutti-v0.1.1,1,0.067,137,4096,256,78,260.522,640.091,561152,true,public_local_nvme_gpu,,1,16
Tutti-v0.1.1,1,0.067,137,4096,256,79,255.044,635.468,561152,true,public_local_nvme_gpu,,1,16
Tutti-v0.1.1,1,0.067,137,4096,256,80,252.968,628.271,561152,true,public_local_nvme_gpu,,1,16
Tutti-v0.1.1,1,0.067,137,4096,256,81,277.709,649.872,561152,true,public_local_nvme_gpu,,1,16
Tutti-v0.1.1,1,0.067,137,4096,256,82,282.758,660.739,561152,true,public_local_nvme_gpu,,1,16
Tutti-v0.1.1,1,0.067,137,4096,256,83,264.902,644.374,561152,true,public_local_nvme_gpu,,1,16
Tutti-v0.1.1,1,0.067,137,4096,256,84,249.361,630.236,561152,true,public_local_nvme_gpu,,1,16
Tutti-v0.1.1,1,0.067,137,4096,256,85,239.1,605.466,561152,true,public_local_nvme_gpu,,1,16
Tutti-v0.1.1,1,0.067,137,4096,256,86,240.723,629.077,561152,true,public_local_nvme_gpu,,1,16
Tutti-v0.1.1,1,0.067,137,4096,256,87,240.044,600.957,561152,true,public_local_nvme_gpu,,1,16
Tutti-v0.1.1,1,0.067,137,4096,256,88,298.92,681.531,561152,true,public_local_nvme_gpu,,1,16
Tutti-v0.1.1,1,0.067,137,4096,256,89,274.957,649.093,561152,true,public_local_nvme_gpu,,1,16
Tutti-v0.1.1,1,0.067,137,4096,256,90,262.119,642.868,561152,true,public_local_nvme_gpu,,1,16
Tutti-v0.1.1,1,0.067,137,4096,256,91,267.781,655.929,561152,true,public_local_nvme_gpu,,1,16
Tutti-v0.1.1,1,0.067,137,4096,256,92,267.374,676.547,561152,true,public_local_nvme_gpu,,1,16
Tutti-v0.1.1,1,0.067,137,4096,256,93,264.985,648.721,561152,true,public_local_nvme_gpu,,1,16
Tutti-v0.1.1,1,0.067,137,4096,256,94,270.697,676.212,561152,true,public_local_nvme_gpu,,1,16
Tutti-v0.1.1,1,0.067,137,4096,256,95,271.923,652.583,561152,true,public_local_nvme_gpu,,1,16
Tutti-v0.1.1,1,0.067,137,4096,256,96,256.245,653.67,561152,true,public_local_nvme_gpu,,1,16
Tutti-v0.1.1,1,0.067,137,4096,256,97,297.402,693.075,561152,true,public_local_nvme_gpu,,1,16
Tutti-v0.1.1,1,0.067,137,4096,256,98,274.932,664.207,561152,true,public_local_nvme_gpu,,1,16
Tutti-v0.1.1,1,0.067,137,4096,256,99,268.062,648.179,561152,true,public_local_nvme_gpu,,1,16
Tutti-v0.1.1,1,0.067,137,4096,256,100,271.49,650.491,561152,true,public_local_nvme_gpu,,1,16
Tutti-v0.1.1,1,0.067,137,4096,256,101,266.758,651.792,561152,true,public_local_nvme_gpu,,1,16
Tutti-v0.1.1,1,0.067,137,4096,256,102,268.961,636.391,561152,true,public_local_nvme_gpu,,1,16
Tutti-v0.1.1,1,0.067,137,4096,256,103,264.836,675.214,561152,true,public_local_nvme_gpu,,1,16
Tutti-v0.1.1,1,0.067,137,4096,256,104,264.797,647.006,561152,true,public_local_nvme_gpu,,1,16
Tutti-v0.1.1,1,0.067,137,4096,256,105,261.401,699.968,561152,true,public_local_nvme_gpu,,1,16
Tutti-v0.1.1,1,0.067,137,4096,256,106,258.254,632.371,561152,true,public_local_nvme_gpu,,1,16
Tutti-v0.1.1,1,0.067,137,4096,256,107,260.227,661.734,561152,true,public_local_nvme_gpu,,1,16
Tutti-v0.1.1,1,0.067,137,4096,256,108,257.943,641.644,561152,true,public_local_nvme_gpu,,1,16
Tutti-v0.1.1,1,0.067,137,4096,256,109,259.907,631.133,561152,true,public_local_nvme_gpu,,1,16
Tutti-v0.1.1,1,0.067,137,4096,256,110,265.53,658.545,561152,true,public_local_nvme_gpu,,1,16
Tutti-v0.1.1,1,0.067,137,4096,256,111,273.927,656.289,561152,true,public_local_nvme_gpu,,1,16
Tutti-v0.1.1,1,0.067,137,4096,256,112,271.396,646.299,561152,true,public_local_nvme_gpu,,1,16
Tutti-v0.1.1,1,0.067,137,4096,256,113,256.406,630.971,561152,true,public_local_nvme_gpu,,1,16
Tutti-v0.1.1,1,0.067,137,4096,256,114,261.485,648.499,561152,true,public_local_nvme_gpu,,1,16
Tutti-v0.1.1,1,0.067,137,4096,256,115,275.566,672.278,561152,true,public_local_nvme_gpu,,1,16
Tutti-v0.1.1,1,0.067,137,4096,256,116,256.37,698.328,561152,true,public_local_nvme_gpu,,1,16
Tutti-v0.1.1,1,0.067,137,4096,256,117,263.603,648.86,561152,true,public_local_nvme_gpu,,1,16
Tutti-v0.1.1,1,0.067,137,4096,256,118,251.883,637.958,561152,true,public_local_nvme_gpu,,1,16
Tutti-v0.1.1,1,0.067,137,4096,256,119,253.272,649.001,561152,true,public_local_nvme_gpu,,1,16
Tutti-v0.1.1,1,0.067,137,4096,256,120,259.886,654.782,561152,true,public_local_nvme_gpu,,1,16
Tutti-v0.1.1,1,0.067,137,4096,256,121,252.595,633.044,561152,true,public_local_nvme_gpu,,1,16
Tutti-v0.1.1,1,0.067,137,4096,256,122,271.828,656.987,561152,true,public_local_nvme_gpu,,1,16
Tutti-v0.1.1,1,0.067,137,4096,256,123,257.999,637.083,561152,true,public_local_nvme_gpu,,1,16
Tutti-v0.1.1,1,0.067,137,4096,256,124,256.139,645.424,561152,true,public_local_nvme_gpu,,1,16
Tutti-v0.1.1,1,0.067,137,4096,256,125,263.314,641.56,561152,true,public_local_nvme_gpu,,1,16
Tutti-v0.1.1,1,0.067,137,4096,256,126,278.466,661.137,561152,true,public_local_nvme_gpu,,1,16
Tutti-v0.1.1,1,0.067,137,4096,256,127,265.522,656.013,561152,true,public_local_nvme_gpu,,1,16
Tutti-v0.1.1,1,0.067,137,4096,256,128,257.682,637.555,561152,true,public_local_nvme_gpu,,1,16
Tutti-v0.1.1,1,0.067,137,4096,256,129,267.085,642.029,561152,true,public_local_nvme_gpu,,1,16
Tutti-v0.1.1,1,0.067,137,4096,256,130,267.33,642.241,561152,true,public_local_nvme_gpu,,1,16
Tutti-v0.1.1,1,0.067,137,4096,256,131,257.741,646.718,561152,true,public_local_nvme_gpu,,1,16
Tutti-v0.1.1,1,0.067,137,4096,256,132,270.13,654.097,561152,true,public_local_nvme_gpu,,1,16
Tutti-v0.1.1,1,0.067,137,4096,256,133,264.099,643.73,561152,true,public_local_nvme_gpu,,1,16
Tutti-v0.1.1,1,0.067,137,4096,256,134,298.828,685.518,561152,true,public_local_nvme_gpu,,1,16
Tutti-v0.1.1,1,0.067,137,4096,256,135,266.027,642.482,561152,true,public_local_nvme_gpu,,1,16
Tutti-v0.1.1,1,0.067,137,4096,256,136,275.785,647.377,561152,true,public_local_nvme_gpu,,1,16
Tutti-v0.1.1,1,0.067,137,4096,256,137,267.353,653.918,561152,true,public_local_nvme_gpu,,1,16
Tutti-v0.1.1,1,0.067,137,4096,256,138,268.455,649.34,561152,true,public_local_nvme_gpu,,1,16
Tutti-v0.1.1,1,0.067,137,4096,256,139,251.886,651.272,561152,true,public_local_nvme_gpu,,1,16
Tutti-v0.1.1,1,0.067,137,4096,256,140,264.721,639.164,561152,true,public_local_nvme_gpu,,1,16
Tutti-v0.1.1,1,0.067,137,4096,256,141,275.278,648.881,561152,true,public_local_nvme_gpu,,1,16
Tutti-v0.1.1,1,0.067,137,4096,256,142,286.468,687.611,561152,true,public_local_nvme_gpu,,1,16
Tutti-v0.1.1,1,0.067,137,4096,256,143,269.47,655.615,561152,true,public_local_nvme_gpu,,1,16
Tutti-v0.1.1,1,0.067,137,4096,256,144,266.831,642.91,561152,true,public_local_nvme_gpu,,1,16
Tutti-v0.1.1,1,0.067,137,4096,256,145,288.51,665.049,561152,true,public_local_nvme_gpu,,1,16
Tutti-v0.1.1,1,0.067,137,4096,256,146,258.993,646.86,561152,true,public_local_nvme_gpu,,1,16
Tutti-v0.1.1,1,0.067,137,4096,256,147,301.176,687.061,561152,true,public_local_nvme_gpu,,1,16
Tutti-v0.1.1,1,0.067,137,4096,256,148,267.453,647.445,561152,true,public_local_nvme_gpu,,1,16
Tutti-v0.1.1,1,0.067,137,4096,256,149,258.87,643.061,561152,true,public_local_nvme_gpu,,1,16
Tutti-v0.1.1,1,0.067,137,4096,256,150,250.726,687.897,561152,true,public_local_nvme_gpu,,1,16
Tutti-v0.1.1,1,0.067,137,4096,256,151,259.462,629.485,561152,true,public_local_nvme_gpu,,1,16
Tutti-v0.1.1,1,0.067,137,4096,256,152,257.64,637.302,561152,true,public_local_nvme_gpu,,1,16
Tutti-v0.1.1,1,0.067,137,4096,256,153,277.73,641.977,561152,true,public_local_nvme_gpu,,1,16
Tutti-v0.1.1,1,0.067,137,4096,256,154,264.076,643.136,561152,true,public_local_nvme_gpu,,1,16
Tutti-v0.1.1,1,0.067,137,4096,256,155,261.3,642.69,561152,true,public_local_nvme_gpu,,1,16
Tutti-v0.1.1,1,0.067,137,4096,256,156,272.173,644.709,561152,true,public_local_nvme_gpu,,1,16
Tutti-v0.1.1,1,0.067,137,4096,256,157,265.22,646.84,561152,true,public_local_nvme_gpu,,1,16
Tutti-v0.1.1,1,0.067,137,4096,256,158,271.642,649.947,561152,true,public_local_nvme_gpu,,1,16
Tutti-v0.1.1,1,0.067,137,4096,256,159,265.901,646.484,561152,true,public_local_nvme_gpu,,1,16
Tutti-v0.1.1,1,0.067,137,4096,256,160,263.363,641.106,561152,true,public_local_nvme_gpu,,1,16
Tutti-v0.1.1,1,0.067,137,4096,256,161,255.629,646.298,561152,true,public_local_nvme_gpu,,1,16
Tutti-v0.1.1,1,0.067,137,4096,256,162,261.554,637.599,561152,true,public_local_nvme_gpu,,1,16
Tutti-v0.1.1,1,0.067,137,4096,256,163,266.546,648.262,561152,true,public_local_nvme_gpu,,1,16
Tutti-v0.1.1,1,0.067,137,4096,256,164,299.607,704.196,561152,true,public_local_nvme_gpu,,1,16
Tutti-v0.1.1,1,0.067,137,4096,256,165,259.514,638.913,561152,true,public_local_nvme_gpu,,1,16
Tutti-v0.1.1,1,0.067,137,4096,256,166,262.523,647.083,561152,true,public_local_nvme_gpu,,1,16
Tutti-v0.1.1,1,0.067,137,4096,256,167,272.244,645.425,561152,true,public_local_nvme_gpu,,1,16
Tutti-v0.1.1,1,0.067,137,4096,256,168,262.909,643.327,561152,true,public_local_nvme_gpu,,1,16
Tutti-v0.1.1,1,0.067,137,4096,256,169,271.036,667.715,561152,true,public_local_nvme_gpu,,1,16
Tutti-v0.1.1,1,0.067,137,4096,256,170,267.974,638.294,561152,true,public_local_nvme_gpu,,1,16
Tutti-v0.1.1,1,0.067,137,4096,256,171,267.952,644.192,561152,true,public_local_nvme_gpu,,1,16
Tutti-v0.1.1,1,0.067,137,4096,256,172,272.768,657.653,561152,true,public_local_nvme_gpu,,1,16
Tutti-v0.1.1,1,0.067,137,4096,256,173,276.175,646.921,561152,true,public_local_nvme_gpu,,1,16
Tutti-v0.1.1,1,0.067,137,4096,256,174,271.755,660.09,561152,true,public_local_nvme_gpu,,1,16
Tutti-v0.1.1,1,0.067,137,4096,256,175,274.151,657.625,561152,true,public_local_nvme_gpu,,1,16
Tutti-v0.1.1,1,0.067,137,4096,256,176,523.474,907.15,561152,true,public_local_nvme_gpu,,1,16
Tutti-v0.1.1,1,0.067,137,4096,256,177,329.89,723.474,561152,true,public_local_nvme_gpu,,1,16
Tutti-v0.1.1,1,0.067,137,4096,256,178,302.069,721.035,561152,true,public_local_nvme_gpu,,1,16
Tutti-v0.1.1,1,0.067,137,4096,256,179,305.054,689.727,561152,true,public_local_nvme_gpu,,1,16
Tutti-v0.1.1,1,0.067,137,4096,256,180,295.199,683.312,561152,true,public_local_nvme_gpu,,1,16
Tutti-v0.1.1,1,0.067,137,4096,256,181,291.974,682.521,561152,true,public_local_nvme_gpu,,1,16
Tutti-v0.1.1,1,0.067,137,4096,256,182,291.941,683.529,561152,true,public_local_nvme_gpu,,1,16
Tutti-v0.1.1,1,0.067,137,4096,256,183,287.576,670.968,561152,true,public_local_nvme_gpu,,1,16
Tutti-v0.1.1,1,0.067,137,4096,256,184,301.46,690.254,561152,true,public_local_nvme_gpu,,1,16
Tutti-v0.1.1,1,0.067,137,4096,256,185,292.956,677.848,561152,true,public_local_nvme_gpu,,1,16
Tutti-v0.1.1,1,0.067,137,4096,256,186,279.485,659.153,561152,true,public_local_nvme_gpu,,1,16
Tutti-v0.1.1,1,0.067,137,4096,256,187,279.343,660.428,561152,true,public_local_nvme_gpu,,1,16
Tutti-v0.1.1,1,0.067,137,4096,256,188,302.446,685.161,561152,true,public_local_nvme_gpu,,1,16
Tutti-v0.1.1,1,0.067,137,4096,256,189,293.86,682.925,561152,true,public_local_nvme_gpu,,1,16
Tutti-v0.1.1,1,0.067,137,4096,256,190,297.358,684.483,561152,true,public_local_nvme_gpu,,1,16
Tutti-v0.1.1,1,0.067,137,4096,256,191,298.363,687.859,561152,true,public_local_nvme_gpu,,1,16
Tutti-v0.1.1,1,0.067,137,4096,256,192,371.891,767.389,561152,true,public_local_nvme_gpu,,1,16
Tutti-v0.1.1,1,0.067,137,4096,256,193,287.016,683.559,561152,true,public_local_nvme_gpu,,1,16
Tutti-v0.1.1,1,0.067,137,4096,256,194,272.397,663.62,561152,true,public_local_nvme_gpu,,1,16
Tutti-v0.1.1,1,0.067,137,4096,256,195,277.415,663.963,561152,true,public_local_nvme_gpu,,1,16
Tutti-v0.1.1,1,0.067,137,4096,256,196,294.446,691.524,561152,true,public_local_nvme_gpu,,1,16
Tutti-v0.1.1,1,0.067,137,4096,256,197,291.447,674.622,561152,true,public_local_nvme_gpu,,1,16
Tutti-v0.1.1,1,0.067,137,4096,256,198,291.288,678.457,561152,true,public_local_nvme_gpu,,1,16
Tutti-v0.1.1,1,0.067,137,4096,256,199,279.3,676.979,561152,true,public_local_nvme_gpu,,1,16
Tutti-v0.1.1,1,0.067,137,4096,256,0,277.251,661.562,561152,true,public_local_nvme_gpu,,3,16
Tutti-v0.1.1,1,0.134,274,4096,256,0,624.58,1378.138,1122304,true,public_local_nvme_gpu,,2,16
Tutti-v0.1.1,1,0.134,274,4096,256,0,566.676,1328.465,1122304,true,public_local_nvme_gpu,,0,16
Tutti-v0.1.1,1,0.134,274,4096,256,1,564.533,1343.216,1122304,true,public_local_nvme_gpu,,0,16
Tutti-v0.1.1,1,0.134,274,4096,256,2,573.624,1362.267,1122304,true,public_local_nvme_gpu,,0,16
Tutti-v0.1.1,1,0.134,274,4096,256,3,571.676,1336.061,1122304,true,public_local_nvme_gpu,,0,16
Tutti-v0.1.1,1,0.134,274,4096,256,4,564.1,1309.523,1122304,true,public_local_nvme_gpu,,0,16
Tutti-v0.1.1,1,0.134,274,4096,256,5,580.438,1360.269,1122304,true,public_local_nvme_gpu,,0,16
Tutti-v0.1.1,1,0.134,274,4096,256,6,575.015,1325.686,1122304,true,public_local_nvme_gpu,,0,16
Tutti-v0.1.1,1,0.134,274,4096,256,7,575.96,1371.5,1122304,true,public_local_nvme_gpu,,0,16
Tutti-v0.1.1,1,0.134,274,4096,256,8,557.399,1325.564,1122304,true,public_local_nvme_gpu,,0,16
Tutti-v0.1.1,1,0.134,274,4096,256,9,555.063,1324.91,1122304,true,public_local_nvme_gpu,,0,16
Tutti-v0.1.1,1,0.134,274,4096,256,0,563.858,1319.705,1122304,true,public_local_nvme_gpu,,1,16
Tutti-v0.1.1,1,0.134,274,4096,256,1,555.916,1316.498,1122304,true,public_local_nvme_gpu,,1,16
Tutti-v0.1.1,1,0.134,274,4096,256,2,550.926,1305.342,1122304,true,public_local_nvme_gpu,,1,16
Tutti-v0.1.1,1,0.134,274,4096,256,3,574.654,1344.016,1122304,true,public_local_nvme_gpu,,1,16
Tutti-v0.1.1,1,0.134,274,4096,256,4,558.153,1316.909,1122304,true,public_local_nvme_gpu,,1,16
Tutti-v0.1.1,1,0.134,274,4096,256,5,596.583,1349.682,1122304,true,public_local_nvme_gpu,,1,16
Tutti-v0.1.1,1,0.134,274,4096,256,6,553.765,1348.214,1122304,true,public_local_nvme_gpu,,1,16
Tutti-v0.1.1,1,0.134,274,4096,256,7,538.497,1296.773,1122304,true,public_local_nvme_gpu,,1,16
Tutti-v0.1.1,1,0.134,274,4096,256,8,563.265,1337.425,1122304,true,public_local_nvme_gpu,,1,16
Tutti-v0.1.1,1,0.134,274,4096,256,9,563.84,1319.031,1122304,true,public_local_nvme_gpu,,1,16
Tutti-v0.1.1,1,0.134,274,4096,256,10,606.329,1367.278,1122304,true,public_local_nvme_gpu,,1,16
Tutti-v0.1.1,1,0.134,274,4096,256,11,558.01,1319.223,1122304,true,public_local_nvme_gpu,,1,16
Tutti-v0.1.1,1,0.134,274,4096,256,12,557.492,1348.578,1122304,true,public_local_nvme_gpu,,1,16
Tutti-v0.1.1,1,0.134,274,4096,256,13,551.525,1318.108,1122304,true,public_local_nvme_gpu,,1,16
Tutti-v0.1.1,1,0.134,274,4096,256,14,546.475,1315.803,1122304,true,public_local_nvme_gpu,,1,16
Tutti-v0.1.1,1,0.134,274,4096,256,15,579.75,1342.051,1122304,true,public_local_nvme_gpu,,1,16
Tutti-v0.1.1,1,0.134,274,4096,256,16,560.468,1352.413,1122304,true,public_local_nvme_gpu,,1,16
Tutti-v0.1.1,1,0.134,274,4096,256,17,537.353,1300.357,1122304,true,public_local_nvme_gpu,,1,16
Tutti-v0.1.1,1,0.134,274,4096,256,18,546.455,1302.057,1122304,true,public_local_nvme_gpu,,1,16
Tutti-v0.1.1,1,0.134,274,4096,256,19,542.691,1300.64,1122304,true,public_local_nvme_gpu,,1,16
Tutti-v0.1.1,1,0.134,274,4096,256,20,549.986,1310.819,1122304,true,public_local_nvme_gpu,,1,16
Tutti-v0.1.1,1,0.134,274,4096,256,21,547.29,1300.51,1122304,true,public_local_nvme_gpu,,1,16
Tutti-v0.1.1,1,0.134,274,4096,256,22,548.108,1318.581,1122304,true,public_local_nvme_gpu,,1,16
Tutti-v0.1.1,1,0.134,274,4096,256,23,557.083,1324.943,1122304,true,public_local_nvme_gpu,,1,16
Tutti-v0.1.1,1,0.134,274,4096,256,24,558.107,1305.084,1122304,true,public_local_nvme_gpu,,1,16
Tutti-v0.1.1,1,0.134,274,4096,256,25,533.132,1322.131,1122304,true,public_local_nvme_gpu,,1,16
Tutti-v0.1.1,1,0.134,274,4096,256,26,534.902,1302.995,1122304,true,public_local_nvme_gpu,,1,16
Tutti-v0.1.1,1,0.134,274,4096,256,27,549.168,1320.102,1122304,true,public_local_nvme_gpu,,1,16
Tutti-v0.1.1,1,0.134,274,4096,256,28,554.389,1316.629,1122304,true,public_local_nvme_gpu,,1,16
Tutti-v0.1.1,1,0.134,274,4096,256,29,531.07,1301.824,1122304,true,public_local_nvme_gpu,,1,16
Tutti-v0.1.1,1,0.134,274,4096,256,30,549.714,1319.794,1122304,true,public_local_nvme_gpu,,1,16
Tutti-v0.1.1,1,0.134,274,4096,256,31,567.297,1323.524,1122304,true,public_local_nvme_gpu,,1,16
Tutti-v0.1.1,1,0.134,274,4096,256,32,548.459,1317.915,1122304,true,public_local_nvme_gpu,,1,16
Tutti-v0.1.1,1,0.134,274,4096,256,33,584.782,1375.471,1122304,true,public_local_nvme_gpu,,1,16
Tutti-v0.1.1,1,0.134,274,4096,256,34,554.309,1311.389,1122304,true,public_local_nvme_gpu,,1,16
Tutti-v0.1.1,1,0.134,274,4096,256,35,542.881,1315.301,1122304,true,public_local_nvme_gpu,,1,16
Tutti-v0.1.1,1,0.134,274,4096,256,36,553.953,1335.3,1122304,true,public_local_nvme_gpu,,1,16
Tutti-v0.1.1,1,0.134,274,4096,256,37,548.015,1301.224,1122304,true,public_local_nvme_gpu,,1,16
Tutti-v0.1.1,1,0.134,274,4096,256,38,545.181,1307.485,1122304,true,public_local_nvme_gpu,,1,16
Tutti-v0.1.1,1,0.134,274,4096,256,39,542.785,1300.203,1122304,true,public_local_nvme_gpu,,1,16
Tutti-v0.1.1,1,0.134,274,4096,256,40,553.068,1375.865,1122304,true,public_local_nvme_gpu,,1,16
Tutti-v0.1.1,1,0.134,274,4096,256,41,543.303,1332.349,1122304,true,public_local_nvme_gpu,,1,16
Tutti-v0.1.1,1,0.134,274,4096,256,42,544.296,1303.157,1122304,true,public_local_nvme_gpu,,1,16
Tutti-v0.1.1,1,0.134,274,4096,256,43,545.716,1306.513,1122304,true,public_local_nvme_gpu,,1,16
Tutti-v0.1.1,1,0.134,274,4096,256,44,552.256,1308.486,1122304,true,public_local_nvme_gpu,,1,16
Tutti-v0.1.1,1,0.134,274,4096,256,45,547.437,1327.914,1122304,true,public_local_nvme_gpu,,1,16
Tutti-v0.1.1,1,0.134,274,4096,256,46,553.952,1337.756,1122304,true,public_local_nvme_gpu,,1,16
Tutti-v0.1.1,1,0.134,274,4096,256,47,538.387,1307.247,1122304,true,public_local_nvme_gpu,,1,16
Tutti-v0.1.1,1,0.134,274,4096,256,48,536.206,1324.7,1122304,true,public_local_nvme_gpu,,1,16
Tutti-v0.1.1,1,0.134,274,4096,256,49,578.556,1338.424,1122304,true,public_local_nvme_gpu,,1,16
Tutti-v0.1.1,1,0.134,274,4096,256,50,549.843,1339.347,1122304,true,public_local_nvme_gpu,,1,16
Tutti-v0.1.1,1,0.134,274,4096,256,51,557.855,1322.335,1122304,true,public_local_nvme_gpu,,1,16
Tutti-v0.1.1,1,0.134,274,4096,256,52,561.862,1322.338,1122304,true,public_local_nvme_gpu,,1,16
Tutti-v0.1.1,1,0.134,274,4096,256,53,571.171,1339.366,1122304,true,public_local_nvme_gpu,,1,16
Tutti-v0.1.1,1,0.134,274,4096,256,54,552.149,1308.939,1122304,true,public_local_nvme_gpu,,1,16
Tutti-v0.1.1,1,0.134,274,4096,256,55,544.483,1310.491,1122304,true,public_local_nvme_gpu,,1,16
Tutti-v0.1.1,1,0.134,274,4096,256,56,545.258,1304.35,1122304,true,public_local_nvme_gpu,,1,16
Tutti-v0.1.1,1,0.134,274,4096,256,57,567.478,1324.653,1122304,true,public_local_nvme_gpu,,1,16
Tutti-v0.1.1,1,0.134,274,4096,256,58,544.826,1345.471,1122304,true,public_local_nvme_gpu,,1,16
Tutti-v0.1.1,1,0.134,274,4096,256,59,538.827,1312.947,1122304,true,public_local_nvme_gpu,,1,16
Tutti-v0.1.1,1,0.134,274,4096,256,60,555.161,1317.667,1122304,true,public_local_nvme_gpu,,1,16
Tutti-v0.1.1,1,0.134,274,4096,256,61,544.938,1307.069,1122304,true,public_local_nvme_gpu,,1,16
Tutti-v0.1.1,1,0.134,274,4096,256,62,542.527,1315.732,1122304,true,public_local_nvme_gpu,,1,16
Tutti-v0.1.1,1,0.134,274,4096,256,63,543.097,1300.1,1122304,true,public_local_nvme_gpu,,1,16
Tutti-v0.1.1,1,0.134,274,4096,256,64,543.647,1319.151,1122304,true,public_local_nvme_gpu,,1,16
Tutti-v0.1.1,1,0.134,274,4096,256,65,563.543,1350.998,1122304,true,public_local_nvme_gpu,,1,16
Tutti-v0.1.1,1,0.134,274,4096,256,66,552.7,1335.986,1122304,true,public_local_nvme_gpu,,1,16
Tutti-v0.1.1,1,0.134,274,4096,256,67,538.697,1298.147,1122304,true,public_local_nvme_gpu,,1,16
Tutti-v0.1.1,1,0.134,274,4096,256,68,550.067,1310.129,1122304,true,public_local_nvme_gpu,,1,16
Tutti-v0.1.1,1,0.134,274,4096,256,69,548.169,1315.442,1122304,true,public_local_nvme_gpu,,1,16
Tutti-v0.1.1,1,0.134,274,4096,256,70,555.306,1311.464,1122304,true,public_local_nvme_gpu,,1,16
Tutti-v0.1.1,1,0.134,274,4096,256,71,554.93,1314.532,1122304,true,public_local_nvme_gpu,,1,16
Tutti-v0.1.1,1,0.134,274,4096,256,72,551.35,1314.683,1122304,true,public_local_nvme_gpu,,1,16
Tutti-v0.1.1,1,0.134,274,4096,256,73,543.32,1314.604,1122304,true,public_local_nvme_gpu,,1,16
Tutti-v0.1.1,1,0.134,274,4096,256,74,548.511,1348.512,1122304,true,public_local_nvme_gpu,,1,16
Tutti-v0.1.1,1,0.134,274,4096,256,75,572.631,1345.886,1122304,true,public_local_nvme_gpu,,1,16
Tutti-v0.1.1,1,0.134,274,4096,256,76,539.35,1307.138,1122304,true,public_local_nvme_gpu,,1,16
Tutti-v0.1.1,1,0.134,274,4096,256,77,553.86,1317.916,1122304,true,public_local_nvme_gpu,,1,16
Tutti-v0.1.1,1,0.134,274,4096,256,78,557.98,1323.063,1122304,true,public_local_nvme_gpu,,1,16
Tutti-v0.1.1,1,0.134,274,4096,256,79,540.284,1309.345,1122304,true,public_local_nvme_gpu,,1,16
Tutti-v0.1.1,1,0.134,274,4096,256,80,544.665,1328.644,1122304,true,public_local_nvme_gpu,,1,16
Tutti-v0.1.1,1,0.134,274,4096,256,81,560.216,1318.733,1122304,true,public_local_nvme_gpu,,1,16
Tutti-v0.1.1,1,0.134,274,4096,256,82,558.587,1341.804,1122304,true,public_local_nvme_gpu,,1,16
Tutti-v0.1.1,1,0.134,274,4096,256,83,556.037,1317.186,1122304,true,public_local_nvme_gpu,,1,16
Tutti-v0.1.1,1,0.134,274,4096,256,84,552.592,1311.902,1122304,true,public_local_nvme_gpu,,1,16
Tutti-v0.1.1,1,0.134,274,4096,256,85,545.669,1318.852,1122304,true,public_local_nvme_gpu,,1,16
Tutti-v0.1.1,1,0.134,274,4096,256,86,541.42,1305.827,1122304,true,public_local_nvme_gpu,,1,16
Tutti-v0.1.1,1,0.134,274,4096,256,87,527.402,1301.559,1122304,true,public_local_nvme_gpu,,1,16
Tutti-v0.1.1,1,0.134,274,4096,256,88,536.602,1301.922,1122304,true,public_local_nvme_gpu,,1,16
Tutti-v0.1.1,1,0.134,274,4096,256,89,542.986,1296.673,1122304,true,public_local_nvme_gpu,,1,16
Tutti-v0.1.1,1,0.134,274,4096,256,90,544.914,1335.929,1122304,true,public_local_nvme_gpu,,1,16
Tutti-v0.1.1,1,0.134,274,4096,256,91,541.114,1335.944,1122304,true,public_local_nvme_gpu,,1,16
Tutti-v0.1.1,1,0.134,274,4096,256,92,548.695,1317.589,1122304,true,public_local_nvme_gpu,,1,16
Tutti-v0.1.1,1,0.134,274,4096,256,93,547.723,1365.378,1122304,true,public_local_nvme_gpu,,1,16
Tutti-v0.1.1,1,0.134,274,4096,256,94,541.451,1316.55,1122304,true,public_local_nvme_gpu,,1,16
Tutti-v0.1.1,1,0.134,274,4096,256,95,545.066,1340.157,1122304,true,public_local_nvme_gpu,,1,16
Tutti-v0.1.1,1,0.134,274,4096,256,96,539.127,1306.168,1122304,true,public_local_nvme_gpu,,1,16
Tutti-v0.1.1,1,0.134,274,4096,256,97,548.435,1321.051,1122304,true,public_local_nvme_gpu,,1,16
Tutti-v0.1.1,1,0.134,274,4096,256,98,581.709,1329.085,1122304,true,public_local_nvme_gpu,,1,16
Tutti-v0.1.1,1,0.134,274,4096,256,99,543.942,1329.617,1122304,true,public_local_nvme_gpu,,1,16
Tutti-v0.1.1,1,0.134,274,4096,256,100,533.716,1307.757,1122304,true,public_local_nvme_gpu,,1,16
Tutti-v0.1.1,1,0.134,274,4096,256,101,537.698,1294.334,1122304,true,public_local_nvme_gpu,,1,16
Tutti-v0.1.1,1,0.134,274,4096,256,102,540.62,1310.058,1122304,true,public_local_nvme_gpu,,1,16
Tutti-v0.1.1,1,0.134,274,4096,256,103,465.432,1212.513,1122304,true,public_local_nvme_gpu,,1,16
Tutti-v0.1.1,1,0.134,274,4096,256,104,417.661,1113.117,1122304,true,public_local_nvme_gpu,,1,16
Tutti-v0.1.1,1,0.134,274,4096,256,105,396.516,1079.143,1122304,true,public_local_nvme_gpu,,1,16
Tutti-v0.1.1,1,0.134,274,4096,256,106,358.179,1000.773,1122304,true,public_local_nvme_gpu,,1,16
Tutti-v0.1.1,1,0.134,274,4096,256,107,343.125,983.861,1122304,true,public_local_nvme_gpu,,1,16
Tutti-v0.1.1,1,0.134,274,4096,256,108,320.69,962.737,1122304,true,public_local_nvme_gpu,,1,16
Tutti-v0.1.1,1,0.134,274,4096,256,109,312.937,949.827,1122304,true,public_local_nvme_gpu,,1,16
Tutti-v0.1.1,1,0.134,274,4096,256,110,318.476,944.807,1122304,true,public_local_nvme_gpu,,1,16
Tutti-v0.1.1,1,0.134,274,4096,256,111,316.621,944.856,1122304,true,public_local_nvme_gpu,,1,16
Tutti-v0.1.1,1,0.134,274,4096,256,112,305.766,926.014,1122304,true,public_local_nvme_gpu,,1,16
Tutti-v0.1.1,1,0.134,274,4096,256,113,308.65,921.062,1122304,true,public_local_nvme_gpu,,1,16
Tutti-v0.1.1,1,0.134,274,4096,256,114,316.845,930.123,1122304,true,public_local_nvme_gpu,,1,16
Tutti-v0.1.1,1,0.134,274,4096,256,115,311.487,953.866,1122304,true,public_local_nvme_gpu,,1,16
Tutti-v0.1.1,1,0.134,274,4096,256,116,310.039,934.091,1122304,true,public_local_nvme_gpu,,1,16
Tutti-v0.1.1,1,0.134,274,4096,256,117,308.151,932.06,1122304,true,public_local_nvme_gpu,,1,16
Tutti-v0.1.1,1,0.134,274,4096,256,118,331.628,975.403,1122304,true,public_local_nvme_gpu,,1,16
Tutti-v0.1.1,1,0.134,274,4096,256,119,313.627,925.805,1122304,true,public_local_nvme_gpu,,1,16
Tutti-v0.1.1,1,0.134,274,4096,256,120,308.998,925.9,1122304,true,public_local_nvme_gpu,,1,16
Tutti-v0.1.1,1,0.134,274,4096,256,121,308.669,935.025,1122304,true,public_local_nvme_gpu,,1,16
Tutti-v0.1.1,1,0.134,274,4096,256,122,312.994,942.575,1122304,true,public_local_nvme_gpu,,1,16
Tutti-v0.1.1,1,0.134,274,4096,256,123,308.233,938.129,1122304,true,public_local_nvme_gpu,,1,16
Tutti-v0.1.1,1,0.134,274,4096,256,124,309.364,928.672,1122304,true,public_local_nvme_gpu,,1,16
Tutti-v0.1.1,1,0.134,274,4096,256,125,315.473,949.355,1122304,true,public_local_nvme_gpu,,1,16
Tutti-v0.1.1,1,0.134,274,4096,256,126,312.233,940.129,1122304,true,public_local_nvme_gpu,,1,16
Tutti-v0.1.1,1,0.134,274,4096,256,127,319.357,946.788,1122304,true,public_local_nvme_gpu,,1,16
Tutti-v0.1.1,1,0.134,274,4096,256,128,316.859,952.303,1122304,true,public_local_nvme_gpu,,1,16
Tutti-v0.1.1,1,0.134,274,4096,256,129,309.913,920.944,1122304,true,public_local_nvme_gpu,,1,16
Tutti-v0.1.1,1,0.134,274,4096,256,130,310.135,935.593,1122304,true,public_local_nvme_gpu,,1,16
Tutti-v0.1.1,1,0.134,274,4096,256,131,316.947,937.453,1122304,true,public_local_nvme_gpu,,1,16
Tutti-v0.1.1,1,0.134,274,4096,256,132,311.371,933.227,1122304,true,public_local_nvme_gpu,,1,16
Tutti-v0.1.1,1,0.134,274,4096,256,133,325.874,947.427,1122304,true,public_local_nvme_gpu,,1,16
Tutti-v0.1.1,1,0.134,274,4096,256,134,307.898,933.486,1122304,true,public_local_nvme_gpu,,1,16
Tutti-v0.1.1,1,0.134,274,4096,256,135,314.736,941.604,1122304,true,public_local_nvme_gpu,,1,16
Tutti-v0.1.1,1,0.134,274,4096,256,136,305.298,946.193,1122304,true,public_local_nvme_gpu,,1,16
Tutti-v0.1.1,1,0.134,274,4096,256,137,318.497,958.586,1122304,true,public_local_nvme_gpu,,1,16
Tutti-v0.1.1,1,0.134,274,4096,256,138,305.781,930.062,1122304,true,public_local_nvme_gpu,,1,16
Tutti-v0.1.1,1,0.134,274,4096,256,139,309.337,933.658,1122304,true,public_local_nvme_gpu,,1,16
Tutti-v0.1.1,1,0.134,274,4096,256,140,315.506,939.439,1122304,true,public_local_nvme_gpu,,1,16
Tutti-v0.1.1,1,0.134,274,4096,256,141,312.57,929.165,1122304,true,public_local_nvme_gpu,,1,16
Tutti-v0.1.1,1,0.134,274,4096,256,142,318.945,964.391,1122304,true,public_local_nvme_gpu,,1,16
Tutti-v0.1.1,1,0.134,274,4096,256,143,311.728,936.745,1122304,true,public_local_nvme_gpu,,1,16
Tutti-v0.1.1,1,0.134,274,4096,256,144,312.207,937.762,1122304,true,public_local_nvme_gpu,,1,16
Tutti-v0.1.1,1,0.134,274,4096,256,145,316.316,952.026,1122304,true,public_local_nvme_gpu,,1,16
Tutti-v0.1.1,1,0.134,274,4096,256,146,310.628,929.107,1122304,true,public_local_nvme_gpu,,1,16
Tutti-v0.1.1,1,0.134,274,4096,256,147,311.367,952.041,1122304,true,public_local_nvme_gpu,,1,16
Tutti-v0.1.1,1,0.134,274,4096,256,148,306.071,943.017,1122304,true,public_local_nvme_gpu,,1,16
Tutti-v0.1.1,1,0.134,274,4096,256,149,312.329,925.571,1122304,true,public_local_nvme_gpu,,1,16
Tutti-v0.1.1,1,0.134,274,4096,256,150,304.683,938.043,1122304,true,public_local_nvme_gpu,,1,16
Tutti-v0.1.1,1,0.134,274,4096,256,151,312.873,938.972,1122304,true,public_local_nvme_gpu,,1,16
Tutti-v0.1.1,1,0.134,274,4096,256,152,486.846,1108.194,1122304,true,public_local_nvme_gpu,,1,16
Tutti-v0.1.1,1,0.134,274,4096,256,153,335.449,953.327,1122304,true,public_local_nvme_gpu,,1,16
Tutti-v0.1.1,1,0.134,274,4096,256,154,324.611,960.619,1122304,true,public_local_nvme_gpu,,1,16
Tutti-v0.1.1,1,0.134,274,4096,256,155,326.967,961.682,1122304,true,public_local_nvme_gpu,,1,16
Tutti-v0.1.1,1,0.134,274,4096,256,156,308.75,933.257,1122304,true,public_local_nvme_gpu,,1,16
Tutti-v0.1.1,1,0.134,274,4096,256,157,316.542,941.966,1122304,true,public_local_nvme_gpu,,1,16
Tutti-v0.1.1,1,0.134,274,4096,256,158,313.345,945.004,1122304,true,public_local_nvme_gpu,,1,16
Tutti-v0.1.1,1,0.134,274,4096,256,159,310.951,938.985,1122304,true,public_local_nvme_gpu,,1,16
Tutti-v0.1.1,1,0.134,274,4096,256,160,310.025,940.903,1122304,true,public_local_nvme_gpu,,1,16
Tutti-v0.1.1,1,0.134,274,4096,256,161,320.684,941.316,1122304,true,public_local_nvme_gpu,,1,16
Tutti-v0.1.1,1,0.134,274,4096,256,162,310.258,962.714,1122304,true,public_local_nvme_gpu,,1,16
Tutti-v0.1.1,1,0.134,274,4096,256,163,317.528,942.64,1122304,true,public_local_nvme_gpu,,1,16
Tutti-v0.1.1,1,0.134,274,4096,256,164,314.799,939.653,1122304,true,public_local_nvme_gpu,,1,16
Tutti-v0.1.1,1,0.134,274,4096,256,165,312.189,940.862,1122304,true,public_local_nvme_gpu,,1,16
Tutti-v0.1.1,1,0.134,274,4096,256,166,317.406,936.734,1122304,true,public_local_nvme_gpu,,1,16
Tutti-v0.1.1,1,0.134,274,4096,256,167,315.377,948.273,1122304,true,public_local_nvme_gpu,,1,16
Tutti-v0.1.1,1,0.134,274,4096,256,168,313.933,942.205,1122304,true,public_local_nvme_gpu,,1,16
Tutti-v0.1.1,1,0.134,274,4096,256,169,321.777,942.486,1122304,true,public_local_nvme_gpu,,1,16
Tutti-v0.1.1,1,0.134,274,4096,256,170,315.632,949.825,1122304,true,public_local_nvme_gpu,,1,16
Tutti-v0.1.1,1,0.134,274,4096,256,171,309.719,932.335,1122304,true,public_local_nvme_gpu,,1,16
Tutti-v0.1.1,1,0.134,274,4096,256,172,310.861,931.557,1122304,true,public_local_nvme_gpu,,1,16
Tutti-v0.1.1,1,0.134,274,4096,256,173,320.382,949.375,1122304,true,public_local_nvme_gpu,,1,16
Tutti-v0.1.1,1,0.134,274,4096,256,174,320.084,942.743,1122304,true,public_local_nvme_gpu,,1,16
Tutti-v0.1.1,1,0.134,274,4096,256,175,311.09,944.517,1122304,true,public_local_nvme_gpu,,1,16
Tutti-v0.1.1,1,0.134,274,4096,256,176,315.024,943.184,1122304,true,public_local_nvme_gpu,,1,16
Tutti-v0.1.1,1,0.134,274,4096,256,177,314.751,935.761,1122304,true,public_local_nvme_gpu,,1,16
Tutti-v0.1.1,1,0.134,274,4096,256,178,329.357,948.348,1122304,true,public_local_nvme_gpu,,1,16
Tutti-v0.1.1,1,0.134,274,4096,256,179,308.182,940.256,1122304,true,public_local_nvme_gpu,,1,16
Tutti-v0.1.1,1,0.134,274,4096,256,180,312.964,959.803,1122304,true,public_local_nvme_gpu,,1,16
Tutti-v0.1.1,1,0.134,274,4096,256,181,312.831,943.683,1122304,true,public_local_nvme_gpu,,1,16
Tutti-v0.1.1,1,0.134,274,4096,256,182,307.378,934.772,1122304,true,public_local_nvme_gpu,,1,16
Tutti-v0.1.1,1,0.134,274,4096,256,183,306.113,923.337,1122304,true,public_local_nvme_gpu,,1,16
Tutti-v0.1.1,1,0.134,274,4096,256,184,315.386,957.021,1122304,true,public_local_nvme_gpu,,1,16
Tutti-v0.1.1,1,0.134,274,4096,256,185,314.921,961.313,1122304,true,public_local_nvme_gpu,,1,16
Tutti-v0.1.1,1,0.134,274,4096,256,186,304.417,933.802,1122304,true,public_local_nvme_gpu,,1,16
Tutti-v0.1.1,1,0.134,274,4096,256,187,302.724,923.6,1122304,true,public_local_nvme_gpu,,1,16
Tutti-v0.1.1,1,0.134,274,4096,256,188,313.018,953.661,1122304,true,public_local_nvme_gpu,,1,16
Tutti-v0.1.1,1,0.134,274,4096,256,189,313.182,964.749,1122304,true,public_local_nvme_gpu,,1,16
Tutti-v0.1.1,1,0.134,274,4096,256,190,328.626,965.1,1122304,true,public_local_nvme_gpu,,1,16
Tutti-v0.1.1,1,0.134,274,4096,256,191,324.752,969.712,1122304,true,public_local_nvme_gpu,,1,16
Tutti-v0.1.1,1,0.134,274,4096,256,192,311.283,923.35,1122304,true,public_local_nvme_gpu,,1,16
Tutti-v0.1.1,1,0.134,274,4096,256,193,321.584,944.216,1122304,true,public_local_nvme_gpu,,1,16
Tutti-v0.1.1,1,0.134,274,4096,256,194,323.114,989.861,1122304,true,public_local_nvme_gpu,,1,16
Tutti-v0.1.1,1,0.134,274,4096,256,195,315,939.054,1122304,true,public_local_nvme_gpu,,1,16
Tutti-v0.1.1,1,0.134,274,4096,256,196,307.315,938.913,1122304,true,public_local_nvme_gpu,,1,16
Tutti-v0.1.1,1,0.134,274,4096,256,197,311.69,928.542,1122304,true,public_local_nvme_gpu,,1,16
Tutti-v0.1.1,1,0.134,274,4096,256,198,312.369,1004.77,1122304,true,public_local_nvme_gpu,,1,16
Tutti-v0.1.1,1,0.134,274,4096,256,199,319.287,944.697,1122304,true,public_local_nvme_gpu,,1,16
Tutti-v0.1.1,1,0.134,274,4096,256,0,315.312,960.134,1122304,true,public_local_nvme_gpu,,3,16
Tutti-v0.1.1,1,0.3,614,4096,256,0,683.914,1905.808,2514944,true,public_local_nvme_gpu,,2,16
Tutti-v0.1.1,1,0.3,614,4096,256,0,682.75,1950.206,2514944,true,public_local_nvme_gpu,,0,16
Tutti-v0.1.1,1,0.3,614,4096,256,1,682.898,1918.289,2514944,true,public_local_nvme_gpu,,0,16
Tutti-v0.1.1,1,0.3,614,4096,256,2,669.779,1915.328,2514944,true,public_local_nvme_gpu,,0,16
Tutti-v0.1.1,1,0.3,614,4096,256,3,683.466,1929.416,2514944,true,public_local_nvme_gpu,,0,16
Tutti-v0.1.1,1,0.3,614,4096,256,4,670.887,1941.587,2514944,true,public_local_nvme_gpu,,0,16
Tutti-v0.1.1,1,0.3,614,4096,256,5,683.427,1930.709,2514944,true,public_local_nvme_gpu,,0,16
Tutti-v0.1.1,1,0.3,614,4096,256,6,687.701,1923.926,2514944,true,public_local_nvme_gpu,,0,16
Tutti-v0.1.1,1,0.3,614,4096,256,7,676.452,1889.461,2514944,true,public_local_nvme_gpu,,0,16
Tutti-v0.1.1,1,0.3,614,4096,256,8,681.417,1929.997,2514944,true,public_local_nvme_gpu,,0,16
Tutti-v0.1.1,1,0.3,614,4096,256,9,671.475,1911.882,2514944,true,public_local_nvme_gpu,,0,16
Tutti-v0.1.1,1,0.3,614,4096,256,0,683.46,1920.57,2514944,true,public_local_nvme_gpu,,1,16
Tutti-v0.1.1,1,0.3,614,4096,256,1,688.343,1920.973,2514944,true,public_local_nvme_gpu,,1,16
Tutti-v0.1.1,1,0.3,614,4096,256,2,663.996,1958.794,2514944,true,public_local_nvme_gpu,,1,16
Tutti-v0.1.1,1,0.3,614,4096,256,3,694.206,1909.426,2514944,true,public_local_nvme_gpu,,1,16
Tutti-v0.1.1,1,0.3,614,4096,256,4,682.03,1934.301,2514944,true,public_local_nvme_gpu,,1,16
Tutti-v0.1.1,1,0.3,614,4096,256,5,679.435,1933.629,2514944,true,public_local_nvme_gpu,,1,16
Tutti-v0.1.1,1,0.3,614,4096,256,6,667.462,1926.855,2514944,true,public_local_nvme_gpu,,1,16
Tutti-v0.1.1,1,0.3,614,4096,256,7,761.822,2126.689,2514944,true,public_local_nvme_gpu,,1,16
Tutti-v0.1.1,1,0.3,614,4096,256,8,673.987,1943.086,2514944,true,public_local_nvme_gpu,,1,16
Tutti-v0.1.1,1,0.3,614,4096,256,9,677.086,1929.379,2514944,true,public_local_nvme_gpu,,1,16
Tutti-v0.1.1,1,0.3,614,4096,256,10,667.685,1924.094,2514944,true,public_local_nvme_gpu,,1,16
Tutti-v0.1.1,1,0.3,614,4096,256,11,672.1,1891.246,2514944,true,public_local_nvme_gpu,,1,16
Tutti-v0.1.1,1,0.3,614,4096,256,12,671.011,1923.408,2514944,true,public_local_nvme_gpu,,1,16
Tutti-v0.1.1,1,0.3,614,4096,256,13,669.606,1889.713,2514944,true,public_local_nvme_gpu,,1,16
Tutti-v0.1.1,1,0.3,614,4096,256,14,675.787,1985.694,2514944,true,public_local_nvme_gpu,,1,16
Tutti-v0.1.1,1,0.3,614,4096,256,15,681.047,1906.827,2514944,true,public_local_nvme_gpu,,1,16
Tutti-v0.1.1,1,0.3,614,4096,256,16,666.804,1924.554,2514944,true,public_local_nvme_gpu,,1,16
Tutti-v0.1.1,1,0.3,614,4096,256,17,679.506,1934.076,2514944,true,public_local_nvme_gpu,,1,16
Tutti-v0.1.1,1,0.3,614,4096,256,18,667.02,1900.527,2514944,true,public_local_nvme_gpu,,1,16
Tutti-v0.1.1,1,0.3,614,4096,256,19,669.772,1912.666,2514944,true,public_local_nvme_gpu,,1,16
Tutti-v0.1.1,1,0.3,614,4096,256,20,672.018,1901.325,2514944,true,public_local_nvme_gpu,,1,16
Tutti-v0.1.1,1,0.3,614,4096,256,21,676.477,1917.2,2514944,true,public_local_nvme_gpu,,1,16
Tutti-v0.1.1,1,0.3,614,4096,256,22,666.761,1878.224,2514944,true,public_local_nvme_gpu,,1,16
Tutti-v0.1.1,1,0.3,614,4096,256,23,671.961,1913.929,2514944,true,public_local_nvme_gpu,,1,16
Tutti-v0.1.1,1,0.3,614,4096,256,24,668.833,1925.287,2514944,true,public_local_nvme_gpu,,1,16
Tutti-v0.1.1,1,0.3,614,4096,256,25,666.049,1904.603,2514944,true,public_local_nvme_gpu,,1,16
Tutti-v0.1.1,1,0.3,614,4096,256,26,666.893,1899.814,2514944,true,public_local_nvme_gpu,,1,16
Tutti-v0.1.1,1,0.3,614,4096,256,27,681.585,1909.417,2514944,true,public_local_nvme_gpu,,1,16
Tutti-v0.1.1,1,0.3,614,4096,256,28,661.273,1891.917,2514944,true,public_local_nvme_gpu,,1,16
Tutti-v0.1.1,1,0.3,614,4096,256,29,668.182,1898.96,2514944,true,public_local_nvme_gpu,,1,16
Tutti-v0.1.1,1,0.3,614,4096,256,30,669.617,1897.733,2514944,true,public_local_nvme_gpu,,1,16
Tutti-v0.1.1,1,0.3,614,4096,256,31,673.405,1890.055,2514944,true,public_local_nvme_gpu,,1,16
Tutti-v0.1.1,1,0.3,614,4096,256,32,676.141,1925.632,2514944,true,public_local_nvme_gpu,,1,16
Tutti-v0.1.1,1,0.3,614,4096,256,33,669.232,1915.931,2514944,true,public_local_nvme_gpu,,1,16
Tutti-v0.1.1,1,0.3,614,4096,256,34,657.761,1920.532,2514944,true,public_local_nvme_gpu,,1,16
Tutti-v0.1.1,1,0.3,614,4096,256,35,674.269,1907.338,2514944,true,public_local_nvme_gpu,,1,16
Tutti-v0.1.1,1,0.3,614,4096,256,36,672.337,1897.062,2514944,true,public_local_nvme_gpu,,1,16
Tutti-v0.1.1,1,0.3,614,4096,256,37,661.263,1883.18,2514944,true,public_local_nvme_gpu,,1,16
Tutti-v0.1.1,1,0.3,614,4096,256,38,670.427,1898.342,2514944,true,public_local_nvme_gpu,,1,16
Tutti-v0.1.1,1,0.3,614,4096,256,39,670.987,1938.579,2514944,true,public_local_nvme_gpu,,1,16
Tutti-v0.1.1,1,0.3,614,4096,256,40,680.531,1918.596,2514944,true,public_local_nvme_gpu,,1,16
Tutti-v0.1.1,1,0.3,614,4096,256,41,663.472,1899.256,2514944,true,public_local_nvme_gpu,,1,16
Tutti-v0.1.1,1,0.3,614,4096,256,42,658.634,1881.101,2514944,true,public_local_nvme_gpu,,1,16
Tutti-v0.1.1,1,0.3,614,4096,256,43,680.832,1910.556,2514944,true,public_local_nvme_gpu,,1,16
Tutti-v0.1.1,1,0.3,614,4096,256,44,674.083,1960.692,2514944,true,public_local_nvme_gpu,,1,16
Tutti-v0.1.1,1,0.3,614,4096,256,45,667.273,1900.334,2514944,true,public_local_nvme_gpu,,1,16
Tutti-v0.1.1,1,0.3,614,4096,256,46,678.586,1904.43,2514944,true,public_local_nvme_gpu,,1,16
Tutti-v0.1.1,1,0.3,614,4096,256,47,672.559,1907.773,2514944,true,public_local_nvme_gpu,,1,16
Tutti-v0.1.1,1,0.3,614,4096,256,48,666.631,1898.212,2514944,true,public_local_nvme_gpu,,1,16
Tutti-v0.1.1,1,0.3,614,4096,256,49,665.509,1897.111,2514944,true,public_local_nvme_gpu,,1,16
Tutti-v0.1.1,1,0.3,614,4096,256,50,663.473,1875.583,2514944,true,public_local_nvme_gpu,,1,16
Tutti-v0.1.1,1,0.3,614,4096,256,51,664.753,1900.506,2514944,true,public_local_nvme_gpu,,1,16
Tutti-v0.1.1,1,0.3,614,4096,256,52,667.422,1903.753,2514944,true,public_local_nvme_gpu,,1,16
Tutti-v0.1.1,1,0.3,614,4096,256,53,668.632,1877.524,2514944,true,public_local_nvme_gpu,,1,16
Tutti-v0.1.1,1,0.3,614,4096,256,54,670.273,1925.69,2514944,true,public_local_nvme_gpu,,1,16
Tutti-v0.1.1,1,0.3,614,4096,256,55,668.708,1919.041,2514944,true,public_local_nvme_gpu,,1,16
Tutti-v0.1.1,1,0.3,614,4096,256,56,660.126,1927.698,2514944,true,public_local_nvme_gpu,,1,16
Tutti-v0.1.1,1,0.3,614,4096,256,57,672.859,1928.94,2514944,true,public_local_nvme_gpu,,1,16
Tutti-v0.1.1,1,0.3,614,4096,256,58,658.299,1888.733,2514944,true,public_local_nvme_gpu,,1,16
Tutti-v0.1.1,1,0.3,614,4096,256,59,665.171,1901.453,2514944,true,public_local_nvme_gpu,,1,16
Tutti-v0.1.1,1,0.3,614,4096,256,60,664.248,1896.523,2514944,true,public_local_nvme_gpu,,1,16
Tutti-v0.1.1,1,0.3,614,4096,256,61,666.779,1878.598,2514944,true,public_local_nvme_gpu,,1,16
Tutti-v0.1.1,1,0.3,614,4096,256,62,670.728,1920.64,2514944,true,public_local_nvme_gpu,,1,16
Tutti-v0.1.1,1,0.3,614,4096,256,63,674.038,1908.732,2514944,true,public_local_nvme_gpu,,1,16
Tutti-v0.1.1,1,0.3,614,4096,256,64,664.908,1891.427,2514944,true,public_local_nvme_gpu,,1,16
Tutti-v0.1.1,1,0.3,614,4096,256,65,681.29,1900.903,2514944,true,public_local_nvme_gpu,,1,16
Tutti-v0.1.1,1,0.3,614,4096,256,66,663.904,1872.431,2514944,true,public_local_nvme_gpu,,1,16
Tutti-v0.1.1,1,0.3,614,4096,256,67,672.583,1906.946,2514944,true,public_local_nvme_gpu,,1,16
Tutti-v0.1.1,1,0.3,614,4096,256,68,677.506,1945.512,2514944,true,public_local_nvme_gpu,,1,16
Tutti-v0.1.1,1,0.3,614,4096,256,69,664.07,1954.217,2514944,true,public_local_nvme_gpu,,1,16
Tutti-v0.1.1,1,0.3,614,4096,256,70,663.689,1896.611,2514944,true,public_local_nvme_gpu,,1,16
Tutti-v0.1.1,1,0.3,614,4096,256,71,662.515,1881.355,2514944,true,public_local_nvme_gpu,,1,16
Tutti-v0.1.1,1,0.3,614,4096,256,72,666.885,1889.602,2514944,true,public_local_nvme_gpu,,1,16
Tutti-v0.1.1,1,0.3,614,4096,256,73,670.983,1911.876,2514944,true,public_local_nvme_gpu,,1,16
Tutti-v0.1.1,1,0.3,614,4096,256,74,678.056,1941.785,2514944,true,public_local_nvme_gpu,,1,16
Tutti-v0.1.1,1,0.3,614,4096,256,75,669.218,1888.303,2514944,true,public_local_nvme_gpu,,1,16
Tutti-v0.1.1,1,0.3,614,4096,256,76,674.546,1909.247,2514944,true,public_local_nvme_gpu,,1,16
Tutti-v0.1.1,1,0.3,614,4096,256,77,663.981,1889.084,2514944,true,public_local_nvme_gpu,,1,16
Tutti-v0.1.1,1,0.3,614,4096,256,78,664.723,1961.825,2514944,true,public_local_nvme_gpu,,1,16
Tutti-v0.1.1,1,0.3,614,4096,256,79,662.481,1905.146,2514944,true,public_local_nvme_gpu,,1,16
Tutti-v0.1.1,1,0.3,614,4096,256,80,666.002,1886.15,2514944,true,public_local_nvme_gpu,,1,16
Tutti-v0.1.1,1,0.3,614,4096,256,81,666.33,1881.812,2514944,true,public_local_nvme_gpu,,1,16
Tutti-v0.1.1,1,0.3,614,4096,256,82,662.636,1892.94,2514944,true,public_local_nvme_gpu,,1,16
Tutti-v0.1.1,1,0.3,614,4096,256,83,666.88,1881.231,2514944,true,public_local_nvme_gpu,,1,16
Tutti-v0.1.1,1,0.3,614,4096,256,84,661.214,1902.4,2514944,true,public_local_nvme_gpu,,1,16
Tutti-v0.1.1,1,0.3,614,4096,256,85,664.022,1883.327,2514944,true,public_local_nvme_gpu,,1,16
Tutti-v0.1.1,1,0.3,614,4096,256,86,668.727,1895.437,2514944,true,public_local_nvme_gpu,,1,16
Tutti-v0.1.1,1,0.3,614,4096,256,87,662.432,1895.482,2514944,true,public_local_nvme_gpu,,1,16
Tutti-v0.1.1,1,0.3,614,4096,256,88,661.27,1896.119,2514944,true,public_local_nvme_gpu,,1,16
Tutti-v0.1.1,1,0.3,614,4096,256,89,658.479,1894.612,2514944,true,public_local_nvme_gpu,,1,16
Tutti-v0.1.1,1,0.3,614,4096,256,90,684.509,1896.902,2514944,true,public_local_nvme_gpu,,1,16
Tutti-v0.1.1,1,0.3,614,4096,256,91,673.32,1905.087,2514944,true,public_local_nvme_gpu,,1,16
Tutti-v0.1.1,1,0.3,614,4096,256,92,668.077,1892.072,2514944,true,public_local_nvme_gpu,,1,16
Tutti-v0.1.1,1,0.3,614,4096,256,93,660.551,1901.818,2514944,true,public_local_nvme_gpu,,1,16
Tutti-v0.1.1,1,0.3,614,4096,256,94,666.206,1903.961,2514944,true,public_local_nvme_gpu,,1,16
Tutti-v0.1.1,1,0.3,614,4096,256,95,672.069,1908.096,2514944,true,public_local_nvme_gpu,,1,16
Tutti-v0.1.1,1,0.3,614,4096,256,96,667.613,1886.902,2514944,true,public_local_nvme_gpu,,1,16
Tutti-v0.1.1,1,0.3,614,4096,256,97,664.46,1915.51,2514944,true,public_local_nvme_gpu,,1,16
Tutti-v0.1.1,1,0.3,614,4096,256,98,670.858,1948.018,2514944,true,public_local_nvme_gpu,,1,16
Tutti-v0.1.1,1,0.3,614,4096,256,99,669.069,1898.793,2514944,true,public_local_nvme_gpu,,1,16
Tutti-v0.1.1,1,0.3,614,4096,256,100,664.949,1910.492,2514944,true,public_local_nvme_gpu,,1,16
Tutti-v0.1.1,1,0.3,614,4096,256,101,679.041,1905.996,2514944,true,public_local_nvme_gpu,,1,16
Tutti-v0.1.1,1,0.3,614,4096,256,102,658.714,1871.251,2514944,true,public_local_nvme_gpu,,1,16
Tutti-v0.1.1,1,0.3,614,4096,256,103,668.088,1916.751,2514944,true,public_local_nvme_gpu,,1,16
Tutti-v0.1.1,1,0.3,614,4096,256,104,665.179,1905.41,2514944,true,public_local_nvme_gpu,,1,16
Tutti-v0.1.1,1,0.3,614,4096,256,105,669.893,1908.537,2514944,true,public_local_nvme_gpu,,1,16
Tutti-v0.1.1,1,0.3,614,4096,256,106,673.609,1906.173,2514944,true,public_local_nvme_gpu,,1,16
Tutti-v0.1.1,1,0.3,614,4096,256,107,657.266,1890.333,2514944,true,public_local_nvme_gpu,,1,16
Tutti-v0.1.1,1,0.3,614,4096,256,108,660.854,1890.052,2514944,true,public_local_nvme_gpu,,1,16
Tutti-v0.1.1,1,0.3,614,4096,256,109,661.316,1942.919,2514944,true,public_local_nvme_gpu,,1,16
Tutti-v0.1.1,1,0.3,614,4096,256,110,664.154,1946.228,2514944,true,public_local_nvme_gpu,,1,16
Tutti-v0.1.1,1,0.3,614,4096,256,111,663.324,1977.989,2514944,true,public_local_nvme_gpu,,1,16
Tutti-v0.1.1,1,0.3,614,4096,256,112,665.09,1933.053,2514944,true,public_local_nvme_gpu,,1,16
Tutti-v0.1.1,1,0.3,614,4096,256,113,664.888,1911.249,2514944,true,public_local_nvme_gpu,,1,16
Tutti-v0.1.1,1,0.3,614,4096,256,114,661.524,1897.287,2514944,true,public_local_nvme_gpu,,1,16
Tutti-v0.1.1,1,0.3,614,4096,256,115,666.678,1900.703,2514944,true,public_local_nvme_gpu,,1,16
Tutti-v0.1.1,1,0.3,614,4096,256,116,671.795,1898.58,2514944,true,public_local_nvme_gpu,,1,16
Tutti-v0.1.1,1,0.3,614,4096,256,117,661.777,1923.371,2514944,true,public_local_nvme_gpu,,1,16
Tutti-v0.1.1,1,0.3,614,4096,256,118,662.735,1956.991,2514944,true,public_local_nvme_gpu,,1,16
Tutti-v0.1.1,1,0.3,614,4096,256,119,672.281,1918.323,2514944,true,public_local_nvme_gpu,,1,16
Tutti-v0.1.1,1,0.3,614,4096,256,120,661.09,1901.993,2514944,true,public_local_nvme_gpu,,1,16
Tutti-v0.1.1,1,0.3,614,4096,256,121,660.111,1877.245,2514944,true,public_local_nvme_gpu,,1,16
Tutti-v0.1.1,1,0.3,614,4096,256,122,664.558,1907.192,2514944,true,public_local_nvme_gpu,,1,16
Tutti-v0.1.1,1,0.3,614,4096,256,123,665.003,1887.442,2514944,true,public_local_nvme_gpu,,1,16
Tutti-v0.1.1,1,0.3,614,4096,256,124,662.23,1891.165,2514944,true,public_local_nvme_gpu,,1,16
Tutti-v0.1.1,1,0.3,614,4096,256,125,661.698,1914.785,2514944,true,public_local_nvme_gpu,,1,16
Tutti-v0.1.1,1,0.3,614,4096,256,126,662.957,1873.711,2514944,true,public_local_nvme_gpu,,1,16
Tutti-v0.1.1,1,0.3,614,4096,256,127,673.202,1921.145,2514944,true,public_local_nvme_gpu,,1,16
Tutti-v0.1.1,1,0.3,614,4096,256,128,670.214,1891.686,2514944,true,public_local_nvme_gpu,,1,16
Tutti-v0.1.1,1,0.3,614,4096,256,129,668.831,1889.441,2514944,true,public_local_nvme_gpu,,1,16
Tutti-v0.1.1,1,0.3,614,4096,256,130,668.493,1892.395,2514944,true,public_local_nvme_gpu,,1,16
Tutti-v0.1.1,1,0.3,614,4096,256,131,672.929,1880.773,2514944,true,public_local_nvme_gpu,,1,16
Tutti-v0.1.1,1,0.3,614,4096,256,132,671.135,1906.76,2514944,true,public_local_nvme_gpu,,1,16
Tutti-v0.1.1,1,0.3,614,4096,256,133,663.469,1890.155,2514944,true,public_local_nvme_gpu,,1,16
Tutti-v0.1.1,1,0.3,614,4096,256,134,669.837,1888.186,2514944,true,public_local_nvme_gpu,,1,16
Tutti-v0.1.1,1,0.3,614,4096,256,135,664.181,1889.673,2514944,true,public_local_nvme_gpu,,1,16
Tutti-v0.1.1,1,0.3,614,4096,256,136,665.858,1905.736,2514944,true,public_local_nvme_gpu,,1,16
Tutti-v0.1.1,1,0.3,614,4096,256,137,669.641,1982.993,2514944,true,public_local_nvme_gpu,,1,16
Tutti-v0.1.1,1,0.3,614,4096,256,138,664.202,1890.829,2514944,true,public_local_nvme_gpu,,1,16
Tutti-v0.1.1,1,0.3,614,4096,256,139,662.672,1894.343,2514944,true,public_local_nvme_gpu,,1,16
Tutti-v0.1.1,1,0.3,614,4096,256,140,664.984,1874.965,2514944,true,public_local_nvme_gpu,,1,16
Tutti-v0.1.1,1,0.3,614,4096,256,141,672.563,1921.489,2514944,true,public_local_nvme_gpu,,1,16
Tutti-v0.1.1,1,0.3,614,4096,256,142,669.075,1916.241,2514944,true,public_local_nvme_gpu,,1,16
Tutti-v0.1.1,1,0.3,614,4096,256,143,674.62,1882.885,2514944,true,public_local_nvme_gpu,,1,16
Tutti-v0.1.1,1,0.3,614,4096,256,144,662.595,1881.858,2514944,true,public_local_nvme_gpu,,1,16
Tutti-v0.1.1,1,0.3,614,4096,256,145,671.242,1897.5,2514944,true,public_local_nvme_gpu,,1,16
Tutti-v0.1.1,1,0.3,614,4096,256,146,661.306,1890.926,2514944,true,public_local_nvme_gpu,,1,16
Tutti-v0.1.1,1,0.3,614,4096,256,147,665.687,1911.804,2514944,true,public_local_nvme_gpu,,1,16
Tutti-v0.1.1,1,0.3,614,4096,256,148,668.547,1897.074,2514944,true,public_local_nvme_gpu,,1,16
Tutti-v0.1.1,1,0.3,614,4096,256,149,666.135,1915.381,2514944,true,public_local_nvme_gpu,,1,16
Tutti-v0.1.1,1,0.3,614,4096,256,150,667.047,1891.146,2514944,true,public_local_nvme_gpu,,1,16
Tutti-v0.1.1,1,0.3,614,4096,256,151,663.92,1896.099,2514944,true,public_local_nvme_gpu,,1,16
Tutti-v0.1.1,1,0.3,614,4096,256,152,667.97,1891.644,2514944,true,public_local_nvme_gpu,,1,16
Tutti-v0.1.1,1,0.3,614,4096,256,153,667.238,1911.857,2514944,true,public_local_nvme_gpu,,1,16
Tutti-v0.1.1,1,0.3,614,4096,256,154,687.486,1894.363,2514944,true,public_local_nvme_gpu,,1,16
Tutti-v0.1.1,1,0.3,614,4096,256,155,675.241,1924.346,2514944,true,public_local_nvme_gpu,,1,16
Tutti-v0.1.1,1,0.3,614,4096,256,156,662.693,1926.671,2514944,true,public_local_nvme_gpu,,1,16
Tutti-v0.1.1,1,0.3,614,4096,256,157,679.74,1930.706,2514944,true,public_local_nvme_gpu,,1,16
Tutti-v0.1.1,1,0.3,614,4096,256,158,665.602,1927.993,2514944,true,public_local_nvme_gpu,,1,16
Tutti-v0.1.1,1,0.3,614,4096,256,159,676.525,1900.686,2514944,true,public_local_nvme_gpu,,1,16
Tutti-v0.1.1,1,0.3,614,4096,256,160,661.119,1897.314,2514944,true,public_local_nvme_gpu,,1,16
Tutti-v0.1.1,1,0.3,614,4096,256,161,667.148,1898.59,2514944,true,public_local_nvme_gpu,,1,16
Tutti-v0.1.1,1,0.3,614,4096,256,162,666.549,1949.095,2514944,true,public_local_nvme_gpu,,1,16
Tutti-v0.1.1,1,0.3,614,4096,256,163,668.879,1904.384,2514944,true,public_local_nvme_gpu,,1,16
Tutti-v0.1.1,1,0.3,614,4096,256,164,662.994,1898.629,2514944,true,public_local_nvme_gpu,,1,16
Tutti-v0.1.1,1,0.3,614,4096,256,165,670.006,1902.071,2514944,true,public_local_nvme_gpu,,1,16
Tutti-v0.1.1,1,0.3,614,4096,256,166,663.799,2000.482,2514944,true,public_local_nvme_gpu,,1,16
Tutti-v0.1.1,1,0.3,614,4096,256,167,671.871,1890.216,2514944,true,public_local_nvme_gpu,,1,16
Tutti-v0.1.1,1,0.3,614,4096,256,168,666.098,1890.572,2514944,true,public_local_nvme_gpu,,1,16
Tutti-v0.1.1,1,0.3,614,4096,256,169,654.172,1919.451,2514944,true,public_local_nvme_gpu,,1,16
Tutti-v0.1.1,1,0.3,614,4096,256,170,660.476,1919.212,2514944,true,public_local_nvme_gpu,,1,16
Tutti-v0.1.1,1,0.3,614,4096,256,171,660.162,1894.039,2514944,true,public_local_nvme_gpu,,1,16
Tutti-v0.1.1,1,0.3,614,4096,256,172,652.29,1882.7,2514944,true,public_local_nvme_gpu,,1,16
Tutti-v0.1.1,1,0.3,614,4096,256,173,661.949,1897.549,2514944,true,public_local_nvme_gpu,,1,16
Tutti-v0.1.1,1,0.3,614,4096,256,174,666.397,1905.096,2514944,true,public_local_nvme_gpu,,1,16
Tutti-v0.1.1,1,0.3,614,4096,256,175,671.5,1902.925,2514944,true,public_local_nvme_gpu,,1,16
Tutti-v0.1.1,1,0.3,614,4096,256,176,669.319,1904.366,2514944,true,public_local_nvme_gpu,,1,16
Tutti-v0.1.1,1,0.3,614,4096,256,177,663.173,1915.041,2514944,true,public_local_nvme_gpu,,1,16
Tutti-v0.1.1,1,0.3,614,4096,256,178,671.005,1908.629,2514944,true,public_local_nvme_gpu,,1,16
Tutti-v0.1.1,1,0.3,614,4096,256,179,666.647,1907.716,2514944,true,public_local_nvme_gpu,,1,16
Tutti-v0.1.1,1,0.3,614,4096,256,180,666.174,1873.845,2514944,true,public_local_nvme_gpu,,1,16
Tutti-v0.1.1,1,0.3,614,4096,256,181,666.549,1881.047,2514944,true,public_local_nvme_gpu,,1,16
Tutti-v0.1.1,1,0.3,614,4096,256,182,677.024,1909.846,2514944,true,public_local_nvme_gpu,,1,16
Tutti-v0.1.1,1,0.3,614,4096,256,183,661.845,1880.296,2514944,true,public_local_nvme_gpu,,1,16
Tutti-v0.1.1,1,0.3,614,4096,256,184,662.635,1893.482,2514944,true,public_local_nvme_gpu,,1,16
Tutti-v0.1.1,1,0.3,614,4096,256,185,659.459,1877.624,2514944,true,public_local_nvme_gpu,,1,16
Tutti-v0.1.1,1,0.3,614,4096,256,186,671.075,1893.109,2514944,true,public_local_nvme_gpu,,1,16
Tutti-v0.1.1,1,0.3,614,4096,256,187,662.983,1897.493,2514944,true,public_local_nvme_gpu,,1,16
Tutti-v0.1.1,1,0.3,614,4096,256,188,666.347,1972.924,2514944,true,public_local_nvme_gpu,,1,16
Tutti-v0.1.1,1,0.3,614,4096,256,189,663.058,1901.009,2514944,true,public_local_nvme_gpu,,1,16
Tutti-v0.1.1,1,0.3,614,4096,256,190,665.813,1894.738,2514944,true,public_local_nvme_gpu,,1,16
Tutti-v0.1.1,1,0.3,614,4096,256,191,667.934,1878.024,2514944,true,public_local_nvme_gpu,,1,16
Tutti-v0.1.1,1,0.3,614,4096,256,192,656.31,1878.781,2514944,true,public_local_nvme_gpu,,1,16
Tutti-v0.1.1,1,0.3,614,4096,256,193,664.052,1900.739,2514944,true,public_local_nvme_gpu,,1,16
Tutti-v0.1.1,1,0.3,614,4096,256,194,662.414,1955.632,2514944,true,public_local_nvme_gpu,,1,16
Tutti-v0.1.1,1,0.3,614,4096,256,195,666.239,1901.572,2514944,true,public_local_nvme_gpu,,1,16
Tutti-v0.1.1,1,0.3,614,4096,256,196,660.663,1913.361,2514944,true,public_local_nvme_gpu,,1,16
Tutti-v0.1.1,1,0.3,614,4096,256,197,672.448,1952.303,2514944,true,public_local_nvme_gpu,,1,16
Tutti-v0.1.1,1,0.3,614,4096,256,198,679.459,1885.146,2514944,true,public_local_nvme_gpu,,1,16
Tutti-v0.1.1,1,0.3,614,4096,256,199,670.918,1882.04,2514944,true,public_local_nvme_gpu,,1,16
Tutti-v0.1.1,1,0.3,614,4096,256,0,665.732,1889.561,2514944,true,public_local_nvme_gpu,,3,16
Tutti-v0.1.1,4,0.067,549,4096,256,0,601.134,1724.639,2248704,true,public_local_nvme_gpu,,2,16
Tutti-v0.1.1,4,0.067,549,4096,256,0,597.632,1753.033,2248704,true,public_local_nvme_gpu,,0,16
Tutti-v0.1.1,4,0.067,549,4096,256,1,589.637,1718.037,2248704,true,public_local_nvme_gpu,,0,16
Tutti-v0.1.1,4,0.067,549,4096,256,2,589.003,1746.412,2248704,true,public_local_nvme_gpu,,0,16
Tutti-v0.1.1,4,0.067,549,4096,256,3,589.998,1739.132,2248704,true,public_local_nvme_gpu,,0,16
Tutti-v0.1.1,4,0.067,549,4096,256,4,591.966,1744.925,2248704,true,public_local_nvme_gpu,,0,16
Tutti-v0.1.1,4,0.067,549,4096,256,5,592.848,1707.265,2248704,true,public_local_nvme_gpu,,0,16
Tutti-v0.1.1,4,0.067,549,4096,256,6,594.442,1731.54,2248704,true,public_local_nvme_gpu,,0,16
Tutti-v0.1.1,4,0.067,549,4096,256,7,594.082,1752.532,2248704,true,public_local_nvme_gpu,,0,16
Tutti-v0.1.1,4,0.067,549,4096,256,8,604.395,1752.437,2248704,true,public_local_nvme_gpu,,0,16
Tutti-v0.1.1,4,0.067,549,4096,256,9,588.452,1766.598,2248704,true,public_local_nvme_gpu,,0,16
Tutti-v0.1.1,4,0.067,549,4096,256,0,595.499,1721.329,2248704,true,public_local_nvme_gpu,,1,16
Tutti-v0.1.1,4,0.067,549,4096,256,1,596.154,1723.431,2248704,true,public_local_nvme_gpu,,1,16
Tutti-v0.1.1,4,0.067,549,4096,256,2,593.419,1751.142,2248704,true,public_local_nvme_gpu,,1,16
Tutti-v0.1.1,4,0.067,549,4096,256,3,598.409,1719.273,2248704,true,public_local_nvme_gpu,,1,16
Tutti-v0.1.1,4,0.067,549,4096,256,4,591.227,1725.392,2248704,true,public_local_nvme_gpu,,1,16
Tutti-v0.1.1,4,0.067,549,4096,256,5,603.957,1769.591,2248704,true,public_local_nvme_gpu,,1,16
Tutti-v0.1.1,4,0.067,549,4096,256,6,607.188,1737.483,2248704,true,public_local_nvme_gpu,,1,16
Tutti-v0.1.1,4,0.067,549,4096,256,7,598.148,1770.643,2248704,true,public_local_nvme_gpu,,1,16
Tutti-v0.1.1,4,0.067,549,4096,256,8,601.083,1732.066,2248704,true,public_local_nvme_gpu,,1,16
Tutti-v0.1.1,4,0.067,549,4096,256,9,600.935,1757.615,2248704,true,public_local_nvme_gpu,,1,16
Tutti-v0.1.1,4,0.067,549,4096,256,10,589.11,1714.989,2248704,true,public_local_nvme_gpu,,1,16
Tutti-v0.1.1,4,0.067,549,4096,256,11,596.324,1725.417,2248704,true,public_local_nvme_gpu,,1,16
Tutti-v0.1.1,4,0.067,549,4096,256,12,587.993,1725.276,2248704,true,public_local_nvme_gpu,,1,16
Tutti-v0.1.1,4,0.067,549,4096,256,13,594.552,1720.353,2248704,true,public_local_nvme_gpu,,1,16
Tutti-v0.1.1,4,0.067,549,4096,256,14,588.711,1718.29,2248704,true,public_local_nvme_gpu,,1,16
Tutti-v0.1.1,4,0.067,549,4096,256,15,592.981,1742.261,2248704,true,public_local_nvme_gpu,,1,16
Tutti-v0.1.1,4,0.067,549,4096,256,16,599.056,1764.982,2248704,true,public_local_nvme_gpu,,1,16
Tutti-v0.1.1,4,0.067,549,4096,256,17,585.574,1759.723,2248704,true,public_local_nvme_gpu,,1,16
Tutti-v0.1.1,4,0.067,549,4096,256,18,598.657,1750.957,2248704,true,public_local_nvme_gpu,,1,16
Tutti-v0.1.1,4,0.067,549,4096,256,19,586.671,1792.644,2248704,true,public_local_nvme_gpu,,1,16
Tutti-v0.1.1,4,0.067,549,4096,256,20,586.826,1750.214,2248704,true,public_local_nvme_gpu,,1,16
Tutti-v0.1.1,4,0.067,549,4096,256,21,596.802,1722.14,2248704,true,public_local_nvme_gpu,,1,16
Tutti-v0.1.1,4,0.067,549,4096,256,22,602.933,1763.798,2248704,true,public_local_nvme_gpu,,1,16
Tutti-v0.1.1,4,0.067,549,4096,256,23,592.845,1732.544,2248704,true,public_local_nvme_gpu,,1,16
Tutti-v0.1.1,4,0.067,549,4096,256,24,594.444,1756.36,2248704,true,public_local_nvme_gpu,,1,16
Tutti-v0.1.1,4,0.067,549,4096,256,25,592.023,1735.924,2248704,true,public_local_nvme_gpu,,1,16
Tutti-v0.1.1,4,0.067,549,4096,256,26,598.921,1740.575,2248704,true,public_local_nvme_gpu,,1,16
Tutti-v0.1.1,4,0.067,549,4096,256,27,589.827,1752.883,2248704,true,public_local_nvme_gpu,,1,16
Tutti-v0.1.1,4,0.067,549,4096,256,28,590.916,1750.392,2248704,true,public_local_nvme_gpu,,1,16
Tutti-v0.1.1,4,0.067,549,4096,256,29,592.298,1703.243,2248704,true,public_local_nvme_gpu,,1,16
Tutti-v0.1.1,4,0.067,549,4096,256,30,586.358,1719.468,2248704,true,public_local_nvme_gpu,,1,16
Tutti-v0.1.1,4,0.067,549,4096,256,31,598.87,1727.415,2248704,true,public_local_nvme_gpu,,1,16
Tutti-v0.1.1,4,0.067,549,4096,256,32,599.08,1764.266,2248704,true,public_local_nvme_gpu,,1,16
Tutti-v0.1.1,4,0.067,549,4096,256,33,594.948,1734.122,2248704,true,public_local_nvme_gpu,,1,16
Tutti-v0.1.1,4,0.067,549,4096,256,34,594.116,1722.84,2248704,true,public_local_nvme_gpu,,1,16
Tutti-v0.1.1,4,0.067,549,4096,256,35,596.1,1799.574,2248704,true,public_local_nvme_gpu,,1,16
Tutti-v0.1.1,4,0.067,549,4096,256,36,583.521,1728.963,2248704,true,public_local_nvme_gpu,,1,16
Tutti-v0.1.1,4,0.067,549,4096,256,37,596.466,1738.309,2248704,true,public_local_nvme_gpu,,1,16
Tutti-v0.1.1,4,0.067,549,4096,256,38,586.814,1707.856,2248704,true,public_local_nvme_gpu,,1,16
Tutti-v0.1.1,4,0.067,549,4096,256,39,587.922,1721.216,2248704,true,public_local_nvme_gpu,,1,16
Tutti-v0.1.1,4,0.067,549,4096,256,40,587.714,1727.39,2248704,true,public_local_nvme_gpu,,1,16
Tutti-v0.1.1,4,0.067,549,4096,256,41,586.874,1733.578,2248704,true,public_local_nvme_gpu,,1,16
Tutti-v0.1.1,4,0.067,549,4096,256,42,584.598,1716.692,2248704,true,public_local_nvme_gpu,,1,16
Tutti-v0.1.1,4,0.067,549,4096,256,43,604.782,1764.006,2248704,true,public_local_nvme_gpu,,1,16
Tutti-v0.1.1,4,0.067,549,4096,256,44,598.056,1722.601,2248704,true,public_local_nvme_gpu,,1,16
Tutti-v0.1.1,4,0.067,549,4096,256,45,589.768,1739.285,2248704,true,public_local_nvme_gpu,,1,16
Tutti-v0.1.1,4,0.067,549,4096,256,46,590.09,1729.163,2248704,true,public_local_nvme_gpu,,1,16
Tutti-v0.1.1,4,0.067,549,4096,256,47,591.801,1836.662,2248704,true,public_local_nvme_gpu,,1,16
Tutti-v0.1.1,4,0.067,549,4096,256,48,594.528,1735.436,2248704,true,public_local_nvme_gpu,,1,16
Tutti-v0.1.1,4,0.067,549,4096,256,49,598.822,1721.325,2248704,true,public_local_nvme_gpu,,1,16
Tutti-v0.1.1,4,0.067,549,4096,256,50,600.251,1780.604,2248704,true,public_local_nvme_gpu,,1,16
Tutti-v0.1.1,4,0.067,549,4096,256,51,586.625,1779.238,2248704,true,public_local_nvme_gpu,,1,16
Tutti-v0.1.1,4,0.067,549,4096,256,52,588.849,1740.321,2248704,true,public_local_nvme_gpu,,1,16
Tutti-v0.1.1,4,0.067,549,4096,256,53,585.985,1719.031,2248704,true,public_local_nvme_gpu,,1,16
Tutti-v0.1.1,4,0.067,549,4096,256,54,596.995,1749.083,2248704,true,public_local_nvme_gpu,,1,16
Tutti-v0.1.1,4,0.067,549,4096,256,55,591.649,1737.168,2248704,true,public_local_nvme_gpu,,1,16
Tutti-v0.1.1,4,0.067,549,4096,256,56,590.699,1716.89,2248704,true,public_local_nvme_gpu,,1,16
Tutti-v0.1.1,4,0.067,549,4096,256,57,585.391,1719.784,2248704,true,public_local_nvme_gpu,,1,16
Tutti-v0.1.1,4,0.067,549,4096,256,58,586.833,1749.856,2248704,true,public_local_nvme_gpu,,1,16
Tutti-v0.1.1,4,0.067,549,4096,256,59,587.081,1702.656,2248704,true,public_local_nvme_gpu,,1,16
Tutti-v0.1.1,4,0.067,549,4096,256,60,584.235,1711.597,2248704,true,public_local_nvme_gpu,,1,16
Tutti-v0.1.1,4,0.067,549,4096,256,61,594.812,1716.819,2248704,true,public_local_nvme_gpu,,1,16
Tutti-v0.1.1,4,0.067,549,4096,256,62,589.206,1716.783,2248704,true,public_local_nvme_gpu,,1,16
Tutti-v0.1.1,4,0.067,549,4096,256,63,591.331,1725.874,2248704,true,public_local_nvme_gpu,,1,16
Tutti-v0.1.1,4,0.067,549,4096,256,64,585.056,1717.55,2248704,true,public_local_nvme_gpu,,1,16
Tutti-v0.1.1,4,0.067,549,4096,256,65,591.101,1723.709,2248704,true,public_local_nvme_gpu,,1,16
Tutti-v0.1.1,4,0.067,549,4096,256,66,588.605,1739.984,2248704,true,public_local_nvme_gpu,,1,16
Tutti-v0.1.1,4,0.067,549,4096,256,67,590.545,1736.756,2248704,true,public_local_nvme_gpu,,1,16
Tutti-v0.1.1,4,0.067,549,4096,256,68,602.832,1724.326,2248704,true,public_local_nvme_gpu,,1,16
Tutti-v0.1.1,4,0.067,549,4096,256,69,585.801,1723.784,2248704,true,public_local_nvme_gpu,,1,16
Tutti-v0.1.1,4,0.067,549,4096,256,70,586.506,1703,2248704,true,public_local_nvme_gpu,,1,16
Tutti-v0.1.1,4,0.067,549,4096,256,71,586.19,1737.201,2248704,true,public_local_nvme_gpu,,1,16
Tutti-v0.1.1,4,0.067,549,4096,256,72,605.809,1756.912,2248704,true,public_local_nvme_gpu,,1,16
Tutti-v0.1.1,4,0.067,549,4096,256,73,589.724,1731.22,2248704,true,public_local_nvme_gpu,,1,16
Tutti-v0.1.1,4,0.067,549,4096,256,74,592.746,1718.529,2248704,true,public_local_nvme_gpu,,1,16
Tutti-v0.1.1,4,0.067,549,4096,256,75,583.643,1709.812,2248704,true,public_local_nvme_gpu,,1,16
Tutti-v0.1.1,4,0.067,549,4096,256,76,608.964,1748.719,2248704,true,public_local_nvme_gpu,,1,16
Tutti-v0.1.1,4,0.067,549,4096,256,77,595.914,1730.611,2248704,true,public_local_nvme_gpu,,1,16
Tutti-v0.1.1,4,0.067,549,4096,256,78,593.852,1723.138,2248704,true,public_local_nvme_gpu,,1,16
Tutti-v0.1.1,4,0.067,549,4096,256,79,591.082,1724.705,2248704,true,public_local_nvme_gpu,,1,16
Tutti-v0.1.1,4,0.067,549,4096,256,80,595.379,1716.615,2248704,true,public_local_nvme_gpu,,1,16
Tutti-v0.1.1,4,0.067,549,4096,256,81,590.062,1715.967,2248704,true,public_local_nvme_gpu,,1,16
Tutti-v0.1.1,4,0.067,549,4096,256,82,585.403,1752.346,2248704,true,public_local_nvme_gpu,,1,16
Tutti-v0.1.1,4,0.067,549,4096,256,83,595.928,1762.451,2248704,true,public_local_nvme_gpu,,1,16
Tutti-v0.1.1,4,0.067,549,4096,256,84,586.212,1751.126,2248704,true,public_local_nvme_gpu,,1,16
Tutti-v0.1.1,4,0.067,549,4096,256,85,599.732,1737.225,2248704,true,public_local_nvme_gpu,,1,16
Tutti-v0.1.1,4,0.067,549,4096,256,86,585.763,1732.832,2248704,true,public_local_nvme_gpu,,1,16
Tutti-v0.1.1,4,0.067,549,4096,256,87,586.906,1759.321,2248704,true,public_local_nvme_gpu,,1,16
Tutti-v0.1.1,4,0.067,549,4096,256,88,585.83,1724.29,2248704,true,public_local_nvme_gpu,,1,16
Tutti-v0.1.1,4,0.067,549,4096,256,89,592.447,1740.601,2248704,true,public_local_nvme_gpu,,1,16
Tutti-v0.1.1,4,0.067,549,4096,256,90,587.687,1746.122,2248704,true,public_local_nvme_gpu,,1,16
Tutti-v0.1.1,4,0.067,549,4096,256,91,583.874,1745.851,2248704,true,public_local_nvme_gpu,,1,16
Tutti-v0.1.1,4,0.067,549,4096,256,92,582.3,1748.441,2248704,true,public_local_nvme_gpu,,1,16
Tutti-v0.1.1,4,0.067,549,4096,256,93,591.934,1728.306,2248704,true,public_local_nvme_gpu,,1,16
Tutti-v0.1.1,4,0.067,549,4096,256,94,586.901,1717.779,2248704,true,public_local_nvme_gpu,,1,16
Tutti-v0.1.1,4,0.067,549,4096,256,95,587.526,1746.114,2248704,true,public_local_nvme_gpu,,1,16
Tutti-v0.1.1,4,0.067,549,4096,256,96,586.535,1733.514,2248704,true,public_local_nvme_gpu,,1,16
Tutti-v0.1.1,4,0.067,549,4096,256,97,598.368,1717.233,2248704,true,public_local_nvme_gpu,,1,16
Tutti-v0.1.1,4,0.067,549,4096,256,98,585.431,1744.979,2248704,true,public_local_nvme_gpu,,1,16
Tutti-v0.1.1,4,0.067,549,4096,256,99,593.558,1720.733,2248704,true,public_local_nvme_gpu,,1,16
Tutti-v0.1.1,4,0.067,549,4096,256,100,575.515,1716.66,2248704,true,public_local_nvme_gpu,,1,16
Tutti-v0.1.1,4,0.067,549,4096,256,101,577.729,1733.966,2248704,true,public_local_nvme_gpu,,1,16
Tutti-v0.1.1,4,0.067,549,4096,256,102,579.706,1704.629,2248704,true,public_local_nvme_gpu,,1,16
Tutti-v0.1.1,4,0.067,549,4096,256,103,579.096,1714.637,2248704,true,public_local_nvme_gpu,,1,16
Tutti-v0.1.1,4,0.067,549,4096,256,104,583.756,1719.92,2248704,true,public_local_nvme_gpu,,1,16
Tutti-v0.1.1,4,0.067,549,4096,256,105,602.221,1735.395,2248704,true,public_local_nvme_gpu,,1,16
Tutti-v0.1.1,4,0.067,549,4096,256,106,596.076,1722.037,2248704,true,public_local_nvme_gpu,,1,16
Tutti-v0.1.1,4,0.067,549,4096,256,107,603.633,1733.858,2248704,true,public_local_nvme_gpu,,1,16
Tutti-v0.1.1,4,0.067,549,4096,256,108,590.933,1725.011,2248704,true,public_local_nvme_gpu,,1,16
Tutti-v0.1.1,4,0.067,549,4096,256,109,585.478,1720.858,2248704,true,public_local_nvme_gpu,,1,16
Tutti-v0.1.1,4,0.067,549,4096,256,110,587.315,1744.839,2248704,true,public_local_nvme_gpu,,1,16
Tutti-v0.1.1,4,0.067,549,4096,256,111,586.007,1739.997,2248704,true,public_local_nvme_gpu,,1,16
Tutti-v0.1.1,4,0.067,549,4096,256,112,578.444,1715.603,2248704,true,public_local_nvme_gpu,,1,16
Tutti-v0.1.1,4,0.067,549,4096,256,113,591.091,1726.984,2248704,true,public_local_nvme_gpu,,1,16
Tutti-v0.1.1,4,0.067,549,4096,256,114,588.62,1735.142,2248704,true,public_local_nvme_gpu,,1,16
Tutti-v0.1.1,4,0.067,549,4096,256,115,602.984,1775.425,2248704,true,public_local_nvme_gpu,,1,16
Tutti-v0.1.1,4,0.067,549,4096,256,116,583.654,1708.129,2248704,true,public_local_nvme_gpu,,1,16
Tutti-v0.1.1,4,0.067,549,4096,256,117,594.814,1730.792,2248704,true,public_local_nvme_gpu,,1,16
Tutti-v0.1.1,4,0.067,549,4096,256,118,589.43,1701.994,2248704,true,public_local_nvme_gpu,,1,16
Tutti-v0.1.1,4,0.067,549,4096,256,119,583.663,1711.543,2248704,true,public_local_nvme_gpu,,1,16
Tutti-v0.1.1,4,0.067,549,4096,256,120,587.526,1719.191,2248704,true,public_local_nvme_gpu,,1,16
Tutti-v0.1.1,4,0.067,549,4096,256,121,585.711,1727.117,2248704,true,public_local_nvme_gpu,,1,16
Tutti-v0.1.1,4,0.067,549,4096,256,122,584.056,1720.438,2248704,true,public_local_nvme_gpu,,1,16
Tutti-v0.1.1,4,0.067,549,4096,256,123,587.214,1702.107,2248704,true,public_local_nvme_gpu,,1,16
Tutti-v0.1.1,4,0.067,549,4096,256,124,596.267,1755.226,2248704,true,public_local_nvme_gpu,,1,16
Tutti-v0.1.1,4,0.067,549,4096,256,125,602.611,1756.909,2248704,true,public_local_nvme_gpu,,1,16
Tutti-v0.1.1,4,0.067,549,4096,256,126,597.445,1721.039,2248704,true,public_local_nvme_gpu,,1,16
Tutti-v0.1.1,4,0.067,549,4096,256,127,597.661,1710.293,2248704,true,public_local_nvme_gpu,,1,16
Tutti-v0.1.1,4,0.067,549,4096,256,128,584.052,1746.443,2248704,true,public_local_nvme_gpu,,1,16
Tutti-v0.1.1,4,0.067,549,4096,256,129,585.044,1712.989,2248704,true,public_local_nvme_gpu,,1,16
Tutti-v0.1.1,4,0.067,549,4096,256,130,591.287,1727.382,2248704,true,public_local_nvme_gpu,,1,16
Tutti-v0.1.1,4,0.067,549,4096,256,131,589.487,1761.677,2248704,true,public_local_nvme_gpu,,1,16
Tutti-v0.1.1,4,0.067,549,4096,256,132,589.249,1707.913,2248704,true,public_local_nvme_gpu,,1,16
Tutti-v0.1.1,4,0.067,549,4096,256,133,591.892,1726.733,2248704,true,public_local_nvme_gpu,,1,16
Tutti-v0.1.1,4,0.067,549,4096,256,134,586.162,1732.945,2248704,true,public_local_nvme_gpu,,1,16
Tutti-v0.1.1,4,0.067,549,4096,256,135,587.101,1733.221,2248704,true,public_local_nvme_gpu,,1,16
Tutti-v0.1.1,4,0.067,549,4096,256,136,584.136,1739.131,2248704,true,public_local_nvme_gpu,,1,16
Tutti-v0.1.1,4,0.067,549,4096,256,137,578.761,1706.59,2248704,true,public_local_nvme_gpu,,1,16
Tutti-v0.1.1,4,0.067,549,4096,256,138,594.331,1751.764,2248704,true,public_local_nvme_gpu,,1,16
Tutti-v0.1.1,4,0.067,549,4096,256,139,581.511,1717.516,2248704,true,public_local_nvme_gpu,,1,16
Tutti-v0.1.1,4,0.067,549,4096,256,140,589.457,1766.632,2248704,true,public_local_nvme_gpu,,1,16
Tutti-v0.1.1,4,0.067,549,4096,256,141,597.102,1741.887,2248704,true,public_local_nvme_gpu,,1,16
Tutti-v0.1.1,4,0.067,549,4096,256,142,584.299,1718.504,2248704,true,public_local_nvme_gpu,,1,16
Tutti-v0.1.1,4,0.067,549,4096,256,143,595.296,1746.434,2248704,true,public_local_nvme_gpu,,1,16
Tutti-v0.1.1,4,0.067,549,4096,256,144,584.666,1728.29,2248704,true,public_local_nvme_gpu,,1,16
Tutti-v0.1.1,4,0.067,549,4096,256,145,579.812,1725.429,2248704,true,public_local_nvme_gpu,,1,16
Tutti-v0.1.1,4,0.067,549,4096,256,146,579.166,1739.363,2248704,true,public_local_nvme_gpu,,1,16
Tutti-v0.1.1,4,0.067,549,4096,256,147,591.586,1820.104,2248704,true,public_local_nvme_gpu,,1,16
Tutti-v0.1.1,4,0.067,549,4096,256,148,580.861,1753.248,2248704,true,public_local_nvme_gpu,,1,16
Tutti-v0.1.1,4,0.067,549,4096,256,149,593.518,1794.515,2248704,true,public_local_nvme_gpu,,1,16
Tutti-v0.1.1,4,0.067,549,4096,256,150,586.654,1717.939,2248704,true,public_local_nvme_gpu,,1,16
Tutti-v0.1.1,4,0.067,549,4096,256,151,592.439,1734.956,2248704,true,public_local_nvme_gpu,,1,16
Tutti-v0.1.1,4,0.067,549,4096,256,152,592.73,1729.384,2248704,true,public_local_nvme_gpu,,1,16
Tutti-v0.1.1,4,0.067,549,4096,256,153,592.329,1765.708,2248704,true,public_local_nvme_gpu,,1,16
Tutti-v0.1.1,4,0.067,549,4096,256,154,582.448,1733.063,2248704,true,public_local_nvme_gpu,,1,16
Tutti-v0.1.1,4,0.067,549,4096,256,155,589.679,1740.199,2248704,true,public_local_nvme_gpu,,1,16
Tutti-v0.1.1,4,0.067,549,4096,256,156,593.461,1712.498,2248704,true,public_local_nvme_gpu,,1,16
Tutti-v0.1.1,4,0.067,549,4096,256,157,590.159,1738.015,2248704,true,public_local_nvme_gpu,,1,16
Tutti-v0.1.1,4,0.067,549,4096,256,158,587.153,1724.96,2248704,true,public_local_nvme_gpu,,1,16
Tutti-v0.1.1,4,0.067,549,4096,256,159,589.171,1732.71,2248704,true,public_local_nvme_gpu,,1,16
Tutti-v0.1.1,4,0.067,549,4096,256,160,580.192,1698.811,2248704,true,public_local_nvme_gpu,,1,16
Tutti-v0.1.1,4,0.067,549,4096,256,161,582.941,1713.016,2248704,true,public_local_nvme_gpu,,1,16
Tutti-v0.1.1,4,0.067,549,4096,256,162,583.636,1725.432,2248704,true,public_local_nvme_gpu,,1,16
Tutti-v0.1.1,4,0.067,549,4096,256,163,594.995,1711.019,2248704,true,public_local_nvme_gpu,,1,16
Tutti-v0.1.1,4,0.067,549,4096,256,164,583.997,1689.259,2248704,true,public_local_nvme_gpu,,1,16
Tutti-v0.1.1,4,0.067,549,4096,256,165,587.812,1750.475,2248704,true,public_local_nvme_gpu,,1,16
Tutti-v0.1.1,4,0.067,549,4096,256,166,590.316,1726.479,2248704,true,public_local_nvme_gpu,,1,16
Tutti-v0.1.1,4,0.067,549,4096,256,167,585.762,1722.05,2248704,true,public_local_nvme_gpu,,1,16
Tutti-v0.1.1,4,0.067,549,4096,256,168,585.084,1736.583,2248704,true,public_local_nvme_gpu,,1,16
Tutti-v0.1.1,4,0.067,549,4096,256,169,582.671,1726.463,2248704,true,public_local_nvme_gpu,,1,16
Tutti-v0.1.1,4,0.067,549,4096,256,170,588.488,1733.184,2248704,true,public_local_nvme_gpu,,1,16
Tutti-v0.1.1,4,0.067,549,4096,256,171,585.495,1741.792,2248704,true,public_local_nvme_gpu,,1,16
Tutti-v0.1.1,4,0.067,549,4096,256,172,583.911,1724.699,2248704,true,public_local_nvme_gpu,,1,16
Tutti-v0.1.1,4,0.067,549,4096,256,173,591.517,1715.34,2248704,true,public_local_nvme_gpu,,1,16
Tutti-v0.1.1,4,0.067,549,4096,256,174,583.382,1745.856,2248704,true,public_local_nvme_gpu,,1,16
Tutti-v0.1.1,4,0.067,549,4096,256,175,595.792,1711.925,2248704,true,public_local_nvme_gpu,,1,16
Tutti-v0.1.1,4,0.067,549,4096,256,176,585.516,1709.551,2248704,true,public_local_nvme_gpu,,1,16
Tutti-v0.1.1,4,0.067,549,4096,256,177,583.144,1712.88,2248704,true,public_local_nvme_gpu,,1,16
Tutti-v0.1.1,4,0.067,549,4096,256,178,579.779,1749.997,2248704,true,public_local_nvme_gpu,,1,16
Tutti-v0.1.1,4,0.067,549,4096,256,179,583.018,1731.211,2248704,true,public_local_nvme_gpu,,1,16
Tutti-v0.1.1,4,0.067,549,4096,256,180,604.15,1707.938,2248704,true,public_local_nvme_gpu,,1,16
Tutti-v0.1.1,4,0.067,549,4096,256,181,588.999,1732.635,2248704,true,public_local_nvme_gpu,,1,16
Tutti-v0.1.1,4,0.067,549,4096,256,182,577.555,1702.606,2248704,true,public_local_nvme_gpu,,1,16
Tutti-v0.1.1,4,0.067,549,4096,256,183,598.989,1757.221,2248704,true,public_local_nvme_gpu,,1,16
Tutti-v0.1.1,4,0.067,549,4096,256,184,589.661,1718.569,2248704,true,public_local_nvme_gpu,,1,16
Tutti-v0.1.1,4,0.067,549,4096,256,185,578.25,1710.75,2248704,true,public_local_nvme_gpu,,1,16
Tutti-v0.1.1,4,0.067,549,4096,256,186,586.383,1708.265,2248704,true,public_local_nvme_gpu,,1,16
Tutti-v0.1.1,4,0.067,549,4096,256,187,583.143,1754.014,2248704,true,public_local_nvme_gpu,,1,16
Tutti-v0.1.1,4,0.067,549,4096,256,188,586.831,1725.386,2248704,true,public_local_nvme_gpu,,1,16
Tutti-v0.1.1,4,0.067,549,4096,256,189,596.171,1769.036,2248704,true,public_local_nvme_gpu,,1,16
Tutti-v0.1.1,4,0.067,549,4096,256,190,586.686,1740.782,2248704,true,public_local_nvme_gpu,,1,16
Tutti-v0.1.1,4,0.067,549,4096,256,191,591.842,1742.575,2248704,true,public_local_nvme_gpu,,1,16
Tutti-v0.1.1,4,0.067,549,4096,256,192,598.115,1754.674,2248704,true,public_local_nvme_gpu,,1,16
Tutti-v0.1.1,4,0.067,549,4096,256,193,579.023,1768.706,2248704,true,public_local_nvme_gpu,,1,16
Tutti-v0.1.1,4,0.067,549,4096,256,194,588.004,1725.83,2248704,true,public_local_nvme_gpu,,1,16
Tutti-v0.1.1,4,0.067,549,4096,256,195,583.399,1722.985,2248704,true,public_local_nvme_gpu,,1,16
Tutti-v0.1.1,4,0.067,549,4096,256,196,596.561,1750.138,2248704,true,public_local_nvme_gpu,,1,16
Tutti-v0.1.1,4,0.067,549,4096,256,197,586.07,1752.928,2248704,true,public_local_nvme_gpu,,1,16
Tutti-v0.1.1,4,0.067,549,4096,256,198,585.841,1728.609,2248704,true,public_local_nvme_gpu,,1,16
Tutti-v0.1.1,4,0.067,549,4096,256,199,583.647,1726.962,2248704,true,public_local_nvme_gpu,,1,16
Tutti-v0.1.1,4,0.067,549,4096,256,0,606.24,1780.916,2248704,true,public_local_nvme_gpu,,3,16
Tutti-v0.1.1,4,0.134,1098,4096,256,0,1154.419,3292.672,4497408,true,public_local_nvme_gpu,,2,16
Tutti-v0.1.1,4,0.134,1098,4096,256,0,1151.121,3328.343,4497408,true,public_local_nvme_gpu,,0,16
Tutti-v0.1.1,4,0.134,1098,4096,256,1,1146.521,3333.73,4497408,true,public_local_nvme_gpu,,0,16
Tutti-v0.1.1,4,0.134,1098,4096,256,2,1163.757,3459.669,4497408,true,public_local_nvme_gpu,,0,16
Tutti-v0.1.1,4,0.134,1098,4096,256,3,1154.404,3334.432,4497408,true,public_local_nvme_gpu,,0,16
Tutti-v0.1.1,4,0.134,1098,4096,256,4,1158.31,3338.554,4497408,true,public_local_nvme_gpu,,0,16
Tutti-v0.1.1,4,0.134,1098,4096,256,5,1145.864,3341.633,4497408,true,public_local_nvme_gpu,,0,16
Tutti-v0.1.1,4,0.134,1098,4096,256,6,1211.192,3419.295,4497408,true,public_local_nvme_gpu,,0,16
Tutti-v0.1.1,4,0.134,1098,4096,256,7,1152.066,3365.418,4497408,true,public_local_nvme_gpu,,0,16
Tutti-v0.1.1,4,0.134,1098,4096,256,8,1158.119,3327.505,4497408,true,public_local_nvme_gpu,,0,16
Tutti-v0.1.1,4,0.134,1098,4096,256,9,1162.966,3442.426,4497408,true,public_local_nvme_gpu,,0,16
Tutti-v0.1.1,4,0.134,1098,4096,256,0,1150.808,3308.769,4497408,true,public_local_nvme_gpu,,1,16
Tutti-v0.1.1,4,0.134,1098,4096,256,1,1149.073,3345.038,4497408,true,public_local_nvme_gpu,,1,16
Tutti-v0.1.1,4,0.134,1098,4096,256,2,1352.728,3496.736,4497408,true,public_local_nvme_gpu,,1,16
Tutti-v0.1.1,4,0.134,1098,4096,256,3,1154.749,3315.007,4497408,true,public_local_nvme_gpu,,1,16
Tutti-v0.1.1,4,0.134,1098,4096,256,4,1156.713,3318.461,4497408,true,public_local_nvme_gpu,,1,16
Tutti-v0.1.1,4,0.134,1098,4096,256,5,1158.062,3358.068,4497408,true,public_local_nvme_gpu,,1,16
Tutti-v0.1.1,4,0.134,1098,4096,256,6,1164.593,3315.222,4497408,true,public_local_nvme_gpu,,1,16
Tutti-v0.1.1,4,0.134,1098,4096,256,7,1171.624,3356.335,4497408,true,public_local_nvme_gpu,,1,16
Tutti-v0.1.1,4,0.134,1098,4096,256,8,1172.179,3299.337,4497408,true,public_local_nvme_gpu,,1,16
Tutti-v0.1.1,4,0.134,1098,4096,256,9,1157.303,3380.41,4497408,true,public_local_nvme_gpu,,1,16
Tutti-v0.1.1,4,0.134,1098,4096,256,10,1157.29,3376.289,4497408,true,public_local_nvme_gpu,,1,16
Tutti-v0.1.1,4,0.134,1098,4096,256,11,1155.466,3353.303,4497408,true,public_local_nvme_gpu,,1,16
Tutti-v0.1.1,4,0.134,1098,4096,256,12,1166.037,3350.087,4497408,true,public_local_nvme_gpu,,1,16
Tutti-v0.1.1,4,0.134,1098,4096,256,13,1165.326,3352.985,4497408,true,public_local_nvme_gpu,,1,16
Tutti-v0.1.1,4,0.134,1098,4096,256,14,1172.029,3348.477,4497408,true,public_local_nvme_gpu,,1,16
Tutti-v0.1.1,4,0.134,1098,4096,256,15,1157.73,3322.39,4497408,true,public_local_nvme_gpu,,1,16
Tutti-v0.1.1,4,0.134,1098,4096,256,16,1165.129,3423.618,4497408,true,public_local_nvme_gpu,,1,16
Tutti-v0.1.1,4,0.134,1098,4096,256,17,1165.596,3354.246,4497408,true,public_local_nvme_gpu,,1,16
Tutti-v0.1.1,4,0.134,1098,4096,256,18,1157.555,3326.19,4497408,true,public_local_nvme_gpu,,1,16
Tutti-v0.1.1,4,0.134,1098,4096,256,19,1150.005,3317.833,4497408,true,public_local_nvme_gpu,,1,16
Tutti-v0.1.1,4,0.134,1098,4096,256,20,1160.64,3348.205,4497408,true,public_local_nvme_gpu,,1,16
Tutti-v0.1.1,4,0.134,1098,4096,256,21,1171.776,3397.183,4497408,true,public_local_nvme_gpu,,1,16
Tutti-v0.1.1,4,0.134,1098,4096,256,22,1159.24,3372.94,4497408,true,public_local_nvme_gpu,,1,16
Tutti-v0.1.1,4,0.134,1098,4096,256,23,1160.88,3357.93,4497408,true,public_local_nvme_gpu,,1,16
Tutti-v0.1.1,4,0.134,1098,4096,256,24,1152.984,3372.258,4497408,true,public_local_nvme_gpu,,1,16
Tutti-v0.1.1,4,0.134,1098,4096,256,25,1175.979,3344.671,4497408,true,public_local_nvme_gpu,,1,16
Tutti-v0.1.1,4,0.134,1098,4096,256,26,1146.575,3305.495,4497408,true,public_local_nvme_gpu,,1,16
Tutti-v0.1.1,4,0.134,1098,4096,256,27,1161.633,3377.321,4497408,true,public_local_nvme_gpu,,1,16
Tutti-v0.1.1,4,0.134,1098,4096,256,28,1147.704,3346.444,4497408,true,public_local_nvme_gpu,,1,16
Tutti-v0.1.1,4,0.134,1098,4096,256,29,1161.697,3347.23,4497408,true,public_local_nvme_gpu,,1,16
Tutti-v0.1.1,4,0.134,1098,4096,256,30,1153.674,3376.335,4497408,true,public_local_nvme_gpu,,1,16
Tutti-v0.1.1,4,0.134,1098,4096,256,31,1143.403,3333.895,4497408,true,public_local_nvme_gpu,,1,16
Tutti-v0.1.1,4,0.134,1098,4096,256,32,1162.181,3358.906,4497408,true,public_local_nvme_gpu,,1,16
Tutti-v0.1.1,4,0.134,1098,4096,256,33,1156.564,3313.921,4497408,true,public_local_nvme_gpu,,1,16
Tutti-v0.1.1,4,0.134,1098,4096,256,34,1158.372,3314.237,4497408,true,public_local_nvme_gpu,,1,16
Tutti-v0.1.1,4,0.134,1098,4096,256,35,1158.18,3342.916,4497408,true,public_local_nvme_gpu,,1,16
Tutti-v0.1.1,4,0.134,1098,4096,256,36,1156.436,3326.938,4497408,true,public_local_nvme_gpu,,1,16
Tutti-v0.1.1,4,0.134,1098,4096,256,37,1148.211,3322.522,4497408,true,public_local_nvme_gpu,,1,16
Tutti-v0.1.1,4,0.134,1098,4096,256,38,1149.246,3334.017,4497408,true,public_local_nvme_gpu,,1,16
Tutti-v0.1.1,4,0.134,1098,4096,256,39,1145.938,3340.773,4497408,true,public_local_nvme_gpu,,1,16
Tutti-v0.1.1,4,0.134,1098,4096,256,40,1163.887,3323.714,4497408,true,public_local_nvme_gpu,,1,16
Tutti-v0.1.1,4,0.134,1098,4096,256,41,1142.177,3302.007,4497408,true,public_local_nvme_gpu,,1,16
Tutti-v0.1.1,4,0.134,1098,4096,256,42,1158.83,3353.55,4497408,true,public_local_nvme_gpu,,1,16
Tutti-v0.1.1,4,0.134,1098,4096,256,43,1158.445,3321.501,4497408,true,public_local_nvme_gpu,,1,16
Tutti-v0.1.1,4,0.134,1098,4096,256,44,1159.066,3306.764,4497408,true,public_local_nvme_gpu,,1,16
Tutti-v0.1.1,4,0.134,1098,4096,256,45,1150.479,3315.071,4497408,true,public_local_nvme_gpu,,1,16
Tutti-v0.1.1,4,0.134,1098,4096,256,46,1165.225,3337.198,4497408,true,public_local_nvme_gpu,,1,16
Tutti-v0.1.1,4,0.134,1098,4096,256,47,1172.655,3368.521,4497408,true,public_local_nvme_gpu,,1,16
Tutti-v0.1.1,4,0.134,1098,4096,256,48,1156.75,3323.23,4497408,true,public_local_nvme_gpu,,1,16
Tutti-v0.1.1,4,0.134,1098,4096,256,49,1144.91,3322.285,4497408,true,public_local_nvme_gpu,,1,16
Tutti-v0.1.1,4,0.134,1098,4096,256,50,1146.791,3354.251,4497408,true,public_local_nvme_gpu,,1,16
Tutti-v0.1.1,4,0.134,1098,4096,256,51,1151.884,3320.736,4497408,true,public_local_nvme_gpu,,1,16
Tutti-v0.1.1,4,0.134,1098,4096,256,52,1152.589,3337.199,4497408,true,public_local_nvme_gpu,,1,16
Tutti-v0.1.1,4,0.134,1098,4096,256,53,1164.998,3336.405,4497408,true,public_local_nvme_gpu,,1,16
Tutti-v0.1.1,4,0.134,1098,4096,256,54,1157.192,3310.782,4497408,true,public_local_nvme_gpu,,1,16
Tutti-v0.1.1,4,0.134,1098,4096,256,55,1156.09,3325.485,4497408,true,public_local_nvme_gpu,,1,16
Tutti-v0.1.1,4,0.134,1098,4096,256,56,1152.01,3333.073,4497408,true,public_local_nvme_gpu,,1,16
Tutti-v0.1.1,4,0.134,1098,4096,256,57,1149.306,3318.369,4497408,true,public_local_nvme_gpu,,1,16
Tutti-v0.1.1,4,0.134,1098,4096,256,58,1146.296,3291.9,4497408,true,public_local_nvme_gpu,,1,16
Tutti-v0.1.1,4,0.134,1098,4096,256,59,1155.058,3325.081,4497408,true,public_local_nvme_gpu,,1,16
Tutti-v0.1.1,4,0.134,1098,4096,256,60,1150.35,3309.79,4497408,true,public_local_nvme_gpu,,1,16
Tutti-v0.1.1,4,0.134,1098,4096,256,61,1149.078,3361.126,4497408,true,public_local_nvme_gpu,,1,16
Tutti-v0.1.1,4,0.134,1098,4096,256,62,1146.152,3404.454,4497408,true,public_local_nvme_gpu,,1,16
Tutti-v0.1.1,4,0.134,1098,4096,256,63,1151.09,3358.385,4497408,true,public_local_nvme_gpu,,1,16
Tutti-v0.1.1,4,0.134,1098,4096,256,64,1155.292,3354.319,4497408,true,public_local_nvme_gpu,,1,16
Tutti-v0.1.1,4,0.134,1098,4096,256,65,1156.888,3292.262,4497408,true,public_local_nvme_gpu,,1,16
Tutti-v0.1.1,4,0.134,1098,4096,256,66,1144.357,3325.258,4497408,true,public_local_nvme_gpu,,1,16
Tutti-v0.1.1,4,0.134,1098,4096,256,67,1150.225,3360.504,4497408,true,public_local_nvme_gpu,,1,16
Tutti-v0.1.1,4,0.134,1098,4096,256,68,1150.982,3365.367,4497408,true,public_local_nvme_gpu,,1,16
Tutti-v0.1.1,4,0.134,1098,4096,256,69,1148.73,3378.215,4497408,true,public_local_nvme_gpu,,1,16
Tutti-v0.1.1,4,0.134,1098,4096,256,70,1149.135,3283.616,4497408,true,public_local_nvme_gpu,,1,16
Tutti-v0.1.1,4,0.134,1098,4096,256,71,1145.92,3303.722,4497408,true,public_local_nvme_gpu,,1,16
Tutti-v0.1.1,4,0.134,1098,4096,256,72,1148.338,3346.453,4497408,true,public_local_nvme_gpu,,1,16
Tutti-v0.1.1,4,0.134,1098,4096,256,73,1156.597,3364.74,4497408,true,public_local_nvme_gpu,,1,16
Tutti-v0.1.1,4,0.134,1098,4096,256,74,1168.983,3351.226,4497408,true,public_local_nvme_gpu,,1,16
Tutti-v0.1.1,4,0.134,1098,4096,256,75,1150.547,3366.669,4497408,true,public_local_nvme_gpu,,1,16
Tutti-v0.1.1,4,0.134,1098,4096,256,76,1142.182,3307.49,4497408,true,public_local_nvme_gpu,,1,16
Tutti-v0.1.1,4,0.134,1098,4096,256,77,1182.596,3374.43,4497408,true,public_local_nvme_gpu,,1,16
Tutti-v0.1.1,4,0.134,1098,4096,256,78,1148.985,3361.576,4497408,true,public_local_nvme_gpu,,1,16
Tutti-v0.1.1,4,0.134,1098,4096,256,79,1150.259,3294.16,4497408,true,public_local_nvme_gpu,,1,16
Tutti-v0.1.1,4,0.134,1098,4096,256,80,1149.778,3304.793,4497408,true,public_local_nvme_gpu,,1,16
Tutti-v0.1.1,4,0.134,1098,4096,256,81,1149.531,3327.972,4497408,true,public_local_nvme_gpu,,1,16
Tutti-v0.1.1,4,0.134,1098,4096,256,82,1156.411,3347.492,4497408,true,public_local_nvme_gpu,,1,16
Tutti-v0.1.1,4,0.134,1098,4096,256,83,1163.219,3308.053,4497408,true,public_local_nvme_gpu,,1,16
Tutti-v0.1.1,4,0.134,1098,4096,256,84,1151.553,3308.22,4497408,true,public_local_nvme_gpu,,1,16
Tutti-v0.1.1,4,0.134,1098,4096,256,85,1148.575,3323.584,4497408,true,public_local_nvme_gpu,,1,16
Tutti-v0.1.1,4,0.134,1098,4096,256,86,1151.544,3312.542,4497408,true,public_local_nvme_gpu,,1,16
Tutti-v0.1.1,4,0.134,1098,4096,256,87,1156.327,3337.236,4497408,true,public_local_nvme_gpu,,1,16
Tutti-v0.1.1,4,0.134,1098,4096,256,88,1157.914,3331.04,4497408,true,public_local_nvme_gpu,,1,16
Tutti-v0.1.1,4,0.134,1098,4096,256,89,1149.847,3357.141,4497408,true,public_local_nvme_gpu,,1,16
Tutti-v0.1.1,4,0.134,1098,4096,256,90,1159.997,3311.44,4497408,true,public_local_nvme_gpu,,1,16
Tutti-v0.1.1,4,0.134,1098,4096,256,91,1149.467,3343.243,4497408,true,public_local_nvme_gpu,,1,16
Tutti-v0.1.1,4,0.134,1098,4096,256,92,1154.483,3285.913,4497408,true,public_local_nvme_gpu,,1,16
Tutti-v0.1.1,4,0.134,1098,4096,256,93,1165.381,3381.214,4497408,true,public_local_nvme_gpu,,1,16
Tutti-v0.1.1,4,0.134,1098,4096,256,94,1158.723,3310.219,4497408,true,public_local_nvme_gpu,,1,16
Tutti-v0.1.1,4,0.134,1098,4096,256,95,1142.131,3352.71,4497408,true,public_local_nvme_gpu,,1,16
Tutti-v0.1.1,4,0.134,1098,4096,256,96,1134.445,3320.585,4497408,true,public_local_nvme_gpu,,1,16
Tutti-v0.1.1,4,0.134,1098,4096,256,97,1167.806,3318.463,4497408,true,public_local_nvme_gpu,,1,16
Tutti-v0.1.1,4,0.134,1098,4096,256,98,1154.008,3318.112,4497408,true,public_local_nvme_gpu,,1,16
Tutti-v0.1.1,4,0.134,1098,4096,256,99,1154.565,3355.01,4497408,true,public_local_nvme_gpu,,1,16
Tutti-v0.1.1,4,0.134,1098,4096,256,100,1144.638,3306.564,4497408,true,public_local_nvme_gpu,,1,16
Tutti-v0.1.1,4,0.134,1098,4096,256,101,1155.828,3310.125,4497408,true,public_local_nvme_gpu,,1,16
Tutti-v0.1.1,4,0.134,1098,4096,256,102,1155.497,3389.696,4497408,true,public_local_nvme_gpu,,1,16
Tutti-v0.1.1,4,0.134,1098,4096,256,103,1156.256,3302.88,4497408,true,public_local_nvme_gpu,,1,16
Tutti-v0.1.1,4,0.134,1098,4096,256,104,1159.708,3303.299,4497408,true,public_local_nvme_gpu,,1,16
Tutti-v0.1.1,4,0.134,1098,4096,256,105,1165.865,3334.305,4497408,true,public_local_nvme_gpu,,1,16
Tutti-v0.1.1,4,0.134,1098,4096,256,106,1160.031,3311.152,4497408,true,public_local_nvme_gpu,,1,16
Tutti-v0.1.1,4,0.134,1098,4096,256,107,1162.07,3325.392,4497408,true,public_local_nvme_gpu,,1,16
Tutti-v0.1.1,4,0.134,1098,4096,256,108,1159.153,3335.388,4497408,true,public_local_nvme_gpu,,1,16
Tutti-v0.1.1,4,0.134,1098,4096,256,109,1153.79,3354.438,4497408,true,public_local_nvme_gpu,,1,16
Tutti-v0.1.1,4,0.134,1098,4096,256,110,1151.767,3312.049,4497408,true,public_local_nvme_gpu,,1,16
Tutti-v0.1.1,4,0.134,1098,4096,256,111,1150.117,3300.269,4497408,true,public_local_nvme_gpu,,1,16
Tutti-v0.1.1,4,0.134,1098,4096,256,112,1153.445,3334.367,4497408,true,public_local_nvme_gpu,,1,16
Tutti-v0.1.1,4,0.134,1098,4096,256,113,1147.206,3354.979,4497408,true,public_local_nvme_gpu,,1,16
Tutti-v0.1.1,4,0.134,1098,4096,256,114,1156.365,3359.113,4497408,true,public_local_nvme_gpu,,1,16
Tutti-v0.1.1,4,0.134,1098,4096,256,115,1144.109,3368.236,4497408,true,public_local_nvme_gpu,,1,16
Tutti-v0.1.1,4,0.134,1098,4096,256,116,1150.191,3325.812,4497408,true,public_local_nvme_gpu,,1,16
Tutti-v0.1.1,4,0.134,1098,4096,256,117,1153.265,3320.984,4497408,true,public_local_nvme_gpu,,1,16
Tutti-v0.1.1,4,0.134,1098,4096,256,118,1137.302,3307.33,4497408,true,public_local_nvme_gpu,,1,16
Tutti-v0.1.1,4,0.134,1098,4096,256,119,1164.454,3321.192,4497408,true,public_local_nvme_gpu,,1,16
Tutti-v0.1.1,4,0.134,1098,4096,256,120,1142.264,3329.439,4497408,true,public_local_nvme_gpu,,1,16
Tutti-v0.1.1,4,0.134,1098,4096,256,121,1147.015,3394.414,4497408,true,public_local_nvme_gpu,,1,16
Tutti-v0.1.1,4,0.134,1098,4096,256,122,1143.994,3400.042,4497408,true,public_local_nvme_gpu,,1,16
Tutti-v0.1.1,4,0.134,1098,4096,256,123,1156.638,3352.889,4497408,true,public_local_nvme_gpu,,1,16
Tutti-v0.1.1,4,0.134,1098,4096,256,124,1144.532,3317.017,4497408,true,public_local_nvme_gpu,,1,16
Tutti-v0.1.1,4,0.134,1098,4096,256,125,1152.542,3302.081,4497408,true,public_local_nvme_gpu,,1,16
Tutti-v0.1.1,4,0.134,1098,4096,256,126,1153.19,3311.989,4497408,true,public_local_nvme_gpu,,1,16
Tutti-v0.1.1,4,0.134,1098,4096,256,127,1146.371,3313.442,4497408,true,public_local_nvme_gpu,,1,16
Tutti-v0.1.1,4,0.134,1098,4096,256,128,1163.401,3339.499,4497408,true,public_local_nvme_gpu,,1,16
Tutti-v0.1.1,4,0.134,1098,4096,256,129,1144.705,3323.585,4497408,true,public_local_nvme_gpu,,1,16
Tutti-v0.1.1,4,0.134,1098,4096,256,130,1169.753,3383.707,4497408,true,public_local_nvme_gpu,,1,16
Tutti-v0.1.1,4,0.134,1098,4096,256,131,1156.881,3353.89,4497408,true,public_local_nvme_gpu,,1,16
Tutti-v0.1.1,4,0.134,1098,4096,256,132,1155.176,3335.067,4497408,true,public_local_nvme_gpu,,1,16
Tutti-v0.1.1,4,0.134,1098,4096,256,133,1159.617,3325.716,4497408,true,public_local_nvme_gpu,,1,16
Tutti-v0.1.1,4,0.134,1098,4096,256,134,1142.752,3310.992,4497408,true,public_local_nvme_gpu,,1,16
Tutti-v0.1.1,4,0.134,1098,4096,256,135,1151.202,3301.213,4497408,true,public_local_nvme_gpu,,1,16
Tutti-v0.1.1,4,0.134,1098,4096,256,136,1146.714,3322.473,4497408,true,public_local_nvme_gpu,,1,16
Tutti-v0.1.1,4,0.134,1098,4096,256,137,1170.424,3324.476,4497408,true,public_local_nvme_gpu,,1,16
Tutti-v0.1.1,4,0.134,1098,4096,256,138,1143.093,3348.764,4497408,true,public_local_nvme_gpu,,1,16
Tutti-v0.1.1,4,0.134,1098,4096,256,139,1148.226,3323.5,4497408,true,public_local_nvme_gpu,,1,16
Tutti-v0.1.1,4,0.134,1098,4096,256,140,1156.483,3293.162,4497408,true,public_local_nvme_gpu,,1,16
Tutti-v0.1.1,4,0.134,1098,4096,256,141,1165.682,3319.691,4497408,true,public_local_nvme_gpu,,1,16
Tutti-v0.1.1,4,0.134,1098,4096,256,142,1146.974,3333.365,4497408,true,public_local_nvme_gpu,,1,16
Tutti-v0.1.1,4,0.134,1098,4096,256,143,1165.603,3325.74,4497408,true,public_local_nvme_gpu,,1,16
Tutti-v0.1.1,4,0.134,1098,4096,256,144,1156.385,3323.279,4497408,true,public_local_nvme_gpu,,1,16
Tutti-v0.1.1,4,0.134,1098,4096,256,145,1151.822,3363.107,4497408,true,public_local_nvme_gpu,,1,16
Tutti-v0.1.1,4,0.134,1098,4096,256,146,1151.752,3334.778,4497408,true,public_local_nvme_gpu,,1,16
Tutti-v0.1.1,4,0.134,1098,4096,256,147,1153.184,3319.981,4497408,true,public_local_nvme_gpu,,1,16
Tutti-v0.1.1,4,0.134,1098,4096,256,148,1152.371,3351.401,4497408,true,public_local_nvme_gpu,,1,16
Tutti-v0.1.1,4,0.134,1098,4096,256,149,1150.837,3358.063,4497408,true,public_local_nvme_gpu,,1,16
Tutti-v0.1.1,4,0.134,1098,4096,256,150,1146.858,3333.089,4497408,true,public_local_nvme_gpu,,1,16
Tutti-v0.1.1,4,0.134,1098,4096,256,151,1156.793,3319.91,4497408,true,public_local_nvme_gpu,,1,16
Tutti-v0.1.1,4,0.134,1098,4096,256,152,1153.467,3455.205,4497408,true,public_local_nvme_gpu,,1,16
Tutti-v0.1.1,4,0.134,1098,4096,256,153,1153.366,3298.909,4497408,true,public_local_nvme_gpu,,1,16
Tutti-v0.1.1,4,0.134,1098,4096,256,154,1155.463,3349.054,4497408,true,public_local_nvme_gpu,,1,16
Tutti-v0.1.1,4,0.134,1098,4096,256,155,1146.236,3359.505,4497408,true,public_local_nvme_gpu,,1,16
Tutti-v0.1.1,4,0.134,1098,4096,256,156,1140.928,3377.328,4497408,true,public_local_nvme_gpu,,1,16
Tutti-v0.1.1,4,0.134,1098,4096,256,157,1153.018,3319.388,4497408,true,public_local_nvme_gpu,,1,16
Tutti-v0.1.1,4,0.134,1098,4096,256,158,1196.267,3367.226,4497408,true,public_local_nvme_gpu,,1,16
Tutti-v0.1.1,4,0.134,1098,4096,256,159,1161.996,3323.496,4497408,true,public_local_nvme_gpu,,1,16
Tutti-v0.1.1,4,0.134,1098,4096,256,160,1143.652,3326.394,4497408,true,public_local_nvme_gpu,,1,16
Tutti-v0.1.1,4,0.134,1098,4096,256,161,1142.713,3318.749,4497408,true,public_local_nvme_gpu,,1,16
Tutti-v0.1.1,4,0.134,1098,4096,256,162,1144.664,3418.292,4497408,true,public_local_nvme_gpu,,1,16
Tutti-v0.1.1,4,0.134,1098,4096,256,163,1155.207,3299.394,4497408,true,public_local_nvme_gpu,,1,16
Tutti-v0.1.1,4,0.134,1098,4096,256,164,1147.973,3308.909,4497408,true,public_local_nvme_gpu,,1,16
Tutti-v0.1.1,4,0.134,1098,4096,256,165,1142.246,3301.529,4497408,true,public_local_nvme_gpu,,1,16
Tutti-v0.1.1,4,0.134,1098,4096,256,166,1149.243,3317.068,4497408,true,public_local_nvme_gpu,,1,16
Tutti-v0.1.1,4,0.134,1098,4096,256,167,1172.246,3396.548,4497408,true,public_local_nvme_gpu,,1,16
Tutti-v0.1.1,4,0.134,1098,4096,256,168,1156.401,3301.027,4497408,true,public_local_nvme_gpu,,1,16
Tutti-v0.1.1,4,0.134,1098,4096,256,169,1149.054,3316.832,4497408,true,public_local_nvme_gpu,,1,16
Tutti-v0.1.1,4,0.134,1098,4096,256,170,1165.754,3326.817,4497408,true,public_local_nvme_gpu,,1,16
Tutti-v0.1.1,4,0.134,1098,4096,256,171,1148.551,3372.585,4497408,true,public_local_nvme_gpu,,1,16
Tutti-v0.1.1,4,0.134,1098,4096,256,172,1140.828,3355.914,4497408,true,public_local_nvme_gpu,,1,16
Tutti-v0.1.1,4,0.134,1098,4096,256,173,1139.859,3395.126,4497408,true,public_local_nvme_gpu,,1,16
Tutti-v0.1.1,4,0.134,1098,4096,256,174,1157.849,3373.884,4497408,true,public_local_nvme_gpu,,1,16
Tutti-v0.1.1,4,0.134,1098,4096,256,175,1162.408,3332.143,4497408,true,public_local_nvme_gpu,,1,16
Tutti-v0.1.1,4,0.134,1098,4096,256,176,1152.328,3412.214,4497408,true,public_local_nvme_gpu,,1,16
Tutti-v0.1.1,4,0.134,1098,4096,256,177,1150.717,3307.811,4497408,true,public_local_nvme_gpu,,1,16
Tutti-v0.1.1,4,0.134,1098,4096,256,178,1159.713,3345.57,4497408,true,public_local_nvme_gpu,,1,16
Tutti-v0.1.1,4,0.134,1098,4096,256,179,1158.11,3320.224,4497408,true,public_local_nvme_gpu,,1,16
Tutti-v0.1.1,4,0.134,1098,4096,256,180,1144.031,3335.052,4497408,true,public_local_nvme_gpu,,1,16
Tutti-v0.1.1,4,0.134,1098,4096,256,181,1164.962,3355.58,4497408,true,public_local_nvme_gpu,,1,16
Tutti-v0.1.1,4,0.134,1098,4096,256,182,1162.984,3319.618,4497408,true,public_local_nvme_gpu,,1,16
Tutti-v0.1.1,4,0.134,1098,4096,256,183,1148.67,3325.564,4497408,true,public_local_nvme_gpu,,1,16
Tutti-v0.1.1,4,0.134,1098,4096,256,184,1156.172,3342.899,4497408,true,public_local_nvme_gpu,,1,16
Tutti-v0.1.1,4,0.134,1098,4096,256,185,1159.697,3350.983,4497408,true,public_local_nvme_gpu,,1,16
Tutti-v0.1.1,4,0.134,1098,4096,256,186,1157.272,3350.628,4497408,true,public_local_nvme_gpu,,1,16
Tutti-v0.1.1,4,0.134,1098,4096,256,187,1159.147,3328.07,4497408,true,public_local_nvme_gpu,,1,16
Tutti-v0.1.1,4,0.134,1098,4096,256,188,1165.4,3346.088,4497408,true,public_local_nvme_gpu,,1,16
Tutti-v0.1.1,4,0.134,1098,4096,256,189,1155.829,3310.302,4497408,true,public_local_nvme_gpu,,1,16
Tutti-v0.1.1,4,0.134,1098,4096,256,190,1157.027,3332.017,4497408,true,public_local_nvme_gpu,,1,16
Tutti-v0.1.1,4,0.134,1098,4096,256,191,1162.785,3417.639,4497408,true,public_local_nvme_gpu,,1,16
Tutti-v0.1.1,4,0.134,1098,4096,256,192,1151.46,3344.001,4497408,true,public_local_nvme_gpu,,1,16
Tutti-v0.1.1,4,0.134,1098,4096,256,193,1150.85,3369.614,4497408,true,public_local_nvme_gpu,,1,16
Tutti-v0.1.1,4,0.134,1098,4096,256,194,1156.643,3293.549,4497408,true,public_local_nvme_gpu,,1,16
Tutti-v0.1.1,4,0.134,1098,4096,256,195,1148.54,3291.989,4497408,true,public_local_nvme_gpu,,1,16
Tutti-v0.1.1,4,0.134,1098,4096,256,196,1152.263,3300.703,4497408,true,public_local_nvme_gpu,,1,16
Tutti-v0.1.1,4,0.134,1098,4096,256,197,1162.219,3320.678,4497408,true,public_local_nvme_gpu,,1,16
Tutti-v0.1.1,4,0.134,1098,4096,256,198,1151.184,3319.222,4497408,true,public_local_nvme_gpu,,1,16
Tutti-v0.1.1,4,0.134,1098,4096,256,199,1145.484,3332.716,4497408,true,public_local_nvme_gpu,,1,16
Tutti-v0.1.1,4,0.134,1098,4096,256,0,1144.347,3305.703,4497408,true,public_local_nvme_gpu,,3,16
Tutti-v0.1.1,4,0.3,2458,4096,256,0,2559.868,7368.649,10067968,true,public_local_nvme_gpu,,2,16
Tutti-v0.1.1,4,0.3,2458,4096,256,0,2569.139,7257.422,10067968,true,public_local_nvme_gpu,,0,16
Tutti-v0.1.1,4,0.3,2458,4096,256,1,2563.987,7287.429,10067968,true,public_local_nvme_gpu,,0,16
Tutti-v0.1.1,4,0.3,2458,4096,256,2,2558.792,7315.603,10067968,true,public_local_nvme_gpu,,0,16
Tutti-v0.1.1,4,0.3,2458,4096,256,3,2556.528,7288.215,10067968,true,public_local_nvme_gpu,,0,16
Tutti-v0.1.1,4,0.3,2458,4096,256,4,2547.598,7320.231,10067968,true,public_local_nvme_gpu,,0,16
Tutti-v0.1.1,4,0.3,2458,4096,256,5,2575.977,7299.116,10067968,true,public_local_nvme_gpu,,0,16
Tutti-v0.1.1,4,0.3,2458,4096,256,6,2553.887,7270.908,10067968,true,public_local_nvme_gpu,,0,16
Tutti-v0.1.1,4,0.3,2458,4096,256,7,2551.256,7292.361,10067968,true,public_local_nvme_gpu,,0,16
Tutti-v0.1.1,4,0.3,2458,4096,256,8,2565.548,7287.477,10067968,true,public_local_nvme_gpu,,0,16
Tutti-v0.1.1,4,0.3,2458,4096,256,9,2563.459,7268.223,10067968,true,public_local_nvme_gpu,,0,16
Tutti-v0.1.1,4,0.3,2458,4096,256,0,2560.85,7275.391,10067968,true,public_local_nvme_gpu,,1,16
Tutti-v0.1.1,4,0.3,2458,4096,256,1,2569.216,7264.501,10067968,true,public_local_nvme_gpu,,1,16
Tutti-v0.1.1,4,0.3,2458,4096,256,2,2568.446,7316.589,10067968,true,public_local_nvme_gpu,,1,16
Tutti-v0.1.1,4,0.3,2458,4096,256,3,2561.73,7327.649,10067968,true,public_local_nvme_gpu,,1,16
Tutti-v0.1.1,4,0.3,2458,4096,256,4,2558.707,7286.266,10067968,true,public_local_nvme_gpu,,1,16
Tutti-v0.1.1,4,0.3,2458,4096,256,5,2564.319,7292.252,10067968,true,public_local_nvme_gpu,,1,16
Tutti-v0.1.1,4,0.3,2458,4096,256,6,2554.594,7306.819,10067968,true,public_local_nvme_gpu,,1,16
Tutti-v0.1.1,4,0.3,2458,4096,256,7,2566.533,7246.933,10067968,true,public_local_nvme_gpu,,1,16
Tutti-v0.1.1,4,0.3,2458,4096,256,8,2591.517,7358.885,10067968,true,public_local_nvme_gpu,,1,16
Tutti-v0.1.1,4,0.3,2458,4096,256,9,2562.385,7227.781,10067968,true,public_local_nvme_gpu,,1,16
Tutti-v0.1.1,4,0.3,2458,4096,256,10,2542.751,7288.294,10067968,true,public_local_nvme_gpu,,1,16
Tutti-v0.1.1,4,0.3,2458,4096,256,11,2584.614,7317.117,10067968,true,public_local_nvme_gpu,,1,16
Tutti-v0.1.1,4,0.3,2458,4096,256,12,2557.825,7293.849,10067968,true,public_local_nvme_gpu,,1,16
Tutti-v0.1.1,4,0.3,2458,4096,256,13,2560.327,7257.851,10067968,true,public_local_nvme_gpu,,1,16
Tutti-v0.1.1,4,0.3,2458,4096,256,14,2563.209,7271.705,10067968,true,public_local_nvme_gpu,,1,16
Tutti-v0.1.1,4,0.3,2458,4096,256,15,2550.777,7276.504,10067968,true,public_local_nvme_gpu,,1,16
Tutti-v0.1.1,4,0.3,2458,4096,256,16,2566.478,7311.622,10067968,true,public_local_nvme_gpu,,1,16
Tutti-v0.1.1,4,0.3,2458,4096,256,17,2565.356,7270.251,10067968,true,public_local_nvme_gpu,,1,16
Tutti-v0.1.1,4,0.3,2458,4096,256,18,2553.535,7270.913,10067968,true,public_local_nvme_gpu,,1,16
Tutti-v0.1.1,4,0.3,2458,4096,256,19,2551.706,7218.405,10067968,true,public_local_nvme_gpu,,1,16
Tutti-v0.1.1,4,0.3,2458,4096,256,20,2557.822,7268.113,10067968,true,public_local_nvme_gpu,,1,16
Tutti-v0.1.1,4,0.3,2458,4096,256,21,2531.652,7329.751,10067968,true,public_local_nvme_gpu,,1,16
Tutti-v0.1.1,4,0.3,2458,4096,256,22,2557.478,7267.56,10067968,true,public_local_nvme_gpu,,1,16
Tutti-v0.1.1,4,0.3,2458,4096,256,23,2552.136,7251.477,10067968,true,public_local_nvme_gpu,,1,16
Tutti-v0.1.1,4,0.3,2458,4096,256,24,2554.317,7266.918,10067968,true,public_local_nvme_gpu,,1,16
Tutti-v0.1.1,4,0.3,2458,4096,256,25,2564.052,7317.25,10067968,true,public_local_nvme_gpu,,1,16
Tutti-v0.1.1,4,0.3,2458,4096,256,26,2587.821,7324.495,10067968,true,public_local_nvme_gpu,,1,16
Tutti-v0.1.1,4,0.3,2458,4096,256,27,2566.12,7379.203,10067968,true,public_local_nvme_gpu,,1,16
Tutti-v0.1.1,4,0.3,2458,4096,256,28,2555.06,7233.512,10067968,true,public_local_nvme_gpu,,1,16
Tutti-v0.1.1,4,0.3,2458,4096,256,29,3081.625,7889.756,10067968,true,public_local_nvme_gpu,,1,16
Tutti-v0.1.1,4,0.3,2458,4096,256,30,2544.25,7327.959,10067968,true,public_local_nvme_gpu,,1,16
Tutti-v0.1.1,4,0.3,2458,4096,256,31,2542.443,7332.806,10067968,true,public_local_nvme_gpu,,1,16
Tutti-v0.1.1,4,0.3,2458,4096,256,32,2552.693,7249.511,10067968,true,public_local_nvme_gpu,,1,16
Tutti-v0.1.1,4,0.3,2458,4096,256,33,2559.768,7289.664,10067968,true,public_local_nvme_gpu,,1,16
Tutti-v0.1.1,4,0.3,2458,4096,256,34,2567.864,7298.774,10067968,true,public_local_nvme_gpu,,1,16
Tutti-v0.1.1,4,0.3,2458,4096,256,35,2588.166,7287.128,10067968,true,public_local_nvme_gpu,,1,16
Tutti-v0.1.1,4,0.3,2458,4096,256,36,2557.557,7341.324,10067968,true,public_local_nvme_gpu,,1,16
Tutti-v0.1.1,4,0.3,2458,4096,256,37,2582.291,7273.466,10067968,true,public_local_nvme_gpu,,1,16
Tutti-v0.1.1,4,0.3,2458,4096,256,38,2557.922,7361.623,10067968,true,public_local_nvme_gpu,,1,16
Tutti-v0.1.1,4,0.3,2458,4096,256,39,2552.825,7303.418,10067968,true,public_local_nvme_gpu,,1,16
Tutti-v0.1.1,4,0.3,2458,4096,256,40,2564.283,7300.899,10067968,true,public_local_nvme_gpu,,1,16
Tutti-v0.1.1,4,0.3,2458,4096,256,41,2553.554,7302.45,10067968,true,public_local_nvme_gpu,,1,16
Tutti-v0.1.1,4,0.3,2458,4096,256,42,2546.576,7356.783,10067968,true,public_local_nvme_gpu,,1,16
Tutti-v0.1.1,4,0.3,2458,4096,256,43,2541.522,7267.006,10067968,true,public_local_nvme_gpu,,1,16
Tutti-v0.1.1,4,0.3,2458,4096,256,44,2550.776,7280.399,10067968,true,public_local_nvme_gpu,,1,16
Tutti-v0.1.1,4,0.3,2458,4096,256,45,2559.718,7257.952,10067968,true,public_local_nvme_gpu,,1,16
Tutti-v0.1.1,4,0.3,2458,4096,256,46,2590.674,7263.478,10067968,true,public_local_nvme_gpu,,1,16
Tutti-v0.1.1,4,0.3,2458,4096,256,47,2556.25,7290.533,10067968,true,public_local_nvme_gpu,,1,16
Tutti-v0.1.1,4,0.3,2458,4096,256,48,2563.253,7323.85,10067968,true,public_local_nvme_gpu,,1,16
Tutti-v0.1.1,4,0.3,2458,4096,256,49,2551.452,7307.219,10067968,true,public_local_nvme_gpu,,1,16
Tutti-v0.1.1,4,0.3,2458,4096,256,50,2573.837,7289.352,10067968,true,public_local_nvme_gpu,,1,16
Tutti-v0.1.1,4,0.3,2458,4096,256,51,2540.491,7294.724,10067968,true,public_local_nvme_gpu,,1,16
Tutti-v0.1.1,4,0.3,2458,4096,256,52,2539.5,7230.262,10067968,true,public_local_nvme_gpu,,1,16
Tutti-v0.1.1,4,0.3,2458,4096,256,53,2563.191,7317.681,10067968,true,public_local_nvme_gpu,,1,16
Tutti-v0.1.1,4,0.3,2458,4096,256,54,2568.052,7303.078,10067968,true,public_local_nvme_gpu,,1,16
Tutti-v0.1.1,4,0.3,2458,4096,256,55,2542.277,7254.916,10067968,true,public_local_nvme_gpu,,1,16
Tutti-v0.1.1,4,0.3,2458,4096,256,56,2535.562,7265.337,10067968,true,public_local_nvme_gpu,,1,16
Tutti-v0.1.1,4,0.3,2458,4096,256,57,2562.516,7374.995,10067968,true,public_local_nvme_gpu,,1,16
Tutti-v0.1.1,4,0.3,2458,4096,256,58,2565.065,7315.612,10067968,true,public_local_nvme_gpu,,1,16
Tutti-v0.1.1,4,0.3,2458,4096,256,59,2554.582,7266.251,10067968,true,public_local_nvme_gpu,,1,16
Tutti-v0.1.1,4,0.3,2458,4096,256,60,2536.109,7249.398,10067968,true,public_local_nvme_gpu,,1,16
Tutti-v0.1.1,4,0.3,2458,4096,256,61,2540.655,7265.824,10067968,true,public_local_nvme_gpu,,1,16
Tutti-v0.1.1,4,0.3,2458,4096,256,62,2592.943,7322.55,10067968,true,public_local_nvme_gpu,,1,16
Tutti-v0.1.1,4,0.3,2458,4096,256,63,2578.632,7391.499,10067968,true,public_local_nvme_gpu,,1,16
Tutti-v0.1.1,4,0.3,2458,4096,256,64,2541.068,7289.445,10067968,true,public_local_nvme_gpu,,1,16
Tutti-v0.1.1,4,0.3,2458,4096,256,65,2550.832,7256.368,10067968,true,public_local_nvme_gpu,,1,16
Tutti-v0.1.1,4,0.3,2458,4096,256,66,2566.786,7322.688,10067968,true,public_local_nvme_gpu,,1,16
Tutti-v0.1.1,4,0.3,2458,4096,256,67,2577.522,7321.641,10067968,true,public_local_nvme_gpu,,1,16
Tutti-v0.1.1,4,0.3,2458,4096,256,68,2549.203,7240.091,10067968,true,public_local_nvme_gpu,,1,16
Tutti-v0.1.1,4,0.3,2458,4096,256,69,2549.739,7276.589,10067968,true,public_local_nvme_gpu,,1,16
Tutti-v0.1.1,4,0.3,2458,4096,256,70,2573.345,7350.296,10067968,true,public_local_nvme_gpu,,1,16
Tutti-v0.1.1,4,0.3,2458,4096,256,71,2576.056,7269.119,10067968,true,public_local_nvme_gpu,,1,16
Tutti-v0.1.1,4,0.3,2458,4096,256,72,2555.789,7252.076,10067968,true,public_local_nvme_gpu,,1,16
Tutti-v0.1.1,4,0.3,2458,4096,256,73,2562.5,7272.499,10067968,true,public_local_nvme_gpu,,1,16
Tutti-v0.1.1,4,0.3,2458,4096,256,74,2558.842,7306.743,10067968,true,public_local_nvme_gpu,,1,16
Tutti-v0.1.1,4,0.3,2458,4096,256,75,2561.108,7287.444,10067968,true,public_local_nvme_gpu,,1,16
Tutti-v0.1.1,4,0.3,2458,4096,256,76,2561.099,7252.273,10067968,true,public_local_nvme_gpu,,1,16
Tutti-v0.1.1,4,0.3,2458,4096,256,77,2562.918,7238.691,10067968,true,public_local_nvme_gpu,,1,16
Tutti-v0.1.1,4,0.3,2458,4096,256,78,2574.079,7345.126,10067968,true,public_local_nvme_gpu,,1,16
Tutti-v0.1.1,4,0.3,2458,4096,256,79,2566.793,7239.807,10067968,true,public_local_nvme_gpu,,1,16
Tutti-v0.1.1,4,0.3,2458,4096,256,80,2567.444,7294.754,10067968,true,public_local_nvme_gpu,,1,16
Tutti-v0.1.1,4,0.3,2458,4096,256,81,2561.952,7273.188,10067968,true,public_local_nvme_gpu,,1,16
Tutti-v0.1.1,4,0.3,2458,4096,256,82,2551.346,7290.222,10067968,true,public_local_nvme_gpu,,1,16
Tutti-v0.1.1,4,0.3,2458,4096,256,83,2559.954,7270.495,10067968,true,public_local_nvme_gpu,,1,16
Tutti-v0.1.1,4,0.3,2458,4096,256,84,2543.514,7312.568,10067968,true,public_local_nvme_gpu,,1,16
Tutti-v0.1.1,4,0.3,2458,4096,256,85,2539.849,7282.168,10067968,true,public_local_nvme_gpu,,1,16
Tutti-v0.1.1,4,0.3,2458,4096,256,86,2551.273,7266.042,10067968,true,public_local_nvme_gpu,,1,16
Tutti-v0.1.1,4,0.3,2458,4096,256,87,2557.086,7244.562,10067968,true,public_local_nvme_gpu,,1,16
Tutti-v0.1.1,4,0.3,2458,4096,256,88,2559.903,7289.633,10067968,true,public_local_nvme_gpu,,1,16
Tutti-v0.1.1,4,0.3,2458,4096,256,89,2559.67,7261.835,10067968,true,public_local_nvme_gpu,,1,16
Tutti-v0.1.1,4,0.3,2458,4096,256,90,2553.466,7300.18,10067968,true,public_local_nvme_gpu,,1,16
Tutti-v0.1.1,4,0.3,2458,4096,256,91,2559.539,7306.992,10067968,true,public_local_nvme_gpu,,1,16
Tutti-v0.1.1,4,0.3,2458,4096,256,92,2552.127,7243.375,10067968,true,public_local_nvme_gpu,,1,16
Tutti-v0.1.1,4,0.3,2458,4096,256,93,2559.595,7245.515,10067968,true,public_local_nvme_gpu,,1,16
Tutti-v0.1.1,4,0.3,2458,4096,256,94,2578.119,7282.54,10067968,true,public_local_nvme_gpu,,1,16
Tutti-v0.1.1,4,0.3,2458,4096,256,95,2577.624,7308.947,10067968,true,public_local_nvme_gpu,,1,16
Tutti-v0.1.1,4,0.3,2458,4096,256,96,2557.165,7247.185,10067968,true,public_local_nvme_gpu,,1,16
Tutti-v0.1.1,4,0.3,2458,4096,256,97,2565.227,7253.46,10067968,true,public_local_nvme_gpu,,1,16
Tutti-v0.1.1,4,0.3,2458,4096,256,98,2568.099,7395.108,10067968,true,public_local_nvme_gpu,,1,16
Tutti-v0.1.1,4,0.3,2458,4096,256,99,2564.565,7223.889,10067968,true,public_local_nvme_gpu,,1,16
Tutti-v0.1.1,4,0.3,2458,4096,256,100,2566.961,7328.415,10067968,true,public_local_nvme_gpu,,1,16
Tutti-v0.1.1,4,0.3,2458,4096,256,101,2573.511,7277.669,10067968,true,public_local_nvme_gpu,,1,16
Tutti-v0.1.1,4,0.3,2458,4096,256,102,2564.329,7362.692,10067968,true,public_local_nvme_gpu,,1,16
Tutti-v0.1.1,4,0.3,2458,4096,256,103,2573.734,7298.303,10067968,true,public_local_nvme_gpu,,1,16
Tutti-v0.1.1,4,0.3,2458,4096,256,104,2565.871,7256.245,10067968,true,public_local_nvme_gpu,,1,16
Tutti-v0.1.1,4,0.3,2458,4096,256,105,2578.919,7301.893,10067968,true,public_local_nvme_gpu,,1,16
Tutti-v0.1.1,4,0.3,2458,4096,256,106,2565.789,7304.622,10067968,true,public_local_nvme_gpu,,1,16
Tutti-v0.1.1,4,0.3,2458,4096,256,107,2556.184,7276.881,10067968,true,public_local_nvme_gpu,,1,16
Tutti-v0.1.1,4,0.3,2458,4096,256,108,2554.394,7218.383,10067968,true,public_local_nvme_gpu,,1,16
Tutti-v0.1.1,4,0.3,2458,4096,256,109,2540.752,7238.146,10067968,true,public_local_nvme_gpu,,1,16
Tutti-v0.1.1,4,0.3,2458,4096,256,110,2560.803,7273.016,10067968,true,public_local_nvme_gpu,,1,16
Tutti-v0.1.1,4,0.3,2458,4096,256,111,2551.096,7287.591,10067968,true,public_local_nvme_gpu,,1,16
Tutti-v0.1.1,4,0.3,2458,4096,256,112,2565.082,7271.184,10067968,true,public_local_nvme_gpu,,1,16
Tutti-v0.1.1,4,0.3,2458,4096,256,113,2563.352,7446.626,10067968,true,public_local_nvme_gpu,,1,16
Tutti-v0.1.1,4,0.3,2458,4096,256,114,2560.202,7268.715,10067968,true,public_local_nvme_gpu,,1,16
Tutti-v0.1.1,4,0.3,2458,4096,256,115,2586.749,7317.354,10067968,true,public_local_nvme_gpu,,1,16
Tutti-v0.1.1,4,0.3,2458,4096,256,116,2550.823,7333.767,10067968,true,public_local_nvme_gpu,,1,16
Tutti-v0.1.1,4,0.3,2458,4096,256,117,2564.72,7296.336,10067968,true,public_local_nvme_gpu,,1,16
Tutti-v0.1.1,4,0.3,2458,4096,256,118,2542.439,7261.982,10067968,true,public_local_nvme_gpu,,1,16
Tutti-v0.1.1,4,0.3,2458,4096,256,119,2565.856,7263.048,10067968,true,public_local_nvme_gpu,,1,16
Tutti-v0.1.1,4,0.3,2458,4096,256,120,2557.34,7264.096,10067968,true,public_local_nvme_gpu,,1,16
Tutti-v0.1.1,4,0.3,2458,4096,256,121,2568.549,7314.736,10067968,true,public_local_nvme_gpu,,1,16
Tutti-v0.1.1,4,0.3,2458,4096,256,122,2568.75,7288.734,10067968,true,public_local_nvme_gpu,,1,16
Tutti-v0.1.1,4,0.3,2458,4096,256,123,2564.347,7275.863,10067968,true,public_local_nvme_gpu,,1,16
Tutti-v0.1.1,4,0.3,2458,4096,256,124,2548.752,7282.921,10067968,true,public_local_nvme_gpu,,1,16
Tutti-v0.1.1,4,0.3,2458,4096,256,125,2553.17,7304.364,10067968,true,public_local_nvme_gpu,,1,16
Tutti-v0.1.1,4,0.3,2458,4096,256,126,2549.633,7295.074,10067968,true,public_local_nvme_gpu,,1,16
Tutti-v0.1.1,4,0.3,2458,4096,256,127,2547.552,7318.628,10067968,true,public_local_nvme_gpu,,1,16
Tutti-v0.1.1,4,0.3,2458,4096,256,128,2546.875,7255.558,10067968,true,public_local_nvme_gpu,,1,16
Tutti-v0.1.1,4,0.3,2458,4096,256,129,2570.704,7278.702,10067968,true,public_local_nvme_gpu,,1,16
Tutti-v0.1.1,4,0.3,2458,4096,256,130,2567.58,7292.692,10067968,true,public_local_nvme_gpu,,1,16
Tutti-v0.1.1,4,0.3,2458,4096,256,131,2548.391,7308.007,10067968,true,public_local_nvme_gpu,,1,16
Tutti-v0.1.1,4,0.3,2458,4096,256,132,2562.367,7324.168,10067968,true,public_local_nvme_gpu,,1,16
Tutti-v0.1.1,4,0.3,2458,4096,256,133,2571.216,7385.316,10067968,true,public_local_nvme_gpu,,1,16
Tutti-v0.1.1,4,0.3,2458,4096,256,134,2575.617,7314.412,10067968,true,public_local_nvme_gpu,,1,16
Tutti-v0.1.1,4,0.3,2458,4096,256,135,2561.936,7247.524,10067968,true,public_local_nvme_gpu,,1,16
Tutti-v0.1.1,4,0.3,2458,4096,256,136,2583.429,7291.725,10067968,true,public_local_nvme_gpu,,1,16
Tutti-v0.1.1,4,0.3,2458,4096,256,137,2575.577,7337.738,10067968,true,public_local_nvme_gpu,,1,16
Tutti-v0.1.1,4,0.3,2458,4096,256,138,2557.676,7370.313,10067968,true,public_local_nvme_gpu,,1,16
Tutti-v0.1.1,4,0.3,2458,4096,256,139,2568.608,7246.152,10067968,true,public_local_nvme_gpu,,1,16
Tutti-v0.1.1,4,0.3,2458,4096,256,140,2563.9,7199.682,10067968,true,public_local_nvme_gpu,,1,16
Tutti-v0.1.1,4,0.3,2458,4096,256,141,2553.562,7271.613,10067968,true,public_local_nvme_gpu,,1,16
Tutti-v0.1.1,4,0.3,2458,4096,256,142,2561.018,7271.202,10067968,true,public_local_nvme_gpu,,1,16
Tutti-v0.1.1,4,0.3,2458,4096,256,143,2560.587,7271.193,10067968,true,public_local_nvme_gpu,,1,16
Tutti-v0.1.1,4,0.3,2458,4096,256,144,2562.566,7357.081,10067968,true,public_local_nvme_gpu,,1,16
Tutti-v0.1.1,4,0.3,2458,4096,256,145,2549.793,7258.923,10067968,true,public_local_nvme_gpu,,1,16
Tutti-v0.1.1,4,0.3,2458,4096,256,146,2551.56,7251.432,10067968,true,public_local_nvme_gpu,,1,16
Tutti-v0.1.1,4,0.3,2458,4096,256,147,2567.38,7251.244,10067968,true,public_local_nvme_gpu,,1,16
Tutti-v0.1.1,4,0.3,2458,4096,256,148,2549.722,7226.239,10067968,true,public_local_nvme_gpu,,1,16
Tutti-v0.1.1,4,0.3,2458,4096,256,149,2540.288,7206.835,10067968,true,public_local_nvme_gpu,,1,16
Tutti-v0.1.1,4,0.3,2458,4096,256,150,2556.773,7237.84,10067968,true,public_local_nvme_gpu,,1,16
Tutti-v0.1.1,4,0.3,2458,4096,256,151,2552.344,7278.482,10067968,true,public_local_nvme_gpu,,1,16
Tutti-v0.1.1,4,0.3,2458,4096,256,152,2560.324,7268.989,10067968,true,public_local_nvme_gpu,,1,16
Tutti-v0.1.1,4,0.3,2458,4096,256,153,2568.115,7266.128,10067968,true,public_local_nvme_gpu,,1,16
Tutti-v0.1.1,4,0.3,2458,4096,256,154,2557.074,7228.652,10067968,true,public_local_nvme_gpu,,1,16
Tutti-v0.1.1,4,0.3,2458,4096,256,155,2571.265,7318.867,10067968,true,public_local_nvme_gpu,,1,16
Tutti-v0.1.1,4,0.3,2458,4096,256,156,2560.659,7271.344,10067968,true,public_local_nvme_gpu,,1,16
Tutti-v0.1.1,4,0.3,2458,4096,256,157,2565.694,7280.255,10067968,true,public_local_nvme_gpu,,1,16
Tutti-v0.1.1,4,0.3,2458,4096,256,158,2573.004,7285.601,10067968,true,public_local_nvme_gpu,,1,16
Tutti-v0.1.1,4,0.3,2458,4096,256,159,2573.607,7321.966,10067968,true,public_local_nvme_gpu,,1,16
Tutti-v0.1.1,4,0.3,2458,4096,256,160,2541.673,7251.074,10067968,true,public_local_nvme_gpu,,1,16
Tutti-v0.1.1,4,0.3,2458,4096,256,161,2558.814,7257.937,10067968,true,public_local_nvme_gpu,,1,16
Tutti-v0.1.1,4,0.3,2458,4096,256,162,2573.874,7260.824,10067968,true,public_local_nvme_gpu,,1,16
Tutti-v0.1.1,4,0.3,2458,4096,256,163,2591.767,7310.872,10067968,true,public_local_nvme_gpu,,1,16
Tutti-v0.1.1,4,0.3,2458,4096,256,164,2567.614,7288.909,10067968,true,public_local_nvme_gpu,,1,16
Tutti-v0.1.1,4,0.3,2458,4096,256,165,2558.409,7253.936,10067968,true,public_local_nvme_gpu,,1,16
Tutti-v0.1.1,4,0.3,2458,4096,256,166,2565.929,7258.458,10067968,true,public_local_nvme_gpu,,1,16
Tutti-v0.1.1,4,0.3,2458,4096,256,167,2568.928,7290.294,10067968,true,public_local_nvme_gpu,,1,16
Tutti-v0.1.1,4,0.3,2458,4096,256,168,2574.313,7337.219,10067968,true,public_local_nvme_gpu,,1,16
Tutti-v0.1.1,4,0.3,2458,4096,256,169,2584.171,7274.649,10067968,true,public_local_nvme_gpu,,1,16
Tutti-v0.1.1,4,0.3,2458,4096,256,170,2583.068,7287.185,10067968,true,public_local_nvme_gpu,,1,16
Tutti-v0.1.1,4,0.3,2458,4096,256,171,2573.525,7300.988,10067968,true,public_local_nvme_gpu,,1,16
Tutti-v0.1.1,4,0.3,2458,4096,256,172,2582.608,7276.875,10067968,true,public_local_nvme_gpu,,1,16
Tutti-v0.1.1,4,0.3,2458,4096,256,173,2577.304,7285.145,10067968,true,public_local_nvme_gpu,,1,16
Tutti-v0.1.1,4,0.3,2458,4096,256,174,2559.231,7252.772,10067968,true,public_local_nvme_gpu,,1,16
Tutti-v0.1.1,4,0.3,2458,4096,256,175,2552.658,7286.188,10067968,true,public_local_nvme_gpu,,1,16
Tutti-v0.1.1,4,0.3,2458,4096,256,176,2571.615,7290.294,10067968,true,public_local_nvme_gpu,,1,16
Tutti-v0.1.1,4,0.3,2458,4096,256,177,2559.713,7324.126,10067968,true,public_local_nvme_gpu,,1,16
Tutti-v0.1.1,4,0.3,2458,4096,256,178,2553.22,7353.598,10067968,true,public_local_nvme_gpu,,1,16
Tutti-v0.1.1,4,0.3,2458,4096,256,179,2566.488,7295.726,10067968,true,public_local_nvme_gpu,,1,16
Tutti-v0.1.1,4,0.3,2458,4096,256,180,2549.002,7227.522,10067968,true,public_local_nvme_gpu,,1,16
Tutti-v0.1.1,4,0.3,2458,4096,256,181,2553.347,7307.82,10067968,true,public_local_nvme_gpu,,1,16
Tutti-v0.1.1,4,0.3,2458,4096,256,182,2540.358,7247.313,10067968,true,public_local_nvme_gpu,,1,16
Tutti-v0.1.1,4,0.3,2458,4096,256,183,2566,7233.662,10067968,true,public_local_nvme_gpu,,1,16
Tutti-v0.1.1,4,0.3,2458,4096,256,184,2580.682,7286.016,10067968,true,public_local_nvme_gpu,,1,16
Tutti-v0.1.1,4,0.3,2458,4096,256,185,2556.112,7322.031,10067968,true,public_local_nvme_gpu,,1,16
Tutti-v0.1.1,4,0.3,2458,4096,256,186,2547.267,7237.628,10067968,true,public_local_nvme_gpu,,1,16
Tutti-v0.1.1,4,0.3,2458,4096,256,187,2567.793,7353.954,10067968,true,public_local_nvme_gpu,,1,16
Tutti-v0.1.1,4,0.3,2458,4096,256,188,2576.258,7257.496,10067968,true,public_local_nvme_gpu,,1,16
Tutti-v0.1.1,4,0.3,2458,4096,256,189,2567.579,7276.711,10067968,true,public_local_nvme_gpu,,1,16
Tutti-v0.1.1,4,0.3,2458,4096,256,190,2569.022,7343.836,10067968,true,public_local_nvme_gpu,,1,16
Tutti-v0.1.1,4,0.3,2458,4096,256,191,2557.006,7320.918,10067968,true,public_local_nvme_gpu,,1,16
Tutti-v0.1.1,4,0.3,2458,4096,256,192,2554.494,7283.732,10067968,true,public_local_nvme_gpu,,1,16
Tutti-v0.1.1,4,0.3,2458,4096,256,193,2559.132,7312.637,10067968,true,public_local_nvme_gpu,,1,16
Tutti-v0.1.1,4,0.3,2458,4096,256,194,2563.025,7298.428,10067968,true,public_local_nvme_gpu,,1,16
Tutti-v0.1.1,4,0.3,2458,4096,256,195,2556.502,7286.828,10067968,true,public_local_nvme_gpu,,1,16
Tutti-v0.1.1,4,0.3,2458,4096,256,196,2563.132,7334.305,10067968,true,public_local_nvme_gpu,,1,16
Tutti-v0.1.1,4,0.3,2458,4096,256,197,2563.833,7298.545,10067968,true,public_local_nvme_gpu,,1,16
Tutti-v0.1.1,4,0.3,2458,4096,256,198,2571.812,7285.178,10067968,true,public_local_nvme_gpu,,1,16
Tutti-v0.1.1,4,0.3,2458,4096,256,199,2579.022,7297.353,10067968,true,public_local_nvme_gpu,,1,16
Tutti-v0.1.1,4,0.3,2458,4096,256,0,2574.045,7318.33,10067968,true,public_local_nvme_gpu,,3,16
Tutti-v0.1.1,16,0.067,2195,4096,256,0,2295.901,6531.754,8990720,true,public_local_nvme_gpu,,2,16
Tutti-v0.1.1,16,0.067,2195,4096,256,0,2279.417,6477.814,8990720,true,public_local_nvme_gpu,,0,16
Tutti-v0.1.1,16,0.067,2195,4096,256,1,2299.449,6638.408,8990720,true,public_local_nvme_gpu,,0,16
Tutti-v0.1.1,16,0.067,2195,4096,256,2,2316.661,6539.845,8990720,true,public_local_nvme_gpu,,0,16
Tutti-v0.1.1,16,0.067,2195,4096,256,3,2301.977,6545.007,8990720,true,public_local_nvme_gpu,,0,16
Tutti-v0.1.1,16,0.067,2195,4096,256,4,2294.816,6505.786,8990720,true,public_local_nvme_gpu,,0,16
Tutti-v0.1.1,16,0.067,2195,4096,256,5,2306.375,6511.61,8990720,true,public_local_nvme_gpu,,0,16
Tutti-v0.1.1,16,0.067,2195,4096,256,6,2291.138,6522.394,8990720,true,public_local_nvme_gpu,,0,16
Tutti-v0.1.1,16,0.067,2195,4096,256,7,2300.43,6513.729,8990720,true,public_local_nvme_gpu,,0,16
Tutti-v0.1.1,16,0.067,2195,4096,256,8,2292.489,6539.284,8990720,true,public_local_nvme_gpu,,0,16
Tutti-v0.1.1,16,0.067,2195,4096,256,9,2286.985,6568.855,8990720,true,public_local_nvme_gpu,,0,16
Tutti-v0.1.1,16,0.067,2195,4096,256,0,2289.047,6549.288,8990720,true,public_local_nvme_gpu,,1,16
Tutti-v0.1.1,16,0.067,2195,4096,256,1,2288.163,6589.344,8990720,true,public_local_nvme_gpu,,1,16
Tutti-v0.1.1,16,0.067,2195,4096,256,2,2293.494,6503.384,8990720,true,public_local_nvme_gpu,,1,16
Tutti-v0.1.1,16,0.067,2195,4096,256,3,2290.388,6533.75,8990720,true,public_local_nvme_gpu,,1,16
Tutti-v0.1.1,16,0.067,2195,4096,256,4,2294.622,6517.475,8990720,true,public_local_nvme_gpu,,1,16
Tutti-v0.1.1,16,0.067,2195,4096,256,5,2272.88,6509.733,8990720,true,public_local_nvme_gpu,,1,16
Tutti-v0.1.1,16,0.067,2195,4096,256,6,2284.313,6534.666,8990720,true,public_local_nvme_gpu,,1,16
Tutti-v0.1.1,16,0.067,2195,4096,256,7,2291.413,6554.825,8990720,true,public_local_nvme_gpu,,1,16
Tutti-v0.1.1,16,0.067,2195,4096,256,8,2281.779,6512.869,8990720,true,public_local_nvme_gpu,,1,16
Tutti-v0.1.1,16,0.067,2195,4096,256,9,2294.756,6493.82,8990720,true,public_local_nvme_gpu,,1,16
Tutti-v0.1.1,16,0.067,2195,4096,256,10,2313.474,6499.689,8990720,true,public_local_nvme_gpu,,1,16
Tutti-v0.1.1,16,0.067,2195,4096,256,11,2298.476,6521.704,8990720,true,public_local_nvme_gpu,,1,16
Tutti-v0.1.1,16,0.067,2195,4096,256,12,2298.143,6490.774,8990720,true,public_local_nvme_gpu,,1,16
Tutti-v0.1.1,16,0.067,2195,4096,256,13,2298.005,6480.52,8990720,true,public_local_nvme_gpu,,1,16
Tutti-v0.1.1,16,0.067,2195,4096,256,14,2273.358,6513.122,8990720,true,public_local_nvme_gpu,,1,16
Tutti-v0.1.1,16,0.067,2195,4096,256,15,2277.811,6480.914,8990720,true,public_local_nvme_gpu,,1,16
Tutti-v0.1.1,16,0.067,2195,4096,256,16,2299.851,6557.874,8990720,true,public_local_nvme_gpu,,1,16
Tutti-v0.1.1,16,0.067,2195,4096,256,17,2287.773,6531.256,8990720,true,public_local_nvme_gpu,,1,16
Tutti-v0.1.1,16,0.067,2195,4096,256,18,2282.79,6537.154,8990720,true,public_local_nvme_gpu,,1,16
Tutti-v0.1.1,16,0.067,2195,4096,256,19,2291.508,6581.556,8990720,true,public_local_nvme_gpu,,1,16
Tutti-v0.1.1,16,0.067,2195,4096,256,20,2309.179,6549.409,8990720,true,public_local_nvme_gpu,,1,16
Tutti-v0.1.1,16,0.067,2195,4096,256,21,2302.916,6651.945,8990720,true,public_local_nvme_gpu,,1,16
Tutti-v0.1.1,16,0.067,2195,4096,256,22,2303.555,6550.107,8990720,true,public_local_nvme_gpu,,1,16
Tutti-v0.1.1,16,0.067,2195,4096,256,23,2293.758,6482.512,8990720,true,public_local_nvme_gpu,,1,16
Tutti-v0.1.1,16,0.067,2195,4096,256,24,2305.361,6538.966,8990720,true,public_local_nvme_gpu,,1,16
Tutti-v0.1.1,16,0.067,2195,4096,256,25,2302.78,6577.077,8990720,true,public_local_nvme_gpu,,1,16
Tutti-v0.1.1,16,0.067,2195,4096,256,26,2283.497,6564.95,8990720,true,public_local_nvme_gpu,,1,16
Tutti-v0.1.1,16,0.067,2195,4096,256,27,2305.945,6517.084,8990720,true,public_local_nvme_gpu,,1,16
Tutti-v0.1.1,16,0.067,2195,4096,256,28,2303.79,6495.156,8990720,true,public_local_nvme_gpu,,1,16
Tutti-v0.1.1,16,0.067,2195,4096,256,29,2296.514,6548.241,8990720,true,public_local_nvme_gpu,,1,16
Tutti-v0.1.1,16,0.067,2195,4096,256,30,2299.091,6525.766,8990720,true,public_local_nvme_gpu,,1,16
Tutti-v0.1.1,16,0.067,2195,4096,256,31,2308.593,6579.118,8990720,true,public_local_nvme_gpu,,1,16
Tutti-v0.1.1,16,0.067,2195,4096,256,32,2314.63,6585.95,8990720,true,public_local_nvme_gpu,,1,16
Tutti-v0.1.1,16,0.067,2195,4096,256,33,2280.977,6528.589,8990720,true,public_local_nvme_gpu,,1,16
Tutti-v0.1.1,16,0.067,2195,4096,256,34,2275.013,6519.873,8990720,true,public_local_nvme_gpu,,1,16
Tutti-v0.1.1,16,0.067,2195,4096,256,35,2281.554,6524.778,8990720,true,public_local_nvme_gpu,,1,16
Tutti-v0.1.1,16,0.067,2195,4096,256,36,2319.172,6573.342,8990720,true,public_local_nvme_gpu,,1,16
Tutti-v0.1.1,16,0.067,2195,4096,256,37,2304.347,6516.01,8990720,true,public_local_nvme_gpu,,1,16
Tutti-v0.1.1,16,0.067,2195,4096,256,38,2284.739,6533.793,8990720,true,public_local_nvme_gpu,,1,16
Tutti-v0.1.1,16,0.067,2195,4096,256,39,2283.651,6474.963,8990720,true,public_local_nvme_gpu,,1,16
Tutti-v0.1.1,16,0.067,2195,4096,256,40,2284.845,6530.79,8990720,true,public_local_nvme_gpu,,1,16
Tutti-v0.1.1,16,0.067,2195,4096,256,41,2288.426,6500.821,8990720,true,public_local_nvme_gpu,,1,16
Tutti-v0.1.1,16,0.067,2195,4096,256,42,2307.981,6677.763,8990720,true,public_local_nvme_gpu,,1,16
Tutti-v0.1.1,16,0.067,2195,4096,256,43,2288.644,6515.579,8990720,true,public_local_nvme_gpu,,1,16
Tutti-v0.1.1,16,0.067,2195,4096,256,44,2295.378,6453.844,8990720,true,public_local_nvme_gpu,,1,16
Tutti-v0.1.1,16,0.067,2195,4096,256,45,2286.5,6537.537,8990720,true,public_local_nvme_gpu,,1,16
Tutti-v0.1.1,16,0.067,2195,4096,256,46,2289.277,6508.354,8990720,true,public_local_nvme_gpu,,1,16
Tutti-v0.1.1,16,0.067,2195,4096,256,47,2312.175,6611.733,8990720,true,public_local_nvme_gpu,,1,16
Tutti-v0.1.1,16,0.067,2195,4096,256,48,2309.112,6530.297,8990720,true,public_local_nvme_gpu,,1,16
Tutti-v0.1.1,16,0.067,2195,4096,256,49,2301.609,6500.944,8990720,true,public_local_nvme_gpu,,1,16
Tutti-v0.1.1,16,0.067,2195,4096,256,50,2310.031,6488.478,8990720,true,public_local_nvme_gpu,,1,16
Tutti-v0.1.1,16,0.067,2195,4096,256,51,2294.452,6587.742,8990720,true,public_local_nvme_gpu,,1,16
Tutti-v0.1.1,16,0.067,2195,4096,256,52,2286.093,6543.968,8990720,true,public_local_nvme_gpu,,1,16
Tutti-v0.1.1,16,0.067,2195,4096,256,53,2299.411,6572.893,8990720,true,public_local_nvme_gpu,,1,16
Tutti-v0.1.1,16,0.067,2195,4096,256,54,2308.088,6463.465,8990720,true,public_local_nvme_gpu,,1,16
Tutti-v0.1.1,16,0.067,2195,4096,256,55,2287.493,6547.765,8990720,true,public_local_nvme_gpu,,1,16
Tutti-v0.1.1,16,0.067,2195,4096,256,56,2280.123,6488.284,8990720,true,public_local_nvme_gpu,,1,16
Tutti-v0.1.1,16,0.067,2195,4096,256,57,2302.673,6534.084,8990720,true,public_local_nvme_gpu,,1,16
Tutti-v0.1.1,16,0.067,2195,4096,256,58,2282.596,6498.125,8990720,true,public_local_nvme_gpu,,1,16
Tutti-v0.1.1,16,0.067,2195,4096,256,59,2290.895,6492.217,8990720,true,public_local_nvme_gpu,,1,16
Tutti-v0.1.1,16,0.067,2195,4096,256,60,2314.691,6480.853,8990720,true,public_local_nvme_gpu,,1,16
Tutti-v0.1.1,16,0.067,2195,4096,256,61,2301.872,6506.099,8990720,true,public_local_nvme_gpu,,1,16
Tutti-v0.1.1,16,0.067,2195,4096,256,62,2279.134,6484.144,8990720,true,public_local_nvme_gpu,,1,16
Tutti-v0.1.1,16,0.067,2195,4096,256,63,2290.523,6468.44,8990720,true,public_local_nvme_gpu,,1,16
Tutti-v0.1.1,16,0.067,2195,4096,256,64,2300.045,6560.114,8990720,true,public_local_nvme_gpu,,1,16
Tutti-v0.1.1,16,0.067,2195,4096,256,65,2290.411,6496.275,8990720,true,public_local_nvme_gpu,,1,16
Tutti-v0.1.1,16,0.067,2195,4096,256,66,2301.01,6596.595,8990720,true,public_local_nvme_gpu,,1,16
Tutti-v0.1.1,16,0.067,2195,4096,256,67,2293.118,6467.393,8990720,true,public_local_nvme_gpu,,1,16
Tutti-v0.1.1,16,0.067,2195,4096,256,68,2312.577,6523.435,8990720,true,public_local_nvme_gpu,,1,16
Tutti-v0.1.1,16,0.067,2195,4096,256,69,2295.933,6521.724,8990720,true,public_local_nvme_gpu,,1,16
Tutti-v0.1.1,16,0.067,2195,4096,256,70,2269.234,6421.878,8990720,true,public_local_nvme_gpu,,1,16
Tutti-v0.1.1,16,0.067,2195,4096,256,71,2294.932,6541.603,8990720,true,public_local_nvme_gpu,,1,16
Tutti-v0.1.1,16,0.067,2195,4096,256,72,2305.544,6575.23,8990720,true,public_local_nvme_gpu,,1,16
Tutti-v0.1.1,16,0.067,2195,4096,256,73,2301.331,6506.035,8990720,true,public_local_nvme_gpu,,1,16
Tutti-v0.1.1,16,0.067,2195,4096,256,74,2290.107,6547.752,8990720,true,public_local_nvme_gpu,,1,16
Tutti-v0.1.1,16,0.067,2195,4096,256,75,2286.01,6470.417,8990720,true,public_local_nvme_gpu,,1,16
Tutti-v0.1.1,16,0.067,2195,4096,256,76,2301.399,6537.915,8990720,true,public_local_nvme_gpu,,1,16
Tutti-v0.1.1,16,0.067,2195,4096,256,77,2288.347,6543.396,8990720,true,public_local_nvme_gpu,,1,16
Tutti-v0.1.1,16,0.067,2195,4096,256,78,2290.449,6514.139,8990720,true,public_local_nvme_gpu,,1,16
Tutti-v0.1.1,16,0.067,2195,4096,256,79,2289.945,6500,8990720,true,public_local_nvme_gpu,,1,16
Tutti-v0.1.1,16,0.067,2195,4096,256,80,2311.51,6541.939,8990720,true,public_local_nvme_gpu,,1,16
Tutti-v0.1.1,16,0.067,2195,4096,256,81,2315.321,6566.636,8990720,true,public_local_nvme_gpu,,1,16
Tutti-v0.1.1,16,0.067,2195,4096,256,82,2302.51,6514.317,8990720,true,public_local_nvme_gpu,,1,16
Tutti-v0.1.1,16,0.067,2195,4096,256,83,2313.823,6483.953,8990720,true,public_local_nvme_gpu,,1,16
Tutti-v0.1.1,16,0.067,2195,4096,256,84,2290.887,6598.208,8990720,true,public_local_nvme_gpu,,1,16
Tutti-v0.1.1,16,0.067,2195,4096,256,85,4872.084,9125.014,8990720,true,public_local_nvme_gpu,,1,16
Tutti-v0.1.1,16,0.067,2195,4096,256,86,2317.279,6529.346,8990720,true,public_local_nvme_gpu,,1,16
Tutti-v0.1.1,16,0.067,2195,4096,256,87,2307.594,6521.435,8990720,true,public_local_nvme_gpu,,1,16
Tutti-v0.1.1,16,0.067,2195,4096,256,88,2289.473,6540.704,8990720,true,public_local_nvme_gpu,,1,16
Tutti-v0.1.1,16,0.067,2195,4096,256,89,2311.637,6516.414,8990720,true,public_local_nvme_gpu,,1,16
Tutti-v0.1.1,16,0.067,2195,4096,256,90,2311.689,6511.166,8990720,true,public_local_nvme_gpu,,1,16
Tutti-v0.1.1,16,0.067,2195,4096,256,91,2305.201,6566.117,8990720,true,public_local_nvme_gpu,,1,16
Tutti-v0.1.1,16,0.067,2195,4096,256,92,2293.443,6466.838,8990720,true,public_local_nvme_gpu,,1,16
Tutti-v0.1.1,16,0.067,2195,4096,256,93,2308.498,6500.925,8990720,true,public_local_nvme_gpu,,1,16
Tutti-v0.1.1,16,0.067,2195,4096,256,94,2292.439,6523.733,8990720,true,public_local_nvme_gpu,,1,16
Tutti-v0.1.1,16,0.067,2195,4096,256,95,2304.933,6508.374,8990720,true,public_local_nvme_gpu,,1,16
Tutti-v0.1.1,16,0.067,2195,4096,256,96,2330.15,6530.974,8990720,true,public_local_nvme_gpu,,1,16
Tutti-v0.1.1,16,0.067,2195,4096,256,97,2273.906,6529.667,8990720,true,public_local_nvme_gpu,,1,16
Tutti-v0.1.1,16,0.067,2195,4096,256,98,2311.49,6509.539,8990720,true,public_local_nvme_gpu,,1,16
Tutti-v0.1.1,16,0.067,2195,4096,256,99,2283.23,6489.016,8990720,true,public_local_nvme_gpu,,1,16
Tutti-v0.1.1,16,0.067,2195,4096,256,100,2296.567,6557.818,8990720,true,public_local_nvme_gpu,,1,16
Tutti-v0.1.1,16,0.067,2195,4096,256,101,2305.055,6547.888,8990720,true,public_local_nvme_gpu,,1,16
Tutti-v0.1.1,16,0.067,2195,4096,256,102,2263.354,6505.778,8990720,true,public_local_nvme_gpu,,1,16
Tutti-v0.1.1,16,0.067,2195,4096,256,103,2298.782,6514.135,8990720,true,public_local_nvme_gpu,,1,16
Tutti-v0.1.1,16,0.067,2195,4096,256,104,2301.134,6494.809,8990720,true,public_local_nvme_gpu,,1,16
Tutti-v0.1.1,16,0.067,2195,4096,256,105,2285.949,6484.3,8990720,true,public_local_nvme_gpu,,1,16
Tutti-v0.1.1,16,0.067,2195,4096,256,106,2299.13,6534.208,8990720,true,public_local_nvme_gpu,,1,16
Tutti-v0.1.1,16,0.067,2195,4096,256,107,2280.068,6534.185,8990720,true,public_local_nvme_gpu,,1,16
Tutti-v0.1.1,16,0.067,2195,4096,256,108,2283.843,6526.696,8990720,true,public_local_nvme_gpu,,1,16
Tutti-v0.1.1,16,0.067,2195,4096,256,109,2286.748,6498.627,8990720,true,public_local_nvme_gpu,,1,16
Tutti-v0.1.1,16,0.067,2195,4096,256,110,2284.661,6509.561,8990720,true,public_local_nvme_gpu,,1,16
Tutti-v0.1.1,16,0.067,2195,4096,256,111,2306.307,6528.905,8990720,true,public_local_nvme_gpu,,1,16
Tutti-v0.1.1,16,0.067,2195,4096,256,112,2295.146,6528.25,8990720,true,public_local_nvme_gpu,,1,16
Tutti-v0.1.1,16,0.067,2195,4096,256,113,2276.506,6443.321,8990720,true,public_local_nvme_gpu,,1,16
Tutti-v0.1.1,16,0.067,2195,4096,256,114,2292.848,6521.319,8990720,true,public_local_nvme_gpu,,1,16
Tutti-v0.1.1,16,0.067,2195,4096,256,115,2296.056,6499.66,8990720,true,public_local_nvme_gpu,,1,16
Tutti-v0.1.1,16,0.067,2195,4096,256,116,2281.434,6546.346,8990720,true,public_local_nvme_gpu,,1,16
Tutti-v0.1.1,16,0.067,2195,4096,256,117,2278.815,6502.378,8990720,true,public_local_nvme_gpu,,1,16
Tutti-v0.1.1,16,0.067,2195,4096,256,118,2277.182,6575.7,8990720,true,public_local_nvme_gpu,,1,16
Tutti-v0.1.1,16,0.067,2195,4096,256,119,2286.485,6519.983,8990720,true,public_local_nvme_gpu,,1,16
Tutti-v0.1.1,16,0.067,2195,4096,256,120,2328.618,6557.321,8990720,true,public_local_nvme_gpu,,1,16
Tutti-v0.1.1,16,0.067,2195,4096,256,121,2274.828,6476.06,8990720,true,public_local_nvme_gpu,,1,16
Tutti-v0.1.1,16,0.067,2195,4096,256,122,2304.8,6491.311,8990720,true,public_local_nvme_gpu,,1,16
Tutti-v0.1.1,16,0.067,2195,4096,256,123,2291.897,6499.968,8990720,true,public_local_nvme_gpu,,1,16
Tutti-v0.1.1,16,0.067,2195,4096,256,124,2286.52,6584.54,8990720,true,public_local_nvme_gpu,,1,16
Tutti-v0.1.1,16,0.067,2195,4096,256,125,2285.059,6479.553,8990720,true,public_local_nvme_gpu,,1,16
Tutti-v0.1.1,16,0.067,2195,4096,256,126,2295.019,6529.909,8990720,true,public_local_nvme_gpu,,1,16
Tutti-v0.1.1,16,0.067,2195,4096,256,127,2283.892,6496.601,8990720,true,public_local_nvme_gpu,,1,16
Tutti-v0.1.1,16,0.067,2195,4096,256,128,2289.135,6494.262,8990720,true,public_local_nvme_gpu,,1,16
Tutti-v0.1.1,16,0.067,2195,4096,256,129,2272.996,6472.572,8990720,true,public_local_nvme_gpu,,1,16
Tutti-v0.1.1,16,0.067,2195,4096,256,130,2302.339,6532.881,8990720,true,public_local_nvme_gpu,,1,16
Tutti-v0.1.1,16,0.067,2195,4096,256,131,2322.211,6532.262,8990720,true,public_local_nvme_gpu,,1,16
Tutti-v0.1.1,16,0.067,2195,4096,256,132,2320.119,6557.365,8990720,true,public_local_nvme_gpu,,1,16
Tutti-v0.1.1,16,0.067,2195,4096,256,133,2307.713,6504.031,8990720,true,public_local_nvme_gpu,,1,16
Tutti-v0.1.1,16,0.067,2195,4096,256,134,2281.707,6462.135,8990720,true,public_local_nvme_gpu,,1,16
Tutti-v0.1.1,16,0.067,2195,4096,256,135,2291.441,6488.792,8990720,true,public_local_nvme_gpu,,1,16
Tutti-v0.1.1,16,0.067,2195,4096,256,136,2301.851,6556.245,8990720,true,public_local_nvme_gpu,,1,16
Tutti-v0.1.1,16,0.067,2195,4096,256,137,2289.473,6503.435,8990720,true,public_local_nvme_gpu,,1,16
Tutti-v0.1.1,16,0.067,2195,4096,256,138,2304.695,6589.62,8990720,true,public_local_nvme_gpu,,1,16
Tutti-v0.1.1,16,0.067,2195,4096,256,139,2295.565,6485.975,8990720,true,public_local_nvme_gpu,,1,16
Tutti-v0.1.1,16,0.067,2195,4096,256,140,2301.722,6482.636,8990720,true,public_local_nvme_gpu,,1,16
Tutti-v0.1.1,16,0.067,2195,4096,256,141,2299.404,6588.478,8990720,true,public_local_nvme_gpu,,1,16
Tutti-v0.1.1,16,0.067,2195,4096,256,142,2305.924,6512.288,8990720,true,public_local_nvme_gpu,,1,16
Tutti-v0.1.1,16,0.067,2195,4096,256,143,2286.388,6510.363,8990720,true,public_local_nvme_gpu,,1,16
Tutti-v0.1.1,16,0.067,2195,4096,256,144,2283.678,6529.606,8990720,true,public_local_nvme_gpu,,1,16
Tutti-v0.1.1,16,0.067,2195,4096,256,145,2283.295,6510.197,8990720,true,public_local_nvme_gpu,,1,16
Tutti-v0.1.1,16,0.067,2195,4096,256,146,2303.349,6550.762,8990720,true,public_local_nvme_gpu,,1,16
Tutti-v0.1.1,16,0.067,2195,4096,256,147,2294.998,6579.335,8990720,true,public_local_nvme_gpu,,1,16
Tutti-v0.1.1,16,0.067,2195,4096,256,148,2287.834,6489.437,8990720,true,public_local_nvme_gpu,,1,16
Tutti-v0.1.1,16,0.067,2195,4096,256,149,2280.469,6548.845,8990720,true,public_local_nvme_gpu,,1,16
Tutti-v0.1.1,16,0.067,2195,4096,256,150,2275.645,6500.303,8990720,true,public_local_nvme_gpu,,1,16
Tutti-v0.1.1,16,0.067,2195,4096,256,151,2286.897,6620.937,8990720,true,public_local_nvme_gpu,,1,16
Tutti-v0.1.1,16,0.067,2195,4096,256,152,2274.937,6510.223,8990720,true,public_local_nvme_gpu,,1,16
Tutti-v0.1.1,16,0.067,2195,4096,256,153,2273.116,6489.348,8990720,true,public_local_nvme_gpu,,1,16
Tutti-v0.1.1,16,0.067,2195,4096,256,154,2286.161,6480.454,8990720,true,public_local_nvme_gpu,,1,16
Tutti-v0.1.1,16,0.067,2195,4096,256,155,2288.828,6541.141,8990720,true,public_local_nvme_gpu,,1,16
Tutti-v0.1.1,16,0.067,2195,4096,256,156,2305.67,6466.974,8990720,true,public_local_nvme_gpu,,1,16
Tutti-v0.1.1,16,0.067,2195,4096,256,157,2304.217,6505.438,8990720,true,public_local_nvme_gpu,,1,16
Tutti-v0.1.1,16,0.067,2195,4096,256,158,2314.408,6548.369,8990720,true,public_local_nvme_gpu,,1,16
Tutti-v0.1.1,16,0.067,2195,4096,256,159,2293.321,6482.578,8990720,true,public_local_nvme_gpu,,1,16
Tutti-v0.1.1,16,0.067,2195,4096,256,160,2305.711,6548.493,8990720,true,public_local_nvme_gpu,,1,16
Tutti-v0.1.1,16,0.067,2195,4096,256,161,2315.142,6503.421,8990720,true,public_local_nvme_gpu,,1,16
Tutti-v0.1.1,16,0.067,2195,4096,256,162,2297.821,6498.884,8990720,true,public_local_nvme_gpu,,1,16
Tutti-v0.1.1,16,0.067,2195,4096,256,163,2313.434,6496.144,8990720,true,public_local_nvme_gpu,,1,16
Tutti-v0.1.1,16,0.067,2195,4096,256,164,2295.851,6496.845,8990720,true,public_local_nvme_gpu,,1,16
Tutti-v0.1.1,16,0.067,2195,4096,256,165,2292.835,6468.793,8990720,true,public_local_nvme_gpu,,1,16
Tutti-v0.1.1,16,0.067,2195,4096,256,166,2295.76,6567.524,8990720,true,public_local_nvme_gpu,,1,16
Tutti-v0.1.1,16,0.067,2195,4096,256,167,2300.769,6588.946,8990720,true,public_local_nvme_gpu,,1,16
Tutti-v0.1.1,16,0.067,2195,4096,256,168,2306.35,6617.331,8990720,true,public_local_nvme_gpu,,1,16
Tutti-v0.1.1,16,0.067,2195,4096,256,169,2315.594,6526.762,8990720,true,public_local_nvme_gpu,,1,16
Tutti-v0.1.1,16,0.067,2195,4096,256,170,2312.101,6527.962,8990720,true,public_local_nvme_gpu,,1,16
Tutti-v0.1.1,16,0.067,2195,4096,256,171,2285.448,6469.843,8990720,true,public_local_nvme_gpu,,1,16
Tutti-v0.1.1,16,0.067,2195,4096,256,172,2298.972,6490.312,8990720,true,public_local_nvme_gpu,,1,16
Tutti-v0.1.1,16,0.067,2195,4096,256,173,2302.582,6541.745,8990720,true,public_local_nvme_gpu,,1,16
Tutti-v0.1.1,16,0.067,2195,4096,256,174,2338.804,6561.011,8990720,true,public_local_nvme_gpu,,1,16
Tutti-v0.1.1,16,0.067,2195,4096,256,175,2292.436,6503.423,8990720,true,public_local_nvme_gpu,,1,16
Tutti-v0.1.1,16,0.067,2195,4096,256,176,2283.897,6526.969,8990720,true,public_local_nvme_gpu,,1,16
Tutti-v0.1.1,16,0.067,2195,4096,256,177,2277.987,6478.89,8990720,true,public_local_nvme_gpu,,1,16
Tutti-v0.1.1,16,0.067,2195,4096,256,178,2294.719,6544.71,8990720,true,public_local_nvme_gpu,,1,16
Tutti-v0.1.1,16,0.067,2195,4096,256,179,2310.678,6505.817,8990720,true,public_local_nvme_gpu,,1,16
Tutti-v0.1.1,16,0.067,2195,4096,256,180,2289.701,6572.265,8990720,true,public_local_nvme_gpu,,1,16
Tutti-v0.1.1,16,0.067,2195,4096,256,181,2299.888,6525.12,8990720,true,public_local_nvme_gpu,,1,16
Tutti-v0.1.1,16,0.067,2195,4096,256,182,2279.98,6495.6,8990720,true,public_local_nvme_gpu,,1,16
Tutti-v0.1.1,16,0.067,2195,4096,256,183,2288.238,6475.4,8990720,true,public_local_nvme_gpu,,1,16
Tutti-v0.1.1,16,0.067,2195,4096,256,184,2287.849,6481.142,8990720,true,public_local_nvme_gpu,,1,16
Tutti-v0.1.1,16,0.067,2195,4096,256,185,2277.016,6508.534,8990720,true,public_local_nvme_gpu,,1,16
Tutti-v0.1.1,16,0.067,2195,4096,256,186,2282.116,6526.933,8990720,true,public_local_nvme_gpu,,1,16
Tutti-v0.1.1,16,0.067,2195,4096,256,187,2294.316,6540.323,8990720,true,public_local_nvme_gpu,,1,16
Tutti-v0.1.1,16,0.067,2195,4096,256,188,2305.912,6542.365,8990720,true,public_local_nvme_gpu,,1,16
Tutti-v0.1.1,16,0.067,2195,4096,256,189,2293.136,6490.967,8990720,true,public_local_nvme_gpu,,1,16
Tutti-v0.1.1,16,0.067,2195,4096,256,190,2304.167,6549.925,8990720,true,public_local_nvme_gpu,,1,16
Tutti-v0.1.1,16,0.067,2195,4096,256,191,2278.811,6510.23,8990720,true,public_local_nvme_gpu,,1,16
Tutti-v0.1.1,16,0.067,2195,4096,256,192,2305.371,6498.272,8990720,true,public_local_nvme_gpu,,1,16
Tutti-v0.1.1,16,0.067,2195,4096,256,193,2310.241,6540.373,8990720,true,public_local_nvme_gpu,,1,16
Tutti-v0.1.1,16,0.067,2195,4096,256,194,2305.391,6495.839,8990720,true,public_local_nvme_gpu,,1,16
Tutti-v0.1.1,16,0.067,2195,4096,256,195,2309.202,6499.158,8990720,true,public_local_nvme_gpu,,1,16
Tutti-v0.1.1,16,0.067,2195,4096,256,196,2298.897,6492.036,8990720,true,public_local_nvme_gpu,,1,16
Tutti-v0.1.1,16,0.067,2195,4096,256,197,2285.699,6469.215,8990720,true,public_local_nvme_gpu,,1,16
Tutti-v0.1.1,16,0.067,2195,4096,256,198,2283.28,6516.561,8990720,true,public_local_nvme_gpu,,1,16
Tutti-v0.1.1,16,0.067,2195,4096,256,199,2277.742,6543.893,8990720,true,public_local_nvme_gpu,,1,16
Tutti-v0.1.1,16,0.067,2195,4096,256,0,2283.861,6576.176,8990720,true,public_local_nvme_gpu,,3,16
Tutti-v0.1.1,16,0.134,4391,4096,256,0,4568.898,13019.884,17985536,true,public_local_nvme_gpu,,2,16
Tutti-v0.1.1,16,0.134,4391,4096,256,0,4540.634,13046.877,17985536,true,public_local_nvme_gpu,,0,16
Tutti-v0.1.1,16,0.134,4391,4096,256,1,4538.123,12960.981,17985536,true,public_local_nvme_gpu,,0,16
Tutti-v0.1.1,16,0.134,4391,4096,256,2,4537.205,12983.01,17985536,true,public_local_nvme_gpu,,0,16
Tutti-v0.1.1,16,0.134,4391,4096,256,3,4533.714,12978.969,17985536,true,public_local_nvme_gpu,,0,16
Tutti-v0.1.1,16,0.134,4391,4096,256,4,4546.571,13029.238,17985536,true,public_local_nvme_gpu,,0,16
Tutti-v0.1.1,16,0.134,4391,4096,256,5,4534.53,12935.584,17985536,true,public_local_nvme_gpu,,0,16
Tutti-v0.1.1,16,0.134,4391,4096,256,6,4522.183,12998.937,17985536,true,public_local_nvme_gpu,,0,16
Tutti-v0.1.1,16,0.134,4391,4096,256,7,4526.953,12942.481,17985536,true,public_local_nvme_gpu,,0,16
Tutti-v0.1.1,16,0.134,4391,4096,256,8,4532.143,12940.791,17985536,true,public_local_nvme_gpu,,0,16
Tutti-v0.1.1,16,0.134,4391,4096,256,9,4571.187,13036.853,17985536,true,public_local_nvme_gpu,,0,16
Tutti-v0.1.1,16,0.134,4391,4096,256,0,4519.137,12905.817,17985536,true,public_local_nvme_gpu,,1,16
Tutti-v0.1.1,16,0.134,4391,4096,256,1,4513.267,12932.793,17985536,true,public_local_nvme_gpu,,1,16
Tutti-v0.1.1,16,0.134,4391,4096,256,2,4543.503,12998.242,17985536,true,public_local_nvme_gpu,,1,16
Tutti-v0.1.1,16,0.134,4391,4096,256,3,4523.33,12997.57,17985536,true,public_local_nvme_gpu,,1,16
Tutti-v0.1.1,16,0.134,4391,4096,256,4,4520.584,13060.851,17985536,true,public_local_nvme_gpu,,1,16
Tutti-v0.1.1,16,0.134,4391,4096,256,5,4517.583,12969.03,17985536,true,public_local_nvme_gpu,,1,16
Tutti-v0.1.1,16,0.134,4391,4096,256,6,4522.674,12982.536,17985536,true,public_local_nvme_gpu,,1,16
Tutti-v0.1.1,16,0.134,4391,4096,256,7,4536.767,12966.939,17985536,true,public_local_nvme_gpu,,1,16
Tutti-v0.1.1,16,0.134,4391,4096,256,8,4514.671,12981.706,17985536,true,public_local_nvme_gpu,,1,16
Tutti-v0.1.1,16,0.134,4391,4096,256,9,4501.042,13037.018,17985536,true,public_local_nvme_gpu,,1,16
Tutti-v0.1.1,16,0.134,4391,4096,256,10,4528.681,12926.029,17985536,true,public_local_nvme_gpu,,1,16
Tutti-v0.1.1,16,0.134,4391,4096,256,11,4550.715,13029.725,17985536,true,public_local_nvme_gpu,,1,16
Tutti-v0.1.1,16,0.134,4391,4096,256,12,4534.994,12986.059,17985536,true,public_local_nvme_gpu,,1,16
Tutti-v0.1.1,16,0.134,4391,4096,256,13,4530.696,13012.288,17985536,true,public_local_nvme_gpu,,1,16
Tutti-v0.1.1,16,0.134,4391,4096,256,14,4556.834,13085.101,17985536,true,public_local_nvme_gpu,,1,16
Tutti-v0.1.1,16,0.134,4391,4096,256,15,4534.203,12949.056,17985536,true,public_local_nvme_gpu,,1,16
Tutti-v0.1.1,16,0.134,4391,4096,256,16,4534.698,13150.113,17985536,true,public_local_nvme_gpu,,1,16
Tutti-v0.1.1,16,0.134,4391,4096,256,17,4534.787,12992.209,17985536,true,public_local_nvme_gpu,,1,16
Tutti-v0.1.1,16,0.134,4391,4096,256,18,4564.45,12979.99,17985536,true,public_local_nvme_gpu,,1,16
Tutti-v0.1.1,16,0.134,4391,4096,256,19,4536.443,12976.951,17985536,true,public_local_nvme_gpu,,1,16
Tutti-v0.1.1,16,0.134,4391,4096,256,20,4541.281,12951.507,17985536,true,public_local_nvme_gpu,,1,16
Tutti-v0.1.1,16,0.134,4391,4096,256,21,4557.253,13026.301,17985536,true,public_local_nvme_gpu,,1,16
Tutti-v0.1.1,16,0.134,4391,4096,256,22,4534.766,12966.946,17985536,true,public_local_nvme_gpu,,1,16
Tutti-v0.1.1,16,0.134,4391,4096,256,23,4548.086,12995.415,17985536,true,public_local_nvme_gpu,,1,16
Tutti-v0.1.1,16,0.134,4391,4096,256,24,4525.287,12933.519,17985536,true,public_local_nvme_gpu,,1,16
Tutti-v0.1.1,16,0.134,4391,4096,256,25,4527.325,12968.87,17985536,true,public_local_nvme_gpu,,1,16
Tutti-v0.1.1,16,0.134,4391,4096,256,26,4529.728,12959.715,17985536,true,public_local_nvme_gpu,,1,16
Tutti-v0.1.1,16,0.134,4391,4096,256,27,4529.326,12935.557,17985536,true,public_local_nvme_gpu,,1,16
Tutti-v0.1.1,16,0.134,4391,4096,256,28,4509.305,13023.798,17985536,true,public_local_nvme_gpu,,1,16
Tutti-v0.1.1,16,0.134,4391,4096,256,29,4521.78,12962.265,17985536,true,public_local_nvme_gpu,,1,16
Tutti-v0.1.1,16,0.134,4391,4096,256,30,4551.057,12958.089,17985536,true,public_local_nvme_gpu,,1,16
Tutti-v0.1.1,16,0.134,4391,4096,256,31,4531.988,12935.797,17985536,true,public_local_nvme_gpu,,1,16
Tutti-v0.1.1,16,0.134,4391,4096,256,32,4545.11,13008.481,17985536,true,public_local_nvme_gpu,,1,16
Tutti-v0.1.1,16,0.134,4391,4096,256,33,4544.3,13026.044,17985536,true,public_local_nvme_gpu,,1,16
Tutti-v0.1.1,16,0.134,4391,4096,256,34,4534.491,12995.098,17985536,true,public_local_nvme_gpu,,1,16
Tutti-v0.1.1,16,0.134,4391,4096,256,35,4521.474,12946.761,17985536,true,public_local_nvme_gpu,,1,16
Tutti-v0.1.1,16,0.134,4391,4096,256,36,4513.164,12960.743,17985536,true,public_local_nvme_gpu,,1,16
Tutti-v0.1.1,16,0.134,4391,4096,256,37,4515.253,12977.816,17985536,true,public_local_nvme_gpu,,1,16
Tutti-v0.1.1,16,0.134,4391,4096,256,38,4525.431,12972.336,17985536,true,public_local_nvme_gpu,,1,16
Tutti-v0.1.1,16,0.134,4391,4096,256,39,4505.361,12867.128,17985536,true,public_local_nvme_gpu,,1,16
Tutti-v0.1.1,16,0.134,4391,4096,256,40,4530.899,12945.985,17985536,true,public_local_nvme_gpu,,1,16
Tutti-v0.1.1,16,0.134,4391,4096,256,41,4527.926,13007.349,17985536,true,public_local_nvme_gpu,,1,16
Tutti-v0.1.1,16,0.134,4391,4096,256,42,4552.685,13072.355,17985536,true,public_local_nvme_gpu,,1,16
Tutti-v0.1.1,16,0.134,4391,4096,256,43,4533.261,13121.667,17985536,true,public_local_nvme_gpu,,1,16
Tutti-v0.1.1,16,0.134,4391,4096,256,44,4527.487,13018.274,17985536,true,public_local_nvme_gpu,,1,16
Tutti-v0.1.1,16,0.134,4391,4096,256,45,4526.111,13017.32,17985536,true,public_local_nvme_gpu,,1,16
Tutti-v0.1.1,16,0.134,4391,4096,256,46,4542.526,13041.293,17985536,true,public_local_nvme_gpu,,1,16
Tutti-v0.1.1,16,0.134,4391,4096,256,47,4538.545,12929.565,17985536,true,public_local_nvme_gpu,,1,16
Tutti-v0.1.1,16,0.134,4391,4096,256,48,4540.835,12961.887,17985536,true,public_local_nvme_gpu,,1,16
Tutti-v0.1.1,16,0.134,4391,4096,256,49,4543.033,12959.481,17985536,true,public_local_nvme_gpu,,1,16
Tutti-v0.1.1,16,0.134,4391,4096,256,50,4532.127,12912.586,17985536,true,public_local_nvme_gpu,,1,16
Tutti-v0.1.1,16,0.134,4391,4096,256,51,4538.04,13103.55,17985536,true,public_local_nvme_gpu,,1,16
Tutti-v0.1.1,16,0.134,4391,4096,256,52,4531.018,12975.56,17985536,true,public_local_nvme_gpu,,1,16
Tutti-v0.1.1,16,0.134,4391,4096,256,53,4540.846,12917.172,17985536,true,public_local_nvme_gpu,,1,16
Tutti-v0.1.1,16,0.134,4391,4096,256,54,4522.549,13054.361,17985536,true,public_local_nvme_gpu,,1,16
Tutti-v0.1.1,16,0.134,4391,4096,256,55,4535.698,12950.625,17985536,true,public_local_nvme_gpu,,1,16
Tutti-v0.1.1,16,0.134,4391,4096,256,56,4545.935,12984.7,17985536,true,public_local_nvme_gpu,,1,16
Tutti-v0.1.1,16,0.134,4391,4096,256,57,4546.95,12960.821,17985536,true,public_local_nvme_gpu,,1,16
Tutti-v0.1.1,16,0.134,4391,4096,256,58,4523.291,12976.364,17985536,true,public_local_nvme_gpu,,1,16
Tutti-v0.1.1,16,0.134,4391,4096,256,59,4533.084,12989.689,17985536,true,public_local_nvme_gpu,,1,16
Tutti-v0.1.1,16,0.134,4391,4096,256,60,4524.349,12959.859,17985536,true,public_local_nvme_gpu,,1,16
Tutti-v0.1.1,16,0.134,4391,4096,256,61,4525.422,12923.478,17985536,true,public_local_nvme_gpu,,1,16
Tutti-v0.1.1,16,0.134,4391,4096,256,62,4526.747,12956.264,17985536,true,public_local_nvme_gpu,,1,16
Tutti-v0.1.1,16,0.134,4391,4096,256,63,4539.168,13134.75,17985536,true,public_local_nvme_gpu,,1,16
Tutti-v0.1.1,16,0.134,4391,4096,256,64,4520.244,12954.514,17985536,true,public_local_nvme_gpu,,1,16
Tutti-v0.1.1,16,0.134,4391,4096,256,65,4538.134,12915.639,17985536,true,public_local_nvme_gpu,,1,16
Tutti-v0.1.1,16,0.134,4391,4096,256,66,4521.334,12930.643,17985536,true,public_local_nvme_gpu,,1,16
Tutti-v0.1.1,16,0.134,4391,4096,256,67,4508.463,12917.255,17985536,true,public_local_nvme_gpu,,1,16
Tutti-v0.1.1,16,0.134,4391,4096,256,68,4537.715,13008.031,17985536,true,public_local_nvme_gpu,,1,16
Tutti-v0.1.1,16,0.134,4391,4096,256,69,4539.971,13035.892,17985536,true,public_local_nvme_gpu,,1,16
Tutti-v0.1.1,16,0.134,4391,4096,256,70,4534.096,13058.216,17985536,true,public_local_nvme_gpu,,1,16
Tutti-v0.1.1,16,0.134,4391,4096,256,71,4516.944,12944.396,17985536,true,public_local_nvme_gpu,,1,16
Tutti-v0.1.1,16,0.134,4391,4096,256,72,4525.97,12893.169,17985536,true,public_local_nvme_gpu,,1,16
Tutti-v0.1.1,16,0.134,4391,4096,256,73,4557.147,12974.91,17985536,true,public_local_nvme_gpu,,1,16
Tutti-v0.1.1,16,0.134,4391,4096,256,74,4585.307,12949.023,17985536,true,public_local_nvme_gpu,,1,16
Tutti-v0.1.1,16,0.134,4391,4096,256,75,4553.743,12978.742,17985536,true,public_local_nvme_gpu,,1,16
Tutti-v0.1.1,16,0.134,4391,4096,256,76,4537.993,12965.201,17985536,true,public_local_nvme_gpu,,1,16
Tutti-v0.1.1,16,0.134,4391,4096,256,77,4542.577,12955.782,17985536,true,public_local_nvme_gpu,,1,16
Tutti-v0.1.1,16,0.134,4391,4096,256,78,4528.24,12959.986,17985536,true,public_local_nvme_gpu,,1,16
Tutti-v0.1.1,16,0.134,4391,4096,256,79,4509.298,12940.693,17985536,true,public_local_nvme_gpu,,1,16
Tutti-v0.1.1,16,0.134,4391,4096,256,80,4545.932,12935.457,17985536,true,public_local_nvme_gpu,,1,16
Tutti-v0.1.1,16,0.134,4391,4096,256,81,4562.131,12981.202,17985536,true,public_local_nvme_gpu,,1,16
Tutti-v0.1.1,16,0.134,4391,4096,256,82,4538.092,13018.849,17985536,true,public_local_nvme_gpu,,1,16
Tutti-v0.1.1,16,0.134,4391,4096,256,83,4518.17,12968.408,17985536,true,public_local_nvme_gpu,,1,16
Tutti-v0.1.1,16,0.134,4391,4096,256,84,4550.336,13014.994,17985536,true,public_local_nvme_gpu,,1,16
Tutti-v0.1.1,16,0.134,4391,4096,256,85,4534.977,12976.577,17985536,true,public_local_nvme_gpu,,1,16
Tutti-v0.1.1,16,0.134,4391,4096,256,86,4531.079,12926.717,17985536,true,public_local_nvme_gpu,,1,16
Tutti-v0.1.1,16,0.134,4391,4096,256,87,4522.935,13061.523,17985536,true,public_local_nvme_gpu,,1,16
Tutti-v0.1.1,16,0.134,4391,4096,256,88,4544.638,13041.331,17985536,true,public_local_nvme_gpu,,1,16
Tutti-v0.1.1,16,0.134,4391,4096,256,89,4547.024,12944.204,17985536,true,public_local_nvme_gpu,,1,16
Tutti-v0.1.1,16,0.134,4391,4096,256,90,4544.188,12972.994,17985536,true,public_local_nvme_gpu,,1,16
Tutti-v0.1.1,16,0.134,4391,4096,256,91,4530.78,12963.777,17985536,true,public_local_nvme_gpu,,1,16
Tutti-v0.1.1,16,0.134,4391,4096,256,92,4537.811,13037.491,17985536,true,public_local_nvme_gpu,,1,16
Tutti-v0.1.1,16,0.134,4391,4096,256,93,4545.18,12988.618,17985536,true,public_local_nvme_gpu,,1,16
Tutti-v0.1.1,16,0.134,4391,4096,256,94,4549.917,12994.115,17985536,true,public_local_nvme_gpu,,1,16
Tutti-v0.1.1,16,0.134,4391,4096,256,95,4518.157,12869.438,17985536,true,public_local_nvme_gpu,,1,16
Tutti-v0.1.1,16,0.134,4391,4096,256,96,4524.027,12971.481,17985536,true,public_local_nvme_gpu,,1,16
Tutti-v0.1.1,16,0.134,4391,4096,256,97,4551.094,12954.371,17985536,true,public_local_nvme_gpu,,1,16
Tutti-v0.1.1,16,0.134,4391,4096,256,98,4536.118,13048.056,17985536,true,public_local_nvme_gpu,,1,16
Tutti-v0.1.1,16,0.134,4391,4096,256,99,4538.446,13008.755,17985536,true,public_local_nvme_gpu,,1,16
Tutti-v0.1.1,16,0.134,4391,4096,256,100,4531.688,12987.011,17985536,true,public_local_nvme_gpu,,1,16
Tutti-v0.1.1,16,0.134,4391,4096,256,101,4545.215,12971.104,17985536,true,public_local_nvme_gpu,,1,16
Tutti-v0.1.1,16,0.134,4391,4096,256,102,4565.507,13079.581,17985536,true,public_local_nvme_gpu,,1,16
Tutti-v0.1.1,16,0.134,4391,4096,256,103,4542.06,12953.23,17985536,true,public_local_nvme_gpu,,1,16
Tutti-v0.1.1,16,0.134,4391,4096,256,104,4557.968,12964.127,17985536,true,public_local_nvme_gpu,,1,16
Tutti-v0.1.1,16,0.134,4391,4096,256,105,4548.378,13026.395,17985536,true,public_local_nvme_gpu,,1,16
Tutti-v0.1.1,16,0.134,4391,4096,256,106,4537.972,12947.244,17985536,true,public_local_nvme_gpu,,1,16
Tutti-v0.1.1,16,0.134,4391,4096,256,107,4557.548,12999.872,17985536,true,public_local_nvme_gpu,,1,16
Tutti-v0.1.1,16,0.134,4391,4096,256,108,4526.364,13070.447,17985536,true,public_local_nvme_gpu,,1,16
Tutti-v0.1.1,16,0.134,4391,4096,256,109,4547.933,12985.228,17985536,true,public_local_nvme_gpu,,1,16
Tutti-v0.1.1,16,0.134,4391,4096,256,110,5073.026,13636.248,17985536,true,public_local_nvme_gpu,,1,16
Tutti-v0.1.1,16,0.134,4391,4096,256,111,4571.119,13048.186,17985536,true,public_local_nvme_gpu,,1,16
Tutti-v0.1.1,16,0.134,4391,4096,256,112,4577.673,12996.006,17985536,true,public_local_nvme_gpu,,1,16
Tutti-v0.1.1,16,0.134,4391,4096,256,113,4540.997,13024.941,17985536,true,public_local_nvme_gpu,,1,16
Tutti-v0.1.1,16,0.134,4391,4096,256,114,4565.596,13067.643,17985536,true,public_local_nvme_gpu,,1,16
Tutti-v0.1.1,16,0.134,4391,4096,256,115,4524.898,13071.846,17985536,true,public_local_nvme_gpu,,1,16
Tutti-v0.1.1,16,0.134,4391,4096,256,116,4544.793,12976.867,17985536,true,public_local_nvme_gpu,,1,16
Tutti-v0.1.1,16,0.134,4391,4096,256,117,4530.322,13008.666,17985536,true,public_local_nvme_gpu,,1,16
Tutti-v0.1.1,16,0.134,4391,4096,256,118,4522.345,12958.633,17985536,true,public_local_nvme_gpu,,1,16
Tutti-v0.1.1,16,0.134,4391,4096,256,119,4523.505,12979.445,17985536,true,public_local_nvme_gpu,,1,16
Tutti-v0.1.1,16,0.134,4391,4096,256,120,4541.601,12959.458,17985536,true,public_local_nvme_gpu,,1,16
Tutti-v0.1.1,16,0.134,4391,4096,256,121,4539.616,12979.257,17985536,true,public_local_nvme_gpu,,1,16
Tutti-v0.1.1,16,0.134,4391,4096,256,122,4558.301,13002.846,17985536,true,public_local_nvme_gpu,,1,16
Tutti-v0.1.1,16,0.134,4391,4096,256,123,4532.488,12858.13,17985536,true,public_local_nvme_gpu,,1,16
Tutti-v0.1.1,16,0.134,4391,4096,256,124,4567.692,12983.044,17985536,true,public_local_nvme_gpu,,1,16
Tutti-v0.1.1,16,0.134,4391,4096,256,125,4538.149,13020.097,17985536,true,public_local_nvme_gpu,,1,16
Tutti-v0.1.1,16,0.134,4391,4096,256,126,4534.185,12964.342,17985536,true,public_local_nvme_gpu,,1,16
Tutti-v0.1.1,16,0.134,4391,4096,256,127,4511.388,12930.54,17985536,true,public_local_nvme_gpu,,1,16
Tutti-v0.1.1,16,0.134,4391,4096,256,128,4549.391,12937.901,17985536,true,public_local_nvme_gpu,,1,16
Tutti-v0.1.1,16,0.134,4391,4096,256,129,4544.816,13017.345,17985536,true,public_local_nvme_gpu,,1,16
Tutti-v0.1.1,16,0.134,4391,4096,256,130,4531.171,12948.817,17985536,true,public_local_nvme_gpu,,1,16
Tutti-v0.1.1,16,0.134,4391,4096,256,131,4527.686,13055.956,17985536,true,public_local_nvme_gpu,,1,16
Tutti-v0.1.1,16,0.134,4391,4096,256,132,4510.386,12976.694,17985536,true,public_local_nvme_gpu,,1,16
Tutti-v0.1.1,16,0.134,4391,4096,256,133,4508.929,12994.052,17985536,true,public_local_nvme_gpu,,1,16
Tutti-v0.1.1,16,0.134,4391,4096,256,134,4555.825,13078.764,17985536,true,public_local_nvme_gpu,,1,16
Tutti-v0.1.1,16,0.134,4391,4096,256,135,4514.878,12916.568,17985536,true,public_local_nvme_gpu,,1,16
Tutti-v0.1.1,16,0.134,4391,4096,256,136,4534.605,12961.197,17985536,true,public_local_nvme_gpu,,1,16
Tutti-v0.1.1,16,0.134,4391,4096,256,137,4526.866,12908.454,17985536,true,public_local_nvme_gpu,,1,16
Tutti-v0.1.1,16,0.134,4391,4096,256,138,4524.284,13104.593,17985536,true,public_local_nvme_gpu,,1,16
Tutti-v0.1.1,16,0.134,4391,4096,256,139,4519.314,12931.97,17985536,true,public_local_nvme_gpu,,1,16
Tutti-v0.1.1,16,0.134,4391,4096,256,140,4542.341,13025.933,17985536,true,public_local_nvme_gpu,,1,16
Tutti-v0.1.1,16,0.134,4391,4096,256,141,4552.357,12917.404,17985536,true,public_local_nvme_gpu,,1,16
Tutti-v0.1.1,16,0.134,4391,4096,256,142,4537.943,12941.573,17985536,true,public_local_nvme_gpu,,1,16
Tutti-v0.1.1,16,0.134,4391,4096,256,143,4529.082,12951.348,17985536,true,public_local_nvme_gpu,,1,16
Tutti-v0.1.1,16,0.134,4391,4096,256,144,4526.996,12969.776,17985536,true,public_local_nvme_gpu,,1,16
Tutti-v0.1.1,16,0.134,4391,4096,256,145,4520.78,13000.315,17985536,true,public_local_nvme_gpu,,1,16
Tutti-v0.1.1,16,0.134,4391,4096,256,146,4542.919,12979.663,17985536,true,public_local_nvme_gpu,,1,16
Tutti-v0.1.1,16,0.134,4391,4096,256,147,4517.694,13032.736,17985536,true,public_local_nvme_gpu,,1,16
Tutti-v0.1.1,16,0.134,4391,4096,256,148,4509.729,13002.66,17985536,true,public_local_nvme_gpu,,1,16
Tutti-v0.1.1,16,0.134,4391,4096,256,149,4516.861,13088.149,17985536,true,public_local_nvme_gpu,,1,16
Tutti-v0.1.1,16,0.134,4391,4096,256,150,4525.181,13067.042,17985536,true,public_local_nvme_gpu,,1,16
Tutti-v0.1.1,16,0.134,4391,4096,256,151,4512.525,12926.664,17985536,true,public_local_nvme_gpu,,1,16
Tutti-v0.1.1,16,0.134,4391,4096,256,152,4547.556,13127.309,17985536,true,public_local_nvme_gpu,,1,16
Tutti-v0.1.1,16,0.134,4391,4096,256,153,4558.571,12972.367,17985536,true,public_local_nvme_gpu,,1,16
Tutti-v0.1.1,16,0.134,4391,4096,256,154,4526.538,12919.727,17985536,true,public_local_nvme_gpu,,1,16
Tutti-v0.1.1,16,0.134,4391,4096,256,155,4511.055,12951.063,17985536,true,public_local_nvme_gpu,,1,16
Tutti-v0.1.1,16,0.134,4391,4096,256,156,4525.908,12949.005,17985536,true,public_local_nvme_gpu,,1,16
Tutti-v0.1.1,16,0.134,4391,4096,256,157,4555.924,13014.349,17985536,true,public_local_nvme_gpu,,1,16
Tutti-v0.1.1,16,0.134,4391,4096,256,158,4542.437,12968.722,17985536,true,public_local_nvme_gpu,,1,16
Tutti-v0.1.1,16,0.134,4391,4096,256,159,4518.83,13015.265,17985536,true,public_local_nvme_gpu,,1,16
Tutti-v0.1.1,16,0.134,4391,4096,256,160,4540.759,12961.235,17985536,true,public_local_nvme_gpu,,1,16
Tutti-v0.1.1,16,0.134,4391,4096,256,161,4522.531,13068.966,17985536,true,public_local_nvme_gpu,,1,16
Tutti-v0.1.1,16,0.134,4391,4096,256,162,4529.074,12949.781,17985536,true,public_local_nvme_gpu,,1,16
Tutti-v0.1.1,16,0.134,4391,4096,256,163,4506.094,13014.32,17985536,true,public_local_nvme_gpu,,1,16
Tutti-v0.1.1,16,0.134,4391,4096,256,164,4519.168,13150.248,17985536,true,public_local_nvme_gpu,,1,16
Tutti-v0.1.1,16,0.134,4391,4096,256,165,4536.885,13032.589,17985536,true,public_local_nvme_gpu,,1,16
Tutti-v0.1.1,16,0.134,4391,4096,256,166,4536.111,13026.873,17985536,true,public_local_nvme_gpu,,1,16
Tutti-v0.1.1,16,0.134,4391,4096,256,167,4503.06,12919.328,17985536,true,public_local_nvme_gpu,,1,16
Tutti-v0.1.1,16,0.134,4391,4096,256,168,4528.84,13011.938,17985536,true,public_local_nvme_gpu,,1,16
Tutti-v0.1.1,16,0.134,4391,4096,256,169,4519.21,13029.766,17985536,true,public_local_nvme_gpu,,1,16
Tutti-v0.1.1,16,0.134,4391,4096,256,170,4522.402,12997.71,17985536,true,public_local_nvme_gpu,,1,16
Tutti-v0.1.1,16,0.134,4391,4096,256,171,4530.702,12958.47,17985536,true,public_local_nvme_gpu,,1,16
Tutti-v0.1.1,16,0.134,4391,4096,256,172,4548.151,13027.579,17985536,true,public_local_nvme_gpu,,1,16
Tutti-v0.1.1,16,0.134,4391,4096,256,173,4550.488,13097.179,17985536,true,public_local_nvme_gpu,,1,16
Tutti-v0.1.1,16,0.134,4391,4096,256,174,4515.268,12935.884,17985536,true,public_local_nvme_gpu,,1,16
Tutti-v0.1.1,16,0.134,4391,4096,256,175,4529.231,12923.944,17985536,true,public_local_nvme_gpu,,1,16
Tutti-v0.1.1,16,0.134,4391,4096,256,176,4528.248,12936.94,17985536,true,public_local_nvme_gpu,,1,16
Tutti-v0.1.1,16,0.134,4391,4096,256,177,4522.852,12973.848,17985536,true,public_local_nvme_gpu,,1,16
Tutti-v0.1.1,16,0.134,4391,4096,256,178,4531.053,12928.819,17985536,true,public_local_nvme_gpu,,1,16
Tutti-v0.1.1,16,0.134,4391,4096,256,179,4511.372,13019.559,17985536,true,public_local_nvme_gpu,,1,16
Tutti-v0.1.1,16,0.134,4391,4096,256,180,4526.013,12934.878,17985536,true,public_local_nvme_gpu,,1,16
Tutti-v0.1.1,16,0.134,4391,4096,256,181,4535.6,12916.812,17985536,true,public_local_nvme_gpu,,1,16
Tutti-v0.1.1,16,0.134,4391,4096,256,182,4514.34,12956.719,17985536,true,public_local_nvme_gpu,,1,16
Tutti-v0.1.1,16,0.134,4391,4096,256,183,4524.034,12960.065,17985536,true,public_local_nvme_gpu,,1,16
Tutti-v0.1.1,16,0.134,4391,4096,256,184,4535.111,13005.48,17985536,true,public_local_nvme_gpu,,1,16
Tutti-v0.1.1,16,0.134,4391,4096,256,185,4518.662,12979.644,17985536,true,public_local_nvme_gpu,,1,16
Tutti-v0.1.1,16,0.134,4391,4096,256,186,4533.78,12939.478,17985536,true,public_local_nvme_gpu,,1,16
Tutti-v0.1.1,16,0.134,4391,4096,256,187,4532.151,13013.083,17985536,true,public_local_nvme_gpu,,1,16
Tutti-v0.1.1,16,0.134,4391,4096,256,188,4541.535,12964.38,17985536,true,public_local_nvme_gpu,,1,16
Tutti-v0.1.1,16,0.134,4391,4096,256,189,4536.078,12960.888,17985536,true,public_local_nvme_gpu,,1,16
Tutti-v0.1.1,16,0.134,4391,4096,256,190,4526.464,13018.791,17985536,true,public_local_nvme_gpu,,1,16
Tutti-v0.1.1,16,0.134,4391,4096,256,191,4526.93,12996.704,17985536,true,public_local_nvme_gpu,,1,16
Tutti-v0.1.1,16,0.134,4391,4096,256,192,4530.674,12991.77,17985536,true,public_local_nvme_gpu,,1,16
Tutti-v0.1.1,16,0.134,4391,4096,256,193,4524.331,13142.898,17985536,true,public_local_nvme_gpu,,1,16
Tutti-v0.1.1,16,0.134,4391,4096,256,194,4558.392,12969.568,17985536,true,public_local_nvme_gpu,,1,16
Tutti-v0.1.1,16,0.134,4391,4096,256,195,4533.901,13022.143,17985536,true,public_local_nvme_gpu,,1,16
Tutti-v0.1.1,16,0.134,4391,4096,256,196,4533.058,12959.215,17985536,true,public_local_nvme_gpu,,1,16
Tutti-v0.1.1,16,0.134,4391,4096,256,197,4538.592,13004.992,17985536,true,public_local_nvme_gpu,,1,16
Tutti-v0.1.1,16,0.134,4391,4096,256,198,4526.197,12952.903,17985536,true,public_local_nvme_gpu,,1,16
Tutti-v0.1.1,16,0.134,4391,4096,256,199,4539.167,12955.182,17985536,true,public_local_nvme_gpu,,1,16
Tutti-v0.1.1,16,0.134,4391,4096,256,0,4540.704,12953.923,17985536,true,public_local_nvme_gpu,,3,16
Tutti-v0.1.1,16,0.3,9830,4096,256,0,10136.858,28895.637,40263680,true,public_local_nvme_gpu,,2,16
Tutti-v0.1.1,16,0.3,9830,4096,256,0,10161.445,28892.608,40263680,true,public_local_nvme_gpu,,0,16
Tutti-v0.1.1,16,0.3,9830,4096,256,1,10128.673,28859.789,40263680,true,public_local_nvme_gpu,,0,16
Tutti-v0.1.1,16,0.3,9830,4096,256,2,10106.525,28869.731,40263680,true,public_local_nvme_gpu,,0,16
Tutti-v0.1.1,16,0.3,9830,4096,256,3,10124.015,28878.678,40263680,true,public_local_nvme_gpu,,0,16
Tutti-v0.1.1,16,0.3,9830,4096,256,4,10130.873,28746.582,40263680,true,public_local_nvme_gpu,,0,16
Tutti-v0.1.1,16,0.3,9830,4096,256,5,10147.731,28873.761,40263680,true,public_local_nvme_gpu,,0,16
Tutti-v0.1.1,16,0.3,9830,4096,256,6,10153.989,28939.577,40263680,true,public_local_nvme_gpu,,0,16
Tutti-v0.1.1,16,0.3,9830,4096,256,7,10118.548,28932.981,40263680,true,public_local_nvme_gpu,,0,16
Tutti-v0.1.1,16,0.3,9830,4096,256,8,10165.505,28999.841,40263680,true,public_local_nvme_gpu,,0,16
Tutti-v0.1.1,16,0.3,9830,4096,256,9,10141.812,28869.075,40263680,true,public_local_nvme_gpu,,0,16
Tutti-v0.1.1,16,0.3,9830,4096,256,0,10098.095,28903.009,40263680,true,public_local_nvme_gpu,,1,16
Tutti-v0.1.1,16,0.3,9830,4096,256,1,10162.948,28835.785,40263680,true,public_local_nvme_gpu,,1,16
Tutti-v0.1.1,16,0.3,9830,4096,256,2,10153.241,28798.32,40263680,true,public_local_nvme_gpu,,1,16
Tutti-v0.1.1,16,0.3,9830,4096,256,3,10166.122,28863.841,40263680,true,public_local_nvme_gpu,,1,16
Tutti-v0.1.1,16,0.3,9830,4096,256,4,10141.345,28856.791,40263680,true,public_local_nvme_gpu,,1,16
Tutti-v0.1.1,16,0.3,9830,4096,256,5,10132.641,29120.235,40263680,true,public_local_nvme_gpu,,1,16
Tutti-v0.1.1,16,0.3,9830,4096,256,6,10119.39,28954.785,40263680,true,public_local_nvme_gpu,,1,16
Tutti-v0.1.1,16,0.3,9830,4096,256,7,10117.72,28849.377,40263680,true,public_local_nvme_gpu,,1,16
Tutti-v0.1.1,16,0.3,9830,4096,256,8,10145.009,28923.781,40263680,true,public_local_nvme_gpu,,1,16
Tutti-v0.1.1,16,0.3,9830,4096,256,9,10150.315,29033.673,40263680,true,public_local_nvme_gpu,,1,16
Tutti-v0.1.1,16,0.3,9830,4096,256,10,10261.195,29273.288,40263680,true,public_local_nvme_gpu,,1,16
Tutti-v0.1.1,16,0.3,9830,4096,256,11,10274.502,29001.096,40263680,true,public_local_nvme_gpu,,1,16
Tutti-v0.1.1,16,0.3,9830,4096,256,12,10136.044,28967.34,40263680,true,public_local_nvme_gpu,,1,16
Tutti-v0.1.1,16,0.3,9830,4096,256,13,10133.495,28907.483,40263680,true,public_local_nvme_gpu,,1,16
Tutti-v0.1.1,16,0.3,9830,4096,256,14,10150.942,28966.775,40263680,true,public_local_nvme_gpu,,1,16
Tutti-v0.1.1,16,0.3,9830,4096,256,15,10138.413,28832.259,40263680,true,public_local_nvme_gpu,,1,16
Tutti-v0.1.1,16,0.3,9830,4096,256,16,10146.732,28851.469,40263680,true,public_local_nvme_gpu,,1,16
Tutti-v0.1.1,16,0.3,9830,4096,256,17,10152.014,28856.777,40263680,true,public_local_nvme_gpu,,1,16
Tutti-v0.1.1,16,0.3,9830,4096,256,18,10155.273,28820.441,40263680,true,public_local_nvme_gpu,,1,16
Tutti-v0.1.1,16,0.3,9830,4096,256,19,10149.9,28877.408,40263680,true,public_local_nvme_gpu,,1,16
Tutti-v0.1.1,16,0.3,9830,4096,256,20,10126.121,28893.946,40263680,true,public_local_nvme_gpu,,1,16
Tutti-v0.1.1,16,0.3,9830,4096,256,21,10149.782,28833.045,40263680,true,public_local_nvme_gpu,,1,16
Tutti-v0.1.1,16,0.3,9830,4096,256,22,10154.625,29030.282,40263680,true,public_local_nvme_gpu,,1,16
Tutti-v0.1.1,16,0.3,9830,4096,256,23,10157.3,28937.855,40263680,true,public_local_nvme_gpu,,1,16
Tutti-v0.1.1,16,0.3,9830,4096,256,24,10139.627,28845.985,40263680,true,public_local_nvme_gpu,,1,16
Tutti-v0.1.1,16,0.3,9830,4096,256,25,10121.719,28952.251,40263680,true,public_local_nvme_gpu,,1,16
Tutti-v0.1.1,16,0.3,9830,4096,256,26,10161.974,28863.34,40263680,true,public_local_nvme_gpu,,1,16
Tutti-v0.1.1,16,0.3,9830,4096,256,27,10154.457,28869.419,40263680,true,public_local_nvme_gpu,,1,16
Tutti-v0.1.1,16,0.3,9830,4096,256,28,10138.631,28834.933,40263680,true,public_local_nvme_gpu,,1,16
Tutti-v0.1.1,16,0.3,9830,4096,256,29,10122.699,29004.693,40263680,true,public_local_nvme_gpu,,1,16
Tutti-v0.1.1,16,0.3,9830,4096,256,30,10131.396,29049.56,40263680,true,public_local_nvme_gpu,,1,16
Tutti-v0.1.1,16,0.3,9830,4096,256,31,10180.479,28937.511,40263680,true,public_local_nvme_gpu,,1,16
Tutti-v0.1.1,16,0.3,9830,4096,256,32,10124.861,28947.029,40263680,true,public_local_nvme_gpu,,1,16
Tutti-v0.1.1,16,0.3,9830,4096,256,33,10141.757,28934.396,40263680,true,public_local_nvme_gpu,,1,16
Tutti-v0.1.1,16,0.3,9830,4096,256,34,10157.837,28959.836,40263680,true,public_local_nvme_gpu,,1,16
Tutti-v0.1.1,16,0.3,9830,4096,256,35,10150.442,28882.476,40263680,true,public_local_nvme_gpu,,1,16
Tutti-v0.1.1,16,0.3,9830,4096,256,36,10119.31,28855.725,40263680,true,public_local_nvme_gpu,,1,16
Tutti-v0.1.1,16,0.3,9830,4096,256,37,10116.062,28841.088,40263680,true,public_local_nvme_gpu,,1,16
Tutti-v0.1.1,16,0.3,9830,4096,256,38,10134.669,28886.338,40263680,true,public_local_nvme_gpu,,1,16
Tutti-v0.1.1,16,0.3,9830,4096,256,39,10126.701,28945.835,40263680,true,public_local_nvme_gpu,,1,16
Tutti-v0.1.1,16,0.3,9830,4096,256,40,10114.718,28827.769,40263680,true,public_local_nvme_gpu,,1,16
Tutti-v0.1.1,16,0.3,9830,4096,256,41,10114.468,28905.992,40263680,true,public_local_nvme_gpu,,1,16
Tutti-v0.1.1,16,0.3,9830,4096,256,42,10164.662,29084.56,40263680,true,public_local_nvme_gpu,,1,16
Tutti-v0.1.1,16,0.3,9830,4096,256,43,10131.649,28891.976,40263680,true,public_local_nvme_gpu,,1,16
Tutti-v0.1.1,16,0.3,9830,4096,256,44,10134.867,28944.831,40263680,true,public_local_nvme_gpu,,1,16
Tutti-v0.1.1,16,0.3,9830,4096,256,45,10104.592,28778.714,40263680,true,public_local_nvme_gpu,,1,16
Tutti-v0.1.1,16,0.3,9830,4096,256,46,10145.711,28946.617,40263680,true,public_local_nvme_gpu,,1,16
Tutti-v0.1.1,16,0.3,9830,4096,256,47,10178.293,28847.162,40263680,true,public_local_nvme_gpu,,1,16
Tutti-v0.1.1,16,0.3,9830,4096,256,48,10111.9,28886.514,40263680,true,public_local_nvme_gpu,,1,16
Tutti-v0.1.1,16,0.3,9830,4096,256,49,10121.962,28989.848,40263680,true,public_local_nvme_gpu,,1,16
Tutti-v0.1.1,16,0.3,9830,4096,256,50,10094.569,28793.7,40263680,true,public_local_nvme_gpu,,1,16
Tutti-v0.1.1,16,0.3,9830,4096,256,51,10138.381,28996.116,40263680,true,public_local_nvme_gpu,,1,16
Tutti-v0.1.1,16,0.3,9830,4096,256,52,10123.735,28794.739,40263680,true,public_local_nvme_gpu,,1,16
Tutti-v0.1.1,16,0.3,9830,4096,256,53,10110.265,28733.926,40263680,true,public_local_nvme_gpu,,1,16
Tutti-v0.1.1,16,0.3,9830,4096,256,54,10131.122,28897.584,40263680,true,public_local_nvme_gpu,,1,16
Tutti-v0.1.1,16,0.3,9830,4096,256,55,10118.518,28905.21,40263680,true,public_local_nvme_gpu,,1,16
Tutti-v0.1.1,16,0.3,9830,4096,256,56,10120.575,28863.012,40263680,true,public_local_nvme_gpu,,1,16
Tutti-v0.1.1,16,0.3,9830,4096,256,57,10103.789,28791.037,40263680,true,public_local_nvme_gpu,,1,16
Tutti-v0.1.1,16,0.3,9830,4096,256,58,10116.675,28851.545,40263680,true,public_local_nvme_gpu,,1,16
Tutti-v0.1.1,16,0.3,9830,4096,256,59,10148.442,28810.929,40263680,true,public_local_nvme_gpu,,1,16
Tutti-v0.1.1,16,0.3,9830,4096,256,60,10135.39,28811.558,40263680,true,public_local_nvme_gpu,,1,16
Tutti-v0.1.1,16,0.3,9830,4096,256,61,10157.02,28812.917,40263680,true,public_local_nvme_gpu,,1,16
Tutti-v0.1.1,16,0.3,9830,4096,256,62,10151.114,28810.894,40263680,true,public_local_nvme_gpu,,1,16
Tutti-v0.1.1,16,0.3,9830,4096,256,63,10153.773,28747.693,40263680,true,public_local_nvme_gpu,,1,16
Tutti-v0.1.1,16,0.3,9830,4096,256,64,10148.04,28931.831,40263680,true,public_local_nvme_gpu,,1,16
Tutti-v0.1.1,16,0.3,9830,4096,256,65,10125.848,28841.881,40263680,true,public_local_nvme_gpu,,1,16
Tutti-v0.1.1,16,0.3,9830,4096,256,66,10113.951,28803.972,40263680,true,public_local_nvme_gpu,,1,16
Tutti-v0.1.1,16,0.3,9830,4096,256,67,10190.136,28932.113,40263680,true,public_local_nvme_gpu,,1,16
Tutti-v0.1.1,16,0.3,9830,4096,256,68,10138.951,28798.929,40263680,true,public_local_nvme_gpu,,1,16
Tutti-v0.1.1,16,0.3,9830,4096,256,69,10109.938,28870.907,40263680,true,public_local_nvme_gpu,,1,16
Tutti-v0.1.1,16,0.3,9830,4096,256,70,10144.805,28838.653,40263680,true,public_local_nvme_gpu,,1,16
Tutti-v0.1.1,16,0.3,9830,4096,256,71,10184.923,28915.013,40263680,true,public_local_nvme_gpu,,1,16
Tutti-v0.1.1,16,0.3,9830,4096,256,72,10141.479,28762.323,40263680,true,public_local_nvme_gpu,,1,16
Tutti-v0.1.1,16,0.3,9830,4096,256,73,10109.743,28759.64,40263680,true,public_local_nvme_gpu,,1,16
Tutti-v0.1.1,16,0.3,9830,4096,256,74,10114.907,28860.795,40263680,true,public_local_nvme_gpu,,1,16
Tutti-v0.1.1,16,0.3,9830,4096,256,75,10157.687,28925.183,40263680,true,public_local_nvme_gpu,,1,16
Tutti-v0.1.1,16,0.3,9830,4096,256,76,10105.414,28786.609,40263680,true,public_local_nvme_gpu,,1,16
Tutti-v0.1.1,16,0.3,9830,4096,256,77,10126.135,28857.52,40263680,true,public_local_nvme_gpu,,1,16
Tutti-v0.1.1,16,0.3,9830,4096,256,78,10126.437,29070.032,40263680,true,public_local_nvme_gpu,,1,16
Tutti-v0.1.1,16,0.3,9830,4096,256,79,10150.491,28890.14,40263680,true,public_local_nvme_gpu,,1,16
Tutti-v0.1.1,16,0.3,9830,4096,256,80,10134.691,28923.987,40263680,true,public_local_nvme_gpu,,1,16
Tutti-v0.1.1,16,0.3,9830,4096,256,81,10123.243,28965.278,40263680,true,public_local_nvme_gpu,,1,16
Tutti-v0.1.1,16,0.3,9830,4096,256,82,10119.577,28734.731,40263680,true,public_local_nvme_gpu,,1,16
Tutti-v0.1.1,16,0.3,9830,4096,256,83,10135.869,28833.278,40263680,true,public_local_nvme_gpu,,1,16
Tutti-v0.1.1,16,0.3,9830,4096,256,84,10113.542,28894.067,40263680,true,public_local_nvme_gpu,,1,16
Tutti-v0.1.1,16,0.3,9830,4096,256,85,10142.685,28885.376,40263680,true,public_local_nvme_gpu,,1,16
Tutti-v0.1.1,16,0.3,9830,4096,256,86,10139.018,28790.148,40263680,true,public_local_nvme_gpu,,1,16
Tutti-v0.1.1,16,0.3,9830,4096,256,87,10168.517,28865.922,40263680,true,public_local_nvme_gpu,,1,16
Tutti-v0.1.1,16,0.3,9830,4096,256,88,10113.693,28884.457,40263680,true,public_local_nvme_gpu,,1,16
Tutti-v0.1.1,16,0.3,9830,4096,256,89,10140.126,28842.88,40263680,true,public_local_nvme_gpu,,1,16
Tutti-v0.1.1,16,0.3,9830,4096,256,90,10128.364,28992.389,40263680,true,public_local_nvme_gpu,,1,16
Tutti-v0.1.1,16,0.3,9830,4096,256,91,10171.511,28904.548,40263680,true,public_local_nvme_gpu,,1,16
Tutti-v0.1.1,16,0.3,9830,4096,256,92,10151.449,29062.775,40263680,true,public_local_nvme_gpu,,1,16
Tutti-v0.1.1,16,0.3,9830,4096,256,93,10127.065,29031.588,40263680,true,public_local_nvme_gpu,,1,16
Tutti-v0.1.1,16,0.3,9830,4096,256,94,10177.003,28884.119,40263680,true,public_local_nvme_gpu,,1,16
Tutti-v0.1.1,16,0.3,9830,4096,256,95,10148.395,28990.599,40263680,true,public_local_nvme_gpu,,1,16
Tutti-v0.1.1,16,0.3,9830,4096,256,96,10111.497,28824.596,40263680,true,public_local_nvme_gpu,,1,16
Tutti-v0.1.1,16,0.3,9830,4096,256,97,10126.959,28952.899,40263680,true,public_local_nvme_gpu,,1,16
Tutti-v0.1.1,16,0.3,9830,4096,256,98,10185.616,29721.792,40263680,true,public_local_nvme_gpu,,1,16
Tutti-v0.1.1,16,0.3,9830,4096,256,99,10132.757,28924.363,40263680,true,public_local_nvme_gpu,,1,16
Tutti-v0.1.1,16,0.3,9830,4096,256,100,10152.089,29058.102,40263680,true,public_local_nvme_gpu,,1,16
Tutti-v0.1.1,16,0.3,9830,4096,256,101,10163.215,28922.462,40263680,true,public_local_nvme_gpu,,1,16
Tutti-v0.1.1,16,0.3,9830,4096,256,102,10144.553,28967.061,40263680,true,public_local_nvme_gpu,,1,16
Tutti-v0.1.1,16,0.3,9830,4096,256,103,10060.612,28866.524,40263680,true,public_local_nvme_gpu,,1,16
Tutti-v0.1.1,16,0.3,9830,4096,256,104,10125.3,28752.898,40263680,true,public_local_nvme_gpu,,1,16
Tutti-v0.1.1,16,0.3,9830,4096,256,105,10169.647,28969.629,40263680,true,public_local_nvme_gpu,,1,16
Tutti-v0.1.1,16,0.3,9830,4096,256,106,10168.202,28876.504,40263680,true,public_local_nvme_gpu,,1,16
Tutti-v0.1.1,16,0.3,9830,4096,256,107,12865.144,31686.286,40263680,true,public_local_nvme_gpu,,1,16
Tutti-v0.1.1,16,0.3,9830,4096,256,108,10185.427,28928.937,40263680,true,public_local_nvme_gpu,,1,16
Tutti-v0.1.1,16,0.3,9830,4096,256,109,10075.466,28854.689,40263680,true,public_local_nvme_gpu,,1,16
Tutti-v0.1.1,16,0.3,9830,4096,256,110,10150.841,28987.435,40263680,true,public_local_nvme_gpu,,1,16
Tutti-v0.1.1,16,0.3,9830,4096,256,111,10141.781,28808.295,40263680,true,public_local_nvme_gpu,,1,16
Tutti-v0.1.1,16,0.3,9830,4096,256,112,10146.226,28939.551,40263680,true,public_local_nvme_gpu,,1,16
Tutti-v0.1.1,16,0.3,9830,4096,256,113,10068.266,28905.78,40263680,true,public_local_nvme_gpu,,1,16
Tutti-v0.1.1,16,0.3,9830,4096,256,114,10134.485,28850.421,40263680,true,public_local_nvme_gpu,,1,16
Tutti-v0.1.1,16,0.3,9830,4096,256,115,10159.241,29020.221,40263680,true,public_local_nvme_gpu,,1,16
Tutti-v0.1.1,16,0.3,9830,4096,256,116,10127.548,28851.065,40263680,true,public_local_nvme_gpu,,1,16
Tutti-v0.1.1,16,0.3,9830,4096,256,117,10047.214,28833.8,40263680,true,public_local_nvme_gpu,,1,16
Tutti-v0.1.1,16,0.3,9830,4096,256,118,10142.414,28933.108,40263680,true,public_local_nvme_gpu,,1,16
Tutti-v0.1.1,16,0.3,9830,4096,256,119,10147.966,29042.186,40263680,true,public_local_nvme_gpu,,1,16
Tutti-v0.1.1,16,0.3,9830,4096,256,120,10127.976,28868.192,40263680,true,public_local_nvme_gpu,,1,16
Tutti-v0.1.1,16,0.3,9830,4096,256,121,10085.34,28822.242,40263680,true,public_local_nvme_gpu,,1,16
Tutti-v0.1.1,16,0.3,9830,4096,256,122,10129.198,28773.806,40263680,true,public_local_nvme_gpu,,1,16
Tutti-v0.1.1,16,0.3,9830,4096,256,123,10164.264,29061.391,40263680,true,public_local_nvme_gpu,,1,16
Tutti-v0.1.1,16,0.3,9830,4096,256,124,10150.844,28941.41,40263680,true,public_local_nvme_gpu,,1,16
Tutti-v0.1.1,16,0.3,9830,4096,256,125,10060.59,28835.797,40263680,true,public_local_nvme_gpu,,1,16
Tutti-v0.1.1,16,0.3,9830,4096,256,126,10157.25,28934.865,40263680,true,public_local_nvme_gpu,,1,16
Tutti-v0.1.1,16,0.3,9830,4096,256,127,10155.415,28987.24,40263680,true,public_local_nvme_gpu,,1,16
Tutti-v0.1.1,16,0.3,9830,4096,256,128,10120.113,28809.487,40263680,true,public_local_nvme_gpu,,1,16
Tutti-v0.1.1,16,0.3,9830,4096,256,129,10079.957,28993.761,40263680,true,public_local_nvme_gpu,,1,16
Tutti-v0.1.1,16,0.3,9830,4096,256,130,10143.045,28885.717,40263680,true,public_local_nvme_gpu,,1,16
Tutti-v0.1.1,16,0.3,9830,4096,256,131,10152.272,29049.217,40263680,true,public_local_nvme_gpu,,1,16
Tutti-v0.1.1,16,0.3,9830,4096,256,132,10175.814,28801.334,40263680,true,public_local_nvme_gpu,,1,16
Tutti-v0.1.1,16,0.3,9830,4096,256,133,10054.488,28973.633,40263680,true,public_local_nvme_gpu,,1,16
Tutti-v0.1.1,16,0.3,9830,4096,256,134,10159.293,28974.416,40263680,true,public_local_nvme_gpu,,1,16
Tutti-v0.1.1,16,0.3,9830,4096,256,135,10191.177,28889.002,40263680,true,public_local_nvme_gpu,,1,16
Tutti-v0.1.1,16,0.3,9830,4096,256,136,10196.932,28980.567,40263680,true,public_local_nvme_gpu,,1,16
Tutti-v0.1.1,16,0.3,9830,4096,256,137,10075.302,28858.752,40263680,true,public_local_nvme_gpu,,1,16
Tutti-v0.1.1,16,0.3,9830,4096,256,138,10151.31,28970.411,40263680,true,public_local_nvme_gpu,,1,16
Tutti-v0.1.1,16,0.3,9830,4096,256,139,10178.255,29013.136,40263680,true,public_local_nvme_gpu,,1,16
Tutti-v0.1.1,16,0.3,9830,4096,256,140,10142.847,29011.577,40263680,true,public_local_nvme_gpu,,1,16
Tutti-v0.1.1,16,0.3,9830,4096,256,141,10061.864,28730.787,40263680,true,public_local_nvme_gpu,,1,16
Tutti-v0.1.1,16,0.3,9830,4096,256,142,10156.259,28923.235,40263680,true,public_local_nvme_gpu,,1,16
Tutti-v0.1.1,16,0.3,9830,4096,256,143,10162.624,28944.193,40263680,true,public_local_nvme_gpu,,1,16
Tutti-v0.1.1,16,0.3,9830,4096,256,144,10143.6,28949.928,40263680,true,public_local_nvme_gpu,,1,16
Tutti-v0.1.1,16,0.3,9830,4096,256,145,10056.996,28996.409,40263680,true,public_local_nvme_gpu,,1,16
Tutti-v0.1.1,16,0.3,9830,4096,256,146,10139.058,28871.618,40263680,true,public_local_nvme_gpu,,1,16
Tutti-v0.1.1,16,0.3,9830,4096,256,147,10129.336,28904.167,40263680,true,public_local_nvme_gpu,,1,16
Tutti-v0.1.1,16,0.3,9830,4096,256,148,10109.373,28911.357,40263680,true,public_local_nvme_gpu,,1,16
Tutti-v0.1.1,16,0.3,9830,4096,256,149,10036.501,28867.053,40263680,true,public_local_nvme_gpu,,1,16
Tutti-v0.1.1,16,0.3,9830,4096,256,150,10131.697,28916.866,40263680,true,public_local_nvme_gpu,,1,16
Tutti-v0.1.1,16,0.3,9830,4096,256,151,10138.318,28862.861,40263680,true,public_local_nvme_gpu,,1,16
Tutti-v0.1.1,16,0.3,9830,4096,256,152,10115.005,29019.459,40263680,true,public_local_nvme_gpu,,1,16
Tutti-v0.1.1,16,0.3,9830,4096,256,153,10069.181,28786.859,40263680,true,public_local_nvme_gpu,,1,16
Tutti-v0.1.1,16,0.3,9830,4096,256,154,10107.888,28813.349,40263680,true,public_local_nvme_gpu,,1,16
Tutti-v0.1.1,16,0.3,9830,4096,256,155,10145.645,29025.748,40263680,true,public_local_nvme_gpu,,1,16
Tutti-v0.1.1,16,0.3,9830,4096,256,156,10141.337,28816.174,40263680,true,public_local_nvme_gpu,,1,16
Tutti-v0.1.1,16,0.3,9830,4096,256,157,10083.717,28767.889,40263680,true,public_local_nvme_gpu,,1,16
Tutti-v0.1.1,16,0.3,9830,4096,256,158,10131.058,29221.679,40263680,true,public_local_nvme_gpu,,1,16
Tutti-v0.1.1,16,0.3,9830,4096,256,159,10132.195,28795.907,40263680,true,public_local_nvme_gpu,,1,16
Tutti-v0.1.1,16,0.3,9830,4096,256,160,10151.138,28910.07,40263680,true,public_local_nvme_gpu,,1,16
Tutti-v0.1.1,16,0.3,9830,4096,256,161,10031.892,28871.681,40263680,true,public_local_nvme_gpu,,1,16
Tutti-v0.1.1,16,0.3,9830,4096,256,162,10158.115,29007.782,40263680,true,public_local_nvme_gpu,,1,16
Tutti-v0.1.1,16,0.3,9830,4096,256,163,10177.528,28989.579,40263680,true,public_local_nvme_gpu,,1,16
Tutti-v0.1.1,16,0.3,9830,4096,256,164,10077.298,28904.95,40263680,true,public_local_nvme_gpu,,1,16
Tutti-v0.1.1,16,0.3,9830,4096,256,165,10047.316,28701.56,40263680,true,public_local_nvme_gpu,,1,16
Tutti-v0.1.1,16,0.3,9830,4096,256,166,10114.265,28779.091,40263680,true,public_local_nvme_gpu,,1,16
Tutti-v0.1.1,16,0.3,9830,4096,256,167,10159.898,29007.715,40263680,true,public_local_nvme_gpu,,1,16
Tutti-v0.1.1,16,0.3,9830,4096,256,168,10156.074,29114.036,40263680,true,public_local_nvme_gpu,,1,16
Tutti-v0.1.1,16,0.3,9830,4096,256,169,10052.603,28968.965,40263680,true,public_local_nvme_gpu,,1,16
Tutti-v0.1.1,16,0.3,9830,4096,256,170,10139.499,28868.151,40263680,true,public_local_nvme_gpu,,1,16
Tutti-v0.1.1,16,0.3,9830,4096,256,171,10178.663,28974.875,40263680,true,public_local_nvme_gpu,,1,16
Tutti-v0.1.1,16,0.3,9830,4096,256,172,10121.286,28979.396,40263680,true,public_local_nvme_gpu,,1,16
Tutti-v0.1.1,16,0.3,9830,4096,256,173,10074.399,28929.416,40263680,true,public_local_nvme_gpu,,1,16
Tutti-v0.1.1,16,0.3,9830,4096,256,174,10144.244,28898.961,40263680,true,public_local_nvme_gpu,,1,16
Tutti-v0.1.1,16,0.3,9830,4096,256,175,10137.256,29003.681,40263680,true,public_local_nvme_gpu,,1,16
Tutti-v0.1.1,16,0.3,9830,4096,256,176,10114.131,28945.796,40263680,true,public_local_nvme_gpu,,1,16
Tutti-v0.1.1,16,0.3,9830,4096,256,177,10079.633,28883.8,40263680,true,public_local_nvme_gpu,,1,16
Tutti-v0.1.1,16,0.3,9830,4096,256,178,10140.43,28910.661,40263680,true,public_local_nvme_gpu,,1,16
Tutti-v0.1.1,16,0.3,9830,4096,256,179,10197.178,28866.663,40263680,true,public_local_nvme_gpu,,1,16
Tutti-v0.1.1,16,0.3,9830,4096,256,180,10154.411,28913.007,40263680,true,public_local_nvme_gpu,,1,16
Tutti-v0.1.1,16,0.3,9830,4096,256,181,10106.86,28985.259,40263680,true,public_local_nvme_gpu,,1,16
Tutti-v0.1.1,16,0.3,9830,4096,256,182,10156.707,29098.023,40263680,true,public_local_nvme_gpu,,1,16
Tutti-v0.1.1,16,0.3,9830,4096,256,183,10189.951,28977.169,40263680,true,public_local_nvme_gpu,,1,16
Tutti-v0.1.1,16,0.3,9830,4096,256,184,10162.209,28951.092,40263680,true,public_local_nvme_gpu,,1,16
Tutti-v0.1.1,16,0.3,9830,4096,256,185,10070.204,28860.015,40263680,true,public_local_nvme_gpu,,1,16
Tutti-v0.1.1,16,0.3,9830,4096,256,186,10144.847,28982.139,40263680,true,public_local_nvme_gpu,,1,16
Tutti-v0.1.1,16,0.3,9830,4096,256,187,10154.678,28953.08,40263680,true,public_local_nvme_gpu,,1,16
Tutti-v0.1.1,16,0.3,9830,4096,256,188,10143.822,29063.063,40263680,true,public_local_nvme_gpu,,1,16
Tutti-v0.1.1,16,0.3,9830,4096,256,189,10068.972,28836.815,40263680,true,public_local_nvme_gpu,,1,16
Tutti-v0.1.1,16,0.3,9830,4096,256,190,10145.379,28870.646,40263680,true,public_local_nvme_gpu,,1,16
Tutti-v0.1.1,16,0.3,9830,4096,256,191,10161.674,29143.225,40263680,true,public_local_nvme_gpu,,1,16
Tutti-v0.1.1,16,0.3,9830,4096,256,192,10154.424,28870.47,40263680,true,public_local_nvme_gpu,,1,16
Tutti-v0.1.1,16,0.3,9830,4096,256,193,10081.77,28837.491,40263680,true,public_local_nvme_gpu,,1,16
Tutti-v0.1.1,16,0.3,9830,4096,256,194,10108.714,28972.96,40263680,true,public_local_nvme_gpu,,1,16
Tutti-v0.1.1,16,0.3,9830,4096,256,195,10166.638,29003.497,40263680,true,public_local_nvme_gpu,,1,16
Tutti-v0.1.1,16,0.3,9830,4096,256,196,10153.829,29032.043,40263680,true,public_local_nvme_gpu,,1,16
Tutti-v0.1.1,16,0.3,9830,4096,256,197,10064.543,28961.962,40263680,true,public_local_nvme_gpu,,1,16
Tutti-v0.1.1,16,0.3,9830,4096,256,198,10128.554,28926.164,40263680,true,public_local_nvme_gpu,,1,16
Tutti-v0.1.1,16,0.3,9830,4096,256,199,10177.194,28989.352,40263680,true,public_local_nvme_gpu,,1,16
Tutti-v0.1.1,16,0.3,9830,4096,256,0,10148.483,28941.096,40263680,true,public_local_nvme_gpu,,3,16
Tutti-v0.1.1,64,0.067,8782,4096,256,0,8991.272,25829.217,35971072,true,public_local_nvme_gpu,,2,16
Tutti-v0.1.1,64,0.067,8782,4096,256,0,9094.726,25807.162,35971072,true,public_local_nvme_gpu,,0,16
Tutti-v0.1.1,64,0.067,8782,4096,256,1,9112.222,25959.786,35971072,true,public_local_nvme_gpu,,0,16
Tutti-v0.1.1,64,0.067,8782,4096,256,2,9065.802,25870.63,35971072,true,public_local_nvme_gpu,,0,16
Tutti-v0.1.1,64,0.067,8782,4096,256,3,9091.192,26029.693,35971072,true,public_local_nvme_gpu,,0,16
Tutti-v0.1.1,64,0.067,8782,4096,256,4,9095.364,26094.571,35971072,true,public_local_nvme_gpu,,0,16
Tutti-v0.1.1,64,0.067,8782,4096,256,5,9074.463,25815.563,35971072,true,public_local_nvme_gpu,,0,16
Tutti-v0.1.1,64,0.067,8782,4096,256,6,9089.727,25903.809,35971072,true,public_local_nvme_gpu,,0,16
Tutti-v0.1.1,64,0.067,8782,4096,256,7,9090.028,26001.043,35971072,true,public_local_nvme_gpu,,0,16
Tutti-v0.1.1,64,0.067,8782,4096,256,8,9092.409,25892.477,35971072,true,public_local_nvme_gpu,,0,16
Tutti-v0.1.1,64,0.067,8782,4096,256,9,9095.638,25861.698,35971072,true,public_local_nvme_gpu,,0,16
Tutti-v0.1.1,64,0.067,8782,4096,256,0,9052.005,25931.545,35971072,true,public_local_nvme_gpu,,1,16
Tutti-v0.1.1,64,0.067,8782,4096,256,1,9076.261,25784.007,35971072,true,public_local_nvme_gpu,,1,16
Tutti-v0.1.1,64,0.067,8782,4096,256,2,9096.403,25909.919,35971072,true,public_local_nvme_gpu,,1,16
Tutti-v0.1.1,64,0.067,8782,4096,256,3,9086.924,25801.571,35971072,true,public_local_nvme_gpu,,1,16
Tutti-v0.1.1,64,0.067,8782,4096,256,4,9074.083,25897.048,35971072,true,public_local_nvme_gpu,,1,16
Tutti-v0.1.1,64,0.067,8782,4096,256,5,9103.128,25971.459,35971072,true,public_local_nvme_gpu,,1,16
Tutti-v0.1.1,64,0.067,8782,4096,256,6,9087.744,25858.186,35971072,true,public_local_nvme_gpu,,1,16
Tutti-v0.1.1,64,0.067,8782,4096,256,7,9099.837,25851.095,35971072,true,public_local_nvme_gpu,,1,16
Tutti-v0.1.1,64,0.067,8782,4096,256,8,9081.309,25908.107,35971072,true,public_local_nvme_gpu,,1,16
Tutti-v0.1.1,64,0.067,8782,4096,256,9,9104.337,25868.096,35971072,true,public_local_nvme_gpu,,1,16
Tutti-v0.1.1,64,0.067,8782,4096,256,10,9055.814,25941.637,35971072,true,public_local_nvme_gpu,,1,16
Tutti-v0.1.1,64,0.067,8782,4096,256,11,9078.631,25849.55,35971072,true,public_local_nvme_gpu,,1,16
Tutti-v0.1.1,64,0.067,8782,4096,256,12,9069.598,25819.625,35971072,true,public_local_nvme_gpu,,1,16
Tutti-v0.1.1,64,0.067,8782,4096,256,13,9096.638,25840.045,35971072,true,public_local_nvme_gpu,,1,16
Tutti-v0.1.1,64,0.067,8782,4096,256,14,9130.013,25878.671,35971072,true,public_local_nvme_gpu,,1,16
Tutti-v0.1.1,64,0.067,8782,4096,256,15,9056.461,25787.134,35971072,true,public_local_nvme_gpu,,1,16
Tutti-v0.1.1,64,0.067,8782,4096,256,16,9064.918,26141.002,35971072,true,public_local_nvme_gpu,,1,16
Tutti-v0.1.1,64,0.067,8782,4096,256,17,9082.286,25919.102,35971072,true,public_local_nvme_gpu,,1,16
Tutti-v0.1.1,64,0.067,8782,4096,256,18,9055.953,25859.02,35971072,true,public_local_nvme_gpu,,1,16
Tutti-v0.1.1,64,0.067,8782,4096,256,19,9041.528,25808.233,35971072,true,public_local_nvme_gpu,,1,16
Tutti-v0.1.1,64,0.067,8782,4096,256,20,9092.109,25858.538,35971072,true,public_local_nvme_gpu,,1,16
Tutti-v0.1.1,64,0.067,8782,4096,256,21,9074.18,25973.859,35971072,true,public_local_nvme_gpu,,1,16
Tutti-v0.1.1,64,0.067,8782,4096,256,22,9013.63,25793.059,35971072,true,public_local_nvme_gpu,,1,16
Tutti-v0.1.1,64,0.067,8782,4096,256,23,9100.881,25805.843,35971072,true,public_local_nvme_gpu,,1,16
Tutti-v0.1.1,64,0.067,8782,4096,256,24,9059.215,25946.781,35971072,true,public_local_nvme_gpu,,1,16
Tutti-v0.1.1,64,0.067,8782,4096,256,25,9052.595,25850.574,35971072,true,public_local_nvme_gpu,,1,16
Tutti-v0.1.1,64,0.067,8782,4096,256,26,9059.041,25876.318,35971072,true,public_local_nvme_gpu,,1,16
Tutti-v0.1.1,64,0.067,8782,4096,256,27,9055.191,25793.902,35971072,true,public_local_nvme_gpu,,1,16
Tutti-v0.1.1,64,0.067,8782,4096,256,28,9061.145,25812.755,35971072,true,public_local_nvme_gpu,,1,16
Tutti-v0.1.1,64,0.067,8782,4096,256,29,9083.53,25828.059,35971072,true,public_local_nvme_gpu,,1,16
Tutti-v0.1.1,64,0.067,8782,4096,256,30,9051.164,25939.438,35971072,true,public_local_nvme_gpu,,1,16
Tutti-v0.1.1,64,0.067,8782,4096,256,31,9077.002,25840.351,35971072,true,public_local_nvme_gpu,,1,16
Tutti-v0.1.1,64,0.067,8782,4096,256,32,9114.706,25852.619,35971072,true,public_local_nvme_gpu,,1,16
Tutti-v0.1.1,64,0.067,8782,4096,256,33,9061.203,25871.367,35971072,true,public_local_nvme_gpu,,1,16
Tutti-v0.1.1,64,0.067,8782,4096,256,34,9081.589,25975.21,35971072,true,public_local_nvme_gpu,,1,16
Tutti-v0.1.1,64,0.067,8782,4096,256,35,9045.639,25809.136,35971072,true,public_local_nvme_gpu,,1,16
Tutti-v0.1.1,64,0.067,8782,4096,256,36,9057.21,25835.794,35971072,true,public_local_nvme_gpu,,1,16
Tutti-v0.1.1,64,0.067,8782,4096,256,37,9094.02,25805.474,35971072,true,public_local_nvme_gpu,,1,16
Tutti-v0.1.1,64,0.067,8782,4096,256,38,9089.396,25769.272,35971072,true,public_local_nvme_gpu,,1,16
Tutti-v0.1.1,64,0.067,8782,4096,256,39,9063.949,25793.556,35971072,true,public_local_nvme_gpu,,1,16
Tutti-v0.1.1,64,0.067,8782,4096,256,40,9067.679,25894.183,35971072,true,public_local_nvme_gpu,,1,16
Tutti-v0.1.1,64,0.067,8782,4096,256,41,9057.213,25867.551,35971072,true,public_local_nvme_gpu,,1,16
Tutti-v0.1.1,64,0.067,8782,4096,256,42,9120.097,25826.95,35971072,true,public_local_nvme_gpu,,1,16
Tutti-v0.1.1,64,0.067,8782,4096,256,43,9061.491,25915.757,35971072,true,public_local_nvme_gpu,,1,16
Tutti-v0.1.1,64,0.067,8782,4096,256,44,9057.961,25970.835,35971072,true,public_local_nvme_gpu,,1,16
Tutti-v0.1.1,64,0.067,8782,4096,256,45,9095.581,25760.064,35971072,true,public_local_nvme_gpu,,1,16
Tutti-v0.1.1,64,0.067,8782,4096,256,46,9084.676,25827.149,35971072,true,public_local_nvme_gpu,,1,16
Tutti-v0.1.1,64,0.067,8782,4096,256,47,9063.054,25746.152,35971072,true,public_local_nvme_gpu,,1,16
Tutti-v0.1.1,64,0.067,8782,4096,256,48,9087.01,25814.477,35971072,true,public_local_nvme_gpu,,1,16
Tutti-v0.1.1,64,0.067,8782,4096,256,49,9095.129,26086.918,35971072,true,public_local_nvme_gpu,,1,16
Tutti-v0.1.1,64,0.067,8782,4096,256,50,9073.745,25925.146,35971072,true,public_local_nvme_gpu,,1,16
Tutti-v0.1.1,64,0.067,8782,4096,256,51,9104.218,25975.93,35971072,true,public_local_nvme_gpu,,1,16
Tutti-v0.1.1,64,0.067,8782,4096,256,52,9066.953,25835.622,35971072,true,public_local_nvme_gpu,,1,16
Tutti-v0.1.1,64,0.067,8782,4096,256,53,9082.174,25822.481,35971072,true,public_local_nvme_gpu,,1,16
Tutti-v0.1.1,64,0.067,8782,4096,256,54,9099.561,25794.846,35971072,true,public_local_nvme_gpu,,1,16
Tutti-v0.1.1,64,0.067,8782,4096,256,55,9064.861,25821.85,35971072,true,public_local_nvme_gpu,,1,16
Tutti-v0.1.1,64,0.067,8782,4096,256,56,9085.468,25868.244,35971072,true,public_local_nvme_gpu,,1,16
Tutti-v0.1.1,64,0.067,8782,4096,256,57,9105.667,25863.421,35971072,true,public_local_nvme_gpu,,1,16
Tutti-v0.1.1,64,0.067,8782,4096,256,58,9094.16,25967.644,35971072,true,public_local_nvme_gpu,,1,16
Tutti-v0.1.1,64,0.067,8782,4096,256,59,9088.153,25858.746,35971072,true,public_local_nvme_gpu,,1,16
Tutti-v0.1.1,64,0.067,8782,4096,256,60,9086.618,25854.025,35971072,true,public_local_nvme_gpu,,1,16
Tutti-v0.1.1,64,0.067,8782,4096,256,61,9052.483,25798.074,35971072,true,public_local_nvme_gpu,,1,16
Tutti-v0.1.1,64,0.067,8782,4096,256,62,9116.444,25878.855,35971072,true,public_local_nvme_gpu,,1,16
Tutti-v0.1.1,64,0.067,8782,4096,256,63,9076.627,25870.516,35971072,true,public_local_nvme_gpu,,1,16
Tutti-v0.1.1,64,0.067,8782,4096,256,64,9072.889,25872.596,35971072,true,public_local_nvme_gpu,,1,16
Tutti-v0.1.1,64,0.067,8782,4096,256,65,9128.038,25777.66,35971072,true,public_local_nvme_gpu,,1,16
Tutti-v0.1.1,64,0.067,8782,4096,256,66,9094.553,25940.343,35971072,true,public_local_nvme_gpu,,1,16
Tutti-v0.1.1,64,0.067,8782,4096,256,67,9056.284,25795.286,35971072,true,public_local_nvme_gpu,,1,16
Tutti-v0.1.1,64,0.067,8782,4096,256,68,9099.469,25962.297,35971072,true,public_local_nvme_gpu,,1,16
Tutti-v0.1.1,64,0.067,8782,4096,256,69,9087.229,25929.587,35971072,true,public_local_nvme_gpu,,1,16
Tutti-v0.1.1,64,0.067,8782,4096,256,70,9041.242,25847.352,35971072,true,public_local_nvme_gpu,,1,16
Tutti-v0.1.1,64,0.067,8782,4096,256,71,9088.604,25810.393,35971072,true,public_local_nvme_gpu,,1,16
Tutti-v0.1.1,64,0.067,8782,4096,256,72,9071.324,25770.18,35971072,true,public_local_nvme_gpu,,1,16
Tutti-v0.1.1,64,0.067,8782,4096,256,73,9111.206,25977.458,35971072,true,public_local_nvme_gpu,,1,16
Tutti-v0.1.1,64,0.067,8782,4096,256,74,9086.152,25820.531,35971072,true,public_local_nvme_gpu,,1,16
Tutti-v0.1.1,64,0.067,8782,4096,256,75,9078.148,25710.92,35971072,true,public_local_nvme_gpu,,1,16
Tutti-v0.1.1,64,0.067,8782,4096,256,76,9107.725,25860.163,35971072,true,public_local_nvme_gpu,,1,16
Tutti-v0.1.1,64,0.067,8782,4096,256,77,9666.212,26401.397,35971072,true,public_local_nvme_gpu,,1,16
Tutti-v0.1.1,64,0.067,8782,4096,256,78,9069.907,26010.513,35971072,true,public_local_nvme_gpu,,1,16
Tutti-v0.1.1,64,0.067,8782,4096,256,79,9068.247,25844.037,35971072,true,public_local_nvme_gpu,,1,16
Tutti-v0.1.1,64,0.067,8782,4096,256,80,9093.484,25876.381,35971072,true,public_local_nvme_gpu,,1,16
Tutti-v0.1.1,64,0.067,8782,4096,256,81,9086.293,25867.228,35971072,true,public_local_nvme_gpu,,1,16
Tutti-v0.1.1,64,0.067,8782,4096,256,82,9058.038,25807.178,35971072,true,public_local_nvme_gpu,,1,16
Tutti-v0.1.1,64,0.067,8782,4096,256,83,9043.673,25761.809,35971072,true,public_local_nvme_gpu,,1,16
Tutti-v0.1.1,64,0.067,8782,4096,256,84,9109.103,25846.023,35971072,true,public_local_nvme_gpu,,1,16
Tutti-v0.1.1,64,0.067,8782,4096,256,85,9045.494,25810.49,35971072,true,public_local_nvme_gpu,,1,16
Tutti-v0.1.1,64,0.067,8782,4096,256,86,9058.446,25885.895,35971072,true,public_local_nvme_gpu,,1,16
Tutti-v0.1.1,64,0.067,8782,4096,256,87,9052.585,25869.487,35971072,true,public_local_nvme_gpu,,1,16
Tutti-v0.1.1,64,0.067,8782,4096,256,88,9051.072,25809.269,35971072,true,public_local_nvme_gpu,,1,16
Tutti-v0.1.1,64,0.067,8782,4096,256,89,9048.165,25772.028,35971072,true,public_local_nvme_gpu,,1,16
Tutti-v0.1.1,64,0.067,8782,4096,256,90,9069.023,25846.343,35971072,true,public_local_nvme_gpu,,1,16
Tutti-v0.1.1,64,0.067,8782,4096,256,91,9107.561,25886.958,35971072,true,public_local_nvme_gpu,,1,16
Tutti-v0.1.1,64,0.067,8782,4096,256,92,9091.36,25861.482,35971072,true,public_local_nvme_gpu,,1,16
Tutti-v0.1.1,64,0.067,8782,4096,256,93,9066.485,25908.634,35971072,true,public_local_nvme_gpu,,1,16
Tutti-v0.1.1,64,0.067,8782,4096,256,94,9073.707,25844.911,35971072,true,public_local_nvme_gpu,,1,16
Tutti-v0.1.1,64,0.067,8782,4096,256,95,9087.232,25837.842,35971072,true,public_local_nvme_gpu,,1,16
Tutti-v0.1.1,64,0.067,8782,4096,256,96,9092.253,25837.171,35971072,true,public_local_nvme_gpu,,1,16
Tutti-v0.1.1,64,0.067,8782,4096,256,97,9051.838,25984.59,35971072,true,public_local_nvme_gpu,,1,16
Tutti-v0.1.1,64,0.067,8782,4096,256,98,9089.939,25809.585,35971072,true,public_local_nvme_gpu,,1,16
Tutti-v0.1.1,64,0.067,8782,4096,256,99,9083.002,25864.009,35971072,true,public_local_nvme_gpu,,1,16
Tutti-v0.1.1,64,0.067,8782,4096,256,100,9063.544,25889.479,35971072,true,public_local_nvme_gpu,,1,16
Tutti-v0.1.1,64,0.067,8782,4096,256,101,9080.508,25890.559,35971072,true,public_local_nvme_gpu,,1,16
Tutti-v0.1.1,64,0.067,8782,4096,256,102,9069.339,25870.318,35971072,true,public_local_nvme_gpu,,1,16
Tutti-v0.1.1,64,0.067,8782,4096,256,103,9082.552,25894.426,35971072,true,public_local_nvme_gpu,,1,16
Tutti-v0.1.1,64,0.067,8782,4096,256,104,9054.096,25947.045,35971072,true,public_local_nvme_gpu,,1,16
Tutti-v0.1.1,64,0.067,8782,4096,256,105,9056.751,25838.69,35971072,true,public_local_nvme_gpu,,1,16
Tutti-v0.1.1,64,0.067,8782,4096,256,106,9093.365,25805.786,35971072,true,public_local_nvme_gpu,,1,16
Tutti-v0.1.1,64,0.067,8782,4096,256,107,9049.557,25816.991,35971072,true,public_local_nvme_gpu,,1,16
Tutti-v0.1.1,64,0.067,8782,4096,256,108,9077.807,25805.018,35971072,true,public_local_nvme_gpu,,1,16
Tutti-v0.1.1,64,0.067,8782,4096,256,109,9073.618,26181.076,35971072,true,public_local_nvme_gpu,,1,16
Tutti-v0.1.1,64,0.067,8782,4096,256,110,9096.512,25992.404,35971072,true,public_local_nvme_gpu,,1,16
Tutti-v0.1.1,64,0.067,8782,4096,256,111,9032.023,25916.729,35971072,true,public_local_nvme_gpu,,1,16
Tutti-v0.1.1,64,0.067,8782,4096,256,112,9083.213,25919.156,35971072,true,public_local_nvme_gpu,,1,16
Tutti-v0.1.1,64,0.067,8782,4096,256,113,9071.991,25873.418,35971072,true,public_local_nvme_gpu,,1,16
Tutti-v0.1.1,64,0.067,8782,4096,256,114,9127.773,25830.772,35971072,true,public_local_nvme_gpu,,1,16
Tutti-v0.1.1,64,0.067,8782,4096,256,115,9089.351,25954.817,35971072,true,public_local_nvme_gpu,,1,16
Tutti-v0.1.1,64,0.067,8782,4096,256,116,9114.802,25825.709,35971072,true,public_local_nvme_gpu,,1,16
Tutti-v0.1.1,64,0.067,8782,4096,256,117,9083.24,26017.384,35971072,true,public_local_nvme_gpu,,1,16
Tutti-v0.1.1,64,0.067,8782,4096,256,118,9091.569,25971.117,35971072,true,public_local_nvme_gpu,,1,16
Tutti-v0.1.1,64,0.067,8782,4096,256,119,9070.791,25822.76,35971072,true,public_local_nvme_gpu,,1,16
Tutti-v0.1.1,64,0.067,8782,4096,256,120,9113.992,25844.782,35971072,true,public_local_nvme_gpu,,1,16
Tutti-v0.1.1,64,0.067,8782,4096,256,121,9111.092,25827.262,35971072,true,public_local_nvme_gpu,,1,16
Tutti-v0.1.1,64,0.067,8782,4096,256,122,9059.243,25951.143,35971072,true,public_local_nvme_gpu,,1,16
Tutti-v0.1.1,64,0.067,8782,4096,256,123,9081.723,25996.48,35971072,true,public_local_nvme_gpu,,1,16
Tutti-v0.1.1,64,0.067,8782,4096,256,124,9079.48,25782.607,35971072,true,public_local_nvme_gpu,,1,16
Tutti-v0.1.1,64,0.067,8782,4096,256,125,9046.655,25825.583,35971072,true,public_local_nvme_gpu,,1,16
Tutti-v0.1.1,64,0.067,8782,4096,256,126,9083.273,25815.224,35971072,true,public_local_nvme_gpu,,1,16
Tutti-v0.1.1,64,0.067,8782,4096,256,127,9137.017,25878.067,35971072,true,public_local_nvme_gpu,,1,16
Tutti-v0.1.1,64,0.067,8782,4096,256,128,9075.179,25760.39,35971072,true,public_local_nvme_gpu,,1,16
Tutti-v0.1.1,64,0.067,8782,4096,256,129,9048.729,25870.937,35971072,true,public_local_nvme_gpu,,1,16
Tutti-v0.1.1,64,0.067,8782,4096,256,130,9070.171,25981.399,35971072,true,public_local_nvme_gpu,,1,16
Tutti-v0.1.1,64,0.067,8782,4096,256,131,9088.41,25716.271,35971072,true,public_local_nvme_gpu,,1,16
Tutti-v0.1.1,64,0.067,8782,4096,256,132,9137.273,25970.636,35971072,true,public_local_nvme_gpu,,1,16
Tutti-v0.1.1,64,0.067,8782,4096,256,133,9066.465,25961.423,35971072,true,public_local_nvme_gpu,,1,16
Tutti-v0.1.1,64,0.067,8782,4096,256,134,9095.09,25884.463,35971072,true,public_local_nvme_gpu,,1,16
Tutti-v0.1.1,64,0.067,8782,4096,256,135,9090.405,25800.831,35971072,true,public_local_nvme_gpu,,1,16
Tutti-v0.1.1,64,0.067,8782,4096,256,136,9098.203,25884.491,35971072,true,public_local_nvme_gpu,,1,16
Tutti-v0.1.1,64,0.067,8782,4096,256,137,9086.342,25921.976,35971072,true,public_local_nvme_gpu,,1,16
Tutti-v0.1.1,64,0.067,8782,4096,256,138,9066.373,26087.829,35971072,true,public_local_nvme_gpu,,1,16
Tutti-v0.1.1,64,0.067,8782,4096,256,139,9088.821,25902.386,35971072,true,public_local_nvme_gpu,,1,16
Tutti-v0.1.1,64,0.067,8782,4096,256,140,9092.662,25880.527,35971072,true,public_local_nvme_gpu,,1,16
Tutti-v0.1.1,64,0.067,8782,4096,256,141,9070.982,25928.066,35971072,true,public_local_nvme_gpu,,1,16
Tutti-v0.1.1,64,0.067,8782,4096,256,142,9058.081,25897.107,35971072,true,public_local_nvme_gpu,,1,16
Tutti-v0.1.1,64,0.067,8782,4096,256,143,9107.606,25948.165,35971072,true,public_local_nvme_gpu,,1,16
Tutti-v0.1.1,64,0.067,8782,4096,256,144,9090.642,25868.502,35971072,true,public_local_nvme_gpu,,1,16
Tutti-v0.1.1,64,0.067,8782,4096,256,145,9073.337,25801.452,35971072,true,public_local_nvme_gpu,,1,16
Tutti-v0.1.1,64,0.067,8782,4096,256,146,9093.225,25932.693,35971072,true,public_local_nvme_gpu,,1,16
Tutti-v0.1.1,64,0.067,8782,4096,256,147,9072.066,25806.734,35971072,true,public_local_nvme_gpu,,1,16
Tutti-v0.1.1,64,0.067,8782,4096,256,148,9088.6,26132.62,35971072,true,public_local_nvme_gpu,,1,16
Tutti-v0.1.1,64,0.067,8782,4096,256,149,9085.26,25872.718,35971072,true,public_local_nvme_gpu,,1,16
Tutti-v0.1.1,64,0.067,8782,4096,256,150,9094.025,25788.882,35971072,true,public_local_nvme_gpu,,1,16
Tutti-v0.1.1,64,0.067,8782,4096,256,151,9088.641,25879.507,35971072,true,public_local_nvme_gpu,,1,16
Tutti-v0.1.1,64,0.067,8782,4096,256,152,9087.777,26044.978,35971072,true,public_local_nvme_gpu,,1,16
Tutti-v0.1.1,64,0.067,8782,4096,256,153,9067.193,25847.527,35971072,true,public_local_nvme_gpu,,1,16
Tutti-v0.1.1,64,0.067,8782,4096,256,154,9066.939,25857.125,35971072,true,public_local_nvme_gpu,,1,16
Tutti-v0.1.1,64,0.067,8782,4096,256,155,9095.456,25898.574,35971072,true,public_local_nvme_gpu,,1,16
Tutti-v0.1.1,64,0.067,8782,4096,256,156,9077.711,25917.4,35971072,true,public_local_nvme_gpu,,1,16
Tutti-v0.1.1,64,0.067,8782,4096,256,157,9074.449,25985.993,35971072,true,public_local_nvme_gpu,,1,16
Tutti-v0.1.1,64,0.067,8782,4096,256,158,9076.761,26048.78,35971072,true,public_local_nvme_gpu,,1,16
Tutti-v0.1.1,64,0.067,8782,4096,256,159,9071.683,25911.909,35971072,true,public_local_nvme_gpu,,1,16
Tutti-v0.1.1,64,0.067,8782,4096,256,160,9085.137,25899.252,35971072,true,public_local_nvme_gpu,,1,16
Tutti-v0.1.1,64,0.067,8782,4096,256,161,9062.486,25896.701,35971072,true,public_local_nvme_gpu,,1,16
Tutti-v0.1.1,64,0.067,8782,4096,256,162,9087.659,25872.892,35971072,true,public_local_nvme_gpu,,1,16
Tutti-v0.1.1,64,0.067,8782,4096,256,163,9059.304,25938.422,35971072,true,public_local_nvme_gpu,,1,16
Tutti-v0.1.1,64,0.067,8782,4096,256,164,9103.395,25927.812,35971072,true,public_local_nvme_gpu,,1,16
Tutti-v0.1.1,64,0.067,8782,4096,256,165,9078.502,25879.306,35971072,true,public_local_nvme_gpu,,1,16
Tutti-v0.1.1,64,0.067,8782,4096,256,166,9088.256,25812.208,35971072,true,public_local_nvme_gpu,,1,16
Tutti-v0.1.1,64,0.067,8782,4096,256,167,9068.699,25926.603,35971072,true,public_local_nvme_gpu,,1,16
Tutti-v0.1.1,64,0.067,8782,4096,256,168,9117.3,25961.69,35971072,true,public_local_nvme_gpu,,1,16
Tutti-v0.1.1,64,0.067,8782,4096,256,169,9053.988,25869.5,35971072,true,public_local_nvme_gpu,,1,16
Tutti-v0.1.1,64,0.067,8782,4096,256,170,9070.446,25896.091,35971072,true,public_local_nvme_gpu,,1,16
Tutti-v0.1.1,64,0.067,8782,4096,256,171,9078.55,25862.972,35971072,true,public_local_nvme_gpu,,1,16
Tutti-v0.1.1,64,0.067,8782,4096,256,172,9075.384,27009.537,35971072,true,public_local_nvme_gpu,,1,16
Tutti-v0.1.1,64,0.067,8782,4096,256,173,9091.452,25818.058,35971072,true,public_local_nvme_gpu,,1,16
Tutti-v0.1.1,64,0.067,8782,4096,256,174,9075.161,25998.974,35971072,true,public_local_nvme_gpu,,1,16
Tutti-v0.1.1,64,0.067,8782,4096,256,175,9075.879,25872.795,35971072,true,public_local_nvme_gpu,,1,16
Tutti-v0.1.1,64,0.067,8782,4096,256,176,9061.491,25938.566,35971072,true,public_local_nvme_gpu,,1,16
Tutti-v0.1.1,64,0.067,8782,4096,256,177,9083.231,25923.71,35971072,true,public_local_nvme_gpu,,1,16
Tutti-v0.1.1,64,0.067,8782,4096,256,178,9081.544,25883.944,35971072,true,public_local_nvme_gpu,,1,16
Tutti-v0.1.1,64,0.067,8782,4096,256,179,9083.463,25851.395,35971072,true,public_local_nvme_gpu,,1,16
Tutti-v0.1.1,64,0.067,8782,4096,256,180,9083.234,25909.546,35971072,true,public_local_nvme_gpu,,1,16
Tutti-v0.1.1,64,0.067,8782,4096,256,181,9077.787,25796.486,35971072,true,public_local_nvme_gpu,,1,16
Tutti-v0.1.1,64,0.067,8782,4096,256,182,9071.435,26103.569,35971072,true,public_local_nvme_gpu,,1,16
Tutti-v0.1.1,64,0.067,8782,4096,256,183,9092.401,25800.642,35971072,true,public_local_nvme_gpu,,1,16
Tutti-v0.1.1,64,0.067,8782,4096,256,184,9089.501,25911.733,35971072,true,public_local_nvme_gpu,,1,16
Tutti-v0.1.1,64,0.067,8782,4096,256,185,9103.809,25973.771,35971072,true,public_local_nvme_gpu,,1,16
Tutti-v0.1.1,64,0.067,8782,4096,256,186,9075.426,25925.117,35971072,true,public_local_nvme_gpu,,1,16
Tutti-v0.1.1,64,0.067,8782,4096,256,187,9060.329,25871.361,35971072,true,public_local_nvme_gpu,,1,16
Tutti-v0.1.1,64,0.067,8782,4096,256,188,9059.215,25920.365,35971072,true,public_local_nvme_gpu,,1,16
Tutti-v0.1.1,64,0.067,8782,4096,256,189,9090.038,25829.12,35971072,true,public_local_nvme_gpu,,1,16
Tutti-v0.1.1,64,0.067,8782,4096,256,190,9086.242,25909.314,35971072,true,public_local_nvme_gpu,,1,16
Tutti-v0.1.1,64,0.067,8782,4096,256,191,9123.319,25926.324,35971072,true,public_local_nvme_gpu,,1,16
Tutti-v0.1.1,64,0.067,8782,4096,256,192,9112.25,26024.185,35971072,true,public_local_nvme_gpu,,1,16
Tutti-v0.1.1,64,0.067,8782,4096,256,193,9114.837,25931.22,35971072,true,public_local_nvme_gpu,,1,16
Tutti-v0.1.1,64,0.067,8782,4096,256,194,9080.065,25881.495,35971072,true,public_local_nvme_gpu,,1,16
Tutti-v0.1.1,64,0.067,8782,4096,256,195,9092.018,25891.929,35971072,true,public_local_nvme_gpu,,1,16
Tutti-v0.1.1,64,0.067,8782,4096,256,196,9080.59,26074.214,35971072,true,public_local_nvme_gpu,,1,16
Tutti-v0.1.1,64,0.067,8782,4096,256,197,9086.43,25945.967,35971072,true,public_local_nvme_gpu,,1,16
Tutti-v0.1.1,64,0.067,8782,4096,256,198,9078.129,25918.197,35971072,true,public_local_nvme_gpu,,1,16
Tutti-v0.1.1,64,0.067,8782,4096,256,199,9085.549,25835.554,35971072,true,public_local_nvme_gpu,,1,16
Tutti-v0.1.1,64,0.067,8782,4096,256,0,9111.3,25885.266,35971072,true,public_local_nvme_gpu,,3,16
Tutti-v0.1.1,64,0.134,17564,4096,256,0,18116.57,51525.143,71942144,true,public_local_nvme_gpu,,2,16
Tutti-v0.1.1,64,0.134,17564,4096,256,0,18156.291,51896.036,71942144,true,public_local_nvme_gpu,,0,16
Tutti-v0.1.1,64,0.134,17564,4096,256,1,18020.777,51412.88,71942144,true,public_local_nvme_gpu,,0,16
Tutti-v0.1.1,64,0.134,17564,4096,256,2,18183.64,51669.267,71942144,true,public_local_nvme_gpu,,0,16
Tutti-v0.1.1,64,0.134,17564,4096,256,3,18171.556,51800.958,71942144,true,public_local_nvme_gpu,,0,16
Tutti-v0.1.1,64,0.134,17564,4096,256,4,17949.681,51430.268,71942144,true,public_local_nvme_gpu,,0,16
Tutti-v0.1.1,64,0.134,17564,4096,256,5,18207.24,51746.454,71942144,true,public_local_nvme_gpu,,0,16
Tutti-v0.1.1,64,0.134,17564,4096,256,6,18144.125,51940.048,71942144,true,public_local_nvme_gpu,,0,16
Tutti-v0.1.1,64,0.134,17564,4096,256,7,18149.081,51750.341,71942144,true,public_local_nvme_gpu,,0,16
Tutti-v0.1.1,64,0.134,17564,4096,256,8,18167.061,51554.791,71942144,true,public_local_nvme_gpu,,0,16
Tutti-v0.1.1,64,0.134,17564,4096,256,9,18188.354,51715.296,71942144,true,public_local_nvme_gpu,,0,16
Tutti-v0.1.1,64,0.134,17564,4096,256,0,18180.509,51651.062,71942144,true,public_local_nvme_gpu,,1,16
Tutti-v0.1.1,64,0.134,17564,4096,256,1,18006.215,51610.38,71942144,true,public_local_nvme_gpu,,1,16
Tutti-v0.1.1,64,0.134,17564,4096,256,2,18151.422,51785.241,71942144,true,public_local_nvme_gpu,,1,16
Tutti-v0.1.1,64,0.134,17564,4096,256,3,18150.193,51775.156,71942144,true,public_local_nvme_gpu,,1,16
Tutti-v0.1.1,64,0.134,17564,4096,256,4,18103.224,51441.186,71942144,true,public_local_nvme_gpu,,1,16
Tutti-v0.1.1,64,0.134,17564,4096,256,5,18024.931,51510.158,71942144,true,public_local_nvme_gpu,,1,16
Tutti-v0.1.1,64,0.134,17564,4096,256,6,18179.083,51564.448,71942144,true,public_local_nvme_gpu,,1,16
Tutti-v0.1.1,64,0.134,17564,4096,256,7,18084.833,51740.818,71942144,true,public_local_nvme_gpu,,1,16
Tutti-v0.1.1,64,0.134,17564,4096,256,8,18121.76,51640.115,71942144,true,public_local_nvme_gpu,,1,16
Tutti-v0.1.1,64,0.134,17564,4096,256,9,18149.127,51562.098,71942144,true,public_local_nvme_gpu,,1,16
Tutti-v0.1.1,64,0.134,17564,4096,256,10,18006.84,51359.935,71942144,true,public_local_nvme_gpu,,1,16
Tutti-v0.1.1,64,0.134,17564,4096,256,11,18134.302,51814.918,71942144,true,public_local_nvme_gpu,,1,16
Tutti-v0.1.1,64,0.134,17564,4096,256,12,18082.139,51559.765,71942144,true,public_local_nvme_gpu,,1,16
Tutti-v0.1.1,64,0.134,17564,4096,256,13,18111.83,51736.644,71942144,true,public_local_nvme_gpu,,1,16
Tutti-v0.1.1,64,0.134,17564,4096,256,14,18085.73,51502.713,71942144,true,public_local_nvme_gpu,,1,16
Tutti-v0.1.1,64,0.134,17564,4096,256,15,18127.522,51571.947,71942144,true,public_local_nvme_gpu,,1,16
Tutti-v0.1.1,64,0.134,17564,4096,256,16,18041.399,51441.955,71942144,true,public_local_nvme_gpu,,1,16
Tutti-v0.1.1,64,0.134,17564,4096,256,17,18023.068,51534.294,71942144,true,public_local_nvme_gpu,,1,16
Tutti-v0.1.1,64,0.134,17564,4096,256,18,18086.144,51467.787,71942144,true,public_local_nvme_gpu,,1,16
Tutti-v0.1.1,64,0.134,17564,4096,256,19,18099.903,51781.033,71942144,true,public_local_nvme_gpu,,1,16
Tutti-v0.1.1,64,0.134,17564,4096,256,20,18025.533,51461.725,71942144,true,public_local_nvme_gpu,,1,16
Tutti-v0.1.1,64,0.134,17564,4096,256,21,18124.973,51433.72,71942144,true,public_local_nvme_gpu,,1,16
Tutti-v0.1.1,64,0.134,17564,4096,256,22,18066.735,51624.82,71942144,true,public_local_nvme_gpu,,1,16
Tutti-v0.1.1,64,0.134,17564,4096,256,23,18091.996,51649.667,71942144,true,public_local_nvme_gpu,,1,16
Tutti-v0.1.1,64,0.134,17564,4096,256,24,18129.811,51648.413,71942144,true,public_local_nvme_gpu,,1,16
Tutti-v0.1.1,64,0.134,17564,4096,256,25,18069.565,51559.545,71942144,true,public_local_nvme_gpu,,1,16
Tutti-v0.1.1,64,0.134,17564,4096,256,26,18123.224,51583.382,71942144,true,public_local_nvme_gpu,,1,16
Tutti-v0.1.1,64,0.134,17564,4096,256,27,18131.461,51612.298,71942144,true,public_local_nvme_gpu,,1,16
Tutti-v0.1.1,64,0.134,17564,4096,256,28,18148.019,51596.564,71942144,true,public_local_nvme_gpu,,1,16
Tutti-v0.1.1,64,0.134,17564,4096,256,29,18088.493,51726.842,71942144,true,public_local_nvme_gpu,,1,16
Tutti-v0.1.1,64,0.134,17564,4096,256,30,18092.594,51439.571,71942144,true,public_local_nvme_gpu,,1,16
Tutti-v0.1.1,64,0.134,17564,4096,256,31,18121.997,51591.391,71942144,true,public_local_nvme_gpu,,1,16
Tutti-v0.1.1,64,0.134,17564,4096,256,32,18168.998,51624.83,71942144,true,public_local_nvme_gpu,,1,16
Tutti-v0.1.1,64,0.134,17564,4096,256,33,18147.108,51646.121,71942144,true,public_local_nvme_gpu,,1,16
Tutti-v0.1.1,64,0.134,17564,4096,256,34,18142.156,51589.704,71942144,true,public_local_nvme_gpu,,1,16
Tutti-v0.1.1,64,0.134,17564,4096,256,35,18120.711,51695.548,71942144,true,public_local_nvme_gpu,,1,16
Tutti-v0.1.1,64,0.134,17564,4096,256,36,18136.478,51644.867,71942144,true,public_local_nvme_gpu,,1,16
Tutti-v0.1.1,64,0.134,17564,4096,256,37,18068.93,51528.938,71942144,true,public_local_nvme_gpu,,1,16
Tutti-v0.1.1,64,0.134,17564,4096,256,38,18130.016,51467.26,71942144,true,public_local_nvme_gpu,,1,16
Tutti-v0.1.1,64,0.134,17564,4096,256,39,18107.3,51622.299,71942144,true,public_local_nvme_gpu,,1,16
Tutti-v0.1.1,64,0.134,17564,4096,256,40,18140.536,51544.679,71942144,true,public_local_nvme_gpu,,1,16
Tutti-v0.1.1,64,0.134,17564,4096,256,41,18104.001,51645.034,71942144,true,public_local_nvme_gpu,,1,16
Tutti-v0.1.1,64,0.134,17564,4096,256,42,18132.563,51749.314,71942144,true,public_local_nvme_gpu,,1,16
Tutti-v0.1.1,64,0.134,17564,4096,256,43,18094.991,51578.498,71942144,true,public_local_nvme_gpu,,1,16
Tutti-v0.1.1,64,0.134,17564,4096,256,44,18142.404,51597.713,71942144,true,public_local_nvme_gpu,,1,16
Tutti-v0.1.1,64,0.134,17564,4096,256,45,18099.009,51447.905,71942144,true,public_local_nvme_gpu,,1,16
Tutti-v0.1.1,64,0.134,17564,4096,256,46,18090.688,51490.838,71942144,true,public_local_nvme_gpu,,1,16
Tutti-v0.1.1,64,0.134,17564,4096,256,47,18097.18,51527.905,71942144,true,public_local_nvme_gpu,,1,16
Tutti-v0.1.1,64,0.134,17564,4096,256,48,18147.873,51497.606,71942144,true,public_local_nvme_gpu,,1,16
Tutti-v0.1.1,64,0.134,17564,4096,256,49,18118.478,51580.947,71942144,true,public_local_nvme_gpu,,1,16
Tutti-v0.1.1,64,0.134,17564,4096,256,50,18053.854,51452.163,71942144,true,public_local_nvme_gpu,,1,16
Tutti-v0.1.1,64,0.134,17564,4096,256,51,18040.34,51611.847,71942144,true,public_local_nvme_gpu,,1,16
Tutti-v0.1.1,64,0.134,17564,4096,256,52,18103.308,51835.507,71942144,true,public_local_nvme_gpu,,1,16
Tutti-v0.1.1,64,0.134,17564,4096,256,53,18239.9,51712.652,71942144,true,public_local_nvme_gpu,,1,16
Tutti-v0.1.1,64,0.134,17564,4096,256,54,18062.914,51450.895,71942144,true,public_local_nvme_gpu,,1,16
Tutti-v0.1.1,64,0.134,17564,4096,256,55,18081.739,51562.43,71942144,true,public_local_nvme_gpu,,1,16
Tutti-v0.1.1,64,0.134,17564,4096,256,56,18117.899,51539.985,71942144,true,public_local_nvme_gpu,,1,16
Tutti-v0.1.1,64,0.134,17564,4096,256,57,18061.781,51640.98,71942144,true,public_local_nvme_gpu,,1,16
Tutti-v0.1.1,64,0.134,17564,4096,256,58,18090.259,51597.234,71942144,true,public_local_nvme_gpu,,1,16
Tutti-v0.1.1,64,0.134,17564,4096,256,59,18107.132,51704.074,71942144,true,public_local_nvme_gpu,,1,16
Tutti-v0.1.1,64,0.134,17564,4096,256,60,18110.968,51503.996,71942144,true,public_local_nvme_gpu,,1,16
Tutti-v0.1.1,64,0.134,17564,4096,256,61,18120.611,51874.396,71942144,true,public_local_nvme_gpu,,1,16
Tutti-v0.1.1,64,0.134,17564,4096,256,62,18090.687,51662.038,71942144,true,public_local_nvme_gpu,,1,16
Tutti-v0.1.1,64,0.134,17564,4096,256,63,18099.434,51681.877,71942144,true,public_local_nvme_gpu,,1,16
Tutti-v0.1.1,64,0.134,17564,4096,256,64,18051.965,51426.198,71942144,true,public_local_nvme_gpu,,1,16
Tutti-v0.1.1,64,0.134,17564,4096,256,65,21022.711,54556.714,71942144,true,public_local_nvme_gpu,,1,16
Tutti-v0.1.1,64,0.134,17564,4096,256,66,18177.039,51544.766,71942144,true,public_local_nvme_gpu,,1,16
Tutti-v0.1.1,64,0.134,17564,4096,256,67,18101.341,51755.144,71942144,true,public_local_nvme_gpu,,1,16
Tutti-v0.1.1,64,0.134,17564,4096,256,68,18107.287,51499.35,71942144,true,public_local_nvme_gpu,,1,16
Tutti-v0.1.1,64,0.134,17564,4096,256,69,18101.864,51657.095,71942144,true,public_local_nvme_gpu,,1,16
Tutti-v0.1.1,64,0.134,17564,4096,256,70,18141.495,51523.3,71942144,true,public_local_nvme_gpu,,1,16
Tutti-v0.1.1,64,0.134,17564,4096,256,71,18153.138,51537.46,71942144,true,public_local_nvme_gpu,,1,16
Tutti-v0.1.1,64,0.134,17564,4096,256,72,18113.655,51384.389,71942144,true,public_local_nvme_gpu,,1,16
Tutti-v0.1.1,64,0.134,17564,4096,256,73,18151.22,51484.983,71942144,true,public_local_nvme_gpu,,1,16
Tutti-v0.1.1,64,0.134,17564,4096,256,74,18096.202,51581.339,71942144,true,public_local_nvme_gpu,,1,16
Tutti-v0.1.1,64,0.134,17564,4096,256,75,18106.714,51649.094,71942144,true,public_local_nvme_gpu,,1,16
Tutti-v0.1.1,64,0.134,17564,4096,256,76,17982.772,51338.094,71942144,true,public_local_nvme_gpu,,1,16
Tutti-v0.1.1,64,0.134,17564,4096,256,77,18127.738,51523.506,71942144,true,public_local_nvme_gpu,,1,16
Tutti-v0.1.1,64,0.134,17564,4096,256,78,17956.4,51474.012,71942144,true,public_local_nvme_gpu,,1,16
Tutti-v0.1.1,64,0.134,17564,4096,256,79,18144.458,51473.138,71942144,true,public_local_nvme_gpu,,1,16
Tutti-v0.1.1,64,0.134,17564,4096,256,80,18141.068,51663.037,71942144,true,public_local_nvme_gpu,,1,16
Tutti-v0.1.1,64,0.134,17564,4096,256,81,18100.815,51572.826,71942144,true,public_local_nvme_gpu,,1,16
Tutti-v0.1.1,64,0.134,17564,4096,256,82,18095.064,51454.896,71942144,true,public_local_nvme_gpu,,1,16
Tutti-v0.1.1,64,0.134,17564,4096,256,83,18121.188,51587.045,71942144,true,public_local_nvme_gpu,,1,16
Tutti-v0.1.1,64,0.134,17564,4096,256,84,18121.174,51640.034,71942144,true,public_local_nvme_gpu,,1,16
Tutti-v0.1.1,64,0.134,17564,4096,256,85,18099.555,51687.145,71942144,true,public_local_nvme_gpu,,1,16
Tutti-v0.1.1,64,0.134,17564,4096,256,86,18097.05,51354.922,71942144,true,public_local_nvme_gpu,,1,16
Tutti-v0.1.1,64,0.134,17564,4096,256,87,18133.267,51647.671,71942144,true,public_local_nvme_gpu,,1,16
Tutti-v0.1.1,64,0.134,17564,4096,256,88,18120.087,51789.014,71942144,true,public_local_nvme_gpu,,1,16
Tutti-v0.1.1,64,0.134,17564,4096,256,89,18091.039,51679.48,71942144,true,public_local_nvme_gpu,,1,16
Tutti-v0.1.1,64,0.134,17564,4096,256,90,18088.341,51340.7,71942144,true,public_local_nvme_gpu,,1,16
Tutti-v0.1.1,64,0.134,17564,4096,256,91,18131.895,51859.281,71942144,true,public_local_nvme_gpu,,1,16
Tutti-v0.1.1,64,0.134,17564,4096,256,92,18055.291,51386.04,71942144,true,public_local_nvme_gpu,,1,16
Tutti-v0.1.1,64,0.134,17564,4096,256,93,18079.61,51508.956,71942144,true,public_local_nvme_gpu,,1,16
Tutti-v0.1.1,64,0.134,17564,4096,256,94,18126.151,51679.933,71942144,true,public_local_nvme_gpu,,1,16
Tutti-v0.1.1,64,0.134,17564,4096,256,95,18117.902,51493.402,71942144,true,public_local_nvme_gpu,,1,16
Tutti-v0.1.1,64,0.134,17564,4096,256,96,18143.896,51586.343,71942144,true,public_local_nvme_gpu,,1,16
Tutti-v0.1.1,64,0.134,17564,4096,256,97,18136.919,51476.374,71942144,true,public_local_nvme_gpu,,1,16
Tutti-v0.1.1,64,0.134,17564,4096,256,98,18138.55,51503.933,71942144,true,public_local_nvme_gpu,,1,16
Tutti-v0.1.1,64,0.134,17564,4096,256,99,18094.819,51497.559,71942144,true,public_local_nvme_gpu,,1,16
Tutti-v0.1.1,64,0.134,17564,4096,256,100,18123.941,51592.249,71942144,true,public_local_nvme_gpu,,1,16
Tutti-v0.1.1,64,0.134,17564,4096,256,101,18113.266,51593.296,71942144,true,public_local_nvme_gpu,,1,16
Tutti-v0.1.1,64,0.134,17564,4096,256,102,18062.707,51503.285,71942144,true,public_local_nvme_gpu,,1,16
Tutti-v0.1.1,64,0.134,17564,4096,256,103,18157.817,51631.207,71942144,true,public_local_nvme_gpu,,1,16
Tutti-v0.1.1,64,0.134,17564,4096,256,104,18095.45,51644.08,71942144,true,public_local_nvme_gpu,,1,16
Tutti-v0.1.1,64,0.134,17564,4096,256,105,18091.585,51469.988,71942144,true,public_local_nvme_gpu,,1,16
Tutti-v0.1.1,64,0.134,17564,4096,256,106,18095.278,52463.889,71942144,true,public_local_nvme_gpu,,1,16
Tutti-v0.1.1,64,0.134,17564,4096,256,107,18057.751,51726.462,71942144,true,public_local_nvme_gpu,,1,16
Tutti-v0.1.1,64,0.134,17564,4096,256,108,18060.107,51604.354,71942144,true,public_local_nvme_gpu,,1,16
Tutti-v0.1.1,64,0.134,17564,4096,256,109,18080.51,51570.537,71942144,true,public_local_nvme_gpu,,1,16
Tutti-v0.1.1,64,0.134,17564,4096,256,110,18051.616,51538.768,71942144,true,public_local_nvme_gpu,,1,16
Tutti-v0.1.1,64,0.134,17564,4096,256,111,18093.83,51577.329,71942144,true,public_local_nvme_gpu,,1,16
Tutti-v0.1.1,64,0.134,17564,4096,256,112,18174.416,51763.387,71942144,true,public_local_nvme_gpu,,1,16
Tutti-v0.1.1,64,0.134,17564,4096,256,113,18031.371,51509.182,71942144,true,public_local_nvme_gpu,,1,16
Tutti-v0.1.1,64,0.134,17564,4096,256,114,18055.772,51428.573,71942144,true,public_local_nvme_gpu,,1,16
Tutti-v0.1.1,64,0.134,17564,4096,256,115,18093.494,51606.92,71942144,true,public_local_nvme_gpu,,1,16
Tutti-v0.1.1,64,0.134,17564,4096,256,116,18072.323,51411.66,71942144,true,public_local_nvme_gpu,,1,16
Tutti-v0.1.1,64,0.134,17564,4096,256,117,18051.709,51483.818,71942144,true,public_local_nvme_gpu,,1,16
Tutti-v0.1.1,64,0.134,17564,4096,256,118,17923.698,51334.805,71942144,true,public_local_nvme_gpu,,1,16
Tutti-v0.1.1,64,0.134,17564,4096,256,119,18092.561,51596.26,71942144,true,public_local_nvme_gpu,,1,16
Tutti-v0.1.1,64,0.134,17564,4096,256,120,18014.161,51547.163,71942144,true,public_local_nvme_gpu,,1,16
Tutti-v0.1.1,64,0.134,17564,4096,256,121,18088.053,51630.019,71942144,true,public_local_nvme_gpu,,1,16
Tutti-v0.1.1,64,0.134,17564,4096,256,122,18067.535,51594.11,71942144,true,public_local_nvme_gpu,,1,16
Tutti-v0.1.1,64,0.134,17564,4096,256,123,18057.495,51615.504,71942144,true,public_local_nvme_gpu,,1,16
Tutti-v0.1.1,64,0.134,17564,4096,256,124,18119.906,51663.294,71942144,true,public_local_nvme_gpu,,1,16
Tutti-v0.1.1,64,0.134,17564,4096,256,125,18120.624,51623.72,71942144,true,public_local_nvme_gpu,,1,16
Tutti-v0.1.1,64,0.134,17564,4096,256,126,18059.091,51408.888,71942144,true,public_local_nvme_gpu,,1,16
Tutti-v0.1.1,64,0.134,17564,4096,256,127,18068.808,51616.503,71942144,true,public_local_nvme_gpu,,1,16
Tutti-v0.1.1,64,0.134,17564,4096,256,128,18317.518,51924.936,71942144,true,public_local_nvme_gpu,,1,16
Tutti-v0.1.1,64,0.134,17564,4096,256,129,18598.95,52293.61,71942144,true,public_local_nvme_gpu,,1,16
Tutti-v0.1.1,64,0.134,17564,4096,256,130,26060.026,62454.721,71942144,true,public_local_nvme_gpu,,1,16
Tutti-v0.1.1,64,0.134,17564,4096,256,131,26294.063,62870.332,71942144,true,public_local_nvme_gpu,,1,16
Tutti-v0.1.1,64,0.134,17564,4096,256,132,21632.778,56272.458,71942144,true,public_local_nvme_gpu,,1,16
Tutti-v0.1.1,64,0.134,17564,4096,256,133,21536.651,56503.526,71942144,true,public_local_nvme_gpu,,1,16
Tutti-v0.1.1,64,0.134,17564,4096,256,134,21567.891,56363.348,71942144,true,public_local_nvme_gpu,,1,16
Tutti-v0.1.1,64,0.134,17564,4096,256,135,21506.824,56410.406,71942144,true,public_local_nvme_gpu,,1,16
Tutti-v0.1.1,64,0.134,17564,4096,256,136,21477.833,56337.158,71942144,true,public_local_nvme_gpu,,1,16
Tutti-v0.1.1,64,0.134,17564,4096,256,137,21512.805,56441.089,71942144,true,public_local_nvme_gpu,,1,16
Tutti-v0.1.1,64,0.134,17564,4096,256,138,21443.429,56207.471,71942144,true,public_local_nvme_gpu,,1,16
Tutti-v0.1.1,64,0.134,17564,4096,256,139,21490.232,56258.01,71942144,true,public_local_nvme_gpu,,1,16
Tutti-v0.1.1,64,0.134,17564,4096,256,140,21474.273,56401.941,71942144,true,public_local_nvme_gpu,,1,16
Tutti-v0.1.1,64,0.134,17564,4096,256,141,21467.993,56268.359,71942144,true,public_local_nvme_gpu,,1,16
Tutti-v0.1.1,64,0.134,17564,4096,256,142,21465.714,56296.37,71942144,true,public_local_nvme_gpu,,1,16
Tutti-v0.1.1,64,0.134,17564,4096,256,143,21478.921,56273.781,71942144,true,public_local_nvme_gpu,,1,16
Tutti-v0.1.1,64,0.134,17564,4096,256,144,21442.429,56065.548,71942144,true,public_local_nvme_gpu,,1,16
Tutti-v0.1.1,64,0.134,17564,4096,256,145,21439.126,56328.26,71942144,true,public_local_nvme_gpu,,1,16
Tutti-v0.1.1,64,0.134,17564,4096,256,146,21506.533,56156.811,71942144,true,public_local_nvme_gpu,,1,16
Tutti-v0.1.1,64,0.134,17564,4096,256,147,21486.638,56277.184,71942144,true,public_local_nvme_gpu,,1,16
Tutti-v0.1.1,64,0.134,17564,4096,256,148,21470.768,56330.408,71942144,true,public_local_nvme_gpu,,1,16
Tutti-v0.1.1,64,0.134,17564,4096,256,149,21481.763,56214.585,71942144,true,public_local_nvme_gpu,,1,16
Tutti-v0.1.1,64,0.134,17564,4096,256,150,21482.05,56404.243,71942144,true,public_local_nvme_gpu,,1,16
Tutti-v0.1.1,64,0.134,17564,4096,256,151,21500.929,56531.007,71942144,true,public_local_nvme_gpu,,1,16
Tutti-v0.1.1,64,0.134,17564,4096,256,152,21522.402,56364.941,71942144,true,public_local_nvme_gpu,,1,16
Tutti-v0.1.1,64,0.134,17564,4096,256,153,21459.643,56363.948,71942144,true,public_local_nvme_gpu,,1,16
Tutti-v0.1.1,64,0.134,17564,4096,256,154,21511.2,56245.888,71942144,true,public_local_nvme_gpu,,1,16
Tutti-v0.1.1,64,0.134,17564,4096,256,155,21470.935,56203.151,71942144,true,public_local_nvme_gpu,,1,16
Tutti-v0.1.1,64,0.134,17564,4096,256,156,21488.944,56235.342,71942144,true,public_local_nvme_gpu,,1,16
Tutti-v0.1.1,64,0.134,17564,4096,256,157,21471.229,56451.941,71942144,true,public_local_nvme_gpu,,1,16
Tutti-v0.1.1,64,0.134,17564,4096,256,158,21448.767,56319.791,71942144,true,public_local_nvme_gpu,,1,16
Tutti-v0.1.1,64,0.134,17564,4096,256,159,20810.018,55392.226,71942144,true,public_local_nvme_gpu,,1,16
Tutti-v0.1.1,64,0.134,17564,4096,256,160,18128.052,51666.742,71942144,true,public_local_nvme_gpu,,1,16
Tutti-v0.1.1,64,0.134,17564,4096,256,161,18091.991,51602.897,71942144,true,public_local_nvme_gpu,,1,16
Tutti-v0.1.1,64,0.134,17564,4096,256,162,18070.834,51508.988,71942144,true,public_local_nvme_gpu,,1,16
Tutti-v0.1.1,64,0.134,17564,4096,256,163,18147.728,51696.547,71942144,true,public_local_nvme_gpu,,1,16
Tutti-v0.1.1,64,0.134,17564,4096,256,164,18140.855,51541.314,71942144,true,public_local_nvme_gpu,,1,16
Tutti-v0.1.1,64,0.134,17564,4096,256,165,18123.707,51640.3,71942144,true,public_local_nvme_gpu,,1,16
Tutti-v0.1.1,64,0.134,17564,4096,256,166,18120.93,51464.556,71942144,true,public_local_nvme_gpu,,1,16
Tutti-v0.1.1,64,0.134,17564,4096,256,167,18143.662,51700.086,71942144,true,public_local_nvme_gpu,,1,16
Tutti-v0.1.1,64,0.134,17564,4096,256,168,18156.622,51818.425,71942144,true,public_local_nvme_gpu,,1,16
Tutti-v0.1.1,64,0.134,17564,4096,256,169,18091.964,51561.887,71942144,true,public_local_nvme_gpu,,1,16
Tutti-v0.1.1,64,0.134,17564,4096,256,170,18002.904,51457.345,71942144,true,public_local_nvme_gpu,,1,16
Tutti-v0.1.1,64,0.134,17564,4096,256,171,18109.405,51574.961,71942144,true,public_local_nvme_gpu,,1,16
Tutti-v0.1.1,64,0.134,17564,4096,256,172,18174.994,51626.74,71942144,true,public_local_nvme_gpu,,1,16
Tutti-v0.1.1,64,0.134,17564,4096,256,173,18147.27,51630.739,71942144,true,public_local_nvme_gpu,,1,16
Tutti-v0.1.1,64,0.134,17564,4096,256,174,18090.923,51553.149,71942144,true,public_local_nvme_gpu,,1,16
Tutti-v0.1.1,64,0.134,17564,4096,256,175,18105.575,51642.881,71942144,true,public_local_nvme_gpu,,1,16
Tutti-v0.1.1,64,0.134,17564,4096,256,176,18089.758,51622.141,71942144,true,public_local_nvme_gpu,,1,16
Tutti-v0.1.1,64,0.134,17564,4096,256,177,18091.491,51546.122,71942144,true,public_local_nvme_gpu,,1,16
Tutti-v0.1.1,64,0.134,17564,4096,256,178,18056.384,51622.845,71942144,true,public_local_nvme_gpu,,1,16
Tutti-v0.1.1,64,0.134,17564,4096,256,179,18057.976,51731.403,71942144,true,public_local_nvme_gpu,,1,16
Tutti-v0.1.1,64,0.134,17564,4096,256,180,18150.537,51572.447,71942144,true,public_local_nvme_gpu,,1,16
Tutti-v0.1.1,64,0.134,17564,4096,256,181,18121.592,51902.852,71942144,true,public_local_nvme_gpu,,1,16
Tutti-v0.1.1,64,0.134,17564,4096,256,182,18099.474,51728.792,71942144,true,public_local_nvme_gpu,,1,16
Tutti-v0.1.1,64,0.134,17564,4096,256,183,18104.276,51422.533,71942144,true,public_local_nvme_gpu,,1,16
Tutti-v0.1.1,64,0.134,17564,4096,256,184,18047.485,51553.412,71942144,true,public_local_nvme_gpu,,1,16
Tutti-v0.1.1,64,0.134,17564,4096,256,185,18125.739,51906.409,71942144,true,public_local_nvme_gpu,,1,16
Tutti-v0.1.1,64,0.134,17564,4096,256,186,18026.768,51692.256,71942144,true,public_local_nvme_gpu,,1,16
Tutti-v0.1.1,64,0.134,17564,4096,256,187,18151.707,51558.946,71942144,true,public_local_nvme_gpu,,1,16
Tutti-v0.1.1,64,0.134,17564,4096,256,188,18116.457,51715.094,71942144,true,public_local_nvme_gpu,,1,16
Tutti-v0.1.1,64,0.134,17564,4096,256,189,18142.942,51574.259,71942144,true,public_local_nvme_gpu,,1,16
Tutti-v0.1.1,64,0.134,17564,4096,256,190,18117.249,51617.355,71942144,true,public_local_nvme_gpu,,1,16
Tutti-v0.1.1,64,0.134,17564,4096,256,191,18115.815,51478.642,71942144,true,public_local_nvme_gpu,,1,16
Tutti-v0.1.1,64,0.134,17564,4096,256,192,18136.265,51449.606,71942144,true,public_local_nvme_gpu,,1,16
Tutti-v0.1.1,64,0.134,17564,4096,256,193,18110.608,51575.33,71942144,true,public_local_nvme_gpu,,1,16
Tutti-v0.1.1,64,0.134,17564,4096,256,194,18100.214,51666.891,71942144,true,public_local_nvme_gpu,,1,16
Tutti-v0.1.1,64,0.134,17564,4096,256,195,18124.953,51968.549,71942144,true,public_local_nvme_gpu,,1,16
Tutti-v0.1.1,64,0.134,17564,4096,256,196,18065.773,51500.488,71942144,true,public_local_nvme_gpu,,1,16
Tutti-v0.1.1,64,0.134,17564,4096,256,197,18097.487,51679.327,71942144,true,public_local_nvme_gpu,,1,16
Tutti-v0.1.1,64,0.134,17564,4096,256,198,18141.642,51570.532,71942144,true,public_local_nvme_gpu,,1,16
Tutti-v0.1.1,64,0.134,17564,4096,256,199,18122.338,51617.183,71942144,true,public_local_nvme_gpu,,1,16
Tutti-v0.1.1,64,0.134,17564,4096,256,0,18110.75,51819.229,71942144,true,public_local_nvme_gpu,,3,16
Tutti-v0.1.1,64,0.3,39322,4096,256,0,40507.587,115314.602,161062912,true,public_local_nvme_gpu,,2,16
Tutti-v0.1.1,64,0.3,39322,4096,256,0,40545.688,115177.826,161062912,true,public_local_nvme_gpu,,0,16
Tutti-v0.1.1,64,0.3,39322,4096,256,1,40524.068,115753.133,161062912,true,public_local_nvme_gpu,,0,16
Tutti-v0.1.1,64,0.3,39322,4096,256,2,40539.216,115738.799,161062912,true,public_local_nvme_gpu,,0,16
Tutti-v0.1.1,64,0.3,39322,4096,256,3,40489.778,115421.975,161062912,true,public_local_nvme_gpu,,0,16
Tutti-v0.1.1,64,0.3,39322,4096,256,4,40532.081,115454.485,161062912,true,public_local_nvme_gpu,,0,16
Tutti-v0.1.1,64,0.3,39322,4096,256,5,40514.34,115420.156,161062912,true,public_local_nvme_gpu,,0,16
Tutti-v0.1.1,64,0.3,39322,4096,256,6,40624.441,116360.862,161062912,true,public_local_nvme_gpu,,0,16
Tutti-v0.1.1,64,0.3,39322,4096,256,7,40487.017,115340.541,161062912,true,public_local_nvme_gpu,,0,16
Tutti-v0.1.1,64,0.3,39322,4096,256,8,40318.189,115500.523,161062912,true,public_local_nvme_gpu,,0,16
Tutti-v0.1.1,64,0.3,39322,4096,256,9,40521.193,115363.697,161062912,true,public_local_nvme_gpu,,0,16
Tutti-v0.1.1,64,0.3,39322,4096,256,0,40502.677,115158.66,161062912,true,public_local_nvme_gpu,,1,16
Tutti-v0.1.1,64,0.3,39322,4096,256,1,40492.75,115118.638,161062912,true,public_local_nvme_gpu,,1,16
Tutti-v0.1.1,64,0.3,39322,4096,256,2,40531.882,115395.366,161062912,true,public_local_nvme_gpu,,1,16
Tutti-v0.1.1,64,0.3,39322,4096,256,3,40380.726,115158.336,161062912,true,public_local_nvme_gpu,,1,16
Tutti-v0.1.1,64,0.3,39322,4096,256,4,40514.833,115221.394,161062912,true,public_local_nvme_gpu,,1,16
Tutti-v0.1.1,64,0.3,39322,4096,256,5,40462.576,115417.026,161062912,true,public_local_nvme_gpu,,1,16
Tutti-v0.1.1,64,0.3,39322,4096,256,6,40397.427,115157.174,161062912,true,public_local_nvme_gpu,,1,16
Tutti-v0.1.1,64,0.3,39322,4096,256,7,40455.16,115352.458,161062912,true,public_local_nvme_gpu,,1,16
Tutti-v0.1.1,64,0.3,39322,4096,256,8,40571.744,115322.569,161062912,true,public_local_nvme_gpu,,1,16
Tutti-v0.1.1,64,0.3,39322,4096,256,9,40421.13,115323.659,161062912,true,public_local_nvme_gpu,,1,16
Tutti-v0.1.1,64,0.3,39322,4096,256,10,40426.355,115294.937,161062912,true,public_local_nvme_gpu,,1,16
Tutti-v0.1.1,64,0.3,39322,4096,256,11,40571.156,115409.81,161062912,true,public_local_nvme_gpu,,1,16
Tutti-v0.1.1,64,0.3,39322,4096,256,12,40517.703,115341.265,161062912,true,public_local_nvme_gpu,,1,16
Tutti-v0.1.1,64,0.3,39322,4096,256,13,40532.513,115579.359,161062912,true,public_local_nvme_gpu,,1,16
Tutti-v0.1.1,64,0.3,39322,4096,256,14,40372.892,115197.028,161062912,true,public_local_nvme_gpu,,1,16
Tutti-v0.1.1,64,0.3,39322,4096,256,15,40537.445,115453.849,161062912,true,public_local_nvme_gpu,,1,16
Tutti-v0.1.1,64,0.3,39322,4096,256,16,40431.834,115309.872,161062912,true,public_local_nvme_gpu,,1,16
Tutti-v0.1.1,64,0.3,39322,4096,256,17,40571.722,115615.788,161062912,true,public_local_nvme_gpu,,1,16
Tutti-v0.1.1,64,0.3,39322,4096,256,18,40482.718,115238.329,161062912,true,public_local_nvme_gpu,,1,16
Tutti-v0.1.1,64,0.3,39322,4096,256,19,40511.083,115462.507,161062912,true,public_local_nvme_gpu,,1,16
Tutti-v0.1.1,64,0.3,39322,4096,256,20,40446.618,115523.631,161062912,true,public_local_nvme_gpu,,1,16
Tutti-v0.1.1,64,0.3,39322,4096,256,21,40504.851,115475.788,161062912,true,public_local_nvme_gpu,,1,16
Tutti-v0.1.1,64,0.3,39322,4096,256,22,40489.746,115650.714,161062912,true,public_local_nvme_gpu,,1,16
Tutti-v0.1.1,64,0.3,39322,4096,256,23,40526.798,115294.562,161062912,true,public_local_nvme_gpu,,1,16
Tutti-v0.1.1,64,0.3,39322,4096,256,24,40396.289,114878.822,161062912,true,public_local_nvme_gpu,,1,16
Tutti-v0.1.1,64,0.3,39322,4096,256,25,40502.021,115294.898,161062912,true,public_local_nvme_gpu,,1,16
Tutti-v0.1.1,64,0.3,39322,4096,256,26,40571.152,115081.853,161062912,true,public_local_nvme_gpu,,1,16
Tutti-v0.1.1,64,0.3,39322,4096,256,27,40431.098,115299.642,161062912,true,public_local_nvme_gpu,,1,16
Tutti-v0.1.1,64,0.3,39322,4096,256,28,40364.976,114944.786,161062912,true,public_local_nvme_gpu,,1,16
Tutti-v0.1.1,64,0.3,39322,4096,256,29,40363.594,115145.208,161062912,true,public_local_nvme_gpu,,1,16
Tutti-v0.1.1,64,0.3,39322,4096,256,30,40394.479,115113.396,161062912,true,public_local_nvme_gpu,,1,16
Tutti-v0.1.1,64,0.3,39322,4096,256,31,40364.565,115193.066,161062912,true,public_local_nvme_gpu,,1,16
Tutti-v0.1.1,64,0.3,39322,4096,256,32,40099.397,115341.27,161062912,true,public_local_nvme_gpu,,1,16
Tutti-v0.1.1,64,0.3,39322,4096,256,33,40425.148,115365.397,161062912,true,public_local_nvme_gpu,,1,16
Tutti-v0.1.1,64,0.3,39322,4096,256,34,40385.11,115061.252,161062912,true,public_local_nvme_gpu,,1,16
Tutti-v0.1.1,64,0.3,39322,4096,256,35,40516.866,115180.217,161062912,true,public_local_nvme_gpu,,1,16
Tutti-v0.1.1,64,0.3,39322,4096,256,36,40405.917,115334.09,161062912,true,public_local_nvme_gpu,,1,16
Tutti-v0.1.1,64,0.3,39322,4096,256,37,40337.462,114937.98,161062912,true,public_local_nvme_gpu,,1,16
Tutti-v0.1.1,64,0.3,39322,4096,256,38,40349.614,115195.592,161062912,true,public_local_nvme_gpu,,1,16
Tutti-v0.1.1,64,0.3,39322,4096,256,39,40532.936,115485.452,161062912,true,public_local_nvme_gpu,,1,16
Tutti-v0.1.1,64,0.3,39322,4096,256,40,40410.523,115425.942,161062912,true,public_local_nvme_gpu,,1,16
Tutti-v0.1.1,64,0.3,39322,4096,256,41,40461.433,115246.23,161062912,true,public_local_nvme_gpu,,1,16
Tutti-v0.1.1,64,0.3,39322,4096,256,42,40476.26,115555.568,161062912,true,public_local_nvme_gpu,,1,16
Tutti-v0.1.1,64,0.3,39322,4096,256,43,40404.439,115187.732,161062912,true,public_local_nvme_gpu,,1,16
Tutti-v0.1.1,64,0.3,39322,4096,256,44,40407.08,115013.403,161062912,true,public_local_nvme_gpu,,1,16
Tutti-v0.1.1,64,0.3,39322,4096,256,45,40428.707,115071.562,161062912,true,public_local_nvme_gpu,,1,16
Tutti-v0.1.1,64,0.3,39322,4096,256,46,40434.767,114923.384,161062912,true,public_local_nvme_gpu,,1,16
Tutti-v0.1.1,64,0.3,39322,4096,256,47,40467.923,115360.219,161062912,true,public_local_nvme_gpu,,1,16
Tutti-v0.1.1,64,0.3,39322,4096,256,48,40431.295,115245.596,161062912,true,public_local_nvme_gpu,,1,16
Tutti-v0.1.1,64,0.3,39322,4096,256,49,40283.147,114763.475,161062912,true,public_local_nvme_gpu,,1,16
Tutti-v0.1.1,64,0.3,39322,4096,256,50,39859.164,114786.236,161062912,true,public_local_nvme_gpu,,1,16
Tutti-v0.1.1,64,0.3,39322,4096,256,51,40386.279,115016.633,161062912,true,public_local_nvme_gpu,,1,16
Tutti-v0.1.1,64,0.3,39322,4096,256,52,40397.411,115172.106,161062912,true,public_local_nvme_gpu,,1,16
Tutti-v0.1.1,64,0.3,39322,4096,256,53,40497.852,115309.662,161062912,true,public_local_nvme_gpu,,1,16
Tutti-v0.1.1,64,0.3,39322,4096,256,54,40511.292,115134.886,161062912,true,public_local_nvme_gpu,,1,16
Tutti-v0.1.1,64,0.3,39322,4096,256,55,40372.002,115295.413,161062912,true,public_local_nvme_gpu,,1,16
Tutti-v0.1.1,64,0.3,39322,4096,256,56,40393.393,115001.488,161062912,true,public_local_nvme_gpu,,1,16
Tutti-v0.1.1,64,0.3,39322,4096,256,57,40386.612,116188.765,161062912,true,public_local_nvme_gpu,,1,16
Tutti-v0.1.1,64,0.3,39322,4096,256,58,40401.887,115388.775,161062912,true,public_local_nvme_gpu,,1,16
Tutti-v0.1.1,64,0.3,39322,4096,256,59,40389,114932.534,161062912,true,public_local_nvme_gpu,,1,16
Tutti-v0.1.1,64,0.3,39322,4096,256,60,40347.075,114995.998,161062912,true,public_local_nvme_gpu,,1,16
Tutti-v0.1.1,64,0.3,39322,4096,256,61,48319.598,126299.001,161062912,true,public_local_nvme_gpu,,1,16
Tutti-v0.1.1,64,0.3,39322,4096,256,62,48226.299,126023.598,161062912,true,public_local_nvme_gpu,,1,16
Tutti-v0.1.1,64,0.3,39322,4096,256,63,48242.374,126033.393,161062912,true,public_local_nvme_gpu,,1,16
Tutti-v0.1.1,64,0.3,39322,4096,256,64,48231.739,126513.466,161062912,true,public_local_nvme_gpu,,1,16
Tutti-v0.1.1,64,0.3,39322,4096,256,65,48321.834,126142.133,161062912,true,public_local_nvme_gpu,,1,16
Tutti-v0.1.1,64,0.3,39322,4096,256,66,48274.302,126033.23,161062912,true,public_local_nvme_gpu,,1,16
Tutti-v0.1.1,64,0.3,39322,4096,256,67,48313.03,126124.273,161062912,true,public_local_nvme_gpu,,1,16
Tutti-v0.1.1,64,0.3,39322,4096,256,68,48333.613,126114.043,161062912,true,public_local_nvme_gpu,,1,16
Tutti-v0.1.1,64,0.3,39322,4096,256,69,48231.328,126137.33,161062912,true,public_local_nvme_gpu,,1,16
Tutti-v0.1.1,64,0.3,39322,4096,256,70,48224.323,126316.842,161062912,true,public_local_nvme_gpu,,1,16
Tutti-v0.1.1,64,0.3,39322,4096,256,71,48303.049,126413.661,161062912,true,public_local_nvme_gpu,,1,16
Tutti-v0.1.1,64,0.3,39322,4096,256,72,48312.101,126243.109,161062912,true,public_local_nvme_gpu,,1,16
Tutti-v0.1.1,64,0.3,39322,4096,256,73,48335.256,126269.459,161062912,true,public_local_nvme_gpu,,1,16
Tutti-v0.1.1,64,0.3,39322,4096,256,74,48321.86,126570.432,161062912,true,public_local_nvme_gpu,,1,16
Tutti-v0.1.1,64,0.3,39322,4096,256,75,48222.613,126161.168,161062912,true,public_local_nvme_gpu,,1,16
Tutti-v0.1.1,64,0.3,39322,4096,256,76,48197.155,126151.61,161062912,true,public_local_nvme_gpu,,1,16
Tutti-v0.1.1,64,0.3,39322,4096,256,77,48285.249,126317.728,161062912,true,public_local_nvme_gpu,,1,16
Tutti-v0.1.1,64,0.3,39322,4096,256,78,48253.058,126111.811,161062912,true,public_local_nvme_gpu,,1,16
Tutti-v0.1.1,64,0.3,39322,4096,256,79,45525.6,122511.843,161062912,true,public_local_nvme_gpu,,1,16
Tutti-v0.1.1,64,0.3,39322,4096,256,80,40738.688,115770.388,161062912,true,public_local_nvme_gpu,,1,16
Tutti-v0.1.1,64,0.3,39322,4096,256,81,40769.976,115551.458,161062912,true,public_local_nvme_gpu,,1,16
Tutti-v0.1.1,64,0.3,39322,4096,256,82,40670.759,115396.315,161062912,true,public_local_nvme_gpu,,1,16
Tutti-v0.1.1,64,0.3,39322,4096,256,83,40685.488,115910.642,161062912,true,public_local_nvme_gpu,,1,16
Tutti-v0.1.1,64,0.3,39322,4096,256,84,40688.946,115797.575,161062912,true,public_local_nvme_gpu,,1,16
Tutti-v0.1.1,64,0.3,39322,4096,256,85,40664.794,115752.023,161062912,true,public_local_nvme_gpu,,1,16
Tutti-v0.1.1,64,0.3,39322,4096,256,86,40600.766,115530.874,161062912,true,public_local_nvme_gpu,,1,16
Tutti-v0.1.1,64,0.3,39322,4096,256,87,40694.432,115706.578,161062912,true,public_local_nvme_gpu,,1,16
Tutti-v0.1.1,64,0.3,39322,4096,256,88,40563.479,115310.726,161062912,true,public_local_nvme_gpu,,1,16
Tutti-v0.1.1,64,0.3,39322,4096,256,89,40528.21,115504.987,161062912,true,public_local_nvme_gpu,,1,16
Tutti-v0.1.1,64,0.3,39322,4096,256,90,40468.184,115549.377,161062912,true,public_local_nvme_gpu,,1,16
Tutti-v0.1.1,64,0.3,39322,4096,256,91,40542.518,115658.913,161062912,true,public_local_nvme_gpu,,1,16
Tutti-v0.1.1,64,0.3,39322,4096,256,92,40606.665,115445.389,161062912,true,public_local_nvme_gpu,,1,16
Tutti-v0.1.1,64,0.3,39322,4096,256,93,40490.047,115373.329,161062912,true,public_local_nvme_gpu,,1,16
Tutti-v0.1.1,64,0.3,39322,4096,256,94,40422.239,115366.041,161062912,true,public_local_nvme_gpu,,1,16
Tutti-v0.1.1,64,0.3,39322,4096,256,95,40646.676,115789.518,161062912,true,public_local_nvme_gpu,,1,16
Tutti-v0.1.1,64,0.3,39322,4096,256,96,40581.273,115626.816,161062912,true,public_local_nvme_gpu,,1,16
Tutti-v0.1.1,64,0.3,39322,4096,256,97,43248.01,118091.051,161062912,true,public_local_nvme_gpu,,1,16
Tutti-v0.1.1,64,0.3,39322,4096,256,98,40626.542,115615.304,161062912,true,public_local_nvme_gpu,,1,16
Tutti-v0.1.1,64,0.3,39322,4096,256,99,40677.571,115957.362,161062912,true,public_local_nvme_gpu,,1,16
Tutti-v0.1.1,64,0.3,39322,4096,256,100,40705.238,115562.234,161062912,true,public_local_nvme_gpu,,1,16
Tutti-v0.1.1,64,0.3,39322,4096,256,101,40801.935,116136.058,161062912,true,public_local_nvme_gpu,,1,16
Tutti-v0.1.1,64,0.3,39322,4096,256,102,40649.109,115760.946,161062912,true,public_local_nvme_gpu,,1,16
Tutti-v0.1.1,64,0.3,39322,4096,256,103,40624.253,115337.941,161062912,true,public_local_nvme_gpu,,1,16
Tutti-v0.1.1,64,0.3,39322,4096,256,104,40566.985,115671.647,161062912,true,public_local_nvme_gpu,,1,16
Tutti-v0.1.1,64,0.3,39322,4096,256,105,40628.566,115980.605,161062912,true,public_local_nvme_gpu,,1,16
Tutti-v0.1.1,64,0.3,39322,4096,256,106,40639.458,115704.211,161062912,true,public_local_nvme_gpu,,1,16
Tutti-v0.1.1,64,0.3,39322,4096,256,107,40665.471,115712.7,161062912,true,public_local_nvme_gpu,,1,16
Tutti-v0.1.1,64,0.3,39322,4096,256,108,40578.665,115477.521,161062912,true,public_local_nvme_gpu,,1,16
Tutti-v0.1.1,64,0.3,39322,4096,256,109,40466.228,115328.491,161062912,true,public_local_nvme_gpu,,1,16
Tutti-v0.1.1,64,0.3,39322,4096,256,110,40584.196,115404.291,161062912,true,public_local_nvme_gpu,,1,16
Tutti-v0.1.1,64,0.3,39322,4096,256,111,40513.999,115479.685,161062912,true,public_local_nvme_gpu,,1,16
Tutti-v0.1.1,64,0.3,39322,4096,256,112,40506.291,115282.159,161062912,true,public_local_nvme_gpu,,1,16
Tutti-v0.1.1,64,0.3,39322,4096,256,113,40622.642,115276.113,161062912,true,public_local_nvme_gpu,,1,16
Tutti-v0.1.1,64,0.3,39322,4096,256,114,40627.027,115265.327,161062912,true,public_local_nvme_gpu,,1,16
Tutti-v0.1.1,64,0.3,39322,4096,256,115,40502.944,115146.131,161062912,true,public_local_nvme_gpu,,1,16
Tutti-v0.1.1,64,0.3,39322,4096,256,116,40538.247,115213.402,161062912,true,public_local_nvme_gpu,,1,16
Tutti-v0.1.1,64,0.3,39322,4096,256,117,40515.137,115185.769,161062912,true,public_local_nvme_gpu,,1,16
Tutti-v0.1.1,64,0.3,39322,4096,256,118,40427.419,115165.744,161062912,true,public_local_nvme_gpu,,1,16
Tutti-v0.1.1,64,0.3,39322,4096,256,119,40672.841,115328.52,161062912,true,public_local_nvme_gpu,,1,16
Tutti-v0.1.1,64,0.3,39322,4096,256,120,40509.218,115216.891,161062912,true,public_local_nvme_gpu,,1,16
Tutti-v0.1.1,64,0.3,39322,4096,256,121,40635.695,115489.001,161062912,true,public_local_nvme_gpu,,1,16
Tutti-v0.1.1,64,0.3,39322,4096,256,122,40484.225,115444.731,161062912,true,public_local_nvme_gpu,,1,16
Tutti-v0.1.1,64,0.3,39322,4096,256,123,40464.914,115126.913,161062912,true,public_local_nvme_gpu,,1,16
Tutti-v0.1.1,64,0.3,39322,4096,256,124,40529.399,115405.205,161062912,true,public_local_nvme_gpu,,1,16
Tutti-v0.1.1,64,0.3,39322,4096,256,125,40546.189,115720.433,161062912,true,public_local_nvme_gpu,,1,16
Tutti-v0.1.1,64,0.3,39322,4096,256,126,40525.579,115430.393,161062912,true,public_local_nvme_gpu,,1,16
Tutti-v0.1.1,64,0.3,39322,4096,256,127,40507.874,115576.908,161062912,true,public_local_nvme_gpu,,1,16
Tutti-v0.1.1,64,0.3,39322,4096,256,128,40565.997,115727.507,161062912,true,public_local_nvme_gpu,,1,16
Tutti-v0.1.1,64,0.3,39322,4096,256,129,40522.069,115270.923,161062912,true,public_local_nvme_gpu,,1,16
Tutti-v0.1.1,64,0.3,39322,4096,256,130,40646.527,115394.347,161062912,true,public_local_nvme_gpu,,1,16
Tutti-v0.1.1,64,0.3,39322,4096,256,131,40728,115900.453,161062912,true,public_local_nvme_gpu,,1,16
Tutti-v0.1.1,64,0.3,39322,4096,256,132,40646.976,115735.91,161062912,true,public_local_nvme_gpu,,1,16
Tutti-v0.1.1,64,0.3,39322,4096,256,133,40586.255,115308.767,161062912,true,public_local_nvme_gpu,,1,16
Tutti-v0.1.1,64,0.3,39322,4096,256,134,40646.577,115454.123,161062912,true,public_local_nvme_gpu,,1,16
Tutti-v0.1.1,64,0.3,39322,4096,256,135,40618.372,115462.718,161062912,true,public_local_nvme_gpu,,1,16
Tutti-v0.1.1,64,0.3,39322,4096,256,136,40550.303,115531.357,161062912,true,public_local_nvme_gpu,,1,16
Tutti-v0.1.1,64,0.3,39322,4096,256,137,40568.595,115310.657,161062912,true,public_local_nvme_gpu,,1,16
Tutti-v0.1.1,64,0.3,39322,4096,256,138,40567.342,115293.119,161062912,true,public_local_nvme_gpu,,1,16
Tutti-v0.1.1,64,0.3,39322,4096,256,139,40533.2,114948.449,161062912,true,public_local_nvme_gpu,,1,16
Tutti-v0.1.1,64,0.3,39322,4096,256,140,40584.671,114879.829,161062912,true,public_local_nvme_gpu,,1,16
Tutti-v0.1.1,64,0.3,39322,4096,256,141,40539.176,115179.866,161062912,true,public_local_nvme_gpu,,1,16
Tutti-v0.1.1,64,0.3,39322,4096,256,142,40451.307,115050.573,161062912,true,public_local_nvme_gpu,,1,16
Tutti-v0.1.1,64,0.3,39322,4096,256,143,40677.302,115496.008,161062912,true,public_local_nvme_gpu,,1,16
Tutti-v0.1.1,64,0.3,39322,4096,256,144,40660.944,115561.589,161062912,true,public_local_nvme_gpu,,1,16
Tutti-v0.1.1,64,0.3,39322,4096,256,145,40511.287,115284.014,161062912,true,public_local_nvme_gpu,,1,16
Tutti-v0.1.1,64,0.3,39322,4096,256,146,40716.005,115617.109,161062912,true,public_local_nvme_gpu,,1,16
Tutti-v0.1.1,64,0.3,39322,4096,256,147,40675.36,115969.06,161062912,true,public_local_nvme_gpu,,1,16
Tutti-v0.1.1,64,0.3,39322,4096,256,148,40529.68,115405.692,161062912,true,public_local_nvme_gpu,,1,16
Tutti-v0.1.1,64,0.3,39322,4096,256,149,40621.841,116213.555,161062912,true,public_local_nvme_gpu,,1,16
Tutti-v0.1.1,64,0.3,39322,4096,256,150,40563.486,115562.313,161062912,true,public_local_nvme_gpu,,1,16
Tutti-v0.1.1,64,0.3,39322,4096,256,151,40492.231,115180.736,161062912,true,public_local_nvme_gpu,,1,16
Tutti-v0.1.1,64,0.3,39322,4096,256,152,40510.699,115191.864,161062912,true,public_local_nvme_gpu,,1,16
Tutti-v0.1.1,64,0.3,39322,4096,256,153,40640.045,115285.578,161062912,true,public_local_nvme_gpu,,1,16
Tutti-v0.1.1,64,0.3,39322,4096,256,154,41190.491,116315.854,161062912,true,public_local_nvme_gpu,,1,16
Tutti-v0.1.1,64,0.3,39322,4096,256,155,40540.405,115392.923,161062912,true,public_local_nvme_gpu,,1,16
Tutti-v0.1.1,64,0.3,39322,4096,256,156,40617.785,115727.637,161062912,true,public_local_nvme_gpu,,1,16
Tutti-v0.1.1,64,0.3,39322,4096,256,157,40548.481,115451.712,161062912,true,public_local_nvme_gpu,,1,16
Tutti-v0.1.1,64,0.3,39322,4096,256,158,40646.377,115707.065,161062912,true,public_local_nvme_gpu,,1,16
Tutti-v0.1.1,64,0.3,39322,4096,256,159,40727.971,115971.994,161062912,true,public_local_nvme_gpu,,1,16
Tutti-v0.1.1,64,0.3,39322,4096,256,160,40783.604,115662.257,161062912,true,public_local_nvme_gpu,,1,16
Tutti-v0.1.1,64,0.3,39322,4096,256,161,40738.469,115782.423,161062912,true,public_local_nvme_gpu,,1,16
Tutti-v0.1.1,64,0.3,39322,4096,256,162,40659.991,115700.471,161062912,true,public_local_nvme_gpu,,1,16
Tutti-v0.1.1,64,0.3,39322,4096,256,163,40635.072,115921.578,161062912,true,public_local_nvme_gpu,,1,16
Tutti-v0.1.1,64,0.3,39322,4096,256,164,40830.935,115512.934,161062912,true,public_local_nvme_gpu,,1,16
Tutti-v0.1.1,64,0.3,39322,4096,256,165,40656.29,115736.594,161062912,true,public_local_nvme_gpu,,1,16
Tutti-v0.1.1,64,0.3,39322,4096,256,166,40666.253,115420.979,161062912,true,public_local_nvme_gpu,,1,16
Tutti-v0.1.1,64,0.3,39322,4096,256,167,40612.714,115854.08,161062912,true,public_local_nvme_gpu,,1,16
Tutti-v0.1.1,64,0.3,39322,4096,256,168,40685.294,115802.926,161062912,true,public_local_nvme_gpu,,1,16
Tutti-v0.1.1,64,0.3,39322,4096,256,169,40489.553,115063.266,161062912,true,public_local_nvme_gpu,,1,16
Tutti-v0.1.1,64,0.3,39322,4096,256,170,40733.433,115630.144,161062912,true,public_local_nvme_gpu,,1,16
Tutti-v0.1.1,64,0.3,39322,4096,256,171,40694.132,115754.291,161062912,true,public_local_nvme_gpu,,1,16
Tutti-v0.1.1,64,0.3,39322,4096,256,172,40714.43,115734.169,161062912,true,public_local_nvme_gpu,,1,16
Tutti-v0.1.1,64,0.3,39322,4096,256,173,40728.597,115409.583,161062912,true,public_local_nvme_gpu,,1,16
Tutti-v0.1.1,64,0.3,39322,4096,256,174,40643.48,116072.779,161062912,true,public_local_nvme_gpu,,1,16
Tutti-v0.1.1,64,0.3,39322,4096,256,175,40662.557,115542.141,161062912,true,public_local_nvme_gpu,,1,16
Tutti-v0.1.1,64,0.3,39322,4096,256,176,40712.539,115586.282,161062912,true,public_local_nvme_gpu,,1,16
Tutti-v0.1.1,64,0.3,39322,4096,256,177,40681.23,115520.166,161062912,true,public_local_nvme_gpu,,1,16
Tutti-v0.1.1,64,0.3,39322,4096,256,178,40665.209,115714.783,161062912,true,public_local_nvme_gpu,,1,16
Tutti-v0.1.1,64,0.3,39322,4096,256,179,40717.799,115533.886,161062912,true,public_local_nvme_gpu,,1,16
Tutti-v0.1.1,64,0.3,39322,4096,256,180,40643.309,115606.312,161062912,true,public_local_nvme_gpu,,1,16
Tutti-v0.1.1,64,0.3,39322,4096,256,181,40592.599,115583.067,161062912,true,public_local_nvme_gpu,,1,16
Tutti-v0.1.1,64,0.3,39322,4096,256,182,40668.142,115432.181,161062912,true,public_local_nvme_gpu,,1,16
Tutti-v0.1.1,64,0.3,39322,4096,256,183,40756.313,115754.756,161062912,true,public_local_nvme_gpu,,1,16
Tutti-v0.1.1,64,0.3,39322,4096,256,184,40693.12,115548.261,161062912,true,public_local_nvme_gpu,,1,16
Tutti-v0.1.1,64,0.3,39322,4096,256,185,40668.057,116052.21,161062912,true,public_local_nvme_gpu,,1,16
Tutti-v0.1.1,64,0.3,39322,4096,256,186,40730.281,115768.652,161062912,true,public_local_nvme_gpu,,1,16
Tutti-v0.1.1,64,0.3,39322,4096,256,187,40719.881,116163.742,161062912,true,public_local_nvme_gpu,,1,16
Tutti-v0.1.1,64,0.3,39322,4096,256,188,40762.723,115732.58,161062912,true,public_local_nvme_gpu,,1,16
Tutti-v0.1.1,64,0.3,39322,4096,256,189,40573.213,115408.357,161062912,true,public_local_nvme_gpu,,1,16
Tutti-v0.1.1,64,0.3,39322,4096,256,190,40545.289,115233.45,161062912,true,public_local_nvme_gpu,,1,16
Tutti-v0.1.1,64,0.3,39322,4096,256,191,40721.936,116338.22,161062912,true,public_local_nvme_gpu,,1,16
Tutti-v0.1.1,64,0.3,39322,4096,256,192,40526.865,115291.639,161062912,true,public_local_nvme_gpu,,1,16
Tutti-v0.1.1,64,0.3,39322,4096,256,193,40659.765,115533.743,161062912,true,public_local_nvme_gpu,,1,16
Tutti-v0.1.1,64,0.3,39322,4096,256,194,40620.814,115545.92,161062912,true,public_local_nvme_gpu,,1,16
Tutti-v0.1.1,64,0.3,39322,4096,256,195,40597.998,115357.27,161062912,true,public_local_nvme_gpu,,1,16
Tutti-v0.1.1,64,0.3,39322,4096,256,196,40593.661,115657.449,161062912,true,public_local_nvme_gpu,,1,16
Tutti-v0.1.1,64,0.3,39322,4096,256,197,40688.392,115663.25,161062912,true,public_local_nvme_gpu,,1,16
Tutti-v0.1.1,64,0.3,39322,4096,256,198,40586.988,115358.607,161062912,true,public_local_nvme_gpu,,1,16
Tutti-v0.1.1,64,0.3,39322,4096,256,199,40774.866,116691.445,161062912,true,public_local_nvme_gpu,,1,16
Tutti-v0.1.1,64,0.3,39322,4096,256,0,40870.727,115964.463,161062912,true,public_local_nvme_gpu,,3,16
