backend,request_batch,miss_rate,n_reads,io_size,queue_depth,round,submit_us,completion_us,bytes_read,correct,direct_path,error,phase,submission_group
GDS,1,0.067,137,4096,256,0,12313.835,27986.913,561152,true,pending_log_review,,2,16
GDS,1,0.067,137,4096,256,0,195996.743,198119.224,561152,true,pending_log_review,,0,16
GDS,1,0.067,137,4096,256,1,1056.084,4607.059,561152,true,pending_log_review,,0,16
GDS,1,0.067,137,4096,256,2,822.771,936.11,561152,true,pending_log_review,,0,16
GDS,1,0.067,137,4096,256,3,801.615,859.992,561152,true,pending_log_review,,0,16
GDS,1,0.067,137,4096,256,4,728.526,836.805,561152,true,pending_log_review,,0,16
GDS,1,0.067,137,4096,256,5,730.567,830.165,561152,true,pending_log_review,,0,16
GDS,1,0.067,137,4096,256,6,714.217,834.969,561152,true,pending_log_review,,0,16
GDS,1,0.067,137,4096,256,7,727.1,852.724,561152,true,pending_log_review,,0,16
GDS,1,0.067,137,4096,256,8,754.761,891.008,561152,true,pending_log_review,,0,16
GDS,1,0.067,137,4096,256,9,745.298,857.977,561152,true,pending_log_review,,0,16
GDS,1,0.067,137,4096,256,0,622.935,785.343,561152,true,pending_log_review,,1,16
GDS,1,0.067,137,4096,256,1,681.22,796.842,561152,true,pending_log_review,,1,16
GDS,1,0.067,137,4096,256,2,716.541,831.018,561152,true,pending_log_review,,1,16
GDS,1,0.067,137,4096,256,3,651.814,818.348,561152,true,pending_log_review,,1,16
GDS,1,0.067,137,4096,256,4,710.704,3566.676,561152,true,pending_log_review,,1,16
GDS,1,0.067,137,4096,256,5,690.384,796.815,561152,true,pending_log_review,,1,16
GDS,1,0.067,137,4096,256,6,592.963,737.505,561152,true,pending_log_review,,1,16
GDS,1,0.067,137,4096,256,7,648.974,777.52,561152,true,pending_log_review,,1,16
GDS,1,0.067,137,4096,256,8,734.23,839.819,561152,true,pending_log_review,,1,16
GDS,1,0.067,137,4096,256,9,672.588,808.111,561152,true,pending_log_review,,1,16
GDS,1,0.067,137,4096,256,10,692.026,811.537,561152,true,pending_log_review,,1,16
GDS,1,0.067,137,4096,256,11,648.738,756.054,561152,true,pending_log_review,,1,16
GDS,1,0.067,137,4096,256,12,632.752,731.758,561152,true,pending_log_review,,1,16
GDS,1,0.067,137,4096,256,13,644.112,761.486,561152,true,pending_log_review,,1,16
GDS,1,0.067,137,4096,256,14,664.101,804.838,561152,true,pending_log_review,,1,16
GDS,1,0.067,137,4096,256,15,688.393,796.615,561152,true,pending_log_review,,1,16
GDS,1,0.067,137,4096,256,16,685.928,800.356,561152,true,pending_log_review,,1,16
GDS,1,0.067,137,4096,256,17,696.371,840.111,561152,true,pending_log_review,,1,16
GDS,1,0.067,137,4096,256,18,711.043,822.375,561152,true,pending_log_review,,1,16
GDS,1,0.067,137,4096,256,19,710.582,827.363,561152,true,pending_log_review,,1,16
GDS,1,0.067,137,4096,256,20,657.349,744.016,561152,true,pending_log_review,,1,16
GDS,1,0.067,137,4096,256,21,646.429,776.105,561152,true,pending_log_review,,1,16
GDS,1,0.067,137,4096,256,22,686.367,796.115,561152,true,pending_log_review,,1,16
GDS,1,0.067,137,4096,256,23,596.144,779.924,561152,true,pending_log_review,,1,16
GDS,1,0.067,137,4096,256,24,673.28,781.31,561152,true,pending_log_review,,1,16
GDS,1,0.067,137,4096,256,25,645.574,802.708,561152,true,pending_log_review,,1,16
GDS,1,0.067,137,4096,256,26,701.377,834.189,561152,true,pending_log_review,,1,16
GDS,1,0.067,137,4096,256,27,622.817,760.956,561152,true,pending_log_review,,1,16
GDS,1,0.067,137,4096,256,28,654.402,784.035,561152,true,pending_log_review,,1,16
GDS,1,0.067,137,4096,256,29,685.539,824.689,561152,true,pending_log_review,,1,16
GDS,1,0.067,137,4096,256,30,769.705,884.981,561152,true,pending_log_review,,1,16
GDS,1,0.067,137,4096,256,31,673.043,791.508,561152,true,pending_log_review,,1,16
GDS,1,0.067,137,4096,256,32,696.742,798.185,561152,true,pending_log_review,,1,16
GDS,1,0.067,137,4096,256,33,1314.486,1439.35,561152,true,pending_log_review,,1,16
GDS,1,0.067,137,4096,256,34,908.31,1057.715,561152,true,pending_log_review,,1,16
GDS,1,0.067,137,4096,256,35,818.039,883.265,561152,true,pending_log_review,,1,16
GDS,1,0.067,137,4096,256,36,780.876,940.126,561152,true,pending_log_review,,1,16
GDS,1,0.067,137,4096,256,37,822.356,938.743,561152,true,pending_log_review,,1,16
GDS,1,0.067,137,4096,256,38,848.872,960.808,561152,true,pending_log_review,,1,16
GDS,1,0.067,137,4096,256,39,745.812,866.067,561152,true,pending_log_review,,1,16
GDS,1,0.067,137,4096,256,40,790.69,924.819,561152,true,pending_log_review,,1,16
GDS,1,0.067,137,4096,256,41,755.87,875.747,561152,true,pending_log_review,,1,16
GDS,1,0.067,137,4096,256,42,795.788,896.574,561152,true,pending_log_review,,1,16
GDS,1,0.067,137,4096,256,43,723.36,829.01,561152,true,pending_log_review,,1,16
GDS,1,0.067,137,4096,256,44,778.269,903.752,561152,true,pending_log_review,,1,16
GDS,1,0.067,137,4096,256,45,807.726,927.238,561152,true,pending_log_review,,1,16
GDS,1,0.067,137,4096,256,46,767.093,918.246,561152,true,pending_log_review,,1,16
GDS,1,0.067,137,4096,256,47,716.326,840.443,561152,true,pending_log_review,,1,16
GDS,1,0.067,137,4096,256,48,766.226,908.425,561152,true,pending_log_review,,1,16
GDS,1,0.067,137,4096,256,49,710.056,819.836,561152,true,pending_log_review,,1,16
GDS,1,0.067,137,4096,256,50,754.73,859.633,561152,true,pending_log_review,,1,16
GDS,1,0.067,137,4096,256,51,824.305,937.86,561152,true,pending_log_review,,1,16
GDS,1,0.067,137,4096,256,52,727.986,875.001,561152,true,pending_log_review,,1,16
GDS,1,0.067,137,4096,256,53,769.097,912.61,561152,true,pending_log_review,,1,16
GDS,1,0.067,137,4096,256,54,806.68,920.961,561152,true,pending_log_review,,1,16
GDS,1,0.067,137,4096,256,55,797.01,917.561,561152,true,pending_log_review,,1,16
GDS,1,0.067,137,4096,256,56,782.492,904.483,561152,true,pending_log_review,,1,16
GDS,1,0.067,137,4096,256,57,751.066,903.236,561152,true,pending_log_review,,1,16
GDS,1,0.067,137,4096,256,58,691.545,837.603,561152,true,pending_log_review,,1,16
GDS,1,0.067,137,4096,256,59,762.735,867.803,561152,true,pending_log_review,,1,16
GDS,1,0.067,137,4096,256,60,806.14,917.232,561152,true,pending_log_review,,1,16
GDS,1,0.067,137,4096,256,61,769.532,882.134,561152,true,pending_log_review,,1,16
GDS,1,0.067,137,4096,256,62,1081.813,1239.443,561152,true,pending_log_review,,1,16
GDS,1,0.067,137,4096,256,63,852.336,953.87,561152,true,pending_log_review,,1,16
GDS,1,0.067,137,4096,256,64,780.908,938.087,561152,true,pending_log_review,,1,16
GDS,1,0.067,137,4096,256,65,737.318,901.184,561152,true,pending_log_review,,1,16
GDS,1,0.067,137,4096,256,66,820.897,943.787,561152,true,pending_log_review,,1,16
GDS,1,0.067,137,4096,256,67,785.381,916.28,561152,true,pending_log_review,,1,16
GDS,1,0.067,137,4096,256,68,750.49,884.05,561152,true,pending_log_review,,1,16
GDS,1,0.067,137,4096,256,69,783.659,894.162,561152,true,pending_log_review,,1,16
GDS,1,0.067,137,4096,256,70,863.362,1007.948,561152,true,pending_log_review,,1,16
GDS,1,0.067,137,4096,256,71,746.157,871.638,561152,true,pending_log_review,,1,16
GDS,1,0.067,137,4096,256,72,742.639,839.778,561152,true,pending_log_review,,1,16
GDS,1,0.067,137,4096,256,73,779.494,920.32,561152,true,pending_log_review,,1,16
GDS,1,0.067,137,4096,256,74,708.949,814.133,561152,true,pending_log_review,,1,16
GDS,1,0.067,137,4096,256,75,715.065,825.63,561152,true,pending_log_review,,1,16
GDS,1,0.067,137,4096,256,76,760.048,870.383,561152,true,pending_log_review,,1,16
GDS,1,0.067,137,4096,256,77,787.92,937.098,561152,true,pending_log_review,,1,16
GDS,1,0.067,137,4096,256,78,816.86,1701578.079,561152,true,pending_log_review,,1,16
GDS,1,0.067,137,4096,256,79,1032.98,1187.073,561152,true,pending_log_review,,1,16
GDS,1,0.067,137,4096,256,80,846.331,995.005,561152,true,pending_log_review,,1,16
GDS,1,0.067,137,4096,256,81,854.958,971.473,561152,true,pending_log_review,,1,16
GDS,1,0.067,137,4096,256,82,843.198,998.721,561152,true,pending_log_review,,1,16
GDS,1,0.067,137,4096,256,83,799.208,939.327,561152,true,pending_log_review,,1,16
GDS,1,0.067,137,4096,256,84,829.535,941.383,561152,true,pending_log_review,,1,16
GDS,1,0.067,137,4096,256,85,791.633,957.995,561152,true,pending_log_review,,1,16
GDS,1,0.067,137,4096,256,86,846.671,972.713,561152,true,pending_log_review,,1,16
GDS,1,0.067,137,4096,256,87,862.246,976.948,561152,true,pending_log_review,,1,16
GDS,1,0.067,137,4096,256,88,772.632,882.461,561152,true,pending_log_review,,1,16
GDS,1,0.067,137,4096,256,89,768.223,907.733,561152,true,pending_log_review,,1,16
GDS,1,0.067,137,4096,256,90,762.935,882.139,561152,true,pending_log_review,,1,16
GDS,1,0.067,137,4096,256,91,806.658,918.662,561152,true,pending_log_review,,1,16
GDS,1,0.067,137,4096,256,92,829.859,945.241,561152,true,pending_log_review,,1,16
GDS,1,0.067,137,4096,256,93,800.404,918.837,561152,true,pending_log_review,,1,16
GDS,1,0.067,137,4096,256,94,755.076,892.64,561152,true,pending_log_review,,1,16
GDS,1,0.067,137,4096,256,95,833.817,944.073,561152,true,pending_log_review,,1,16
GDS,1,0.067,137,4096,256,96,787.532,915.839,561152,true,pending_log_review,,1,16
GDS,1,0.067,137,4096,256,97,792.007,908.655,561152,true,pending_log_review,,1,16
GDS,1,0.067,137,4096,256,98,760.02,910.173,561152,true,pending_log_review,,1,16
GDS,1,0.067,137,4096,256,99,749.662,922.6,561152,true,pending_log_review,,1,16
GDS,1,0.067,137,4096,256,100,875.759,990.957,561152,true,pending_log_review,,1,16
GDS,1,0.067,137,4096,256,101,800.536,919.299,561152,true,pending_log_review,,1,16
GDS,1,0.067,137,4096,256,102,766.906,911.165,561152,true,pending_log_review,,1,16
GDS,1,0.067,137,4096,256,103,757.975,829.94,561152,true,pending_log_review,,1,16
GDS,1,0.067,137,4096,256,104,774.921,886.173,561152,true,pending_log_review,,1,16
GDS,1,0.067,137,4096,256,105,783.241,880.4,561152,true,pending_log_review,,1,16
GDS,1,0.067,137,4096,256,106,821.149,937,561152,true,pending_log_review,,1,16
GDS,1,0.067,137,4096,256,107,799.336,946.618,561152,true,pending_log_review,,1,16
GDS,1,0.067,137,4096,256,108,851.806,978.307,561152,true,pending_log_review,,1,16
GDS,1,0.067,137,4096,256,109,835.785,959.999,561152,true,pending_log_review,,1,16
GDS,1,0.067,137,4096,256,110,767.281,888.611,561152,true,pending_log_review,,1,16
GDS,1,0.067,137,4096,256,111,811.969,929.048,561152,true,pending_log_review,,1,16
GDS,1,0.067,137,4096,256,112,815.129,923.534,561152,true,pending_log_review,,1,16
GDS,1,0.067,137,4096,256,113,751.221,873.178,561152,true,pending_log_review,,1,16
GDS,1,0.067,137,4096,256,114,784.966,886.682,561152,true,pending_log_review,,1,16
GDS,1,0.067,137,4096,256,115,802.195,897.463,561152,true,pending_log_review,,1,16
GDS,1,0.067,137,4096,256,116,787.786,914.276,561152,true,pending_log_review,,1,16
GDS,1,0.067,137,4096,256,117,776.583,890.48,561152,true,pending_log_review,,1,16
GDS,1,0.067,137,4096,256,118,747.903,884.034,561152,true,pending_log_review,,1,16
GDS,1,0.067,137,4096,256,119,832.701,955.391,561152,true,pending_log_review,,1,16
GDS,1,0.067,137,4096,256,120,799.227,903.662,561152,true,pending_log_review,,1,16
GDS,1,0.067,137,4096,256,121,760.657,883.315,561152,true,pending_log_review,,1,16
GDS,1,0.067,137,4096,256,122,757.994,882.406,561152,true,pending_log_review,,1,16
GDS,1,0.067,137,4096,256,123,766.276,898.95,561152,true,pending_log_review,,1,16
GDS,1,0.067,137,4096,256,124,751.767,882.766,561152,true,pending_log_review,,1,16
GDS,1,0.067,137,4096,256,125,763.347,891.473,561152,true,pending_log_review,,1,16
GDS,1,0.067,137,4096,256,126,752.463,862.286,561152,true,pending_log_review,,1,16
GDS,1,0.067,137,4096,256,127,815.603,939.443,561152,true,pending_log_review,,1,16
GDS,1,0.067,137,4096,256,128,751.74,887.804,561152,true,pending_log_review,,1,16
GDS,1,0.067,137,4096,256,129,833.989,956.6,561152,true,pending_log_review,,1,16
GDS,1,0.067,137,4096,256,130,752.507,868.193,561152,true,pending_log_review,,1,16
GDS,1,0.067,137,4096,256,131,803.522,927.476,561152,true,pending_log_review,,1,16
GDS,1,0.067,137,4096,256,132,764.77,898.322,561152,true,pending_log_review,,1,16
GDS,1,0.067,137,4096,256,133,825.241,971.893,561152,true,pending_log_review,,1,16
GDS,1,0.067,137,4096,256,134,771.951,873.748,561152,true,pending_log_review,,1,16
GDS,1,0.067,137,4096,256,135,892.063,1001.901,561152,true,pending_log_review,,1,16
GDS,1,0.067,137,4096,256,136,821.871,937.064,561152,true,pending_log_review,,1,16
GDS,1,0.067,137,4096,256,137,823.806,932.884,561152,true,pending_log_review,,1,16
GDS,1,0.067,137,4096,256,138,819.687,945.699,561152,true,pending_log_review,,1,16
GDS,1,0.067,137,4096,256,139,778.875,914.743,561152,true,pending_log_review,,1,16
GDS,1,0.067,137,4096,256,140,803.026,940.566,561152,true,pending_log_review,,1,16
GDS,1,0.067,137,4096,256,141,801.571,921.808,561152,true,pending_log_review,,1,16
GDS,1,0.067,137,4096,256,142,821.182,992.914,561152,true,pending_log_review,,1,16
GDS,1,0.067,137,4096,256,143,742.452,870.541,561152,true,pending_log_review,,1,16
GDS,1,0.067,137,4096,256,144,836.283,955.019,561152,true,pending_log_review,,1,16
GDS,1,0.067,137,4096,256,145,746.145,854.807,561152,true,pending_log_review,,1,16
GDS,1,0.067,137,4096,256,146,772.105,896.388,561152,true,pending_log_review,,1,16
GDS,1,0.067,137,4096,256,147,799.995,937.268,561152,true,pending_log_review,,1,16
GDS,1,0.067,137,4096,256,148,777.305,885.346,561152,true,pending_log_review,,1,16
GDS,1,0.067,137,4096,256,149,836.232,949.971,561152,true,pending_log_review,,1,16
GDS,1,0.067,137,4096,256,150,878.448,976.042,561152,true,pending_log_review,,1,16
GDS,1,0.067,137,4096,256,151,787.342,915.304,561152,true,pending_log_review,,1,16
GDS,1,0.067,137,4096,256,152,786.273,882.574,561152,true,pending_log_review,,1,16
GDS,1,0.067,137,4096,256,153,801.336,930.983,561152,true,pending_log_review,,1,16
GDS,1,0.067,137,4096,256,154,802.18,917.611,561152,true,pending_log_review,,1,16
GDS,1,0.067,137,4096,256,155,757.261,881.255,561152,true,pending_log_review,,1,16
GDS,1,0.067,137,4096,256,156,761.267,889.661,561152,true,pending_log_review,,1,16
GDS,1,0.067,137,4096,256,157,746.361,854.67,561152,true,pending_log_review,,1,16
GDS,1,0.067,137,4096,256,158,784.822,919.691,561152,true,pending_log_review,,1,16
GDS,1,0.067,137,4096,256,159,766.991,911.313,561152,true,pending_log_review,,1,16
GDS,1,0.067,137,4096,256,160,738.353,862.623,561152,true,pending_log_review,,1,16
GDS,1,0.067,137,4096,256,161,806.768,935.458,561152,true,pending_log_review,,1,16
GDS,1,0.067,137,4096,256,162,761.39,864.194,561152,true,pending_log_review,,1,16
GDS,1,0.067,137,4096,256,163,833.234,950.365,561152,true,pending_log_review,,1,16
GDS,1,0.067,137,4096,256,164,780.644,886.299,561152,true,pending_log_review,,1,16
GDS,1,0.067,137,4096,256,165,791.435,893.168,561152,true,pending_log_review,,1,16
GDS,1,0.067,137,4096,256,166,826.232,955.083,561152,true,pending_log_review,,1,16
GDS,1,0.067,137,4096,256,167,900.565,1003.213,561152,true,pending_log_review,,1,16
GDS,1,0.067,137,4096,256,168,783.644,893.445,561152,true,pending_log_review,,1,16
GDS,1,0.067,137,4096,256,169,711.075,809.846,561152,true,pending_log_review,,1,16
GDS,1,0.067,137,4096,256,170,654.435,760.727,561152,true,pending_log_review,,1,16
GDS,1,0.067,137,4096,256,171,680.492,786.615,561152,true,pending_log_review,,1,16
GDS,1,0.067,137,4096,256,172,660.887,2157.339,561152,true,pending_log_review,,1,16
GDS,1,0.067,137,4096,256,173,651.569,863.437,561152,true,pending_log_review,,1,16
GDS,1,0.067,137,4096,256,174,660.91,782.033,561152,true,pending_log_review,,1,16
GDS,1,0.067,137,4096,256,175,672.568,805.281,561152,true,pending_log_review,,1,16
GDS,1,0.067,137,4096,256,176,629.88,753.833,561152,true,pending_log_review,,1,16
GDS,1,0.067,137,4096,256,177,564.703,734.688,561152,true,pending_log_review,,1,16
GDS,1,0.067,137,4096,256,178,695.096,816.949,561152,true,pending_log_review,,1,16
GDS,1,0.067,137,4096,256,179,652.022,769.729,561152,true,pending_log_review,,1,16
GDS,1,0.067,137,4096,256,180,679.001,813.559,561152,true,pending_log_review,,1,16
GDS,1,0.067,137,4096,256,181,707.691,837.903,561152,true,pending_log_review,,1,16
GDS,1,0.067,137,4096,256,182,597.697,709.327,561152,true,pending_log_review,,1,16
GDS,1,0.067,137,4096,256,183,646.301,781.91,561152,true,pending_log_review,,1,16
GDS,1,0.067,137,4096,256,184,632.369,737.447,561152,true,pending_log_review,,1,16
GDS,1,0.067,137,4096,256,185,688.095,828.336,561152,true,pending_log_review,,1,16
GDS,1,0.067,137,4096,256,186,630.15,751.043,561152,true,pending_log_review,,1,16
GDS,1,0.067,137,4096,256,187,646.527,764.835,561152,true,pending_log_review,,1,16
GDS,1,0.067,137,4096,256,188,630.114,735.66,561152,true,pending_log_review,,1,16
GDS,1,0.067,137,4096,256,189,640.412,736.649,561152,true,pending_log_review,,1,16
GDS,1,0.067,137,4096,256,190,656.658,827.969,561152,true,pending_log_review,,1,16
GDS,1,0.067,137,4096,256,191,679.055,800.715,561152,true,pending_log_review,,1,16
GDS,1,0.067,137,4096,256,192,675.536,781.943,561152,true,pending_log_review,,1,16
GDS,1,0.067,137,4096,256,193,677.727,804.428,561152,true,pending_log_review,,1,16
GDS,1,0.067,137,4096,256,194,662.139,815.558,561152,true,pending_log_review,,1,16
GDS,1,0.067,137,4096,256,195,648.605,753.069,561152,true,pending_log_review,,1,16
GDS,1,0.067,137,4096,256,196,641.659,770.175,561152,true,pending_log_review,,1,16
GDS,1,0.067,137,4096,256,197,625.799,786.661,561152,true,pending_log_review,,1,16
GDS,1,0.067,137,4096,256,198,706.143,837.932,561152,true,pending_log_review,,1,16
GDS,1,0.067,137,4096,256,199,640.071,769.333,561152,true,pending_log_review,,1,16
GDS,1,0.067,137,4096,256,0,667.383,789.306,561152,true,pending_log_review,,3,16
GDS,1,0.134,274,4096,256,0,3867.219,17583.98,1122304,true,pending_log_review,,2,16
GDS,1,0.134,274,4096,256,0,1439.705,2742.331,1122304,true,pending_log_review,,0,16
GDS,1,0.134,274,4096,256,1,1676.076,3581.185,1122304,true,pending_log_review,,0,16
GDS,1,0.134,274,4096,256,2,4386.086,6836.1,1122304,true,pending_log_review,,0,16
GDS,1,0.134,274,4096,256,3,1406.94,3778.892,1122304,true,pending_log_review,,0,16
GDS,1,0.134,274,4096,256,4,2086.667,4444.855,1122304,true,pending_log_review,,0,16
GDS,1,0.134,274,4096,256,5,1284.422,1690.556,1122304,true,pending_log_review,,0,16
GDS,1,0.134,274,4096,256,6,1390.576,1748.822,1122304,true,pending_log_review,,0,16
GDS,1,0.134,274,4096,256,7,1355.563,4263.551,1122304,true,pending_log_review,,0,16
GDS,1,0.134,274,4096,256,8,1361.484,1582.224,1122304,true,pending_log_review,,0,16
GDS,1,0.134,274,4096,256,9,1290.911,1587.204,1122304,true,pending_log_review,,0,16
GDS,1,0.134,274,4096,256,0,1221.129,1580.775,1122304,true,pending_log_review,,1,16
GDS,1,0.134,274,4096,256,1,1224.692,1595.338,1122304,true,pending_log_review,,1,16
GDS,1,0.134,274,4096,256,2,1285.782,1660.303,1122304,true,pending_log_review,,1,16
GDS,1,0.134,274,4096,256,3,1273.984,1559.106,1122304,true,pending_log_review,,1,16
GDS,1,0.134,274,4096,256,4,1250.429,1522.615,1122304,true,pending_log_review,,1,16
GDS,1,0.134,274,4096,256,5,1320.791,1610.13,1122304,true,pending_log_review,,1,16
GDS,1,0.134,274,4096,256,6,1245.921,1571.096,1122304,true,pending_log_review,,1,16
GDS,1,0.134,274,4096,256,7,1224.158,1515.78,1122304,true,pending_log_review,,1,16
GDS,1,0.134,274,4096,256,8,1280.334,1597.79,1122304,true,pending_log_review,,1,16
GDS,1,0.134,274,4096,256,9,1141.46,1529.73,1122304,true,pending_log_review,,1,16
GDS,1,0.134,274,4096,256,10,1200.49,2192.398,1122304,true,pending_log_review,,1,16
GDS,1,0.134,274,4096,256,11,1173.372,1536.548,1122304,true,pending_log_review,,1,16
GDS,1,0.134,274,4096,256,12,1130.09,1439.146,1122304,true,pending_log_review,,1,16
GDS,1,0.134,274,4096,256,13,1210.189,1571.788,1122304,true,pending_log_review,,1,16
GDS,1,0.134,274,4096,256,14,1339.357,4348.623,1122304,true,pending_log_review,,1,16
GDS,1,0.134,274,4096,256,15,1195.115,1518.343,1122304,true,pending_log_review,,1,16
GDS,1,0.134,274,4096,256,16,1183.887,1546.358,1122304,true,pending_log_review,,1,16
GDS,1,0.134,274,4096,256,17,1260.664,1506.533,1122304,true,pending_log_review,,1,16
GDS,1,0.134,274,4096,256,18,1337.328,1612.379,1122304,true,pending_log_review,,1,16
GDS,1,0.134,274,4096,256,19,1137.682,1562.889,1122304,true,pending_log_review,,1,16
GDS,1,0.134,274,4096,256,20,1123.31,1540.819,1122304,true,pending_log_review,,1,16
GDS,1,0.134,274,4096,256,21,1283.386,1479.8,1122304,true,pending_log_review,,1,16
GDS,1,0.134,274,4096,256,22,1122.997,1417.134,1122304,true,pending_log_review,,1,16
GDS,1,0.134,274,4096,256,23,1160.389,1461.244,1122304,true,pending_log_review,,1,16
GDS,1,0.134,274,4096,256,24,1302.573,1499.659,1122304,true,pending_log_review,,1,16
GDS,1,0.134,274,4096,256,25,1171.714,1530.076,1122304,true,pending_log_review,,1,16
GDS,1,0.134,274,4096,256,26,1154,1496.218,1122304,true,pending_log_review,,1,16
GDS,1,0.134,274,4096,256,27,1247.049,1546.357,1122304,true,pending_log_review,,1,16
GDS,1,0.134,274,4096,256,28,1278.144,1570.049,1122304,true,pending_log_review,,1,16
GDS,1,0.134,274,4096,256,29,1224.483,1470.161,1122304,true,pending_log_review,,1,16
GDS,1,0.134,274,4096,256,30,1171.349,1520.349,1122304,true,pending_log_review,,1,16
GDS,1,0.134,274,4096,256,31,1271.331,1534.62,1122304,true,pending_log_review,,1,16
GDS,1,0.134,274,4096,256,32,1092.6,1533.495,1122304,true,pending_log_review,,1,16
GDS,1,0.134,274,4096,256,33,1188.394,1416.739,1122304,true,pending_log_review,,1,16
GDS,1,0.134,274,4096,256,34,1285.216,1656.353,1122304,true,pending_log_review,,1,16
GDS,1,0.134,274,4096,256,35,1256.185,3691.94,1122304,true,pending_log_review,,1,16
GDS,1,0.134,274,4096,256,36,1292.373,1623.721,1122304,true,pending_log_review,,1,16
GDS,1,0.134,274,4096,256,37,1119.135,1485.62,1122304,true,pending_log_review,,1,16
GDS,1,0.134,274,4096,256,38,1237.048,1540.086,1122304,true,pending_log_review,,1,16
GDS,1,0.134,274,4096,256,39,1186.963,1623.573,1122304,true,pending_log_review,,1,16
GDS,1,0.134,274,4096,256,40,1189.708,1564.496,1122304,true,pending_log_review,,1,16
GDS,1,0.134,274,4096,256,41,1252.691,1650.267,1122304,true,pending_log_review,,1,16
GDS,1,0.134,274,4096,256,42,1199.92,1549.783,1122304,true,pending_log_review,,1,16
GDS,1,0.134,274,4096,256,43,1665.986,4793.168,1122304,true,pending_log_review,,1,16
GDS,1,0.134,274,4096,256,44,1269.064,1623.193,1122304,true,pending_log_review,,1,16
GDS,1,0.134,274,4096,256,45,1326.688,1613.92,1122304,true,pending_log_review,,1,16
GDS,1,0.134,274,4096,256,46,1163.065,1473.77,1122304,true,pending_log_review,,1,16
GDS,1,0.134,274,4096,256,47,1343.175,1608.71,1122304,true,pending_log_review,,1,16
GDS,1,0.134,274,4096,256,48,1173.815,1467.327,1122304,true,pending_log_review,,1,16
GDS,1,0.134,274,4096,256,49,1174.552,1471.451,1122304,true,pending_log_review,,1,16
GDS,1,0.134,274,4096,256,50,1415.627,1555.307,1122304,true,pending_log_review,,1,16
GDS,1,0.134,274,4096,256,51,1270.623,1608.096,1122304,true,pending_log_review,,1,16
GDS,1,0.134,274,4096,256,52,1244.918,1612.994,1122304,true,pending_log_review,,1,16
GDS,1,0.134,274,4096,256,53,2950.953,6062.029,1122304,true,pending_log_review,,1,16
GDS,1,0.134,274,4096,256,54,1387.364,1616.677,1122304,true,pending_log_review,,1,16
GDS,1,0.134,274,4096,256,55,1280.278,1618.297,1122304,true,pending_log_review,,1,16
GDS,1,0.134,274,4096,256,56,1250.169,1612.988,1122304,true,pending_log_review,,1,16
GDS,1,0.134,274,4096,256,57,1195.224,1509.657,1122304,true,pending_log_review,,1,16
GDS,1,0.134,274,4096,256,58,1269.782,1577.186,1122304,true,pending_log_review,,1,16
GDS,1,0.134,274,4096,256,59,1251.458,1577.481,1122304,true,pending_log_review,,1,16
GDS,1,0.134,274,4096,256,60,1243.201,1545.28,1122304,true,pending_log_review,,1,16
GDS,1,0.134,274,4096,256,61,1269.411,1553.981,1122304,true,pending_log_review,,1,16
GDS,1,0.134,274,4096,256,62,1124.337,1445.691,1122304,true,pending_log_review,,1,16
GDS,1,0.134,274,4096,256,63,1292.859,1553.137,1122304,true,pending_log_review,,1,16
GDS,1,0.134,274,4096,256,64,1305.196,1551.509,1122304,true,pending_log_review,,1,16
GDS,1,0.134,274,4096,256,65,1888.124,2048.447,1122304,true,pending_log_review,,1,16
GDS,1,0.134,274,4096,256,66,1256.357,1607.361,1122304,true,pending_log_review,,1,16
GDS,1,0.134,274,4096,256,67,1277.978,1499.029,1122304,true,pending_log_review,,1,16
GDS,1,0.134,274,4096,256,68,1255.372,1648.018,1122304,true,pending_log_review,,1,16
GDS,1,0.134,274,4096,256,69,1192.954,1646.072,1122304,true,pending_log_review,,1,16
GDS,1,0.134,274,4096,256,70,1156.636,1511.399,1122304,true,pending_log_review,,1,16
GDS,1,0.134,274,4096,256,71,1143.638,1533.451,1122304,true,pending_log_review,,1,16
GDS,1,0.134,274,4096,256,72,1163.025,1558.978,1122304,true,pending_log_review,,1,16
GDS,1,0.134,274,4096,256,73,1185.45,1608.713,1122304,true,pending_log_review,,1,16
GDS,1,0.134,274,4096,256,74,1256.167,1530.951,1122304,true,pending_log_review,,1,16
GDS,1,0.134,274,4096,256,75,1163.437,1522.796,1122304,true,pending_log_review,,1,16
GDS,1,0.134,274,4096,256,76,1341.967,1574.157,1122304,true,pending_log_review,,1,16
GDS,1,0.134,274,4096,256,77,1235.164,1486.668,1122304,true,pending_log_review,,1,16
GDS,1,0.134,274,4096,256,78,1217.569,1507.906,1122304,true,pending_log_review,,1,16
GDS,1,0.134,274,4096,256,79,1147.299,1383.291,1122304,true,pending_log_review,,1,16
GDS,1,0.134,274,4096,256,80,1184.406,1439.074,1122304,true,pending_log_review,,1,16
GDS,1,0.134,274,4096,256,81,1171.158,1372.284,1122304,true,pending_log_review,,1,16
GDS,1,0.134,274,4096,256,82,1221.847,1534.678,1122304,true,pending_log_review,,1,16
GDS,1,0.134,274,4096,256,83,1134.807,1408.022,1122304,true,pending_log_review,,1,16
GDS,1,0.134,274,4096,256,84,1257.566,1524.515,1122304,true,pending_log_review,,1,16
GDS,1,0.134,274,4096,256,85,1179.03,1538.363,1122304,true,pending_log_review,,1,16
GDS,1,0.134,274,4096,256,86,1251.752,1665.949,1122304,true,pending_log_review,,1,16
GDS,1,0.134,274,4096,256,87,1364.213,1621.455,1122304,true,pending_log_review,,1,16
GDS,1,0.134,274,4096,256,88,2638.893,2888.762,1122304,true,pending_log_review,,1,16
GDS,1,0.134,274,4096,256,89,1176.905,1501.851,1122304,true,pending_log_review,,1,16
GDS,1,0.134,274,4096,256,90,1252.315,1614.38,1122304,true,pending_log_review,,1,16
GDS,1,0.134,274,4096,256,91,1198.29,1568.24,1122304,true,pending_log_review,,1,16
GDS,1,0.134,274,4096,256,92,1250.3,1604.783,1122304,true,pending_log_review,,1,16
GDS,1,0.134,274,4096,256,93,1232.675,1619.506,1122304,true,pending_log_review,,1,16
GDS,1,0.134,274,4096,256,94,1245.809,1571.79,1122304,true,pending_log_review,,1,16
GDS,1,0.134,274,4096,256,95,1246.932,1562.094,1122304,true,pending_log_review,,1,16
GDS,1,0.134,274,4096,256,96,1357.119,1574.849,1122304,true,pending_log_review,,1,16
GDS,1,0.134,274,4096,256,97,1219.583,1464.167,1122304,true,pending_log_review,,1,16
GDS,1,0.134,274,4096,256,98,1144.058,1486.195,1122304,true,pending_log_review,,1,16
GDS,1,0.134,274,4096,256,99,1151.771,1530.902,1122304,true,pending_log_review,,1,16
GDS,1,0.134,274,4096,256,100,1220.118,1573.243,1122304,true,pending_log_review,,1,16
GDS,1,0.134,274,4096,256,101,1250.651,1525.416,1122304,true,pending_log_review,,1,16
GDS,1,0.134,274,4096,256,102,1229.557,1561.917,1122304,true,pending_log_review,,1,16
GDS,1,0.134,274,4096,256,103,1233.614,1545.674,1122304,true,pending_log_review,,1,16
GDS,1,0.134,274,4096,256,104,1191.851,1443.199,1122304,true,pending_log_review,,1,16
GDS,1,0.134,274,4096,256,105,1339.591,1568.281,1122304,true,pending_log_review,,1,16
GDS,1,0.134,274,4096,256,106,1099.345,1544.738,1122304,true,pending_log_review,,1,16
GDS,1,0.134,274,4096,256,107,1208.408,1573.137,1122304,true,pending_log_review,,1,16
GDS,1,0.134,274,4096,256,108,1178.58,1443.484,1122304,true,pending_log_review,,1,16
GDS,1,0.134,274,4096,256,109,1305.17,1582.101,1122304,true,pending_log_review,,1,16
GDS,1,0.134,274,4096,256,110,1230.306,1502.544,1122304,true,pending_log_review,,1,16
GDS,1,0.134,274,4096,256,111,1239.077,1529.645,1122304,true,pending_log_review,,1,16
GDS,1,0.134,274,4096,256,112,1189.985,1615.986,1122304,true,pending_log_review,,1,16
GDS,1,0.134,274,4096,256,113,1148.252,1465.443,1122304,true,pending_log_review,,1,16
GDS,1,0.134,274,4096,256,114,1147.635,1500.013,1122304,true,pending_log_review,,1,16
GDS,1,0.134,274,4096,256,115,1301.378,1553.007,1122304,true,pending_log_review,,1,16
GDS,1,0.134,274,4096,256,116,1179.641,1510.514,1122304,true,pending_log_review,,1,16
GDS,1,0.134,274,4096,256,117,1368.395,1627.854,1122304,true,pending_log_review,,1,16
GDS,1,0.134,274,4096,256,118,1269.333,1517.534,1122304,true,pending_log_review,,1,16
GDS,1,0.134,274,4096,256,119,1257.327,1574.748,1122304,true,pending_log_review,,1,16
GDS,1,0.134,274,4096,256,120,1244.058,1549.078,1122304,true,pending_log_review,,1,16
GDS,1,0.134,274,4096,256,121,1235.114,1544.975,1122304,true,pending_log_review,,1,16
GDS,1,0.134,274,4096,256,122,1285.526,1547.83,1122304,true,pending_log_review,,1,16
GDS,1,0.134,274,4096,256,123,1235.756,1529.218,1122304,true,pending_log_review,,1,16
GDS,1,0.134,274,4096,256,124,1182.708,1509.759,1122304,true,pending_log_review,,1,16
GDS,1,0.134,274,4096,256,125,1269.434,1570.606,1122304,true,pending_log_review,,1,16
GDS,1,0.134,274,4096,256,126,1226.545,1486.402,1122304,true,pending_log_review,,1,16
GDS,1,0.134,274,4096,256,127,1167.513,1526.15,1122304,true,pending_log_review,,1,16
GDS,1,0.134,274,4096,256,128,1242.713,1597.778,1122304,true,pending_log_review,,1,16
GDS,1,0.134,274,4096,256,129,1184.325,1546.039,1122304,true,pending_log_review,,1,16
GDS,1,0.134,274,4096,256,130,1315.744,1614.129,1122304,true,pending_log_review,,1,16
GDS,1,0.134,274,4096,256,131,1223.356,1542.478,1122304,true,pending_log_review,,1,16
GDS,1,0.134,274,4096,256,132,1096.4,1497.484,1122304,true,pending_log_review,,1,16
GDS,1,0.134,274,4096,256,133,1170.271,1455.538,1122304,true,pending_log_review,,1,16
GDS,1,0.134,274,4096,256,134,1152.486,1491.457,1122304,true,pending_log_review,,1,16
GDS,1,0.134,274,4096,256,135,1244.227,1430.801,1122304,true,pending_log_review,,1,16
GDS,1,0.134,274,4096,256,136,1200.735,1530.729,1122304,true,pending_log_review,,1,16
GDS,1,0.134,274,4096,256,137,1292.245,1534.563,1122304,true,pending_log_review,,1,16
GDS,1,0.134,274,4096,256,138,2523.857,2743.696,1122304,true,pending_log_review,,1,16
GDS,1,0.134,274,4096,256,139,1297.961,1461.703,1122304,true,pending_log_review,,1,16
GDS,1,0.134,274,4096,256,140,1161.37,1381.452,1122304,true,pending_log_review,,1,16
GDS,1,0.134,274,4096,256,141,1253.403,1565.842,1122304,true,pending_log_review,,1,16
GDS,1,0.134,274,4096,256,142,1235.967,1430.381,1122304,true,pending_log_review,,1,16
GDS,1,0.134,274,4096,256,143,1327.069,1550.667,1122304,true,pending_log_review,,1,16
GDS,1,0.134,274,4096,256,144,1249.162,1477.465,1122304,true,pending_log_review,,1,16
GDS,1,0.134,274,4096,256,145,1156.218,1363.512,1122304,true,pending_log_review,,1,16
GDS,1,0.134,274,4096,256,146,1322.588,1536.998,1122304,true,pending_log_review,,1,16
GDS,1,0.134,274,4096,256,147,1180.311,1529.249,1122304,true,pending_log_review,,1,16
GDS,1,0.134,274,4096,256,148,1135.916,1333.184,1122304,true,pending_log_review,,1,16
GDS,1,0.134,274,4096,256,149,1407.461,1567.464,1122304,true,pending_log_review,,1,16
GDS,1,0.134,274,4096,256,150,1298.412,1536.089,1122304,true,pending_log_review,,1,16
GDS,1,0.134,274,4096,256,151,1265.231,1474.367,1122304,true,pending_log_review,,1,16
GDS,1,0.134,274,4096,256,152,1157.502,1426.797,1122304,true,pending_log_review,,1,16
GDS,1,0.134,274,4096,256,153,1278.09,1538.295,1122304,true,pending_log_review,,1,16
GDS,1,0.134,274,4096,256,154,1136.403,1402.768,1122304,true,pending_log_review,,1,16
GDS,1,0.134,274,4096,256,155,1254.329,1445.788,1122304,true,pending_log_review,,1,16
GDS,1,0.134,274,4096,256,156,1331.729,1584.595,1122304,true,pending_log_review,,1,16
GDS,1,0.134,274,4096,256,157,1800.522,4104.558,1122304,true,pending_log_review,,1,16
GDS,1,0.134,274,4096,256,158,1307.11,1686.326,1122304,true,pending_log_review,,1,16
GDS,1,0.134,274,4096,256,159,1206.048,1583.974,1122304,true,pending_log_review,,1,16
GDS,1,0.134,274,4096,256,160,1215.37,1435.017,1122304,true,pending_log_review,,1,16
GDS,1,0.134,274,4096,256,161,1154.219,1478.26,1122304,true,pending_log_review,,1,16
GDS,1,0.134,274,4096,256,162,1305.033,1537.648,1122304,true,pending_log_review,,1,16
GDS,1,0.134,274,4096,256,163,1230.446,1527.855,1122304,true,pending_log_review,,1,16
GDS,1,0.134,274,4096,256,164,1190.861,1403.408,1122304,true,pending_log_review,,1,16
GDS,1,0.134,274,4096,256,165,1213.155,1491.448,1122304,true,pending_log_review,,1,16
GDS,1,0.134,274,4096,256,166,1327.165,1564.216,1122304,true,pending_log_review,,1,16
GDS,1,0.134,274,4096,256,167,1179.035,1482.432,1122304,true,pending_log_review,,1,16
GDS,1,0.134,274,4096,256,168,1170.12,1601.331,1122304,true,pending_log_review,,1,16
GDS,1,0.134,274,4096,256,169,1253.295,1437.243,1122304,true,pending_log_review,,1,16
GDS,1,0.134,274,4096,256,170,1329.939,1610.34,1122304,true,pending_log_review,,1,16
GDS,1,0.134,274,4096,256,171,1171.942,1511.376,1122304,true,pending_log_review,,1,16
GDS,1,0.134,274,4096,256,172,1241.874,1470.982,1122304,true,pending_log_review,,1,16
GDS,1,0.134,274,4096,256,173,1308.445,1571.589,1122304,true,pending_log_review,,1,16
GDS,1,0.134,274,4096,256,174,1421.26,1999.861,1122304,true,pending_log_review,,1,16
GDS,1,0.134,274,4096,256,175,1185.409,1510.58,1122304,true,pending_log_review,,1,16
GDS,1,0.134,274,4096,256,176,1214.036,1551.479,1122304,true,pending_log_review,,1,16
GDS,1,0.134,274,4096,256,177,1117.848,1553.736,1122304,true,pending_log_review,,1,16
GDS,1,0.134,274,4096,256,178,1147.256,1556.668,1122304,true,pending_log_review,,1,16
GDS,1,0.134,274,4096,256,179,1238.995,1568.768,1122304,true,pending_log_review,,1,16
GDS,1,0.134,274,4096,256,180,1208.705,1535.046,1122304,true,pending_log_review,,1,16
GDS,1,0.134,274,4096,256,181,1165.89,1593.059,1122304,true,pending_log_review,,1,16
GDS,1,0.134,274,4096,256,182,1198.172,1559.574,1122304,true,pending_log_review,,1,16
GDS,1,0.134,274,4096,256,183,1203.241,1608.907,1122304,true,pending_log_review,,1,16
GDS,1,0.134,274,4096,256,184,1217.344,1592.346,1122304,true,pending_log_review,,1,16
GDS,1,0.134,274,4096,256,185,1357.598,1672.874,1122304,true,pending_log_review,,1,16
GDS,1,0.134,274,4096,256,186,1240.814,1505.825,1122304,true,pending_log_review,,1,16
GDS,1,0.134,274,4096,256,187,1282.727,1587.824,1122304,true,pending_log_review,,1,16
GDS,1,0.134,274,4096,256,188,1286.66,1491.255,1122304,true,pending_log_review,,1,16
GDS,1,0.134,274,4096,256,189,1214.146,1551.149,1122304,true,pending_log_review,,1,16
GDS,1,0.134,274,4096,256,190,1330.471,1561.752,1122304,true,pending_log_review,,1,16
GDS,1,0.134,274,4096,256,191,1231.125,1493.952,1122304,true,pending_log_review,,1,16
GDS,1,0.134,274,4096,256,192,1230.507,1502.099,1122304,true,pending_log_review,,1,16
GDS,1,0.134,274,4096,256,193,1317.369,1515.953,1122304,true,pending_log_review,,1,16
GDS,1,0.134,274,4096,256,194,1303.794,1577.415,1122304,true,pending_log_review,,1,16
GDS,1,0.134,274,4096,256,195,2740.836,2981.5,1122304,true,pending_log_review,,1,16
GDS,1,0.134,274,4096,256,196,1225.983,1576.231,1122304,true,pending_log_review,,1,16
GDS,1,0.134,274,4096,256,197,1173.654,1573.671,1122304,true,pending_log_review,,1,16
GDS,1,0.134,274,4096,256,198,1282.292,1544.126,1122304,true,pending_log_review,,1,16
GDS,1,0.134,274,4096,256,199,1153.216,1539.678,1122304,true,pending_log_review,,1,16
GDS,1,0.134,274,4096,256,0,1188.176,1486.472,1122304,true,pending_log_review,,3,16
GDS,1,0.3,614,4096,256,0,2853.117,4626.13,2514944,true,pending_log_review,,2,16
GDS,1,0.3,614,4096,256,0,2821.434,4240.804,2514944,true,pending_log_review,,0,16
GDS,1,0.3,614,4096,256,1,2724.029,4665.786,2514944,true,pending_log_review,,0,16
GDS,1,0.3,614,4096,256,2,2657.361,3537.405,2514944,true,pending_log_review,,0,16
GDS,1,0.3,614,4096,256,3,6816.446,10065.859,2514944,true,pending_log_review,,0,16
GDS,1,0.3,614,4096,256,4,2739.145,3497.372,2514944,true,pending_log_review,,0,16
GDS,1,0.3,614,4096,256,5,2965.852,3390.51,2514944,true,pending_log_review,,0,16
GDS,1,0.3,614,4096,256,6,2566.323,3318.125,2514944,true,pending_log_review,,0,16
GDS,1,0.3,614,4096,256,7,2577.765,3064.381,2514944,true,pending_log_review,,0,16
GDS,1,0.3,614,4096,256,8,2473.876,3146.319,2514944,true,pending_log_review,,0,16
GDS,1,0.3,614,4096,256,9,2536.749,3101.624,2514944,true,pending_log_review,,0,16
GDS,1,0.3,614,4096,256,0,2526.496,3168.292,2514944,true,pending_log_review,,1,16
GDS,1,0.3,614,4096,256,1,2614.936,3186.206,2514944,true,pending_log_review,,1,16
GDS,1,0.3,614,4096,256,2,2492.926,3332.487,2514944,true,pending_log_review,,1,16
GDS,1,0.3,614,4096,256,3,2428.464,3161.348,2514944,true,pending_log_review,,1,16
GDS,1,0.3,614,4096,256,4,2434.972,3192.343,2514944,true,pending_log_review,,1,16
GDS,1,0.3,614,4096,256,5,2527.823,3178.084,2514944,true,pending_log_review,,1,16
GDS,1,0.3,614,4096,256,6,2474.979,3197.25,2514944,true,pending_log_review,,1,16
GDS,1,0.3,614,4096,256,7,4302.283,5166.631,2514944,true,pending_log_review,,1,16
GDS,1,0.3,614,4096,256,8,2446.183,3043.046,2514944,true,pending_log_review,,1,16
GDS,1,0.3,614,4096,256,9,2629.954,3107.176,2514944,true,pending_log_review,,1,16
GDS,1,0.3,614,4096,256,10,2409.413,3279.242,2514944,true,pending_log_review,,1,16
GDS,1,0.3,614,4096,256,11,2512.858,3005.018,2514944,true,pending_log_review,,1,16
GDS,1,0.3,614,4096,256,12,2498.03,3213.027,2514944,true,pending_log_review,,1,16
GDS,1,0.3,614,4096,256,13,2497.735,3208.276,2514944,true,pending_log_review,,1,16
GDS,1,0.3,614,4096,256,14,2518.138,3037.655,2514944,true,pending_log_review,,1,16
GDS,1,0.3,614,4096,256,15,2593.686,3326.891,2514944,true,pending_log_review,,1,16
GDS,1,0.3,614,4096,256,16,2488.537,3328.881,2514944,true,pending_log_review,,1,16
GDS,1,0.3,614,4096,256,17,2482.377,3271.773,2514944,true,pending_log_review,,1,16
GDS,1,0.3,614,4096,256,18,2457.233,3176.357,2514944,true,pending_log_review,,1,16
GDS,1,0.3,614,4096,256,19,2680.4,3235.431,2514944,true,pending_log_review,,1,16
GDS,1,0.3,614,4096,256,20,2610.725,3072.256,2514944,true,pending_log_review,,1,16
GDS,1,0.3,614,4096,256,21,2597.19,3186.864,2514944,true,pending_log_review,,1,16
GDS,1,0.3,614,4096,256,22,2582.718,3184.702,2514944,true,pending_log_review,,1,16
GDS,1,0.3,614,4096,256,23,2461.25,3203.587,2514944,true,pending_log_review,,1,16
GDS,1,0.3,614,4096,256,24,2552.585,3185.987,2514944,true,pending_log_review,,1,16
GDS,1,0.3,614,4096,256,25,2481.162,3022.413,2514944,true,pending_log_review,,1,16
GDS,1,0.3,614,4096,256,26,2435.46,3194.845,2514944,true,pending_log_review,,1,16
GDS,1,0.3,614,4096,256,27,2483.793,3281.278,2514944,true,pending_log_review,,1,16
GDS,1,0.3,614,4096,256,28,6795.528,7420.239,2514944,true,pending_log_review,,1,16
GDS,1,0.3,614,4096,256,29,2991.828,3464.76,2514944,true,pending_log_review,,1,16
GDS,1,0.3,614,4096,256,30,3222.543,3693.219,2514944,true,pending_log_review,,1,16
GDS,1,0.3,614,4096,256,31,3132.45,3612.504,2514944,true,pending_log_review,,1,16
GDS,1,0.3,614,4096,256,32,2972.64,3485.423,2514944,true,pending_log_review,,1,16
GDS,1,0.3,614,4096,256,33,3129.91,3588.672,2514944,true,pending_log_review,,1,16
GDS,1,0.3,614,4096,256,34,2817.489,3303.71,2514944,true,pending_log_review,,1,16
GDS,1,0.3,614,4096,256,35,2906.633,3311.733,2514944,true,pending_log_review,,1,16
GDS,1,0.3,614,4096,256,36,3001.9,3504.937,2514944,true,pending_log_review,,1,16
GDS,1,0.3,614,4096,256,37,2987.21,3468.036,2514944,true,pending_log_review,,1,16
GDS,1,0.3,614,4096,256,38,3141.416,3602.795,2514944,true,pending_log_review,,1,16
GDS,1,0.3,614,4096,256,39,3065.53,3480.652,2514944,true,pending_log_review,,1,16
GDS,1,0.3,614,4096,256,40,2928.733,3388.664,2514944,true,pending_log_review,,1,16
GDS,1,0.3,614,4096,256,41,2927.426,3370.109,2514944,true,pending_log_review,,1,16
GDS,1,0.3,614,4096,256,42,2965.489,3523.751,2514944,true,pending_log_review,,1,16
GDS,1,0.3,614,4096,256,43,2949.564,3406.312,2514944,true,pending_log_review,,1,16
GDS,1,0.3,614,4096,256,44,2789.421,3265.248,2514944,true,pending_log_review,,1,16
GDS,1,0.3,614,4096,256,45,3174.477,3624.571,2514944,true,pending_log_review,,1,16
GDS,1,0.3,614,4096,256,46,3102.214,3627.841,2514944,true,pending_log_review,,1,16
GDS,1,0.3,614,4096,256,47,2976.364,3427.744,2514944,true,pending_log_review,,1,16
GDS,1,0.3,614,4096,256,48,3030.041,3486.441,2514944,true,pending_log_review,,1,16
GDS,1,0.3,614,4096,256,49,3014.325,3436.044,2514944,true,pending_log_review,,1,16
GDS,1,0.3,614,4096,256,50,3160.622,3589.543,2514944,true,pending_log_review,,1,16
GDS,1,0.3,614,4096,256,51,2947.951,3363.812,2514944,true,pending_log_review,,1,16
GDS,1,0.3,614,4096,256,52,2932.598,3410.986,2514944,true,pending_log_review,,1,16
GDS,1,0.3,614,4096,256,53,3019.801,3494.418,2514944,true,pending_log_review,,1,16
GDS,1,0.3,614,4096,256,54,2927.704,3418.862,2514944,true,pending_log_review,,1,16
GDS,1,0.3,614,4096,256,55,3117.317,3541.021,2514944,true,pending_log_review,,1,16
GDS,1,0.3,614,4096,256,56,3069.195,3549.829,2514944,true,pending_log_review,,1,16
GDS,1,0.3,614,4096,256,57,3031.267,3500.758,2514944,true,pending_log_review,,1,16
GDS,1,0.3,614,4096,256,58,2892.071,3329.538,2514944,true,pending_log_review,,1,16
GDS,1,0.3,614,4096,256,59,3161.509,3600.585,2514944,true,pending_log_review,,1,16
GDS,1,0.3,614,4096,256,60,2876.496,3363.584,2514944,true,pending_log_review,,1,16
GDS,1,0.3,614,4096,256,61,3086.126,3501.902,2514944,true,pending_log_review,,1,16
GDS,1,0.3,614,4096,256,62,2990.034,3458.237,2514944,true,pending_log_review,,1,16
GDS,1,0.3,614,4096,256,63,3102.587,3579.877,2514944,true,pending_log_review,,1,16
GDS,1,0.3,614,4096,256,64,2933.395,3432.492,2514944,true,pending_log_review,,1,16
GDS,1,0.3,614,4096,256,65,2907.506,3349.145,2514944,true,pending_log_review,,1,16
GDS,1,0.3,614,4096,256,66,3101.861,3539.326,2514944,true,pending_log_review,,1,16
GDS,1,0.3,614,4096,256,67,2966.432,3375.99,2514944,true,pending_log_review,,1,16
GDS,1,0.3,614,4096,256,68,3066.841,3579.327,2514944,true,pending_log_review,,1,16
GDS,1,0.3,614,4096,256,69,3107.731,3608.752,2514944,true,pending_log_review,,1,16
GDS,1,0.3,614,4096,256,70,2876.526,3346.284,2514944,true,pending_log_review,,1,16
GDS,1,0.3,614,4096,256,71,2958.682,3378.384,2514944,true,pending_log_review,,1,16
GDS,1,0.3,614,4096,256,72,2992.139,3472.007,2514944,true,pending_log_review,,1,16
GDS,1,0.3,614,4096,256,73,3028.235,3445.339,2514944,true,pending_log_review,,1,16
GDS,1,0.3,614,4096,256,74,2929.847,3379.079,2514944,true,pending_log_review,,1,16
GDS,1,0.3,614,4096,256,75,2985.155,3377.601,2514944,true,pending_log_review,,1,16
GDS,1,0.3,614,4096,256,76,3000.167,3430.176,2514944,true,pending_log_review,,1,16
GDS,1,0.3,614,4096,256,77,2845.188,3374.816,2514944,true,pending_log_review,,1,16
GDS,1,0.3,614,4096,256,78,2979.294,3465.236,2514944,true,pending_log_review,,1,16
GDS,1,0.3,614,4096,256,79,2932.571,3346.359,2514944,true,pending_log_review,,1,16
GDS,1,0.3,614,4096,256,80,2839.765,3461.436,2514944,true,pending_log_review,,1,16
GDS,1,0.3,614,4096,256,81,2845.772,3370.541,2514944,true,pending_log_review,,1,16
GDS,1,0.3,614,4096,256,82,2802.545,3380.709,2514944,true,pending_log_review,,1,16
GDS,1,0.3,614,4096,256,83,2938.433,3358.493,2514944,true,pending_log_review,,1,16
GDS,1,0.3,614,4096,256,84,2922.701,3407.941,2514944,true,pending_log_review,,1,16
GDS,1,0.3,614,4096,256,85,2810.152,3372.596,2514944,true,pending_log_review,,1,16
GDS,1,0.3,614,4096,256,86,3053.924,3464.913,2514944,true,pending_log_review,,1,16
GDS,1,0.3,614,4096,256,87,2997.619,3480.074,2514944,true,pending_log_review,,1,16
GDS,1,0.3,614,4096,256,88,3649.787,4190.689,2514944,true,pending_log_review,,1,16
GDS,1,0.3,614,4096,256,89,2955.259,3511.578,2514944,true,pending_log_review,,1,16
GDS,1,0.3,614,4096,256,90,3191.48,3647.224,2514944,true,pending_log_review,,1,16
GDS,1,0.3,614,4096,256,91,2936.794,3365.703,2514944,true,pending_log_review,,1,16
GDS,1,0.3,614,4096,256,92,3055.459,3498.663,2514944,true,pending_log_review,,1,16
GDS,1,0.3,614,4096,256,93,3119.254,3583.046,2514944,true,pending_log_review,,1,16
GDS,1,0.3,614,4096,256,94,2981.74,3386.938,2514944,true,pending_log_review,,1,16
GDS,1,0.3,614,4096,256,95,2898.938,3366.431,2514944,true,pending_log_review,,1,16
GDS,1,0.3,614,4096,256,96,3168.643,3657.283,2514944,true,pending_log_review,,1,16
GDS,1,0.3,614,4096,256,97,3040.891,3468.681,2514944,true,pending_log_review,,1,16
GDS,1,0.3,614,4096,256,98,3143.971,3591.795,2514944,true,pending_log_review,,1,16
GDS,1,0.3,614,4096,256,99,3080.478,3503.737,2514944,true,pending_log_review,,1,16
GDS,1,0.3,614,4096,256,100,2864.376,3364.725,2514944,true,pending_log_review,,1,16
GDS,1,0.3,614,4096,256,101,3043.688,3512.309,2514944,true,pending_log_review,,1,16
GDS,1,0.3,614,4096,256,102,3054.377,3513.759,2514944,true,pending_log_review,,1,16
GDS,1,0.3,614,4096,256,103,3031.85,3496.413,2514944,true,pending_log_review,,1,16
GDS,1,0.3,614,4096,256,104,2957.03,3343.793,2514944,true,pending_log_review,,1,16
GDS,1,0.3,614,4096,256,105,3117.397,3645.563,2514944,true,pending_log_review,,1,16
GDS,1,0.3,614,4096,256,106,2974.634,3486.495,2514944,true,pending_log_review,,1,16
GDS,1,0.3,614,4096,256,107,2999.341,3445.31,2514944,true,pending_log_review,,1,16
GDS,1,0.3,614,4096,256,108,3137.854,3582.878,2514944,true,pending_log_review,,1,16
GDS,1,0.3,614,4096,256,109,3107.926,3563.899,2514944,true,pending_log_review,,1,16
GDS,1,0.3,614,4096,256,110,3185.09,3565.212,2514944,true,pending_log_review,,1,16
GDS,1,0.3,614,4096,256,111,2950.458,3357.974,2514944,true,pending_log_review,,1,16
GDS,1,0.3,614,4096,256,112,3254.097,3685.201,2514944,true,pending_log_review,,1,16
GDS,1,0.3,614,4096,256,113,2919.419,3399.444,2514944,true,pending_log_review,,1,16
GDS,1,0.3,614,4096,256,114,3168.577,3572.659,2514944,true,pending_log_review,,1,16
GDS,1,0.3,614,4096,256,115,3020.139,3536.384,2514944,true,pending_log_review,,1,16
GDS,1,0.3,614,4096,256,116,3125.001,3595.279,2514944,true,pending_log_review,,1,16
GDS,1,0.3,614,4096,256,117,2967.958,3459.772,2514944,true,pending_log_review,,1,16
GDS,1,0.3,614,4096,256,118,3011.796,3483.402,2514944,true,pending_log_review,,1,16
GDS,1,0.3,614,4096,256,119,3049.861,3537.309,2514944,true,pending_log_review,,1,16
GDS,1,0.3,614,4096,256,120,2869.719,3334.552,2514944,true,pending_log_review,,1,16
GDS,1,0.3,614,4096,256,121,3042.901,3471.194,2514944,true,pending_log_review,,1,16
GDS,1,0.3,614,4096,256,122,2985.893,3373.39,2514944,true,pending_log_review,,1,16
GDS,1,0.3,614,4096,256,123,2948.78,3440.155,2514944,true,pending_log_review,,1,16
GDS,1,0.3,614,4096,256,124,2893.66,3307.103,2514944,true,pending_log_review,,1,16
GDS,1,0.3,614,4096,256,125,3108.339,3551.197,2514944,true,pending_log_review,,1,16
GDS,1,0.3,614,4096,256,126,3059.182,3513.048,2514944,true,pending_log_review,,1,16
GDS,1,0.3,614,4096,256,127,6972.068,7651.11,2514944,true,pending_log_review,,1,16
GDS,1,0.3,614,4096,256,128,3005.634,3416.877,2514944,true,pending_log_review,,1,16
GDS,1,0.3,614,4096,256,129,3040.044,3471.858,2514944,true,pending_log_review,,1,16
GDS,1,0.3,614,4096,256,130,2907.714,3341.036,2514944,true,pending_log_review,,1,16
GDS,1,0.3,614,4096,256,131,2914.607,3343.223,2514944,true,pending_log_review,,1,16
GDS,1,0.3,614,4096,256,132,2946.945,3439.973,2514944,true,pending_log_review,,1,16
GDS,1,0.3,614,4096,256,133,2887.862,3402.437,2514944,true,pending_log_review,,1,16
GDS,1,0.3,614,4096,256,134,2931.811,3386.987,2514944,true,pending_log_review,,1,16
GDS,1,0.3,614,4096,256,135,2925.517,3473.994,2514944,true,pending_log_review,,1,16
GDS,1,0.3,614,4096,256,136,2870.364,3441.949,2514944,true,pending_log_review,,1,16
GDS,1,0.3,614,4096,256,137,3188.138,3608.948,2514944,true,pending_log_review,,1,16
GDS,1,0.3,614,4096,256,138,2988.136,3466.799,2514944,true,pending_log_review,,1,16
GDS,1,0.3,614,4096,256,139,2982.312,3396.187,2514944,true,pending_log_review,,1,16
GDS,1,0.3,614,4096,256,140,3234.537,3665.898,2514944,true,pending_log_review,,1,16
GDS,1,0.3,614,4096,256,141,2943.3,3423.443,2514944,true,pending_log_review,,1,16
GDS,1,0.3,614,4096,256,142,3247.87,3695.198,2514944,true,pending_log_review,,1,16
GDS,1,0.3,614,4096,256,143,2975.849,3387.983,2514944,true,pending_log_review,,1,16
GDS,1,0.3,614,4096,256,144,3057.309,3488.568,2514944,true,pending_log_review,,1,16
GDS,1,0.3,614,4096,256,145,3155.797,3666.074,2514944,true,pending_log_review,,1,16
GDS,1,0.3,614,4096,256,146,2892.65,3362.545,2514944,true,pending_log_review,,1,16
GDS,1,0.3,614,4096,256,147,2883.65,3447.807,2514944,true,pending_log_review,,1,16
GDS,1,0.3,614,4096,256,148,2849.422,3328.168,2514944,true,pending_log_review,,1,16
GDS,1,0.3,614,4096,256,149,2852.341,3267.185,2514944,true,pending_log_review,,1,16
GDS,1,0.3,614,4096,256,150,3234.003,3707.412,2514944,true,pending_log_review,,1,16
GDS,1,0.3,614,4096,256,151,3068.615,3518.173,2514944,true,pending_log_review,,1,16
GDS,1,0.3,614,4096,256,152,2954.538,3366.072,2514944,true,pending_log_review,,1,16
GDS,1,0.3,614,4096,256,153,3176.81,3602.379,2514944,true,pending_log_review,,1,16
GDS,1,0.3,614,4096,256,154,3060.727,3470.71,2514944,true,pending_log_review,,1,16
GDS,1,0.3,614,4096,256,155,2891.302,3348.972,2514944,true,pending_log_review,,1,16
GDS,1,0.3,614,4096,256,156,2934.108,3366.724,2514944,true,pending_log_review,,1,16
GDS,1,0.3,614,4096,256,157,3117.473,3552.739,2514944,true,pending_log_review,,1,16
GDS,1,0.3,614,4096,256,158,2960.909,3420.83,2514944,true,pending_log_review,,1,16
GDS,1,0.3,614,4096,256,159,2782.052,3269.796,2514944,true,pending_log_review,,1,16
GDS,1,0.3,614,4096,256,160,2883.259,3560.928,2514944,true,pending_log_review,,1,16
GDS,1,0.3,614,4096,256,161,2957.624,3461.877,2514944,true,pending_log_review,,1,16
GDS,1,0.3,614,4096,256,162,2528.281,3049.452,2514944,true,pending_log_review,,1,16
GDS,1,0.3,614,4096,256,163,2600.691,3063.2,2514944,true,pending_log_review,,1,16
GDS,1,0.3,614,4096,256,164,2448.257,3083.057,2514944,true,pending_log_review,,1,16
GDS,1,0.3,614,4096,256,165,2539.475,3262.816,2514944,true,pending_log_review,,1,16
GDS,1,0.3,614,4096,256,166,2387.338,3109.312,2514944,true,pending_log_review,,1,16
GDS,1,0.3,614,4096,256,167,2349.248,3183.295,2514944,true,pending_log_review,,1,16
GDS,1,0.3,614,4096,256,168,2477.406,3104.639,2514944,true,pending_log_review,,1,16
GDS,1,0.3,614,4096,256,169,2519.302,3216.813,2514944,true,pending_log_review,,1,16
GDS,1,0.3,614,4096,256,170,2548.566,3201.856,2514944,true,pending_log_review,,1,16
GDS,1,0.3,614,4096,256,171,2565,2989.482,2514944,true,pending_log_review,,1,16
GDS,1,0.3,614,4096,256,172,2448.641,3033.59,2514944,true,pending_log_review,,1,16
GDS,1,0.3,614,4096,256,173,2583.371,3176.684,2514944,true,pending_log_review,,1,16
GDS,1,0.3,614,4096,256,174,2459.352,2858.4,2514944,true,pending_log_review,,1,16
GDS,1,0.3,614,4096,256,175,2500.474,3122.644,2514944,true,pending_log_review,,1,16
GDS,1,0.3,614,4096,256,176,2510.031,3027.083,2514944,true,pending_log_review,,1,16
GDS,1,0.3,614,4096,256,177,2417.429,2940.497,2514944,true,pending_log_review,,1,16
GDS,1,0.3,614,4096,256,178,2443.48,3041.571,2514944,true,pending_log_review,,1,16
GDS,1,0.3,614,4096,256,179,2264.446,2757.284,2514944,true,pending_log_review,,1,16
GDS,1,0.3,614,4096,256,180,2492.22,3101.45,2514944,true,pending_log_review,,1,16
GDS,1,0.3,614,4096,256,181,2461.692,3110.234,2514944,true,pending_log_review,,1,16
GDS,1,0.3,614,4096,256,182,2488.859,3122.389,2514944,true,pending_log_review,,1,16
GDS,1,0.3,614,4096,256,183,2428.043,3002.423,2514944,true,pending_log_review,,1,16
GDS,1,0.3,614,4096,256,184,2429.024,3214.427,2514944,true,pending_log_review,,1,16
GDS,1,0.3,614,4096,256,185,2432.884,3093.578,2514944,true,pending_log_review,,1,16
GDS,1,0.3,614,4096,256,186,2367.694,3096.337,2514944,true,pending_log_review,,1,16
GDS,1,0.3,614,4096,256,187,2449.847,3139.44,2514944,true,pending_log_review,,1,16
GDS,1,0.3,614,4096,256,188,2527.85,3007.566,2514944,true,pending_log_review,,1,16
GDS,1,0.3,614,4096,256,189,2528.278,3076.784,2514944,true,pending_log_review,,1,16
GDS,1,0.3,614,4096,256,190,2429.314,3122.443,2514944,true,pending_log_review,,1,16
GDS,1,0.3,614,4096,256,191,2728.817,3482.826,2514944,true,pending_log_review,,1,16
GDS,1,0.3,614,4096,256,192,2657.203,3131.882,2514944,true,pending_log_review,,1,16
GDS,1,0.3,614,4096,256,193,2565.066,3301.114,2514944,true,pending_log_review,,1,16
GDS,1,0.3,614,4096,256,194,2546.363,3233.974,2514944,true,pending_log_review,,1,16
GDS,1,0.3,614,4096,256,195,2575.702,3021.342,2514944,true,pending_log_review,,1,16
GDS,1,0.3,614,4096,256,196,2648.299,3088.255,2514944,true,pending_log_review,,1,16
GDS,1,0.3,614,4096,256,197,2534.124,2906.825,2514944,true,pending_log_review,,1,16
GDS,1,0.3,614,4096,256,198,2454.889,2937.364,2514944,true,pending_log_review,,1,16
GDS,1,0.3,614,4096,256,199,2448.562,3186.961,2514944,true,pending_log_review,,1,16
GDS,1,0.3,614,4096,256,0,2579.979,3167.859,2514944,true,pending_log_review,,3,16
GDS,4,0.067,549,4096,256,0,2102.598,2596.171,2248704,true,pending_log_review,,2,16
GDS,4,0.067,549,4096,256,0,2160.389,2916.413,2248704,true,pending_log_review,,0,16
GDS,4,0.067,549,4096,256,1,2332.194,2791.773,2248704,true,pending_log_review,,0,16
GDS,4,0.067,549,4096,256,2,2301.86,2742.826,2248704,true,pending_log_review,,0,16
GDS,4,0.067,549,4096,256,3,2339.695,2804.108,2248704,true,pending_log_review,,0,16
GDS,4,0.067,549,4096,256,4,2315.674,2614.147,2248704,true,pending_log_review,,0,16
GDS,4,0.067,549,4096,256,5,2281.868,2914.714,2248704,true,pending_log_review,,0,16
GDS,4,0.067,549,4096,256,6,2295.58,2721.245,2248704,true,pending_log_review,,0,16
GDS,4,0.067,549,4096,256,7,2273.944,2720.537,2248704,true,pending_log_review,,0,16
GDS,4,0.067,549,4096,256,8,2255.556,2954.56,2248704,true,pending_log_review,,0,16
GDS,4,0.067,549,4096,256,9,2336.069,2919.669,2248704,true,pending_log_review,,0,16
GDS,4,0.067,549,4096,256,0,2165.517,2676.449,2248704,true,pending_log_review,,1,16
GDS,4,0.067,549,4096,256,1,2176.854,2621.605,2248704,true,pending_log_review,,1,16
GDS,4,0.067,549,4096,256,2,2678.013,3210.203,2248704,true,pending_log_review,,1,16
GDS,4,0.067,549,4096,256,3,2477.854,2829.078,2248704,true,pending_log_review,,1,16
GDS,4,0.067,549,4096,256,4,2360.754,2757.483,2248704,true,pending_log_review,,1,16
GDS,4,0.067,549,4096,256,5,2337.817,2724.08,2248704,true,pending_log_review,,1,16
GDS,4,0.067,549,4096,256,6,2287.871,2640.565,2248704,true,pending_log_review,,1,16
GDS,4,0.067,549,4096,256,7,2474.997,2793.527,2248704,true,pending_log_review,,1,16
GDS,4,0.067,549,4096,256,8,2308.798,2661.915,2248704,true,pending_log_review,,1,16
GDS,4,0.067,549,4096,256,9,2167.46,2568.224,2248704,true,pending_log_review,,1,16
GDS,4,0.067,549,4096,256,10,2270.005,2642.106,2248704,true,pending_log_review,,1,16
GDS,4,0.067,549,4096,256,11,2220.375,2617.929,2248704,true,pending_log_review,,1,16
GDS,4,0.067,549,4096,256,12,2340.581,2704.577,2248704,true,pending_log_review,,1,16
GDS,4,0.067,549,4096,256,13,2295.984,2651.884,2248704,true,pending_log_review,,1,16
GDS,4,0.067,549,4096,256,14,2366.047,2727.83,2248704,true,pending_log_review,,1,16
GDS,4,0.067,549,4096,256,15,2220.366,2587.341,2248704,true,pending_log_review,,1,16
GDS,4,0.067,549,4096,256,16,2168.158,2548.322,2248704,true,pending_log_review,,1,16
GDS,4,0.067,549,4096,256,17,2250.244,2576.902,2248704,true,pending_log_review,,1,16
GDS,4,0.067,549,4096,256,18,2289.827,2696.349,2248704,true,pending_log_review,,1,16
GDS,4,0.067,549,4096,256,19,2481.577,2778.761,2248704,true,pending_log_review,,1,16
GDS,4,0.067,549,4096,256,20,2263.747,2866.937,2248704,true,pending_log_review,,1,16
GDS,4,0.067,549,4096,256,21,2234.502,2842.407,2248704,true,pending_log_review,,1,16
GDS,4,0.067,549,4096,256,22,2278.71,2894.093,2248704,true,pending_log_review,,1,16
GDS,4,0.067,549,4096,256,23,2433.944,2868.683,2248704,true,pending_log_review,,1,16
GDS,4,0.067,549,4096,256,24,2206.35,2923.802,2248704,true,pending_log_review,,1,16
GDS,4,0.067,549,4096,256,25,2321.582,2774.973,2248704,true,pending_log_review,,1,16
GDS,4,0.067,549,4096,256,26,2274.658,2934.614,2248704,true,pending_log_review,,1,16
GDS,4,0.067,549,4096,256,27,2260.668,2971.945,2248704,true,pending_log_review,,1,16
GDS,4,0.067,549,4096,256,28,2257.284,2817.443,2248704,true,pending_log_review,,1,16
GDS,4,0.067,549,4096,256,29,2285.982,2941.75,2248704,true,pending_log_review,,1,16
GDS,4,0.067,549,4096,256,30,2281.915,2849.91,2248704,true,pending_log_review,,1,16
GDS,4,0.067,549,4096,256,31,2309.58,2776.311,2248704,true,pending_log_review,,1,16
GDS,4,0.067,549,4096,256,32,2109.574,2640.516,2248704,true,pending_log_review,,1,16
GDS,4,0.067,549,4096,256,33,2273.026,2667.299,2248704,true,pending_log_review,,1,16
GDS,4,0.067,549,4096,256,34,2222.972,2570.983,2248704,true,pending_log_review,,1,16
GDS,4,0.067,549,4096,256,35,2252.094,2613.641,2248704,true,pending_log_review,,1,16
GDS,4,0.067,549,4096,256,36,2195.42,2543.781,2248704,true,pending_log_review,,1,16
GDS,4,0.067,549,4096,256,37,2154.652,2603.52,2248704,true,pending_log_review,,1,16
GDS,4,0.067,549,4096,256,38,2373.779,2761.379,2248704,true,pending_log_review,,1,16
GDS,4,0.067,549,4096,256,39,2303.852,2731.417,2248704,true,pending_log_review,,1,16
GDS,4,0.067,549,4096,256,40,2208.166,2746.478,2248704,true,pending_log_review,,1,16
GDS,4,0.067,549,4096,256,41,2370.865,2760.358,2248704,true,pending_log_review,,1,16
GDS,4,0.067,549,4096,256,42,2325.566,2643.516,2248704,true,pending_log_review,,1,16
GDS,4,0.067,549,4096,256,43,2172.808,2686.556,2248704,true,pending_log_review,,1,16
GDS,4,0.067,549,4096,256,44,2283.688,2698.77,2248704,true,pending_log_review,,1,16
GDS,4,0.067,549,4096,256,45,2336.449,2661.119,2248704,true,pending_log_review,,1,16
GDS,4,0.067,549,4096,256,46,2244.62,2668.506,2248704,true,pending_log_review,,1,16
GDS,4,0.067,549,4096,256,47,2243.167,2850.808,2248704,true,pending_log_review,,1,16
GDS,4,0.067,549,4096,256,48,2231.334,2818.73,2248704,true,pending_log_review,,1,16
GDS,4,0.067,549,4096,256,49,2309.37,2786.574,2248704,true,pending_log_review,,1,16
GDS,4,0.067,549,4096,256,50,2260.2,2832.894,2248704,true,pending_log_review,,1,16
GDS,4,0.067,549,4096,256,51,2198.584,2743.85,2248704,true,pending_log_review,,1,16
GDS,4,0.067,549,4096,256,52,2349.544,2787.948,2248704,true,pending_log_review,,1,16
GDS,4,0.067,549,4096,256,53,2176.76,2811.537,2248704,true,pending_log_review,,1,16
GDS,4,0.067,549,4096,256,54,2288.174,2751.864,2248704,true,pending_log_review,,1,16
GDS,4,0.067,549,4096,256,55,2181.066,2780.068,2248704,true,pending_log_review,,1,16
GDS,4,0.067,549,4096,256,56,2222.224,2837.985,2248704,true,pending_log_review,,1,16
GDS,4,0.067,549,4096,256,57,2327.42,2945.243,2248704,true,pending_log_review,,1,16
GDS,4,0.067,549,4096,256,58,2081.999,2722.692,2248704,true,pending_log_review,,1,16
GDS,4,0.067,549,4096,256,59,3026.301,3434.332,2248704,true,pending_log_review,,1,16
GDS,4,0.067,549,4096,256,60,2370.604,2937.416,2248704,true,pending_log_review,,1,16
GDS,4,0.067,549,4096,256,61,2306.72,2906.038,2248704,true,pending_log_review,,1,16
GDS,4,0.067,549,4096,256,62,2416.752,2871.529,2248704,true,pending_log_review,,1,16
GDS,4,0.067,549,4096,256,63,2202.596,2780.168,2248704,true,pending_log_review,,1,16
GDS,4,0.067,549,4096,256,64,2150.104,2711.045,2248704,true,pending_log_review,,1,16
GDS,4,0.067,549,4096,256,65,2275.13,2831.849,2248704,true,pending_log_review,,1,16
GDS,4,0.067,549,4096,256,66,2333.975,2737.569,2248704,true,pending_log_review,,1,16
GDS,4,0.067,549,4096,256,67,2290.871,2727.463,2248704,true,pending_log_review,,1,16
GDS,4,0.067,549,4096,256,68,2291.768,2958.779,2248704,true,pending_log_review,,1,16
GDS,4,0.067,549,4096,256,69,2260.176,2889.539,2248704,true,pending_log_review,,1,16
GDS,4,0.067,549,4096,256,70,2256.932,2871.814,2248704,true,pending_log_review,,1,16
GDS,4,0.067,549,4096,256,71,2268.787,2919.457,2248704,true,pending_log_review,,1,16
GDS,4,0.067,549,4096,256,72,2448.053,2876.509,2248704,true,pending_log_review,,1,16
GDS,4,0.067,549,4096,256,73,2214.416,2703.032,2248704,true,pending_log_review,,1,16
GDS,4,0.067,549,4096,256,74,2153.138,2909.367,2248704,true,pending_log_review,,1,16
GDS,4,0.067,549,4096,256,75,2226.686,2888.899,2248704,true,pending_log_review,,1,16
GDS,4,0.067,549,4096,256,76,2212.935,3081.307,2248704,true,pending_log_review,,1,16
GDS,4,0.067,549,4096,256,77,2398.576,2786.939,2248704,true,pending_log_review,,1,16
GDS,4,0.067,549,4096,256,78,2285.174,2823.998,2248704,true,pending_log_review,,1,16
GDS,4,0.067,549,4096,256,79,2277.626,2742.788,2248704,true,pending_log_review,,1,16
GDS,4,0.067,549,4096,256,80,2323.697,2823.929,2248704,true,pending_log_review,,1,16
GDS,4,0.067,549,4096,256,81,2242.466,2931.682,2248704,true,pending_log_review,,1,16
GDS,4,0.067,549,4096,256,82,2257.189,2832.902,2248704,true,pending_log_review,,1,16
GDS,4,0.067,549,4096,256,83,2250.081,2732.653,2248704,true,pending_log_review,,1,16
GDS,4,0.067,549,4096,256,84,2290.974,2821.105,2248704,true,pending_log_review,,1,16
GDS,4,0.067,549,4096,256,85,2276.588,2802.992,2248704,true,pending_log_review,,1,16
GDS,4,0.067,549,4096,256,86,2332.036,2861.86,2248704,true,pending_log_review,,1,16
GDS,4,0.067,549,4096,256,87,2260.573,2842.496,2248704,true,pending_log_review,,1,16
GDS,4,0.067,549,4096,256,88,2455.246,2929.154,2248704,true,pending_log_review,,1,16
GDS,4,0.067,549,4096,256,89,2218.593,2896.519,2248704,true,pending_log_review,,1,16
GDS,4,0.067,549,4096,256,90,2306.845,2933.939,2248704,true,pending_log_review,,1,16
GDS,4,0.067,549,4096,256,91,2249.643,2644.057,2248704,true,pending_log_review,,1,16
GDS,4,0.067,549,4096,256,92,2169.948,2838.404,2248704,true,pending_log_review,,1,16
GDS,4,0.067,549,4096,256,93,2220.435,2767.288,2248704,true,pending_log_review,,1,16
GDS,4,0.067,549,4096,256,94,2212.339,2809.003,2248704,true,pending_log_review,,1,16
GDS,4,0.067,549,4096,256,95,2247.598,2723.527,2248704,true,pending_log_review,,1,16
GDS,4,0.067,549,4096,256,96,2304.588,2834.626,2248704,true,pending_log_review,,1,16
GDS,4,0.067,549,4096,256,97,2148.195,3003.108,2248704,true,pending_log_review,,1,16
GDS,4,0.067,549,4096,256,98,2260.248,2680.574,2248704,true,pending_log_review,,1,16
GDS,4,0.067,549,4096,256,99,2289.592,2797.011,2248704,true,pending_log_review,,1,16
GDS,4,0.067,549,4096,256,100,2262.114,3013.023,2248704,true,pending_log_review,,1,16
GDS,4,0.067,549,4096,256,101,2300.218,2890.452,2248704,true,pending_log_review,,1,16
GDS,4,0.067,549,4096,256,102,2243.95,2903,2248704,true,pending_log_review,,1,16
GDS,4,0.067,549,4096,256,103,2395.122,2772.51,2248704,true,pending_log_review,,1,16
GDS,4,0.067,549,4096,256,104,2194.338,2812.803,2248704,true,pending_log_review,,1,16
GDS,4,0.067,549,4096,256,105,2301.025,2772.077,2248704,true,pending_log_review,,1,16
GDS,4,0.067,549,4096,256,106,2319.349,2726.679,2248704,true,pending_log_review,,1,16
GDS,4,0.067,549,4096,256,107,2300.353,2836.186,2248704,true,pending_log_review,,1,16
GDS,4,0.067,549,4096,256,108,2109.979,2895.659,2248704,true,pending_log_review,,1,16
GDS,4,0.067,549,4096,256,109,2184.812,2955.089,2248704,true,pending_log_review,,1,16
GDS,4,0.067,549,4096,256,110,2268.051,2988.388,2248704,true,pending_log_review,,1,16
GDS,4,0.067,549,4096,256,111,2166.591,2702.965,2248704,true,pending_log_review,,1,16
GDS,4,0.067,549,4096,256,112,2243.476,2719.482,2248704,true,pending_log_review,,1,16
GDS,4,0.067,549,4096,256,113,2182.733,2856.008,2248704,true,pending_log_review,,1,16
GDS,4,0.067,549,4096,256,114,2451.034,2979.474,2248704,true,pending_log_review,,1,16
GDS,4,0.067,549,4096,256,115,2174.804,2768.896,2248704,true,pending_log_review,,1,16
GDS,4,0.067,549,4096,256,116,2292.039,2833.513,2248704,true,pending_log_review,,1,16
GDS,4,0.067,549,4096,256,117,2350.958,2758.738,2248704,true,pending_log_review,,1,16
GDS,4,0.067,549,4096,256,118,2155.765,2645.28,2248704,true,pending_log_review,,1,16
GDS,4,0.067,549,4096,256,119,2240.823,2696.336,2248704,true,pending_log_review,,1,16
GDS,4,0.067,549,4096,256,120,2216.554,2760.116,2248704,true,pending_log_review,,1,16
GDS,4,0.067,549,4096,256,121,2264.126,2622.856,2248704,true,pending_log_review,,1,16
GDS,4,0.067,549,4096,256,122,2301.919,2622.755,2248704,true,pending_log_review,,1,16
GDS,4,0.067,549,4096,256,123,2304.446,2991.24,2248704,true,pending_log_review,,1,16
GDS,4,0.067,549,4096,256,124,2193.673,2771.813,2248704,true,pending_log_review,,1,16
GDS,4,0.067,549,4096,256,125,2240.167,2864.119,2248704,true,pending_log_review,,1,16
GDS,4,0.067,549,4096,256,126,2365.177,2950.897,2248704,true,pending_log_review,,1,16
GDS,4,0.067,549,4096,256,127,2372.632,2984.782,2248704,true,pending_log_review,,1,16
GDS,4,0.067,549,4096,256,128,2284.155,2915.549,2248704,true,pending_log_review,,1,16
GDS,4,0.067,549,4096,256,129,2208.057,2898.456,2248704,true,pending_log_review,,1,16
GDS,4,0.067,549,4096,256,130,2193.299,2812.799,2248704,true,pending_log_review,,1,16
GDS,4,0.067,549,4096,256,131,2284.66,2970.877,2248704,true,pending_log_review,,1,16
GDS,4,0.067,549,4096,256,132,2323.097,2972.136,2248704,true,pending_log_review,,1,16
GDS,4,0.067,549,4096,256,133,5130.677,5968.95,2248704,true,pending_log_review,,1,16
GDS,4,0.067,549,4096,256,134,2378.942,2904.952,2248704,true,pending_log_review,,1,16
GDS,4,0.067,549,4096,256,135,2281.727,2818.221,2248704,true,pending_log_review,,1,16
GDS,4,0.067,549,4096,256,136,2285.458,2898.208,2248704,true,pending_log_review,,1,16
GDS,4,0.067,549,4096,256,137,2326.153,2709.831,2248704,true,pending_log_review,,1,16
GDS,4,0.067,549,4096,256,138,2124.314,2704.444,2248704,true,pending_log_review,,1,16
GDS,4,0.067,549,4096,256,139,2291.398,2936.077,2248704,true,pending_log_review,,1,16
GDS,4,0.067,549,4096,256,140,2158.988,2734.586,2248704,true,pending_log_review,,1,16
GDS,4,0.067,549,4096,256,141,2291.473,2835.95,2248704,true,pending_log_review,,1,16
GDS,4,0.067,549,4096,256,142,2179.819,2658.4,2248704,true,pending_log_review,,1,16
GDS,4,0.067,549,4096,256,143,2348.578,2778.21,2248704,true,pending_log_review,,1,16
GDS,4,0.067,549,4096,256,144,2351.8,2860.473,2248704,true,pending_log_review,,1,16
GDS,4,0.067,549,4096,256,145,2180.974,2687.993,2248704,true,pending_log_review,,1,16
GDS,4,0.067,549,4096,256,146,2281.615,2722.059,2248704,true,pending_log_review,,1,16
GDS,4,0.067,549,4096,256,147,2398.248,2715.239,2248704,true,pending_log_review,,1,16
GDS,4,0.067,549,4096,256,148,2233.598,2652.096,2248704,true,pending_log_review,,1,16
GDS,4,0.067,549,4096,256,149,2316.488,2724.371,2248704,true,pending_log_review,,1,16
GDS,4,0.067,549,4096,256,150,2174.872,2651.103,2248704,true,pending_log_review,,1,16
GDS,4,0.067,549,4096,256,151,2210.766,2572.337,2248704,true,pending_log_review,,1,16
GDS,4,0.067,549,4096,256,152,2246.495,2611.185,2248704,true,pending_log_review,,1,16
GDS,4,0.067,549,4096,256,153,2240.76,2647.874,2248704,true,pending_log_review,,1,16
GDS,4,0.067,549,4096,256,154,2223.51,2540.955,2248704,true,pending_log_review,,1,16
GDS,4,0.067,549,4096,256,155,2223.491,2588.83,2248704,true,pending_log_review,,1,16
GDS,4,0.067,549,4096,256,156,2292.322,2707.711,2248704,true,pending_log_review,,1,16
GDS,4,0.067,549,4096,256,157,2308.642,2701.594,2248704,true,pending_log_review,,1,16
GDS,4,0.067,549,4096,256,158,2193.577,2510.756,2248704,true,pending_log_review,,1,16
GDS,4,0.067,549,4096,256,159,2320.741,2692.018,2248704,true,pending_log_review,,1,16
GDS,4,0.067,549,4096,256,160,2471.598,2788.018,2248704,true,pending_log_review,,1,16
GDS,4,0.067,549,4096,256,161,2270.907,2583.632,2248704,true,pending_log_review,,1,16
GDS,4,0.067,549,4096,256,162,2346.674,2685.617,2248704,true,pending_log_review,,1,16
GDS,4,0.067,549,4096,256,163,2261.764,2644.557,2248704,true,pending_log_review,,1,16
GDS,4,0.067,549,4096,256,164,3211.046,3702.758,2248704,true,pending_log_review,,1,16
GDS,4,0.067,549,4096,256,165,2354.669,2743.603,2248704,true,pending_log_review,,1,16
GDS,4,0.067,549,4096,256,166,2350.723,2654.828,2248704,true,pending_log_review,,1,16
GDS,4,0.067,549,4096,256,167,2345.764,2728.063,2248704,true,pending_log_review,,1,16
GDS,4,0.067,549,4096,256,168,2178.41,2617.337,2248704,true,pending_log_review,,1,16
GDS,4,0.067,549,4096,256,169,2473.887,2989.919,2248704,true,pending_log_review,,1,16
GDS,4,0.067,549,4096,256,170,2262.062,2926.775,2248704,true,pending_log_review,,1,16
GDS,4,0.067,549,4096,256,171,2258.391,2832.952,2248704,true,pending_log_review,,1,16
GDS,4,0.067,549,4096,256,172,2322.814,3038.832,2248704,true,pending_log_review,,1,16
GDS,4,0.067,549,4096,256,173,2331.196,2988.049,2248704,true,pending_log_review,,1,16
GDS,4,0.067,549,4096,256,174,2328.896,2864.253,2248704,true,pending_log_review,,1,16
GDS,4,0.067,549,4096,256,175,2265.934,2907.524,2248704,true,pending_log_review,,1,16
GDS,4,0.067,549,4096,256,176,3244.733,3729.213,2248704,true,pending_log_review,,1,16
GDS,4,0.067,549,4096,256,177,3211.278,3722.019,2248704,true,pending_log_review,,1,16
GDS,4,0.067,549,4096,256,178,3090.322,3539.03,2248704,true,pending_log_review,,1,16
GDS,4,0.067,549,4096,256,179,2978.712,3396.428,2248704,true,pending_log_review,,1,16
GDS,4,0.067,549,4096,256,180,3325.789,3859.511,2248704,true,pending_log_review,,1,16
GDS,4,0.067,549,4096,256,181,3386.66,3863.742,2248704,true,pending_log_review,,1,16
GDS,4,0.067,549,4096,256,182,3459.71,3997.963,2248704,true,pending_log_review,,1,16
GDS,4,0.067,549,4096,256,183,4174.834,4591.301,2248704,true,pending_log_review,,1,16
GDS,4,0.067,549,4096,256,184,2670.394,3094.96,2248704,true,pending_log_review,,1,16
GDS,4,0.067,549,4096,256,185,3044.064,3427.061,2248704,true,pending_log_review,,1,16
GDS,4,0.067,549,4096,256,186,2683.843,3254.828,2248704,true,pending_log_review,,1,16
GDS,4,0.067,549,4096,256,187,2687.765,3289.464,2248704,true,pending_log_review,,1,16
GDS,4,0.067,549,4096,256,188,2774.434,3169.256,2248704,true,pending_log_review,,1,16
GDS,4,0.067,549,4096,256,189,2680.272,3074.251,2248704,true,pending_log_review,,1,16
GDS,4,0.067,549,4096,256,190,2863.492,3268.565,2248704,true,pending_log_review,,1,16
GDS,4,0.067,549,4096,256,191,2631.137,3084.289,2248704,true,pending_log_review,,1,16
GDS,4,0.067,549,4096,256,192,2716.789,3090.127,2248704,true,pending_log_review,,1,16
GDS,4,0.067,549,4096,256,193,2716.687,3094.355,2248704,true,pending_log_review,,1,16
GDS,4,0.067,549,4096,256,194,2698.961,3076.095,2248704,true,pending_log_review,,1,16
GDS,4,0.067,549,4096,256,195,2881.05,3299.48,2248704,true,pending_log_review,,1,16
GDS,4,0.067,549,4096,256,196,2599.616,2968.227,2248704,true,pending_log_review,,1,16
GDS,4,0.067,549,4096,256,197,5216.564,5866.947,2248704,true,pending_log_review,,1,16
GDS,4,0.067,549,4096,256,198,2534.359,2897.162,2248704,true,pending_log_review,,1,16
GDS,4,0.067,549,4096,256,199,2395.867,2744.627,2248704,true,pending_log_review,,1,16
GDS,4,0.067,549,4096,256,0,2438.447,2768.731,2248704,true,pending_log_review,,3,16
GDS,4,0.134,1098,4096,256,0,4437.694,5235.75,4497408,true,pending_log_review,,2,16
GDS,4,0.134,1098,4096,256,0,4595.833,5415.647,4497408,true,pending_log_review,,0,16
GDS,4,0.134,1098,4096,256,1,8537.286,9654.283,4497408,true,pending_log_review,,0,16
GDS,4,0.134,1098,4096,256,2,5520.233,6305.472,4497408,true,pending_log_review,,0,16
GDS,4,0.134,1098,4096,256,3,5470.594,6273.462,4497408,true,pending_log_review,,0,16
GDS,4,0.134,1098,4096,256,4,5302.896,6119.545,4497408,true,pending_log_review,,0,16
GDS,4,0.134,1098,4096,256,5,5377.184,6267.755,4497408,true,pending_log_review,,0,16
GDS,4,0.134,1098,4096,256,6,5239.832,6066.892,4497408,true,pending_log_review,,0,16
GDS,4,0.134,1098,4096,256,7,5279.254,6174.811,4497408,true,pending_log_review,,0,16
GDS,4,0.134,1098,4096,256,8,4899.569,5800.404,4497408,true,pending_log_review,,0,16
GDS,4,0.134,1098,4096,256,9,5067.223,5900.995,4497408,true,pending_log_review,,0,16
GDS,4,0.134,1098,4096,256,0,5318.942,6148.823,4497408,true,pending_log_review,,1,16
GDS,4,0.134,1098,4096,256,1,5221.695,5990.054,4497408,true,pending_log_review,,1,16
GDS,4,0.134,1098,4096,256,2,5471.301,6383.944,4497408,true,pending_log_review,,1,16
GDS,4,0.134,1098,4096,256,3,6744.707,7833.72,4497408,true,pending_log_review,,1,16
GDS,4,0.134,1098,4096,256,4,4391.601,5586.975,4497408,true,pending_log_review,,1,16
GDS,4,0.134,1098,4096,256,5,4375.121,5515.656,4497408,true,pending_log_review,,1,16
GDS,4,0.134,1098,4096,256,6,4389.41,5578.759,4497408,true,pending_log_review,,1,16
GDS,4,0.134,1098,4096,256,7,4440.409,5486.964,4497408,true,pending_log_review,,1,16
GDS,4,0.134,1098,4096,256,8,4546.18,5675.246,4497408,true,pending_log_review,,1,16
GDS,4,0.134,1098,4096,256,9,4283.604,5694.603,4497408,true,pending_log_review,,1,16
GDS,4,0.134,1098,4096,256,10,4179.259,5322.549,4497408,true,pending_log_review,,1,16
GDS,4,0.134,1098,4096,256,11,4222.954,5365.592,4497408,true,pending_log_review,,1,16
GDS,4,0.134,1098,4096,256,12,6311.773,7382.524,4497408,true,pending_log_review,,1,16
GDS,4,0.134,1098,4096,256,13,5266.015,6099.439,4497408,true,pending_log_review,,1,16
GDS,4,0.134,1098,4096,256,14,5024.974,5809.621,4497408,true,pending_log_review,,1,16
GDS,4,0.134,1098,4096,256,15,5533.771,6371.335,4497408,true,pending_log_review,,1,16
GDS,4,0.134,1098,4096,256,16,5366.345,6187.596,4497408,true,pending_log_review,,1,16
GDS,4,0.134,1098,4096,256,17,5116.987,5994.906,4497408,true,pending_log_review,,1,16
GDS,4,0.134,1098,4096,256,18,4936.165,5771.913,4497408,true,pending_log_review,,1,16
GDS,4,0.134,1098,4096,256,19,5236.617,6118.44,4497408,true,pending_log_review,,1,16
GDS,4,0.134,1098,4096,256,20,5263.094,6174.32,4497408,true,pending_log_review,,1,16
GDS,4,0.134,1098,4096,256,21,5428.276,6342.128,4497408,true,pending_log_review,,1,16
GDS,4,0.134,1098,4096,256,22,5230.879,6087.035,4497408,true,pending_log_review,,1,16
GDS,4,0.134,1098,4096,256,23,5365.746,6245.905,4497408,true,pending_log_review,,1,16
GDS,4,0.134,1098,4096,256,24,5209.406,6093.643,4497408,true,pending_log_review,,1,16
GDS,4,0.134,1098,4096,256,25,5303.129,6141.058,4497408,true,pending_log_review,,1,16
GDS,4,0.134,1098,4096,256,26,5324.704,6256.464,4497408,true,pending_log_review,,1,16
GDS,4,0.134,1098,4096,256,27,10367.593,11689.228,4497408,true,pending_log_review,,1,16
GDS,4,0.134,1098,4096,256,28,4444.529,5255.83,4497408,true,pending_log_review,,1,16
GDS,4,0.134,1098,4096,256,29,4380.811,5219.549,4497408,true,pending_log_review,,1,16
GDS,4,0.134,1098,4096,256,30,4347.468,5159.035,4497408,true,pending_log_review,,1,16
GDS,4,0.134,1098,4096,256,31,4420.098,5117.561,4497408,true,pending_log_review,,1,16
GDS,4,0.134,1098,4096,256,32,4494.275,5228.231,4497408,true,pending_log_review,,1,16
GDS,4,0.134,1098,4096,256,33,4431.852,5169.308,4497408,true,pending_log_review,,1,16
GDS,4,0.134,1098,4096,256,34,4185.854,4929.034,4497408,true,pending_log_review,,1,16
GDS,4,0.134,1098,4096,256,35,4228.904,5191.584,4497408,true,pending_log_review,,1,16
GDS,4,0.134,1098,4096,256,36,4335.899,5831.214,4497408,true,pending_log_review,,1,16
GDS,4,0.134,1098,4096,256,37,4192.604,5676.871,4497408,true,pending_log_review,,1,16
GDS,4,0.134,1098,4096,256,38,4298.049,5531.329,4497408,true,pending_log_review,,1,16
GDS,4,0.134,1098,4096,256,39,4399.802,5516.832,4497408,true,pending_log_review,,1,16
GDS,4,0.134,1098,4096,256,40,4277.295,5473.985,4497408,true,pending_log_review,,1,16
GDS,4,0.134,1098,4096,256,41,4479.602,5920.28,4497408,true,pending_log_review,,1,16
GDS,4,0.134,1098,4096,256,42,4534.662,5630.5,4497408,true,pending_log_review,,1,16
GDS,4,0.134,1098,4096,256,43,4277.273,5209.451,4497408,true,pending_log_review,,1,16
GDS,4,0.134,1098,4096,256,44,4327.199,5814.371,4497408,true,pending_log_review,,1,16
GDS,4,0.134,1098,4096,256,45,4326.742,5534.884,4497408,true,pending_log_review,,1,16
GDS,4,0.134,1098,4096,256,46,4391.318,5568.545,4497408,true,pending_log_review,,1,16
GDS,4,0.134,1098,4096,256,47,4442.291,5588.887,4497408,true,pending_log_review,,1,16
GDS,4,0.134,1098,4096,256,48,4345.066,5587.451,4497408,true,pending_log_review,,1,16
GDS,4,0.134,1098,4096,256,49,4276.418,5498.219,4497408,true,pending_log_review,,1,16
GDS,4,0.134,1098,4096,256,50,4332.295,5461.606,4497408,true,pending_log_review,,1,16
GDS,4,0.134,1098,4096,256,51,4175.786,4951.197,4497408,true,pending_log_review,,1,16
GDS,4,0.134,1098,4096,256,52,4265.379,5616.949,4497408,true,pending_log_review,,1,16
GDS,4,0.134,1098,4096,256,53,4378.889,5773.375,4497408,true,pending_log_review,,1,16
GDS,4,0.134,1098,4096,256,54,4250.32,5658.116,4497408,true,pending_log_review,,1,16
GDS,4,0.134,1098,4096,256,55,4445.318,5626.275,4497408,true,pending_log_review,,1,16
GDS,4,0.134,1098,4096,256,56,4207.801,5600.121,4497408,true,pending_log_review,,1,16
GDS,4,0.134,1098,4096,256,57,4302.631,5442.548,4497408,true,pending_log_review,,1,16
GDS,4,0.134,1098,4096,256,58,4436.493,5742.198,4497408,true,pending_log_review,,1,16
GDS,4,0.134,1098,4096,256,59,4411.877,5553.688,4497408,true,pending_log_review,,1,16
GDS,4,0.134,1098,4096,256,60,4349.561,5577.646,4497408,true,pending_log_review,,1,16
GDS,4,0.134,1098,4096,256,61,4406.858,5390.517,4497408,true,pending_log_review,,1,16
GDS,4,0.134,1098,4096,256,62,4386.039,5878.624,4497408,true,pending_log_review,,1,16
GDS,4,0.134,1098,4096,256,63,4345.093,5603.268,4497408,true,pending_log_review,,1,16
GDS,4,0.134,1098,4096,256,64,4281.155,5538.845,4497408,true,pending_log_review,,1,16
GDS,4,0.134,1098,4096,256,65,5910.496,6973.603,4497408,true,pending_log_review,,1,16
GDS,4,0.134,1098,4096,256,66,5451.956,6364.888,4497408,true,pending_log_review,,1,16
GDS,4,0.134,1098,4096,256,67,5004.39,6033.95,4497408,true,pending_log_review,,1,16
GDS,4,0.134,1098,4096,256,68,4993.136,5866.4,4497408,true,pending_log_review,,1,16
GDS,4,0.134,1098,4096,256,69,5275.111,6191.683,4497408,true,pending_log_review,,1,16
GDS,4,0.134,1098,4096,256,70,5094.385,5907.335,4497408,true,pending_log_review,,1,16
GDS,4,0.134,1098,4096,256,71,4987.183,5844.957,4497408,true,pending_log_review,,1,16
GDS,4,0.134,1098,4096,256,72,8062.679,9294.541,4497408,true,pending_log_review,,1,16
GDS,4,0.134,1098,4096,256,73,4351.283,5094.706,4497408,true,pending_log_review,,1,16
GDS,4,0.134,1098,4096,256,74,4257.674,5104.026,4497408,true,pending_log_review,,1,16
GDS,4,0.134,1098,4096,256,75,4478.057,5725.582,4497408,true,pending_log_review,,1,16
GDS,4,0.134,1098,4096,256,76,4462.356,5720.901,4497408,true,pending_log_review,,1,16
GDS,4,0.134,1098,4096,256,77,4404.061,5416.744,4497408,true,pending_log_review,,1,16
GDS,4,0.134,1098,4096,256,78,4392.256,5503.996,4497408,true,pending_log_review,,1,16
GDS,4,0.134,1098,4096,256,79,4411.796,5674.639,4497408,true,pending_log_review,,1,16
GDS,4,0.134,1098,4096,256,80,4284.778,5652.153,4497408,true,pending_log_review,,1,16
GDS,4,0.134,1098,4096,256,81,4466.921,5580.175,4497408,true,pending_log_review,,1,16
GDS,4,0.134,1098,4096,256,82,4278.497,5267.942,4497408,true,pending_log_review,,1,16
GDS,4,0.134,1098,4096,256,83,4271.196,5776.525,4497408,true,pending_log_review,,1,16
GDS,4,0.134,1098,4096,256,84,4474.978,5715.747,4497408,true,pending_log_review,,1,16
GDS,4,0.134,1098,4096,256,85,4418.496,5511.822,4497408,true,pending_log_review,,1,16
GDS,4,0.134,1098,4096,256,86,4416.149,5432.886,4497408,true,pending_log_review,,1,16
GDS,4,0.134,1098,4096,256,87,10830.975,12001.108,4497408,true,pending_log_review,,1,16
GDS,4,0.134,1098,4096,256,88,5498.829,6352.136,4497408,true,pending_log_review,,1,16
GDS,4,0.134,1098,4096,256,89,5069.307,5884.753,4497408,true,pending_log_review,,1,16
GDS,4,0.134,1098,4096,256,90,5291.906,6171.996,4497408,true,pending_log_review,,1,16
GDS,4,0.134,1098,4096,256,91,4899.934,5834.59,4497408,true,pending_log_review,,1,16
GDS,4,0.134,1098,4096,256,92,4999.531,5937.829,4497408,true,pending_log_review,,1,16
GDS,4,0.134,1098,4096,256,93,5070.144,6061.364,4497408,true,pending_log_review,,1,16
GDS,4,0.134,1098,4096,256,94,5074.843,5976.407,4497408,true,pending_log_review,,1,16
GDS,4,0.134,1098,4096,256,95,5296.504,6190.965,4497408,true,pending_log_review,,1,16
GDS,4,0.134,1098,4096,256,96,5015.301,5843.405,4497408,true,pending_log_review,,1,16
GDS,4,0.134,1098,4096,256,97,5404.014,6251.982,4497408,true,pending_log_review,,1,16
GDS,4,0.134,1098,4096,256,98,5268.629,6084.246,4497408,true,pending_log_review,,1,16
GDS,4,0.134,1098,4096,256,99,4912.223,5720.62,4497408,true,pending_log_review,,1,16
GDS,4,0.134,1098,4096,256,100,5093.206,6018.121,4497408,true,pending_log_review,,1,16
GDS,4,0.134,1098,4096,256,101,5319.794,6248.849,4497408,true,pending_log_review,,1,16
GDS,4,0.134,1098,4096,256,102,4904.33,5804.052,4497408,true,pending_log_review,,1,16
GDS,4,0.134,1098,4096,256,103,5251.588,6097.437,4497408,true,pending_log_review,,1,16
GDS,4,0.134,1098,4096,256,104,4966.289,5814.779,4497408,true,pending_log_review,,1,16
GDS,4,0.134,1098,4096,256,105,5177.507,6097.925,4497408,true,pending_log_review,,1,16
GDS,4,0.134,1098,4096,256,106,5400.617,6296.327,4497408,true,pending_log_review,,1,16
GDS,4,0.134,1098,4096,256,107,5258.819,6115.015,4497408,true,pending_log_review,,1,16
GDS,4,0.134,1098,4096,256,108,5378.34,6279.9,4497408,true,pending_log_review,,1,16
GDS,4,0.134,1098,4096,256,109,5403.734,6322.546,4497408,true,pending_log_review,,1,16
GDS,4,0.134,1098,4096,256,110,5014.998,5900.214,4497408,true,pending_log_review,,1,16
GDS,4,0.134,1098,4096,256,111,4879.609,5967.719,4497408,true,pending_log_review,,1,16
GDS,4,0.134,1098,4096,256,112,5392.473,6224.555,4497408,true,pending_log_review,,1,16
GDS,4,0.134,1098,4096,256,113,4888.56,5802.202,4497408,true,pending_log_review,,1,16
GDS,4,0.134,1098,4096,256,114,5021.812,5849.479,4497408,true,pending_log_review,,1,16
GDS,4,0.134,1098,4096,256,115,5188.339,6089.856,4497408,true,pending_log_review,,1,16
GDS,4,0.134,1098,4096,256,116,5083.132,5967.723,4497408,true,pending_log_review,,1,16
GDS,4,0.134,1098,4096,256,117,5073.041,6034.18,4497408,true,pending_log_review,,1,16
GDS,4,0.134,1098,4096,256,118,4915.434,5914.773,4497408,true,pending_log_review,,1,16
GDS,4,0.134,1098,4096,256,119,5230.773,6054.821,4497408,true,pending_log_review,,1,16
GDS,4,0.134,1098,4096,256,120,5249.921,6072.777,4497408,true,pending_log_review,,1,16
GDS,4,0.134,1098,4096,256,121,5245.748,6063.951,4497408,true,pending_log_review,,1,16
GDS,4,0.134,1098,4096,256,122,5159.402,5993.576,4497408,true,pending_log_review,,1,16
GDS,4,0.134,1098,4096,256,123,4956.322,5796.292,4497408,true,pending_log_review,,1,16
GDS,4,0.134,1098,4096,256,124,5265.548,6055.266,4497408,true,pending_log_review,,1,16
GDS,4,0.134,1098,4096,256,125,5057.395,5906.93,4497408,true,pending_log_review,,1,16
GDS,4,0.134,1098,4096,256,126,4931.657,5709.963,4497408,true,pending_log_review,,1,16
GDS,4,0.134,1098,4096,256,127,5293.551,6249.343,4497408,true,pending_log_review,,1,16
GDS,4,0.134,1098,4096,256,128,5153.271,5993.269,4497408,true,pending_log_review,,1,16
GDS,4,0.134,1098,4096,256,129,4976.48,5859.168,4497408,true,pending_log_review,,1,16
GDS,4,0.134,1098,4096,256,130,5066.863,5932.734,4497408,true,pending_log_review,,1,16
GDS,4,0.134,1098,4096,256,131,5501.325,6308.222,4497408,true,pending_log_review,,1,16
GDS,4,0.134,1098,4096,256,132,5279.028,6061.047,4497408,true,pending_log_review,,1,16
GDS,4,0.134,1098,4096,256,133,5088.527,5879.12,4497408,true,pending_log_review,,1,16
GDS,4,0.134,1098,4096,256,134,5105.013,5976.922,4497408,true,pending_log_review,,1,16
GDS,4,0.134,1098,4096,256,135,5032.1,6029.783,4497408,true,pending_log_review,,1,16
GDS,4,0.134,1098,4096,256,136,5023.378,5883.076,4497408,true,pending_log_review,,1,16
GDS,4,0.134,1098,4096,256,137,10735.601,11888.875,4497408,true,pending_log_review,,1,16
GDS,4,0.134,1098,4096,256,138,4477.993,5282.892,4497408,true,pending_log_review,,1,16
GDS,4,0.134,1098,4096,256,139,11064.388,12171.437,4497408,true,pending_log_review,,1,16
GDS,4,0.134,1098,4096,256,140,5515.56,6399.196,4497408,true,pending_log_review,,1,16
GDS,4,0.134,1098,4096,256,141,5018.326,5863.957,4497408,true,pending_log_review,,1,16
GDS,4,0.134,1098,4096,256,142,4985.953,5778.649,4497408,true,pending_log_review,,1,16
GDS,4,0.134,1098,4096,256,143,9495.791,10715.453,4497408,true,pending_log_review,,1,16
GDS,4,0.134,1098,4096,256,144,4235.335,5011.264,4497408,true,pending_log_review,,1,16
GDS,4,0.134,1098,4096,256,145,4309.769,5565.435,4497408,true,pending_log_review,,1,16
GDS,4,0.134,1098,4096,256,146,4155.221,5687.464,4497408,true,pending_log_review,,1,16
GDS,4,0.134,1098,4096,256,147,4398.605,5669.044,4497408,true,pending_log_review,,1,16
GDS,4,0.134,1098,4096,256,148,4343.26,5664.216,4497408,true,pending_log_review,,1,16
GDS,4,0.134,1098,4096,256,149,4384.051,5758.199,4497408,true,pending_log_review,,1,16
GDS,4,0.134,1098,4096,256,150,4408.893,5831.145,4497408,true,pending_log_review,,1,16
GDS,4,0.134,1098,4096,256,151,4307.609,5661.098,4497408,true,pending_log_review,,1,16
GDS,4,0.134,1098,4096,256,152,4359.124,5618.316,4497408,true,pending_log_review,,1,16
GDS,4,0.134,1098,4096,256,153,4337.849,5231.73,4497408,true,pending_log_review,,1,16
GDS,4,0.134,1098,4096,256,154,4217.151,5572.672,4497408,true,pending_log_review,,1,16
GDS,4,0.134,1098,4096,256,155,4390.993,5365.649,4497408,true,pending_log_review,,1,16
GDS,4,0.134,1098,4096,256,156,4393.489,5688.623,4497408,true,pending_log_review,,1,16
GDS,4,0.134,1098,4096,256,157,4233.846,5489.787,4497408,true,pending_log_review,,1,16
GDS,4,0.134,1098,4096,256,158,4471.411,5552.643,4497408,true,pending_log_review,,1,16
GDS,4,0.134,1098,4096,256,159,4398.129,5532.916,4497408,true,pending_log_review,,1,16
GDS,4,0.134,1098,4096,256,160,4327.46,5791.385,4497408,true,pending_log_review,,1,16
GDS,4,0.134,1098,4096,256,161,4362.94,5784.544,4497408,true,pending_log_review,,1,16
GDS,4,0.134,1098,4096,256,162,4470.75,5635.25,4497408,true,pending_log_review,,1,16
GDS,4,0.134,1098,4096,256,163,4304.745,5638.3,4497408,true,pending_log_review,,1,16
GDS,4,0.134,1098,4096,256,164,4426.779,5595.488,4497408,true,pending_log_review,,1,16
GDS,4,0.134,1098,4096,256,165,4414.32,5565.569,4497408,true,pending_log_review,,1,16
GDS,4,0.134,1098,4096,256,166,4445.828,5558.253,4497408,true,pending_log_review,,1,16
GDS,4,0.134,1098,4096,256,167,4358.514,5726.999,4497408,true,pending_log_review,,1,16
GDS,4,0.134,1098,4096,256,168,4353.045,5702.004,4497408,true,pending_log_review,,1,16
GDS,4,0.134,1098,4096,256,169,4358.331,5885.613,4497408,true,pending_log_review,,1,16
GDS,4,0.134,1098,4096,256,170,4362.124,5060.749,4497408,true,pending_log_review,,1,16
GDS,4,0.134,1098,4096,256,171,4614.168,5375.123,4497408,true,pending_log_review,,1,16
GDS,4,0.134,1098,4096,256,172,4238.112,5003.546,4497408,true,pending_log_review,,1,16
GDS,4,0.134,1098,4096,256,173,4246.058,5088.761,4497408,true,pending_log_review,,1,16
GDS,4,0.134,1098,4096,256,174,4780.249,5600.795,4497408,true,pending_log_review,,1,16
GDS,4,0.134,1098,4096,256,175,4675.417,5558.441,4497408,true,pending_log_review,,1,16
GDS,4,0.134,1098,4096,256,176,4621.297,5315.046,4497408,true,pending_log_review,,1,16
GDS,4,0.134,1098,4096,256,177,4264.566,5086.201,4497408,true,pending_log_review,,1,16
GDS,4,0.134,1098,4096,256,178,4287.385,5366.805,4497408,true,pending_log_review,,1,16
GDS,4,0.134,1098,4096,256,179,4460.4,5673.169,4497408,true,pending_log_review,,1,16
GDS,4,0.134,1098,4096,256,180,4307.757,5596.938,4497408,true,pending_log_review,,1,16
GDS,4,0.134,1098,4096,256,181,4256.471,5296.165,4497408,true,pending_log_review,,1,16
GDS,4,0.134,1098,4096,256,182,4300.152,5754.053,4497408,true,pending_log_review,,1,16
GDS,4,0.134,1098,4096,256,183,4407.279,5706.256,4497408,true,pending_log_review,,1,16
GDS,4,0.134,1098,4096,256,184,4382.192,5562.432,4497408,true,pending_log_review,,1,16
GDS,4,0.134,1098,4096,256,185,4209.678,5665.965,4497408,true,pending_log_review,,1,16
GDS,4,0.134,1098,4096,256,186,4254.326,5599.048,4497408,true,pending_log_review,,1,16
GDS,4,0.134,1098,4096,256,187,4260.233,5558.441,4497408,true,pending_log_review,,1,16
GDS,4,0.134,1098,4096,256,188,4480.833,5273.1,4497408,true,pending_log_review,,1,16
GDS,4,0.134,1098,4096,256,189,4521.444,5233.604,4497408,true,pending_log_review,,1,16
GDS,4,0.134,1098,4096,256,190,4277.298,5871.674,4497408,true,pending_log_review,,1,16
GDS,4,0.134,1098,4096,256,191,4430.95,5632.39,4497408,true,pending_log_review,,1,16
GDS,4,0.134,1098,4096,256,192,4913.43,5907.64,4497408,true,pending_log_review,,1,16
GDS,4,0.134,1098,4096,256,193,5554.668,6544.549,4497408,true,pending_log_review,,1,16
GDS,4,0.134,1098,4096,256,194,5090.31,5858.66,4497408,true,pending_log_review,,1,16
GDS,4,0.134,1098,4096,256,195,4898.086,5864.463,4497408,true,pending_log_review,,1,16
GDS,4,0.134,1098,4096,256,196,5056.677,5995.491,4497408,true,pending_log_review,,1,16
GDS,4,0.134,1098,4096,256,197,5043.537,5824.143,4497408,true,pending_log_review,,1,16
GDS,4,0.134,1098,4096,256,198,5058.993,5901.312,4497408,true,pending_log_review,,1,16
GDS,4,0.134,1098,4096,256,199,5181.003,5986.904,4497408,true,pending_log_review,,1,16
GDS,4,0.134,1098,4096,256,0,5048.656,5917.143,4497408,true,pending_log_review,,3,16
GDS,4,0.3,2458,4096,256,0,17041.201,19499.628,10067968,true,pending_log_review,,2,16
GDS,4,0.3,2458,4096,256,0,9679.534,11449.431,10067968,true,pending_log_review,,0,16
GDS,4,0.3,2458,4096,256,1,9273.279,11233.22,10067968,true,pending_log_review,,0,16
GDS,4,0.3,2458,4096,256,2,9486.055,11206.192,10067968,true,pending_log_review,,0,16
GDS,4,0.3,2458,4096,256,3,9490.191,11448.152,10067968,true,pending_log_review,,0,16
GDS,4,0.3,2458,4096,256,4,9502.856,11156.024,10067968,true,pending_log_review,,0,16
GDS,4,0.3,2458,4096,256,5,13812.694,16106.026,10067968,true,pending_log_review,,0,16
GDS,4,0.3,2458,4096,256,6,17501.091,19840.267,10067968,true,pending_log_review,,0,16
GDS,4,0.3,2458,4096,256,7,9950.044,11773.085,10067968,true,pending_log_review,,0,16
GDS,4,0.3,2458,4096,256,8,9332.744,11415.987,10067968,true,pending_log_review,,0,16
GDS,4,0.3,2458,4096,256,9,9536.822,11621.162,10067968,true,pending_log_review,,0,16
GDS,4,0.3,2458,4096,256,0,9591.543,11690.392,10067968,true,pending_log_review,,1,16
GDS,4,0.3,2458,4096,256,1,9449.632,11287.002,10067968,true,pending_log_review,,1,16
GDS,4,0.3,2458,4096,256,2,9838.766,11539.651,10067968,true,pending_log_review,,1,16
GDS,4,0.3,2458,4096,256,3,9298.51,11576.168,10067968,true,pending_log_review,,1,16
GDS,4,0.3,2458,4096,256,4,9759.446,11622.376,10067968,true,pending_log_review,,1,16
GDS,4,0.3,2458,4096,256,5,9646.009,11479.389,10067968,true,pending_log_review,,1,16
GDS,4,0.3,2458,4096,256,6,9626.823,11343.814,10067968,true,pending_log_review,,1,16
GDS,4,0.3,2458,4096,256,7,17033.077,19456.433,10067968,true,pending_log_review,,1,16
GDS,4,0.3,2458,4096,256,8,11535.824,13637.274,10067968,true,pending_log_review,,1,16
GDS,4,0.3,2458,4096,256,9,17280.012,19583.65,10067968,true,pending_log_review,,1,16
GDS,4,0.3,2458,4096,256,10,9584.412,11591.303,10067968,true,pending_log_review,,1,16
GDS,4,0.3,2458,4096,256,11,9767.36,11555.955,10067968,true,pending_log_review,,1,16
GDS,4,0.3,2458,4096,256,12,11257.303,13292.686,10067968,true,pending_log_review,,1,16
GDS,4,0.3,2458,4096,256,13,11690.159,13833.399,10067968,true,pending_log_review,,1,16
GDS,4,0.3,2458,4096,256,14,11406.494,13475.201,10067968,true,pending_log_review,,1,16
GDS,4,0.3,2458,4096,256,15,11231.74,13134.678,10067968,true,pending_log_review,,1,16
GDS,4,0.3,2458,4096,256,16,11198.057,13212.077,10067968,true,pending_log_review,,1,16
GDS,4,0.3,2458,4096,256,17,11704.235,13814.489,10067968,true,pending_log_review,,1,16
GDS,4,0.3,2458,4096,256,18,11755.161,13808.927,10067968,true,pending_log_review,,1,16
GDS,4,0.3,2458,4096,256,19,11197.697,13080.159,10067968,true,pending_log_review,,1,16
GDS,4,0.3,2458,4096,256,20,11889.985,14070.579,10067968,true,pending_log_review,,1,16
GDS,4,0.3,2458,4096,256,21,14889.464,17322.105,10067968,true,pending_log_review,,1,16
GDS,4,0.3,2458,4096,256,22,9635.826,11444.882,10067968,true,pending_log_review,,1,16
GDS,4,0.3,2458,4096,256,23,9617.768,11238.507,10067968,true,pending_log_review,,1,16
GDS,4,0.3,2458,4096,256,24,9417.16,11276.428,10067968,true,pending_log_review,,1,16
GDS,4,0.3,2458,4096,256,25,9505.602,11573.892,10067968,true,pending_log_review,,1,16
GDS,4,0.3,2458,4096,256,26,9208.861,10941.965,10067968,true,pending_log_review,,1,16
GDS,4,0.3,2458,4096,256,27,9534.83,11445.536,10067968,true,pending_log_review,,1,16
GDS,4,0.3,2458,4096,256,28,9164.108,11118.501,10067968,true,pending_log_review,,1,16
GDS,4,0.3,2458,4096,256,29,9804.229,11529.288,10067968,true,pending_log_review,,1,16
GDS,4,0.3,2458,4096,256,30,9504.263,11493.481,10067968,true,pending_log_review,,1,16
GDS,4,0.3,2458,4096,256,31,9957.297,11850.989,10067968,true,pending_log_review,,1,16
GDS,4,0.3,2458,4096,256,32,10109.933,11972.687,10067968,true,pending_log_review,,1,16
GDS,4,0.3,2458,4096,256,33,9762.047,11616.099,10067968,true,pending_log_review,,1,16
GDS,4,0.3,2458,4096,256,34,10306.626,12163.901,10067968,true,pending_log_review,,1,16
GDS,4,0.3,2458,4096,256,35,9594.579,11692.771,10067968,true,pending_log_review,,1,16
GDS,4,0.3,2458,4096,256,36,9428.541,11532.635,10067968,true,pending_log_review,,1,16
GDS,4,0.3,2458,4096,256,37,10495.919,12708.594,10067968,true,pending_log_review,,1,16
GDS,4,0.3,2458,4096,256,38,11877.915,14048.286,10067968,true,pending_log_review,,1,16
GDS,4,0.3,2458,4096,256,39,11672.647,13704.008,10067968,true,pending_log_review,,1,16
GDS,4,0.3,2458,4096,256,40,11683.833,13766.677,10067968,true,pending_log_review,,1,16
GDS,4,0.3,2458,4096,256,41,11390.241,13497.222,10067968,true,pending_log_review,,1,16
GDS,4,0.3,2458,4096,256,42,9808.789,12267.034,10067968,true,pending_log_review,,1,16
GDS,4,0.3,2458,4096,256,43,9426.382,11406.292,10067968,true,pending_log_review,,1,16
GDS,4,0.3,2458,4096,256,44,9531.816,11459.69,10067968,true,pending_log_review,,1,16
GDS,4,0.3,2458,4096,256,45,9809.166,11555.885,10067968,true,pending_log_review,,1,16
GDS,4,0.3,2458,4096,256,46,9167.214,11335.231,10067968,true,pending_log_review,,1,16
GDS,4,0.3,2458,4096,256,47,9406.426,11183.562,10067968,true,pending_log_review,,1,16
GDS,4,0.3,2458,4096,256,48,9225.921,11106.514,10067968,true,pending_log_review,,1,16
GDS,4,0.3,2458,4096,256,49,9988.18,11794.766,10067968,true,pending_log_review,,1,16
GDS,4,0.3,2458,4096,256,50,16793.49,19501.631,10067968,true,pending_log_review,,1,16
GDS,4,0.3,2458,4096,256,51,11433.239,13597.316,10067968,true,pending_log_review,,1,16
GDS,4,0.3,2458,4096,256,52,11815.059,14140.464,10067968,true,pending_log_review,,1,16
GDS,4,0.3,2458,4096,256,53,11327.731,13340.351,10067968,true,pending_log_review,,1,16
GDS,4,0.3,2458,4096,256,54,11833.848,13896.658,10067968,true,pending_log_review,,1,16
GDS,4,0.3,2458,4096,256,55,11158.284,13136.919,10067968,true,pending_log_review,,1,16
GDS,4,0.3,2458,4096,256,56,17183.773,19507.94,10067968,true,pending_log_review,,1,16
GDS,4,0.3,2458,4096,256,57,9688.233,11863.43,10067968,true,pending_log_review,,1,16
GDS,4,0.3,2458,4096,256,58,9765.254,11480.211,10067968,true,pending_log_review,,1,16
GDS,4,0.3,2458,4096,256,59,10570.529,12504.011,10067968,true,pending_log_review,,1,16
GDS,4,0.3,2458,4096,256,60,11680.865,13984.361,10067968,true,pending_log_review,,1,16
GDS,4,0.3,2458,4096,256,61,12253.01,14390.513,10067968,true,pending_log_review,,1,16
GDS,4,0.3,2458,4096,256,62,16636.038,19118.972,10067968,true,pending_log_review,,1,16
GDS,4,0.3,2458,4096,256,63,9733.517,11800.696,10067968,true,pending_log_review,,1,16
GDS,4,0.3,2458,4096,256,64,9795.357,11869.678,10067968,true,pending_log_review,,1,16
GDS,4,0.3,2458,4096,256,65,9668.519,11802.768,10067968,true,pending_log_review,,1,16
GDS,4,0.3,2458,4096,256,66,9378.427,11508.616,10067968,true,pending_log_review,,1,16
GDS,4,0.3,2458,4096,256,67,10311.35,12172.905,10067968,true,pending_log_review,,1,16
GDS,4,0.3,2458,4096,256,68,9525.485,11356.233,10067968,true,pending_log_review,,1,16
GDS,4,0.3,2458,4096,256,69,9581.83,11308.438,10067968,true,pending_log_review,,1,16
GDS,4,0.3,2458,4096,256,70,9718.652,11751.771,10067968,true,pending_log_review,,1,16
GDS,4,0.3,2458,4096,256,71,11849.348,14058.7,10067968,true,pending_log_review,,1,16
GDS,4,0.3,2458,4096,256,72,11252.903,13350.289,10067968,true,pending_log_review,,1,16
GDS,4,0.3,2458,4096,256,73,11843.445,13979.6,10067968,true,pending_log_review,,1,16
GDS,4,0.3,2458,4096,256,74,11799.503,13899.628,10067968,true,pending_log_review,,1,16
GDS,4,0.3,2458,4096,256,75,11489.635,13524.23,10067968,true,pending_log_review,,1,16
GDS,4,0.3,2458,4096,256,76,11811.216,13907.482,10067968,true,pending_log_review,,1,16
GDS,4,0.3,2458,4096,256,77,11677.661,13906.97,10067968,true,pending_log_review,,1,16
GDS,4,0.3,2458,4096,256,78,11855.938,14066.788,10067968,true,pending_log_review,,1,16
GDS,4,0.3,2458,4096,256,79,11918.691,14084.743,10067968,true,pending_log_review,,1,16
GDS,4,0.3,2458,4096,256,80,11860.83,13989.062,10067968,true,pending_log_review,,1,16
GDS,4,0.3,2458,4096,256,81,11843.685,13933.431,10067968,true,pending_log_review,,1,16
GDS,4,0.3,2458,4096,256,82,11547.811,13643.466,10067968,true,pending_log_review,,1,16
GDS,4,0.3,2458,4096,256,83,11813.969,13942.884,10067968,true,pending_log_review,,1,16
GDS,4,0.3,2458,4096,256,84,11863.909,14027.049,10067968,true,pending_log_review,,1,16
GDS,4,0.3,2458,4096,256,85,11818.441,14015.582,10067968,true,pending_log_review,,1,16
GDS,4,0.3,2458,4096,256,86,11547.409,13765.351,10067968,true,pending_log_review,,1,16
GDS,4,0.3,2458,4096,256,87,11958.731,14134.105,10067968,true,pending_log_review,,1,16
GDS,4,0.3,2458,4096,256,88,11676.427,13925.748,10067968,true,pending_log_review,,1,16
GDS,4,0.3,2458,4096,256,89,11743.958,13846.992,10067968,true,pending_log_review,,1,16
GDS,4,0.3,2458,4096,256,90,11309.204,13305.595,10067968,true,pending_log_review,,1,16
GDS,4,0.3,2458,4096,256,91,11938.951,14175.042,10067968,true,pending_log_review,,1,16
GDS,4,0.3,2458,4096,256,92,16286.885,18901.702,10067968,true,pending_log_review,,1,16
GDS,4,0.3,2458,4096,256,93,9248.483,10945.842,10067968,true,pending_log_review,,1,16
GDS,4,0.3,2458,4096,256,94,9646.786,11555.834,10067968,true,pending_log_review,,1,16
GDS,4,0.3,2458,4096,256,95,9233.725,11026.986,10067968,true,pending_log_review,,1,16
GDS,4,0.3,2458,4096,256,96,9527.464,11470.228,10067968,true,pending_log_review,,1,16
GDS,4,0.3,2458,4096,256,97,15915.609,18417.138,10067968,true,pending_log_review,,1,16
GDS,4,0.3,2458,4096,256,98,12035.698,14369.363,10067968,true,pending_log_review,,1,16
GDS,4,0.3,2458,4096,256,99,11575.327,13799.738,10067968,true,pending_log_review,,1,16
GDS,4,0.3,2458,4096,256,100,11626.861,13775.163,10067968,true,pending_log_review,,1,16
GDS,4,0.3,2458,4096,256,101,11678.756,13874.259,10067968,true,pending_log_review,,1,16
GDS,4,0.3,2458,4096,256,102,11780.572,13930.027,10067968,true,pending_log_review,,1,16
GDS,4,0.3,2458,4096,256,103,11519.608,13697.754,10067968,true,pending_log_review,,1,16
GDS,4,0.3,2458,4096,256,104,11605.279,13537.213,10067968,true,pending_log_review,,1,16
GDS,4,0.3,2458,4096,256,105,11753.761,13704.855,10067968,true,pending_log_review,,1,16
GDS,4,0.3,2458,4096,256,106,9558.134,11502.282,10067968,true,pending_log_review,,1,16
GDS,4,0.3,2458,4096,256,107,9410.231,11182.334,10067968,true,pending_log_review,,1,16
GDS,4,0.3,2458,4096,256,108,9393.673,11477.946,10067968,true,pending_log_review,,1,16
GDS,4,0.3,2458,4096,256,109,9757.992,11647.538,10067968,true,pending_log_review,,1,16
GDS,4,0.3,2458,4096,256,110,9754.222,11627.452,10067968,true,pending_log_review,,1,16
GDS,4,0.3,2458,4096,256,111,10063.818,11878.884,10067968,true,pending_log_review,,1,16
GDS,4,0.3,2458,4096,256,112,9658.335,11753.935,10067968,true,pending_log_review,,1,16
GDS,4,0.3,2458,4096,256,113,14687.419,16949.706,10067968,true,pending_log_review,,1,16
GDS,4,0.3,2458,4096,256,114,11863.271,14049.295,10067968,true,pending_log_review,,1,16
GDS,4,0.3,2458,4096,256,115,11613.043,13572.267,10067968,true,pending_log_review,,1,16
GDS,4,0.3,2458,4096,256,116,11659.631,13896.662,10067968,true,pending_log_review,,1,16
GDS,4,0.3,2458,4096,256,117,11385.138,13371.182,10067968,true,pending_log_review,,1,16
GDS,4,0.3,2458,4096,256,118,11443.225,13470.843,10067968,true,pending_log_review,,1,16
GDS,4,0.3,2458,4096,256,119,11231.081,13309.173,10067968,true,pending_log_review,,1,16
GDS,4,0.3,2458,4096,256,120,11730.236,13852.251,10067968,true,pending_log_review,,1,16
GDS,4,0.3,2458,4096,256,121,11615.92,13775.636,10067968,true,pending_log_review,,1,16
GDS,4,0.3,2458,4096,256,122,12043.597,14226.127,10067968,true,pending_log_review,,1,16
GDS,4,0.3,2458,4096,256,123,11757.475,13928.442,10067968,true,pending_log_review,,1,16
GDS,4,0.3,2458,4096,256,124,11647.166,13804.579,10067968,true,pending_log_review,,1,16
GDS,4,0.3,2458,4096,256,125,11535.29,13750.491,10067968,true,pending_log_review,,1,16
GDS,4,0.3,2458,4096,256,126,11729.214,13950.8,10067968,true,pending_log_review,,1,16
GDS,4,0.3,2458,4096,256,127,11894.561,14040.767,10067968,true,pending_log_review,,1,16
GDS,4,0.3,2458,4096,256,128,11559.447,13726.465,10067968,true,pending_log_review,,1,16
GDS,4,0.3,2458,4096,256,129,11918.509,13981.327,10067968,true,pending_log_review,,1,16
GDS,4,0.3,2458,4096,256,130,11688.572,13715.459,10067968,true,pending_log_review,,1,16
GDS,4,0.3,2458,4096,256,131,11679.302,14035.143,10067968,true,pending_log_review,,1,16
GDS,4,0.3,2458,4096,256,132,11153.816,13108.085,10067968,true,pending_log_review,,1,16
GDS,4,0.3,2458,4096,256,133,11918.432,13967.569,10067968,true,pending_log_review,,1,16
GDS,4,0.3,2458,4096,256,134,17015.762,19347.959,10067968,true,pending_log_review,,1,16
GDS,4,0.3,2458,4096,256,135,9377.615,11152.841,10067968,true,pending_log_review,,1,16
GDS,4,0.3,2458,4096,256,136,9315.068,11444.024,10067968,true,pending_log_review,,1,16
GDS,4,0.3,2458,4096,256,137,9467.078,11861.982,10067968,true,pending_log_review,,1,16
GDS,4,0.3,2458,4096,256,138,9472.939,11673.285,10067968,true,pending_log_review,,1,16
GDS,4,0.3,2458,4096,256,139,9837.786,11738.626,10067968,true,pending_log_review,,1,16
GDS,4,0.3,2458,4096,256,140,11918.128,13992.201,10067968,true,pending_log_review,,1,16
GDS,4,0.3,2458,4096,256,141,11190.121,13135.116,10067968,true,pending_log_review,,1,16
GDS,4,0.3,2458,4096,256,142,13890.476,16091.442,10067968,true,pending_log_review,,1,16
GDS,4,0.3,2458,4096,256,143,11685.187,13891.932,10067968,true,pending_log_review,,1,16
GDS,4,0.3,2458,4096,256,144,12149.908,14274.425,10067968,true,pending_log_review,,1,16
GDS,4,0.3,2458,4096,256,145,12080.446,14308.956,10067968,true,pending_log_review,,1,16
GDS,4,0.3,2458,4096,256,146,11582.115,13605.568,10067968,true,pending_log_review,,1,16
GDS,4,0.3,2458,4096,256,147,11541.966,13399.376,10067968,true,pending_log_review,,1,16
GDS,4,0.3,2458,4096,256,148,11602.552,13645.373,10067968,true,pending_log_review,,1,16
GDS,4,0.3,2458,4096,256,149,12144.287,14306.049,10067968,true,pending_log_review,,1,16
GDS,4,0.3,2458,4096,256,150,11715.891,13713.286,10067968,true,pending_log_review,,1,16
GDS,4,0.3,2458,4096,256,151,11885.653,14035.064,10067968,true,pending_log_review,,1,16
GDS,4,0.3,2458,4096,256,152,11514.668,13679.743,10067968,true,pending_log_review,,1,16
GDS,4,0.3,2458,4096,256,153,11954.197,14019.36,10067968,true,pending_log_review,,1,16
GDS,4,0.3,2458,4096,256,154,11263.07,13286.512,10067968,true,pending_log_review,,1,16
GDS,4,0.3,2458,4096,256,155,16245.377,18505.56,10067968,true,pending_log_review,,1,16
GDS,4,0.3,2458,4096,256,156,9951.599,11714.176,10067968,true,pending_log_review,,1,16
GDS,4,0.3,2458,4096,256,157,9451.264,11705.629,10067968,true,pending_log_review,,1,16
GDS,4,0.3,2458,4096,256,158,9298.728,11315.718,10067968,true,pending_log_review,,1,16
GDS,4,0.3,2458,4096,256,159,9740.249,11815.699,10067968,true,pending_log_review,,1,16
GDS,4,0.3,2458,4096,256,160,9534.117,11264.511,10067968,true,pending_log_review,,1,16
GDS,4,0.3,2458,4096,256,161,9444.266,11558.542,10067968,true,pending_log_review,,1,16
GDS,4,0.3,2458,4096,256,162,9515.307,11783.843,10067968,true,pending_log_review,,1,16
GDS,4,0.3,2458,4096,256,163,9694.967,11797.541,10067968,true,pending_log_review,,1,16
GDS,4,0.3,2458,4096,256,164,9657.112,11690.1,10067968,true,pending_log_review,,1,16
GDS,4,0.3,2458,4096,256,165,9247.835,11006.475,10067968,true,pending_log_review,,1,16
GDS,4,0.3,2458,4096,256,166,9425.8,11405.638,10067968,true,pending_log_review,,1,16
GDS,4,0.3,2458,4096,256,167,9452.123,11482.955,10067968,true,pending_log_review,,1,16
GDS,4,0.3,2458,4096,256,168,9406.184,11572.96,10067968,true,pending_log_review,,1,16
GDS,4,0.3,2458,4096,256,169,8946.59,11040.574,10067968,true,pending_log_review,,1,16
GDS,4,0.3,2458,4096,256,170,9585.193,11417.882,10067968,true,pending_log_review,,1,16
GDS,4,0.3,2458,4096,256,171,9355.073,11560.402,10067968,true,pending_log_review,,1,16
GDS,4,0.3,2458,4096,256,172,9846.228,11674.999,10067968,true,pending_log_review,,1,16
GDS,4,0.3,2458,4096,256,173,10130.067,11942.054,10067968,true,pending_log_review,,1,16
GDS,4,0.3,2458,4096,256,174,10539.434,12502.311,10067968,true,pending_log_review,,1,16
GDS,4,0.3,2458,4096,256,175,9997.331,11751.307,10067968,true,pending_log_review,,1,16
GDS,4,0.3,2458,4096,256,176,9169.423,11424.507,10067968,true,pending_log_review,,1,16
GDS,4,0.3,2458,4096,256,177,9660.433,11615.507,10067968,true,pending_log_review,,1,16
GDS,4,0.3,2458,4096,256,178,9470.59,11336.364,10067968,true,pending_log_review,,1,16
GDS,4,0.3,2458,4096,256,179,9771.888,11556.95,10067968,true,pending_log_review,,1,16
GDS,4,0.3,2458,4096,256,180,12059.646,14237.556,10067968,true,pending_log_review,,1,16
GDS,4,0.3,2458,4096,256,181,11739.679,13804.031,10067968,true,pending_log_review,,1,16
GDS,4,0.3,2458,4096,256,182,11667.725,13800.408,10067968,true,pending_log_review,,1,16
GDS,4,0.3,2458,4096,256,183,11735.447,13814.05,10067968,true,pending_log_review,,1,16
GDS,4,0.3,2458,4096,256,184,11593.512,13569.376,10067968,true,pending_log_review,,1,16
GDS,4,0.3,2458,4096,256,185,13352.526,15548.998,10067968,true,pending_log_review,,1,16
GDS,4,0.3,2458,4096,256,186,10434.487,12229.085,10067968,true,pending_log_review,,1,16
GDS,4,0.3,2458,4096,256,187,14007.408,16235.595,10067968,true,pending_log_review,,1,16
GDS,4,0.3,2458,4096,256,188,11716.007,14010.562,10067968,true,pending_log_review,,1,16
GDS,4,0.3,2458,4096,256,189,11574.657,13534.028,10067968,true,pending_log_review,,1,16
GDS,4,0.3,2458,4096,256,190,11164.099,13379.676,10067968,true,pending_log_review,,1,16
GDS,4,0.3,2458,4096,256,191,11176.065,13145.635,10067968,true,pending_log_review,,1,16
GDS,4,0.3,2458,4096,256,192,11814.222,13927.347,10067968,true,pending_log_review,,1,16
GDS,4,0.3,2458,4096,256,193,11869.592,14054.718,10067968,true,pending_log_review,,1,16
GDS,4,0.3,2458,4096,256,194,11238.99,13363.467,10067968,true,pending_log_review,,1,16
GDS,4,0.3,2458,4096,256,195,11676.242,13712.932,10067968,true,pending_log_review,,1,16
GDS,4,0.3,2458,4096,256,196,11320.724,13261.265,10067968,true,pending_log_review,,1,16
GDS,4,0.3,2458,4096,256,197,11634.587,13604.589,10067968,true,pending_log_review,,1,16
GDS,4,0.3,2458,4096,256,198,9396.697,11513.473,10067968,true,pending_log_review,,1,16
GDS,4,0.3,2458,4096,256,199,9509.337,11608.932,10067968,true,pending_log_review,,1,16
GDS,4,0.3,2458,4096,256,0,9565.232,11529.603,10067968,true,pending_log_review,,3,16
GDS,16,0.067,2195,4096,256,0,8756.884,10237.801,8990720,true,pending_log_review,,2,16
GDS,16,0.067,2195,4096,256,0,8814.743,10405.089,8990720,true,pending_log_review,,0,16
GDS,16,0.067,2195,4096,256,1,9487.919,11227.951,8990720,true,pending_log_review,,0,16
GDS,16,0.067,2195,4096,256,2,8190.462,9776.457,8990720,true,pending_log_review,,0,16
GDS,16,0.067,2195,4096,256,3,8566.826,10317.58,8990720,true,pending_log_review,,0,16
GDS,16,0.067,2195,4096,256,4,9078.876,10890.76,8990720,true,pending_log_review,,0,16
GDS,16,0.067,2195,4096,256,5,16953.685,19360.019,8990720,true,pending_log_review,,0,16
GDS,16,0.067,2195,4096,256,6,8615.743,10297.435,8990720,true,pending_log_review,,0,16
GDS,16,0.067,2195,4096,256,7,8515.411,10613.512,8990720,true,pending_log_review,,0,16
GDS,16,0.067,2195,4096,256,8,8426.127,10079.2,8990720,true,pending_log_review,,0,16
GDS,16,0.067,2195,4096,256,9,8578.218,10463.898,8990720,true,pending_log_review,,0,16
GDS,16,0.067,2195,4096,256,0,8568.078,10544.413,8990720,true,pending_log_review,,1,16
GDS,16,0.067,2195,4096,256,1,9087.626,10657.9,8990720,true,pending_log_review,,1,16
GDS,16,0.067,2195,4096,256,2,8425.241,10410.299,8990720,true,pending_log_review,,1,16
GDS,16,0.067,2195,4096,256,3,8327.2,9884.218,8990720,true,pending_log_review,,1,16
GDS,16,0.067,2195,4096,256,4,8565.651,10733.165,8990720,true,pending_log_review,,1,16
GDS,16,0.067,2195,4096,256,5,8626.137,10349.305,8990720,true,pending_log_review,,1,16
GDS,16,0.067,2195,4096,256,6,8637.369,10629.614,8990720,true,pending_log_review,,1,16
GDS,16,0.067,2195,4096,256,7,8424.348,10241.143,8990720,true,pending_log_review,,1,16
GDS,16,0.067,2195,4096,256,8,8632.41,10561.712,8990720,true,pending_log_review,,1,16
GDS,16,0.067,2195,4096,256,9,8457.131,10046.134,8990720,true,pending_log_review,,1,16
GDS,16,0.067,2195,4096,256,10,8748.481,10258.227,8990720,true,pending_log_review,,1,16
GDS,16,0.067,2195,4096,256,11,8586.079,10471.077,8990720,true,pending_log_review,,1,16
GDS,16,0.067,2195,4096,256,12,8309.519,10645.772,8990720,true,pending_log_review,,1,16
GDS,16,0.067,2195,4096,256,13,8752.845,10713.014,8990720,true,pending_log_review,,1,16
GDS,16,0.067,2195,4096,256,14,8398.392,10576.666,8990720,true,pending_log_review,,1,16
GDS,16,0.067,2195,4096,256,15,8672.657,10631.664,8990720,true,pending_log_review,,1,16
GDS,16,0.067,2195,4096,256,16,8592.705,10637.167,8990720,true,pending_log_review,,1,16
GDS,16,0.067,2195,4096,256,17,8622.827,10489.177,8990720,true,pending_log_review,,1,16
GDS,16,0.067,2195,4096,256,18,8435.481,10332.334,8990720,true,pending_log_review,,1,16
GDS,16,0.067,2195,4096,256,19,8549.288,10147.112,8990720,true,pending_log_review,,1,16
GDS,16,0.067,2195,4096,256,20,8957.372,10478.042,8990720,true,pending_log_review,,1,16
GDS,16,0.067,2195,4096,256,21,8587.131,10796.922,8990720,true,pending_log_review,,1,16
GDS,16,0.067,2195,4096,256,22,8723.927,10663.93,8990720,true,pending_log_review,,1,16
GDS,16,0.067,2195,4096,256,23,8684.023,10487.418,8990720,true,pending_log_review,,1,16
GDS,16,0.067,2195,4096,256,24,9024.693,10665.822,8990720,true,pending_log_review,,1,16
GDS,16,0.067,2195,4096,256,25,8575.875,10374.307,8990720,true,pending_log_review,,1,16
GDS,16,0.067,2195,4096,256,26,8550.173,10396.042,8990720,true,pending_log_review,,1,16
GDS,16,0.067,2195,4096,256,27,8379.682,10154.806,8990720,true,pending_log_review,,1,16
GDS,16,0.067,2195,4096,256,28,8423.422,10309.586,8990720,true,pending_log_review,,1,16
GDS,16,0.067,2195,4096,256,29,8497.644,10139.913,8990720,true,pending_log_review,,1,16
GDS,16,0.067,2195,4096,256,30,8625.544,10217.627,8990720,true,pending_log_review,,1,16
GDS,16,0.067,2195,4096,256,31,8630.809,10289.266,8990720,true,pending_log_review,,1,16
GDS,16,0.067,2195,4096,256,32,8571.354,10210.107,8990720,true,pending_log_review,,1,16
GDS,16,0.067,2195,4096,256,33,8397.704,10155.494,8990720,true,pending_log_review,,1,16
GDS,16,0.067,2195,4096,256,34,8531.57,10591.03,8990720,true,pending_log_review,,1,16
GDS,16,0.067,2195,4096,256,35,8637.073,10117.91,8990720,true,pending_log_review,,1,16
GDS,16,0.067,2195,4096,256,36,8470.735,10094.963,8990720,true,pending_log_review,,1,16
GDS,16,0.067,2195,4096,256,37,8138.515,9704.543,8990720,true,pending_log_review,,1,16
GDS,16,0.067,2195,4096,256,38,8545.358,10557.899,8990720,true,pending_log_review,,1,16
GDS,16,0.067,2195,4096,256,39,8381.334,10252.489,8990720,true,pending_log_review,,1,16
GDS,16,0.067,2195,4096,256,40,8646.459,10606.583,8990720,true,pending_log_review,,1,16
GDS,16,0.067,2195,4096,256,41,8817.347,10561.72,8990720,true,pending_log_review,,1,16
GDS,16,0.067,2195,4096,256,42,8454.567,10278.073,8990720,true,pending_log_review,,1,16
GDS,16,0.067,2195,4096,256,43,8407.722,10256.906,8990720,true,pending_log_review,,1,16
GDS,16,0.067,2195,4096,256,44,8558.075,10686.393,8990720,true,pending_log_review,,1,16
GDS,16,0.067,2195,4096,256,45,8522.915,10747.439,8990720,true,pending_log_review,,1,16
GDS,16,0.067,2195,4096,256,46,8376.265,10686.266,8990720,true,pending_log_review,,1,16
GDS,16,0.067,2195,4096,256,47,8487.711,10345.535,8990720,true,pending_log_review,,1,16
GDS,16,0.067,2195,4096,256,48,8509.139,10496.91,8990720,true,pending_log_review,,1,16
GDS,16,0.067,2195,4096,256,49,8660.692,10269.992,8990720,true,pending_log_review,,1,16
GDS,16,0.067,2195,4096,256,50,8481.999,10671.204,8990720,true,pending_log_review,,1,16
GDS,16,0.067,2195,4096,256,51,8382.436,10286.657,8990720,true,pending_log_review,,1,16
GDS,16,0.067,2195,4096,256,52,9067.846,10641.926,8990720,true,pending_log_review,,1,16
GDS,16,0.067,2195,4096,256,53,8482.276,10060.38,8990720,true,pending_log_review,,1,16
GDS,16,0.067,2195,4096,256,54,14623.332,16857.848,8990720,true,pending_log_review,,1,16
GDS,16,0.067,2195,4096,256,55,10210.234,11985.929,8990720,true,pending_log_review,,1,16
GDS,16,0.067,2195,4096,256,56,10352.26,12210.734,8990720,true,pending_log_review,,1,16
GDS,16,0.067,2195,4096,256,57,10305.751,12108.027,8990720,true,pending_log_review,,1,16
GDS,16,0.067,2195,4096,256,58,10732.174,12688.114,8990720,true,pending_log_review,,1,16
GDS,16,0.067,2195,4096,256,59,8560.94,10325.357,8990720,true,pending_log_review,,1,16
GDS,16,0.067,2195,4096,256,60,8426.981,10105.25,8990720,true,pending_log_review,,1,16
GDS,16,0.067,2195,4096,256,61,8506.415,10035.658,8990720,true,pending_log_review,,1,16
GDS,16,0.067,2195,4096,256,62,8361.206,9981.015,8990720,true,pending_log_review,,1,16
GDS,16,0.067,2195,4096,256,63,8531.956,10270.691,8990720,true,pending_log_review,,1,16
GDS,16,0.067,2195,4096,256,64,8688.216,10506.959,8990720,true,pending_log_review,,1,16
GDS,16,0.067,2195,4096,256,65,14814.904,17245.184,8990720,true,pending_log_review,,1,16
GDS,16,0.067,2195,4096,256,66,10635.57,12327.39,8990720,true,pending_log_review,,1,16
GDS,16,0.067,2195,4096,256,67,12040.977,14018.728,8990720,true,pending_log_review,,1,16
GDS,16,0.067,2195,4096,256,68,8843.05,10401.765,8990720,true,pending_log_review,,1,16
GDS,16,0.067,2195,4096,256,69,8321.03,10004.358,8990720,true,pending_log_review,,1,16
GDS,16,0.067,2195,4096,256,70,8440.961,9991.064,8990720,true,pending_log_review,,1,16
GDS,16,0.067,2195,4096,256,71,8307.48,10278.9,8990720,true,pending_log_review,,1,16
GDS,16,0.067,2195,4096,256,72,8533.968,10513.717,8990720,true,pending_log_review,,1,16
GDS,16,0.067,2195,4096,256,73,8765.216,10323.205,8990720,true,pending_log_review,,1,16
GDS,16,0.067,2195,4096,256,74,8381.694,9859.246,8990720,true,pending_log_review,,1,16
GDS,16,0.067,2195,4096,256,75,8467.977,10715.643,8990720,true,pending_log_review,,1,16
GDS,16,0.067,2195,4096,256,76,8643.53,10574.534,8990720,true,pending_log_review,,1,16
GDS,16,0.067,2195,4096,256,77,8799.257,10794.958,8990720,true,pending_log_review,,1,16
GDS,16,0.067,2195,4096,256,78,8340.84,9962.882,8990720,true,pending_log_review,,1,16
GDS,16,0.067,2195,4096,256,79,8451.711,10003.559,8990720,true,pending_log_review,,1,16
GDS,16,0.067,2195,4096,256,80,8465.671,10064.633,8990720,true,pending_log_review,,1,16
GDS,16,0.067,2195,4096,256,81,14694.503,16786.778,8990720,true,pending_log_review,,1,16
GDS,16,0.067,2195,4096,256,82,11322.204,13710.07,8990720,true,pending_log_review,,1,16
GDS,16,0.067,2195,4096,256,83,15003.733,17462.436,8990720,true,pending_log_review,,1,16
GDS,16,0.067,2195,4096,256,84,8560.459,10715.933,8990720,true,pending_log_review,,1,16
GDS,16,0.067,2195,4096,256,85,8367.753,9998.025,8990720,true,pending_log_review,,1,16
GDS,16,0.067,2195,4096,256,86,8489.627,10352.268,8990720,true,pending_log_review,,1,16
GDS,16,0.067,2195,4096,256,87,8157.852,10114.653,8990720,true,pending_log_review,,1,16
GDS,16,0.067,2195,4096,256,88,8582.834,10312.296,8990720,true,pending_log_review,,1,16
GDS,16,0.067,2195,4096,256,89,15742.273,18206.151,8990720,true,pending_log_review,,1,16
GDS,16,0.067,2195,4096,256,90,9980.001,11784.931,8990720,true,pending_log_review,,1,16
GDS,16,0.067,2195,4096,256,91,10190.113,12029.126,8990720,true,pending_log_review,,1,16
GDS,16,0.067,2195,4096,256,92,10484.415,12386.718,8990720,true,pending_log_review,,1,16
GDS,16,0.067,2195,4096,256,93,10070.929,11800.152,8990720,true,pending_log_review,,1,16
GDS,16,0.067,2195,4096,256,94,10015.639,11851.909,8990720,true,pending_log_review,,1,16
GDS,16,0.067,2195,4096,256,95,10070.541,11810.497,8990720,true,pending_log_review,,1,16
GDS,16,0.067,2195,4096,256,96,10923.478,12823.029,8990720,true,pending_log_review,,1,16
GDS,16,0.067,2195,4096,256,97,10660.186,12736.682,8990720,true,pending_log_review,,1,16
GDS,16,0.067,2195,4096,256,98,10453.57,12220.046,8990720,true,pending_log_review,,1,16
GDS,16,0.067,2195,4096,256,99,10538.287,12342.032,8990720,true,pending_log_review,,1,16
GDS,16,0.067,2195,4096,256,100,10178.229,11972.81,8990720,true,pending_log_review,,1,16
GDS,16,0.067,2195,4096,256,101,9931.031,11752.048,8990720,true,pending_log_review,,1,16
GDS,16,0.067,2195,4096,256,102,10677.253,12458.894,8990720,true,pending_log_review,,1,16
GDS,16,0.067,2195,4096,256,103,10405.611,12321.541,8990720,true,pending_log_review,,1,16
GDS,16,0.067,2195,4096,256,104,10097.937,11826.656,8990720,true,pending_log_review,,1,16
GDS,16,0.067,2195,4096,256,105,10419.223,12461.821,8990720,true,pending_log_review,,1,16
GDS,16,0.067,2195,4096,256,106,10555.491,12481.908,8990720,true,pending_log_review,,1,16
GDS,16,0.067,2195,4096,256,107,10218.756,11989.503,8990720,true,pending_log_review,,1,16
GDS,16,0.067,2195,4096,256,108,8302.724,10033.19,8990720,true,pending_log_review,,1,16
GDS,16,0.067,2195,4096,256,109,8344.453,10013.395,8990720,true,pending_log_review,,1,16
GDS,16,0.067,2195,4096,256,110,8676.01,10362.03,8990720,true,pending_log_review,,1,16
GDS,16,0.067,2195,4096,256,111,8339.013,10444.863,8990720,true,pending_log_review,,1,16
GDS,16,0.067,2195,4096,256,112,8490.064,10236.113,8990720,true,pending_log_review,,1,16
GDS,16,0.067,2195,4096,256,113,8280.759,10271.293,8990720,true,pending_log_review,,1,16
GDS,16,0.067,2195,4096,256,114,8557.899,10433.168,8990720,true,pending_log_review,,1,16
GDS,16,0.067,2195,4096,256,115,8518.951,10329.626,8990720,true,pending_log_review,,1,16
GDS,16,0.067,2195,4096,256,116,8130.196,9629.719,8990720,true,pending_log_review,,1,16
GDS,16,0.067,2195,4096,256,117,8645.363,10410.809,8990720,true,pending_log_review,,1,16
GDS,16,0.067,2195,4096,256,118,8529.336,10054.968,8990720,true,pending_log_review,,1,16
GDS,16,0.067,2195,4096,256,119,8784.251,11069.958,8990720,true,pending_log_review,,1,16
GDS,16,0.067,2195,4096,256,120,8472.784,10097.006,8990720,true,pending_log_review,,1,16
GDS,16,0.067,2195,4096,256,121,8503.769,10249.418,8990720,true,pending_log_review,,1,16
GDS,16,0.067,2195,4096,256,122,8314.325,9885.857,8990720,true,pending_log_review,,1,16
GDS,16,0.067,2195,4096,256,123,8264.643,9972.363,8990720,true,pending_log_review,,1,16
GDS,16,0.067,2195,4096,256,124,8704.013,10987.927,8990720,true,pending_log_review,,1,16
GDS,16,0.067,2195,4096,256,125,8609.717,10760.948,8990720,true,pending_log_review,,1,16
GDS,16,0.067,2195,4096,256,126,8696.211,10362.446,8990720,true,pending_log_review,,1,16
GDS,16,0.067,2195,4096,256,127,8590.654,10118.777,8990720,true,pending_log_review,,1,16
GDS,16,0.067,2195,4096,256,128,8858.393,10539.445,8990720,true,pending_log_review,,1,16
GDS,16,0.067,2195,4096,256,129,8995.825,10613.744,8990720,true,pending_log_review,,1,16
GDS,16,0.067,2195,4096,256,130,8594.8,10230.463,8990720,true,pending_log_review,,1,16
GDS,16,0.067,2195,4096,256,131,8489.024,10107.032,8990720,true,pending_log_review,,1,16
GDS,16,0.067,2195,4096,256,132,8287.76,10166.567,8990720,true,pending_log_review,,1,16
GDS,16,0.067,2195,4096,256,133,8493.084,10371.455,8990720,true,pending_log_review,,1,16
GDS,16,0.067,2195,4096,256,134,8496.509,10746.274,8990720,true,pending_log_review,,1,16
GDS,16,0.067,2195,4096,256,135,8413.343,10221.793,8990720,true,pending_log_review,,1,16
GDS,16,0.067,2195,4096,256,136,8385.427,9996.956,8990720,true,pending_log_review,,1,16
GDS,16,0.067,2195,4096,256,137,8655.559,10878.717,8990720,true,pending_log_review,,1,16
GDS,16,0.067,2195,4096,256,138,8527.624,10302.867,8990720,true,pending_log_review,,1,16
GDS,16,0.067,2195,4096,256,139,8819.732,10721.141,8990720,true,pending_log_review,,1,16
GDS,16,0.067,2195,4096,256,140,8569.306,10601.797,8990720,true,pending_log_review,,1,16
GDS,16,0.067,2195,4096,256,141,8586.368,10775.557,8990720,true,pending_log_review,,1,16
GDS,16,0.067,2195,4096,256,142,8584.873,10216.393,8990720,true,pending_log_review,,1,16
GDS,16,0.067,2195,4096,256,143,8338.136,10492.321,8990720,true,pending_log_review,,1,16
GDS,16,0.067,2195,4096,256,144,8371.951,10117.409,8990720,true,pending_log_review,,1,16
GDS,16,0.067,2195,4096,256,145,8337.605,9781.653,8990720,true,pending_log_review,,1,16
GDS,16,0.067,2195,4096,256,146,8950.446,10584.582,8990720,true,pending_log_review,,1,16
GDS,16,0.067,2195,4096,256,147,9015.848,10603.999,8990720,true,pending_log_review,,1,16
GDS,16,0.067,2195,4096,256,148,8881.471,10426.011,8990720,true,pending_log_review,,1,16
GDS,16,0.067,2195,4096,256,149,9218.747,10901.99,8990720,true,pending_log_review,,1,16
GDS,16,0.067,2195,4096,256,150,9323.943,11019.096,8990720,true,pending_log_review,,1,16
GDS,16,0.067,2195,4096,256,151,9082.665,10807.352,8990720,true,pending_log_review,,1,16
GDS,16,0.067,2195,4096,256,152,9179.807,10758.28,8990720,true,pending_log_review,,1,16
GDS,16,0.067,2195,4096,256,153,9278.459,11060.462,8990720,true,pending_log_review,,1,16
GDS,16,0.067,2195,4096,256,154,9328.576,11017.192,8990720,true,pending_log_review,,1,16
GDS,16,0.067,2195,4096,256,155,8313.697,9920.89,8990720,true,pending_log_review,,1,16
GDS,16,0.067,2195,4096,256,156,8539.978,10149.525,8990720,true,pending_log_review,,1,16
GDS,16,0.067,2195,4096,256,157,8298.676,9846.951,8990720,true,pending_log_review,,1,16
GDS,16,0.067,2195,4096,256,158,8903.998,10534.808,8990720,true,pending_log_review,,1,16
GDS,16,0.067,2195,4096,256,159,9032.721,10546.863,8990720,true,pending_log_review,,1,16
GDS,16,0.067,2195,4096,256,160,9231.494,10944.919,8990720,true,pending_log_review,,1,16
GDS,16,0.067,2195,4096,256,161,9205.945,10951.99,8990720,true,pending_log_review,,1,16
GDS,16,0.067,2195,4096,256,162,10181.606,11931.912,8990720,true,pending_log_review,,1,16
GDS,16,0.067,2195,4096,256,163,10342.576,12213.393,8990720,true,pending_log_review,,1,16
GDS,16,0.067,2195,4096,256,164,10119.776,11880.676,8990720,true,pending_log_review,,1,16
GDS,16,0.067,2195,4096,256,165,10559.246,12426.799,8990720,true,pending_log_review,,1,16
GDS,16,0.067,2195,4096,256,166,10216.147,12029.927,8990720,true,pending_log_review,,1,16
GDS,16,0.067,2195,4096,256,167,9934.436,11775.245,8990720,true,pending_log_review,,1,16
GDS,16,0.067,2195,4096,256,168,10508.172,12204.212,8990720,true,pending_log_review,,1,16
GDS,16,0.067,2195,4096,256,169,14259.577,16670.115,8990720,true,pending_log_review,,1,16
GDS,16,0.067,2195,4096,256,170,10499.849,12485.537,8990720,true,pending_log_review,,1,16
GDS,16,0.067,2195,4096,256,171,10434.211,12310.12,8990720,true,pending_log_review,,1,16
GDS,16,0.067,2195,4096,256,172,10588.674,12470.224,8990720,true,pending_log_review,,1,16
GDS,16,0.067,2195,4096,256,173,10252.035,12121.255,8990720,true,pending_log_review,,1,16
GDS,16,0.067,2195,4096,256,174,15961.689,18160.045,8990720,true,pending_log_review,,1,16
GDS,16,0.067,2195,4096,256,175,10480.021,12568.736,8990720,true,pending_log_review,,1,16
GDS,16,0.067,2195,4096,256,176,10472.642,12251.003,8990720,true,pending_log_review,,1,16
GDS,16,0.067,2195,4096,256,177,10283.581,12296.627,8990720,true,pending_log_review,,1,16
GDS,16,0.067,2195,4096,256,178,10313.087,12165.328,8990720,true,pending_log_review,,1,16
GDS,16,0.067,2195,4096,256,179,10489.001,12409.114,8990720,true,pending_log_review,,1,16
GDS,16,0.067,2195,4096,256,180,10066.942,11792.103,8990720,true,pending_log_review,,1,16
GDS,16,0.067,2195,4096,256,181,16124.357,18326.973,8990720,true,pending_log_review,,1,16
GDS,16,0.067,2195,4096,256,182,9904.926,11760.933,8990720,true,pending_log_review,,1,16
GDS,16,0.067,2195,4096,256,183,10774.177,12671.526,8990720,true,pending_log_review,,1,16
GDS,16,0.067,2195,4096,256,184,10148.471,12091.627,8990720,true,pending_log_review,,1,16
GDS,16,0.067,2195,4096,256,185,10655.456,12520.021,8990720,true,pending_log_review,,1,16
GDS,16,0.067,2195,4096,256,186,10490.626,12354.377,8990720,true,pending_log_review,,1,16
GDS,16,0.067,2195,4096,256,187,12262.019,14345.283,8990720,true,pending_log_review,,1,16
GDS,16,0.067,2195,4096,256,188,10483.211,12440.711,8990720,true,pending_log_review,,1,16
GDS,16,0.067,2195,4096,256,189,10294.868,12092.741,8990720,true,pending_log_review,,1,16
GDS,16,0.067,2195,4096,256,190,10355.449,12248.055,8990720,true,pending_log_review,,1,16
GDS,16,0.067,2195,4096,256,191,10522.958,12391.364,8990720,true,pending_log_review,,1,16
GDS,16,0.067,2195,4096,256,192,9988.344,11756.664,8990720,true,pending_log_review,,1,16
GDS,16,0.067,2195,4096,256,193,10477.555,12362.421,8990720,true,pending_log_review,,1,16
GDS,16,0.067,2195,4096,256,194,10594.084,12478.273,8990720,true,pending_log_review,,1,16
GDS,16,0.067,2195,4096,256,195,10118.203,11910.907,8990720,true,pending_log_review,,1,16
GDS,16,0.067,2195,4096,256,196,10310.414,12196.447,8990720,true,pending_log_review,,1,16
GDS,16,0.067,2195,4096,256,197,13934.628,16483.802,8990720,true,pending_log_review,,1,16
GDS,16,0.067,2195,4096,256,198,10704.927,12690.673,8990720,true,pending_log_review,,1,16
GDS,16,0.067,2195,4096,256,199,10693.742,12603.959,8990720,true,pending_log_review,,1,16
GDS,16,0.067,2195,4096,256,0,10549.654,12468.76,8990720,true,pending_log_review,,3,16
GDS,16,0.134,4391,4096,256,0,20680.759,24650.692,17985536,true,pending_log_review,,2,16
GDS,16,0.134,4391,4096,256,0,20584.671,24437.235,17985536,true,pending_log_review,,0,16
GDS,16,0.134,4391,4096,256,1,20735.485,24746.503,17985536,true,pending_log_review,,0,16
GDS,16,0.134,4391,4096,256,2,20482.712,24574.949,17985536,true,pending_log_review,,0,16
GDS,16,0.134,4391,4096,256,3,20211.692,24058.074,17985536,true,pending_log_review,,0,16
GDS,16,0.134,4391,4096,256,4,20139.287,23916.073,17985536,true,pending_log_review,,0,16
GDS,16,0.134,4391,4096,256,5,20222.728,24089.84,17985536,true,pending_log_review,,0,16
GDS,16,0.134,4391,4096,256,6,20878.93,24607.389,17985536,true,pending_log_review,,0,16
GDS,16,0.134,4391,4096,256,7,20312.747,23942.134,17985536,true,pending_log_review,,0,16
GDS,16,0.134,4391,4096,256,8,25398.922,29362.924,17985536,true,pending_log_review,,0,16
GDS,16,0.134,4391,4096,256,9,20442.022,24422.307,17985536,true,pending_log_review,,0,16
GDS,16,0.134,4391,4096,256,0,20851.74,24822.939,17985536,true,pending_log_review,,1,16
GDS,16,0.134,4391,4096,256,1,36023.746,41154.375,17985536,true,pending_log_review,,1,16
GDS,16,0.134,4391,4096,256,2,22466.607,26687.091,17985536,true,pending_log_review,,1,16
GDS,16,0.134,4391,4096,256,3,20669.17,24654.265,17985536,true,pending_log_review,,1,16
GDS,16,0.134,4391,4096,256,4,25741.62,29957.018,17985536,true,pending_log_review,,1,16
GDS,16,0.134,4391,4096,256,5,20408.097,24356.812,17985536,true,pending_log_review,,1,16
GDS,16,0.134,4391,4096,256,6,26242.756,30479.762,17985536,true,pending_log_review,,1,16
GDS,16,0.134,4391,4096,256,7,25547.667,29765.976,17985536,true,pending_log_review,,1,16
GDS,16,0.134,4391,4096,256,8,20600.718,24518.325,17985536,true,pending_log_review,,1,16
GDS,16,0.134,4391,4096,256,9,20046.647,23816.807,17985536,true,pending_log_review,,1,16
GDS,16,0.134,4391,4096,256,10,26383.64,30854.301,17985536,true,pending_log_review,,1,16
GDS,16,0.134,4391,4096,256,11,26487.027,30777.244,17985536,true,pending_log_review,,1,16
GDS,16,0.134,4391,4096,256,12,20595.916,24326.171,17985536,true,pending_log_review,,1,16
GDS,16,0.134,4391,4096,256,13,20233.042,24087.807,17985536,true,pending_log_review,,1,16
GDS,16,0.134,4391,4096,256,14,19848.839,23610.193,17985536,true,pending_log_review,,1,16
GDS,16,0.134,4391,4096,256,15,32185.023,36981.352,17985536,true,pending_log_review,,1,16
GDS,16,0.134,4391,4096,256,16,20418.047,24277.45,17985536,true,pending_log_review,,1,16
GDS,16,0.134,4391,4096,256,17,20310.379,24105.497,17985536,true,pending_log_review,,1,16
GDS,16,0.134,4391,4096,256,18,22787.541,27019.461,17985536,true,pending_log_review,,1,16
GDS,16,0.134,4391,4096,256,19,20747.657,24703.753,17985536,true,pending_log_review,,1,16
GDS,16,0.134,4391,4096,256,20,20153.405,24046.709,17985536,true,pending_log_review,,1,16
GDS,16,0.134,4391,4096,256,21,20827.457,24638.412,17985536,true,pending_log_review,,1,16
GDS,16,0.134,4391,4096,256,22,20275.569,24106.587,17985536,true,pending_log_review,,1,16
GDS,16,0.134,4391,4096,256,23,25925.093,30513.799,17985536,true,pending_log_review,,1,16
GDS,16,0.134,4391,4096,256,24,20372.895,24396.117,17985536,true,pending_log_review,,1,16
GDS,16,0.134,4391,4096,256,25,20562.062,24407.597,17985536,true,pending_log_review,,1,16
GDS,16,0.134,4391,4096,256,26,25807.645,29892.151,17985536,true,pending_log_review,,1,16
GDS,16,0.134,4391,4096,256,27,20314.621,24109.591,17985536,true,pending_log_review,,1,16
GDS,16,0.134,4391,4096,256,28,25999.368,30316.468,17985536,true,pending_log_review,,1,16
GDS,16,0.134,4391,4096,256,29,20472.512,24242.369,17985536,true,pending_log_review,,1,16
GDS,16,0.134,4391,4096,256,30,25276.833,29515.625,17985536,true,pending_log_review,,1,16
GDS,16,0.134,4391,4096,256,31,20229.936,24055.417,17985536,true,pending_log_review,,1,16
GDS,16,0.134,4391,4096,256,32,20164.134,24063.683,17985536,true,pending_log_review,,1,16
GDS,16,0.134,4391,4096,256,33,20433.643,24100.463,17985536,true,pending_log_review,,1,16
GDS,16,0.134,4391,4096,256,34,19837.725,23407.094,17985536,true,pending_log_review,,1,16
GDS,16,0.134,4391,4096,256,35,20214.969,24193.019,17985536,true,pending_log_review,,1,16
GDS,16,0.134,4391,4096,256,36,20227.455,24085.659,17985536,true,pending_log_review,,1,16
GDS,16,0.134,4391,4096,256,37,20315.123,24317.977,17985536,true,pending_log_review,,1,16
GDS,16,0.134,4391,4096,256,38,20348.797,24250.327,17985536,true,pending_log_review,,1,16
GDS,16,0.134,4391,4096,256,39,20405.647,24302.184,17985536,true,pending_log_review,,1,16
GDS,16,0.134,4391,4096,256,40,19988.874,23884.038,17985536,true,pending_log_review,,1,16
GDS,16,0.134,4391,4096,256,41,20509.858,24512.903,17985536,true,pending_log_review,,1,16
GDS,16,0.134,4391,4096,256,42,21214.253,25083.967,17985536,true,pending_log_review,,1,16
GDS,16,0.134,4391,4096,256,43,20726.207,24600.285,17985536,true,pending_log_review,,1,16
GDS,16,0.134,4391,4096,256,44,20394.366,24254.712,17985536,true,pending_log_review,,1,16
GDS,16,0.134,4391,4096,256,45,22331.52,26552.104,17985536,true,pending_log_review,,1,16
GDS,16,0.134,4391,4096,256,46,20297.714,24007.036,17985536,true,pending_log_review,,1,16
GDS,16,0.134,4391,4096,256,47,20289.013,24309.11,17985536,true,pending_log_review,,1,16
GDS,16,0.134,4391,4096,256,48,20280.319,24305.48,17985536,true,pending_log_review,,1,16
GDS,16,0.134,4391,4096,256,49,20377.724,24140.493,17985536,true,pending_log_review,,1,16
GDS,16,0.134,4391,4096,256,50,19813.019,23496.057,17985536,true,pending_log_review,,1,16
GDS,16,0.134,4391,4096,256,51,20523.57,24406.852,17985536,true,pending_log_review,,1,16
GDS,16,0.134,4391,4096,256,52,20256.395,23967.699,17985536,true,pending_log_review,,1,16
GDS,16,0.134,4391,4096,256,53,20403.966,24319.946,17985536,true,pending_log_review,,1,16
GDS,16,0.134,4391,4096,256,54,30977.879,35571.509,17985536,true,pending_log_review,,1,16
GDS,16,0.134,4391,4096,256,55,20372.054,24266.573,17985536,true,pending_log_review,,1,16
GDS,16,0.134,4391,4096,256,56,20413.621,24300.068,17985536,true,pending_log_review,,1,16
GDS,16,0.134,4391,4096,256,57,20623.29,24271.724,17985536,true,pending_log_review,,1,16
GDS,16,0.134,4391,4096,256,58,20535.848,24537.393,17985536,true,pending_log_review,,1,16
GDS,16,0.134,4391,4096,256,59,20743.294,24793.999,17985536,true,pending_log_review,,1,16
GDS,16,0.134,4391,4096,256,60,20015.166,23657.424,17985536,true,pending_log_review,,1,16
GDS,16,0.134,4391,4096,256,61,20648.839,24569.141,17985536,true,pending_log_review,,1,16
GDS,16,0.134,4391,4096,256,62,26920.18,31053.007,17985536,true,pending_log_review,,1,16
GDS,16,0.134,4391,4096,256,63,20105.968,24138.918,17985536,true,pending_log_review,,1,16
GDS,16,0.134,4391,4096,256,64,20354.697,24352.078,17985536,true,pending_log_review,,1,16
GDS,16,0.134,4391,4096,256,65,20274.13,24284.668,17985536,true,pending_log_review,,1,16
GDS,16,0.134,4391,4096,256,66,20895.14,24731.26,17985536,true,pending_log_review,,1,16
GDS,16,0.134,4391,4096,256,67,20336.964,24158.514,17985536,true,pending_log_review,,1,16
GDS,16,0.134,4391,4096,256,68,20790.488,24691.367,17985536,true,pending_log_review,,1,16
GDS,16,0.134,4391,4096,256,69,20475.841,24439.548,17985536,true,pending_log_review,,1,16
GDS,16,0.134,4391,4096,256,70,26438.096,30635.353,17985536,true,pending_log_review,,1,16
GDS,16,0.134,4391,4096,256,71,20592.962,24357.318,17985536,true,pending_log_review,,1,16
GDS,16,0.134,4391,4096,256,72,20529.544,24504.349,17985536,true,pending_log_review,,1,16
GDS,16,0.134,4391,4096,256,73,21827.998,25781.083,17985536,true,pending_log_review,,1,16
GDS,16,0.134,4391,4096,256,74,20673.486,24407.89,17985536,true,pending_log_review,,1,16
GDS,16,0.134,4391,4096,256,75,20456.389,24571.398,17985536,true,pending_log_review,,1,16
GDS,16,0.134,4391,4096,256,76,20998.901,24904.055,17985536,true,pending_log_review,,1,16
GDS,16,0.134,4391,4096,256,77,24849.488,29607.012,17985536,true,pending_log_review,,1,16
GDS,16,0.134,4391,4096,256,78,20528.584,24380.566,17985536,true,pending_log_review,,1,16
GDS,16,0.134,4391,4096,256,79,20513.184,24619.388,17985536,true,pending_log_review,,1,16
GDS,16,0.134,4391,4096,256,80,25838.031,29853.368,17985536,true,pending_log_review,,1,16
GDS,16,0.134,4391,4096,256,81,20139.272,24115.318,17985536,true,pending_log_review,,1,16
GDS,16,0.134,4391,4096,256,82,20140.127,23880.263,17985536,true,pending_log_review,,1,16
GDS,16,0.134,4391,4096,256,83,20328.908,24209.209,17985536,true,pending_log_review,,1,16
GDS,16,0.134,4391,4096,256,84,20389.064,24288.687,17985536,true,pending_log_review,,1,16
GDS,16,0.134,4391,4096,256,85,20048.573,24007.444,17985536,true,pending_log_review,,1,16
GDS,16,0.134,4391,4096,256,86,20569.622,24459.851,17985536,true,pending_log_review,,1,16
GDS,16,0.134,4391,4096,256,87,20206.838,24144.904,17985536,true,pending_log_review,,1,16
GDS,16,0.134,4391,4096,256,88,20188.964,23961.886,17985536,true,pending_log_review,,1,16
GDS,16,0.134,4391,4096,256,89,26221.487,30409.88,17985536,true,pending_log_review,,1,16
GDS,16,0.134,4391,4096,256,90,26037.898,30600.011,17985536,true,pending_log_review,,1,16
GDS,16,0.134,4391,4096,256,91,21203.944,25211.993,17985536,true,pending_log_review,,1,16
GDS,16,0.134,4391,4096,256,92,26338.581,30610.952,17985536,true,pending_log_review,,1,16
GDS,16,0.134,4391,4096,256,93,20674.448,24599.671,17985536,true,pending_log_review,,1,16
GDS,16,0.134,4391,4096,256,94,20139.253,23981.382,17985536,true,pending_log_review,,1,16
GDS,16,0.134,4391,4096,256,95,32203.338,37310.626,17985536,true,pending_log_review,,1,16
GDS,16,0.134,4391,4096,256,96,20411.577,24247.43,17985536,true,pending_log_review,,1,16
GDS,16,0.134,4391,4096,256,97,20836.488,24772.932,17985536,true,pending_log_review,,1,16
GDS,16,0.134,4391,4096,256,98,20331.358,24162.415,17985536,true,pending_log_review,,1,16
GDS,16,0.134,4391,4096,256,99,27506.9,31862.73,17985536,true,pending_log_review,,1,16
GDS,16,0.134,4391,4096,256,100,20466.797,24351.506,17985536,true,pending_log_review,,1,16
GDS,16,0.134,4391,4096,256,101,20385.931,24395.886,17985536,true,pending_log_review,,1,16
GDS,16,0.134,4391,4096,256,102,20727.779,24636.869,17985536,true,pending_log_review,,1,16
GDS,16,0.134,4391,4096,256,103,20500.289,24373.58,17985536,true,pending_log_review,,1,16
GDS,16,0.134,4391,4096,256,104,20341.09,24258.915,17985536,true,pending_log_review,,1,16
GDS,16,0.134,4391,4096,256,105,20827.665,24634.406,17985536,true,pending_log_review,,1,16
GDS,16,0.134,4391,4096,256,106,20341.112,24086.595,17985536,true,pending_log_review,,1,16
GDS,16,0.134,4391,4096,256,107,20271.86,24429.255,17985536,true,pending_log_review,,1,16
GDS,16,0.134,4391,4096,256,108,21325.4,26074.744,17985536,true,pending_log_review,,1,16
GDS,16,0.134,4391,4096,256,109,20380.354,24212.782,17985536,true,pending_log_review,,1,16
GDS,16,0.134,4391,4096,256,110,21137.872,24891.768,17985536,true,pending_log_review,,1,16
GDS,16,0.134,4391,4096,256,111,20576.97,24473.497,17985536,true,pending_log_review,,1,16
GDS,16,0.134,4391,4096,256,112,24969.034,29526.704,17985536,true,pending_log_review,,1,16
GDS,16,0.134,4391,4096,256,113,24245.472,28301.231,17985536,true,pending_log_review,,1,16
GDS,16,0.134,4391,4096,256,114,26534.906,30496.851,17985536,true,pending_log_review,,1,16
GDS,16,0.134,4391,4096,256,115,20440.271,24215.538,17985536,true,pending_log_review,,1,16
GDS,16,0.134,4391,4096,256,116,20843.652,24617.937,17985536,true,pending_log_review,,1,16
GDS,16,0.134,4391,4096,256,117,31601.099,36050.51,17985536,true,pending_log_review,,1,16
GDS,16,0.134,4391,4096,256,118,26288.131,30652.681,17985536,true,pending_log_review,,1,16
GDS,16,0.134,4391,4096,256,119,20318.338,24126.955,17985536,true,pending_log_review,,1,16
GDS,16,0.134,4391,4096,256,120,20780.485,24608.067,17985536,true,pending_log_review,,1,16
GDS,16,0.134,4391,4096,256,121,20804.197,24602.496,17985536,true,pending_log_review,,1,16
GDS,16,0.134,4391,4096,256,122,20841.091,24604.078,17985536,true,pending_log_review,,1,16
GDS,16,0.134,4391,4096,256,123,20484.929,24514.449,17985536,true,pending_log_review,,1,16
GDS,16,0.134,4391,4096,256,124,20337.837,23964.835,17985536,true,pending_log_review,,1,16
GDS,16,0.134,4391,4096,256,125,20354.426,24353.962,17985536,true,pending_log_review,,1,16
GDS,16,0.134,4391,4096,256,126,20678.134,24560.742,17985536,true,pending_log_review,,1,16
GDS,16,0.134,4391,4096,256,127,26340.901,30830.614,17985536,true,pending_log_review,,1,16
GDS,16,0.134,4391,4096,256,128,20459.582,24296.382,17985536,true,pending_log_review,,1,16
GDS,16,0.134,4391,4096,256,129,26118.509,30237.53,17985536,true,pending_log_review,,1,16
GDS,16,0.134,4391,4096,256,130,20656.112,24568.768,17985536,true,pending_log_review,,1,16
GDS,16,0.134,4391,4096,256,131,21432.552,25606.415,17985536,true,pending_log_review,,1,16
GDS,16,0.134,4391,4096,256,132,20445.439,24182.572,17985536,true,pending_log_review,,1,16
GDS,16,0.134,4391,4096,256,133,20682.331,24479.59,17985536,true,pending_log_review,,1,16
GDS,16,0.134,4391,4096,256,134,20967.872,24821.723,17985536,true,pending_log_review,,1,16
GDS,16,0.134,4391,4096,256,135,20940.884,24736.274,17985536,true,pending_log_review,,1,16
GDS,16,0.134,4391,4096,256,136,20704.332,24396.085,17985536,true,pending_log_review,,1,16
GDS,16,0.134,4391,4096,256,137,23019.74,27020.385,17985536,true,pending_log_review,,1,16
GDS,16,0.134,4391,4096,256,138,21105.18,25137.62,17985536,true,pending_log_review,,1,16
GDS,16,0.134,4391,4096,256,139,21046.794,25024.985,17985536,true,pending_log_review,,1,16
GDS,16,0.134,4391,4096,256,140,20779.405,24577.558,17985536,true,pending_log_review,,1,16
GDS,16,0.134,4391,4096,256,141,20562.574,24630.168,17985536,true,pending_log_review,,1,16
GDS,16,0.134,4391,4096,256,142,20409.713,24322.122,17985536,true,pending_log_review,,1,16
GDS,16,0.134,4391,4096,256,143,20704.072,24515.818,17985536,true,pending_log_review,,1,16
GDS,16,0.134,4391,4096,256,144,26579.812,30835.548,17985536,true,pending_log_review,,1,16
GDS,16,0.134,4391,4096,256,145,20673.502,24505.311,17985536,true,pending_log_review,,1,16
GDS,16,0.134,4391,4096,256,146,20522.51,24304.292,17985536,true,pending_log_review,,1,16
GDS,16,0.134,4391,4096,256,147,20301.854,24050.635,17985536,true,pending_log_review,,1,16
GDS,16,0.134,4391,4096,256,148,20999.987,24951.063,17985536,true,pending_log_review,,1,16
GDS,16,0.134,4391,4096,256,149,19954.606,23763.885,17985536,true,pending_log_review,,1,16
GDS,16,0.134,4391,4096,256,150,20189.12,24023.653,17985536,true,pending_log_review,,1,16
GDS,16,0.134,4391,4096,256,151,20322.062,24129.932,17985536,true,pending_log_review,,1,16
GDS,16,0.134,4391,4096,256,152,20844.134,24569.304,17985536,true,pending_log_review,,1,16
GDS,16,0.134,4391,4096,256,153,21030.495,24841.567,17985536,true,pending_log_review,,1,16
GDS,16,0.134,4391,4096,256,154,20601.773,24466.245,17985536,true,pending_log_review,,1,16
GDS,16,0.134,4391,4096,256,155,20594.199,24572.836,17985536,true,pending_log_review,,1,16
GDS,16,0.134,4391,4096,256,156,26560.325,30605.055,17985536,true,pending_log_review,,1,16
GDS,16,0.134,4391,4096,256,157,20565.669,24467.978,17985536,true,pending_log_review,,1,16
GDS,16,0.134,4391,4096,256,158,26190.064,30433.069,17985536,true,pending_log_review,,1,16
GDS,16,0.134,4391,4096,256,159,19979.587,23536.925,17985536,true,pending_log_review,,1,16
GDS,16,0.134,4391,4096,256,160,20302.703,24031.573,17985536,true,pending_log_review,,1,16
GDS,16,0.134,4391,4096,256,161,20485.947,24337.476,17985536,true,pending_log_review,,1,16
GDS,16,0.134,4391,4096,256,162,20567.634,24546.109,17985536,true,pending_log_review,,1,16
GDS,16,0.134,4391,4096,256,163,20544.604,24361.901,17985536,true,pending_log_review,,1,16
GDS,16,0.134,4391,4096,256,164,19942.286,23772.385,17985536,true,pending_log_review,,1,16
GDS,16,0.134,4391,4096,256,165,20700.104,24522.355,17985536,true,pending_log_review,,1,16
GDS,16,0.134,4391,4096,256,166,26051.78,30332.694,17985536,true,pending_log_review,,1,16
GDS,16,0.134,4391,4096,256,167,26203.009,30239.201,17985536,true,pending_log_review,,1,16
GDS,16,0.134,4391,4096,256,168,20649.872,24549.058,17985536,true,pending_log_review,,1,16
GDS,16,0.134,4391,4096,256,169,20715.09,24513.205,17985536,true,pending_log_review,,1,16
GDS,16,0.134,4391,4096,256,170,26317.731,30307.87,17985536,true,pending_log_review,,1,16
GDS,16,0.134,4391,4096,256,171,20741.19,24509.96,17985536,true,pending_log_review,,1,16
GDS,16,0.134,4391,4096,256,172,20130.177,23885.878,17985536,true,pending_log_review,,1,16
GDS,16,0.134,4391,4096,256,173,20622.373,24326.937,17985536,true,pending_log_review,,1,16
GDS,16,0.134,4391,4096,256,174,20589.818,24605.763,17985536,true,pending_log_review,,1,16
GDS,16,0.134,4391,4096,256,175,20216.45,23969.453,17985536,true,pending_log_review,,1,16
GDS,16,0.134,4391,4096,256,176,20727.985,24455.739,17985536,true,pending_log_review,,1,16
GDS,16,0.134,4391,4096,256,177,20258.54,24012.919,17985536,true,pending_log_review,,1,16
GDS,16,0.134,4391,4096,256,178,26219.598,30516.321,17985536,true,pending_log_review,,1,16
GDS,16,0.134,4391,4096,256,179,21193.798,25186.38,17985536,true,pending_log_review,,1,16
GDS,16,0.134,4391,4096,256,180,26482.719,30699.18,17985536,true,pending_log_review,,1,16
GDS,16,0.134,4391,4096,256,181,20635.078,24620.605,17985536,true,pending_log_review,,1,16
GDS,16,0.134,4391,4096,256,182,20761.159,24763.388,17985536,true,pending_log_review,,1,16
GDS,16,0.134,4391,4096,256,183,20089.603,23742.86,17985536,true,pending_log_review,,1,16
GDS,16,0.134,4391,4096,256,184,26562.369,30727.351,17985536,true,pending_log_review,,1,16
GDS,16,0.134,4391,4096,256,185,21035.657,24913.584,17985536,true,pending_log_review,,1,16
GDS,16,0.134,4391,4096,256,186,20665.852,24546.546,17985536,true,pending_log_review,,1,16
GDS,16,0.134,4391,4096,256,187,26077.685,30371.419,17985536,true,pending_log_review,,1,16
GDS,16,0.134,4391,4096,256,188,20566.114,24319.703,17985536,true,pending_log_review,,1,16
GDS,16,0.134,4391,4096,256,189,20390.252,24174.354,17985536,true,pending_log_review,,1,16
GDS,16,0.134,4391,4096,256,190,20307.678,24170.191,17985536,true,pending_log_review,,1,16
GDS,16,0.134,4391,4096,256,191,20536.994,24411.256,17985536,true,pending_log_review,,1,16
GDS,16,0.134,4391,4096,256,192,20521.156,24406.325,17985536,true,pending_log_review,,1,16
GDS,16,0.134,4391,4096,256,193,20187.003,24026.628,17985536,true,pending_log_review,,1,16
GDS,16,0.134,4391,4096,256,194,24723.296,28891.735,17985536,true,pending_log_review,,1,16
GDS,16,0.134,4391,4096,256,195,26244.767,30257.834,17985536,true,pending_log_review,,1,16
GDS,16,0.134,4391,4096,256,196,20769.037,24486.945,17985536,true,pending_log_review,,1,16
GDS,16,0.134,4391,4096,256,197,20624.311,24342.215,17985536,true,pending_log_review,,1,16
GDS,16,0.134,4391,4096,256,198,20373.682,24057.607,17985536,true,pending_log_review,,1,16
GDS,16,0.134,4391,4096,256,199,20141.471,24008.225,17985536,true,pending_log_review,,1,16
GDS,16,0.134,4391,4096,256,0,20633.814,24400.658,17985536,true,pending_log_review,,3,16
GDS,16,0.3,9830,4096,256,0,45140.346,54063.935,40263680,true,pending_log_review,,2,16
GDS,16,0.3,9830,4096,256,0,51484.582,60735.159,40263680,true,pending_log_review,,0,16
GDS,16,0.3,9830,4096,256,1,45251.52,53974.52,40263680,true,pending_log_review,,0,16
GDS,16,0.3,9830,4096,256,2,51406.494,60550.227,40263680,true,pending_log_review,,0,16
GDS,16,0.3,9830,4096,256,3,57587.707,66897.958,40263680,true,pending_log_review,,0,16
GDS,16,0.3,9830,4096,256,4,51152.321,60231.599,40263680,true,pending_log_review,,0,16
GDS,16,0.3,9830,4096,256,5,50306.391,59718.106,40263680,true,pending_log_review,,0,16
GDS,16,0.3,9830,4096,256,6,46149.328,54917.544,40263680,true,pending_log_review,,0,16
GDS,16,0.3,9830,4096,256,7,45734.728,54187.955,40263680,true,pending_log_review,,0,16
GDS,16,0.3,9830,4096,256,8,44921.721,53661.434,40263680,true,pending_log_review,,0,16
GDS,16,0.3,9830,4096,256,9,51216.675,60713.368,40263680,true,pending_log_review,,0,16
GDS,16,0.3,9830,4096,256,0,45760.93,54561.397,40263680,true,pending_log_review,,1,16
GDS,16,0.3,9830,4096,256,1,45601.019,54494.954,40263680,true,pending_log_review,,1,16
GDS,16,0.3,9830,4096,256,2,51037.493,59841.555,40263680,true,pending_log_review,,1,16
GDS,16,0.3,9830,4096,256,3,45911.552,54758.787,40263680,true,pending_log_review,,1,16
GDS,16,0.3,9830,4096,256,4,45793.682,54510.546,40263680,true,pending_log_review,,1,16
GDS,16,0.3,9830,4096,256,5,45549.183,54368.001,40263680,true,pending_log_review,,1,16
GDS,16,0.3,9830,4096,256,6,45313.5,53987.236,40263680,true,pending_log_review,,1,16
GDS,16,0.3,9830,4096,256,7,45714.813,54464.991,40263680,true,pending_log_review,,1,16
GDS,16,0.3,9830,4096,256,8,45588.798,54650.025,40263680,true,pending_log_review,,1,16
GDS,16,0.3,9830,4096,256,9,45628.922,54491.644,40263680,true,pending_log_review,,1,16
GDS,16,0.3,9830,4096,256,10,51540.566,60402.045,40263680,true,pending_log_review,,1,16
GDS,16,0.3,9830,4096,256,11,51574.025,60778.478,40263680,true,pending_log_review,,1,16
GDS,16,0.3,9830,4096,256,12,51352.482,60469.312,40263680,true,pending_log_review,,1,16
GDS,16,0.3,9830,4096,256,13,45410.812,54190.791,40263680,true,pending_log_review,,1,16
GDS,16,0.3,9830,4096,256,14,45220.929,53998.901,40263680,true,pending_log_review,,1,16
GDS,16,0.3,9830,4096,256,15,51220.819,60447.395,40263680,true,pending_log_review,,1,16
GDS,16,0.3,9830,4096,256,16,56518.056,66735.537,40263680,true,pending_log_review,,1,16
GDS,16,0.3,9830,4096,256,17,45398.799,54423.003,40263680,true,pending_log_review,,1,16
GDS,16,0.3,9830,4096,256,18,45661.736,54509.194,40263680,true,pending_log_review,,1,16
GDS,16,0.3,9830,4096,256,19,45310.735,54182.177,40263680,true,pending_log_review,,1,16
GDS,16,0.3,9830,4096,256,20,45969.062,54651.179,40263680,true,pending_log_review,,1,16
GDS,16,0.3,9830,4096,256,21,51032.409,60406.74,40263680,true,pending_log_review,,1,16
GDS,16,0.3,9830,4096,256,22,50966.478,60672.059,40263680,true,pending_log_review,,1,16
GDS,16,0.3,9830,4096,256,23,51590.56,60773.686,40263680,true,pending_log_review,,1,16
GDS,16,0.3,9830,4096,256,24,51311.357,60360.552,40263680,true,pending_log_review,,1,16
GDS,16,0.3,9830,4096,256,25,44462.358,53024.653,40263680,true,pending_log_review,,1,16
GDS,16,0.3,9830,4096,256,26,45174.05,53913.189,40263680,true,pending_log_review,,1,16
GDS,16,0.3,9830,4096,256,27,45324.557,53971.071,40263680,true,pending_log_review,,1,16
GDS,16,0.3,9830,4096,256,28,50679.35,60056.888,40263680,true,pending_log_review,,1,16
GDS,16,0.3,9830,4096,256,29,47947.613,56605.769,40263680,true,pending_log_review,,1,16
GDS,16,0.3,9830,4096,256,30,51637.983,61100.166,40263680,true,pending_log_review,,1,16
GDS,16,0.3,9830,4096,256,31,51954.731,61188.145,40263680,true,pending_log_review,,1,16
GDS,16,0.3,9830,4096,256,32,45603.852,54401.681,40263680,true,pending_log_review,,1,16
GDS,16,0.3,9830,4096,256,33,46044.065,54785.937,40263680,true,pending_log_review,,1,16
GDS,16,0.3,9830,4096,256,34,45872.152,54709.862,40263680,true,pending_log_review,,1,16
GDS,16,0.3,9830,4096,256,35,45692.943,54428.106,40263680,true,pending_log_review,,1,16
GDS,16,0.3,9830,4096,256,36,45118.25,54101.094,40263680,true,pending_log_review,,1,16
GDS,16,0.3,9830,4096,256,37,44914.317,53764.899,40263680,true,pending_log_review,,1,16
GDS,16,0.3,9830,4096,256,38,51477.534,60624.476,40263680,true,pending_log_review,,1,16
GDS,16,0.3,9830,4096,256,39,50444.184,59643.336,40263680,true,pending_log_review,,1,16
GDS,16,0.3,9830,4096,256,40,45286.541,54266.199,40263680,true,pending_log_review,,1,16
GDS,16,0.3,9830,4096,256,41,45135.323,54097.972,40263680,true,pending_log_review,,1,16
GDS,16,0.3,9830,4096,256,42,46219.998,55074.55,40263680,true,pending_log_review,,1,16
GDS,16,0.3,9830,4096,256,43,45511.182,54431.965,40263680,true,pending_log_review,,1,16
GDS,16,0.3,9830,4096,256,44,45834.188,54905.084,40263680,true,pending_log_review,,1,16
GDS,16,0.3,9830,4096,256,45,45406.784,54070.481,40263680,true,pending_log_review,,1,16
GDS,16,0.3,9830,4096,256,46,62662.299,72613.616,40263680,true,pending_log_review,,1,16
GDS,16,0.3,9830,4096,256,47,50648.636,59493.943,40263680,true,pending_log_review,,1,16
GDS,16,0.3,9830,4096,256,48,50810.049,59595.878,40263680,true,pending_log_review,,1,16
GDS,16,0.3,9830,4096,256,49,45295.425,54141.801,40263680,true,pending_log_review,,1,16
GDS,16,0.3,9830,4096,256,50,45675.382,54589.146,40263680,true,pending_log_review,,1,16
GDS,16,0.3,9830,4096,256,51,45561.306,54483.055,40263680,true,pending_log_review,,1,16
GDS,16,0.3,9830,4096,256,52,45286.316,54109.636,40263680,true,pending_log_review,,1,16
GDS,16,0.3,9830,4096,256,53,45730.521,54738.75,40263680,true,pending_log_review,,1,16
GDS,16,0.3,9830,4096,256,54,45296.219,54464.897,40263680,true,pending_log_review,,1,16
GDS,16,0.3,9830,4096,256,55,46190.336,55094.167,40263680,true,pending_log_review,,1,16
GDS,16,0.3,9830,4096,256,56,45782.708,54726.427,40263680,true,pending_log_review,,1,16
GDS,16,0.3,9830,4096,256,57,46052.006,54952.771,40263680,true,pending_log_review,,1,16
GDS,16,0.3,9830,4096,256,58,50978.661,60323.02,40263680,true,pending_log_review,,1,16
GDS,16,0.3,9830,4096,256,59,52405.313,61891.328,40263680,true,pending_log_review,,1,16
GDS,16,0.3,9830,4096,256,60,51829.374,60989.916,40263680,true,pending_log_review,,1,16
GDS,16,0.3,9830,4096,256,61,46115.374,55123.59,40263680,true,pending_log_review,,1,16
GDS,16,0.3,9830,4096,256,62,45796.307,54796.877,40263680,true,pending_log_review,,1,16
GDS,16,0.3,9830,4096,256,63,45100.389,53915.124,40263680,true,pending_log_review,,1,16
GDS,16,0.3,9830,4096,256,64,45973.541,54975.063,40263680,true,pending_log_review,,1,16
GDS,16,0.3,9830,4096,256,65,50905.28,59836.177,40263680,true,pending_log_review,,1,16
GDS,16,0.3,9830,4096,256,66,44924.636,53924.432,40263680,true,pending_log_review,,1,16
GDS,16,0.3,9830,4096,256,67,51456.144,60511.618,40263680,true,pending_log_review,,1,16
GDS,16,0.3,9830,4096,256,68,45666.702,54630.732,40263680,true,pending_log_review,,1,16
GDS,16,0.3,9830,4096,256,69,45065.104,53811.803,40263680,true,pending_log_review,,1,16
GDS,16,0.3,9830,4096,256,70,45848.012,54552.619,40263680,true,pending_log_review,,1,16
GDS,16,0.3,9830,4096,256,71,50684.774,60211.923,40263680,true,pending_log_review,,1,16
GDS,16,0.3,9830,4096,256,72,44832.096,53741.852,40263680,true,pending_log_review,,1,16
GDS,16,0.3,9830,4096,256,73,51176.647,60184.654,40263680,true,pending_log_review,,1,16
GDS,16,0.3,9830,4096,256,74,46038.366,54944.071,40263680,true,pending_log_review,,1,16
GDS,16,0.3,9830,4096,256,75,51680.28,60882.654,40263680,true,pending_log_review,,1,16
GDS,16,0.3,9830,4096,256,76,44391.269,53215.454,40263680,true,pending_log_review,,1,16
GDS,16,0.3,9830,4096,256,77,51020.014,59984.242,40263680,true,pending_log_review,,1,16
GDS,16,0.3,9830,4096,256,78,44945.152,53686.695,40263680,true,pending_log_review,,1,16
GDS,16,0.3,9830,4096,256,79,51700.598,60593.166,40263680,true,pending_log_review,,1,16
GDS,16,0.3,9830,4096,256,80,47021.263,56072.375,40263680,true,pending_log_review,,1,16
GDS,16,0.3,9830,4096,256,81,44971.82,53610.388,40263680,true,pending_log_review,,1,16
GDS,16,0.3,9830,4096,256,82,45776.586,54539.664,40263680,true,pending_log_review,,1,16
GDS,16,0.3,9830,4096,256,83,51241.988,60266.468,40263680,true,pending_log_review,,1,16
GDS,16,0.3,9830,4096,256,84,51129.95,60615.04,40263680,true,pending_log_review,,1,16
GDS,16,0.3,9830,4096,256,85,45465.18,54305.779,40263680,true,pending_log_review,,1,16
GDS,16,0.3,9830,4096,256,86,51049.414,60325.024,40263680,true,pending_log_review,,1,16
GDS,16,0.3,9830,4096,256,87,51201.446,60580.771,40263680,true,pending_log_review,,1,16
GDS,16,0.3,9830,4096,256,88,45376.824,54097.292,40263680,true,pending_log_review,,1,16
GDS,16,0.3,9830,4096,256,89,51357.964,60391.918,40263680,true,pending_log_review,,1,16
GDS,16,0.3,9830,4096,256,90,51997.504,61495.825,40263680,true,pending_log_review,,1,16
GDS,16,0.3,9830,4096,256,91,45630.951,54514.848,40263680,true,pending_log_review,,1,16
GDS,16,0.3,9830,4096,256,92,45112.277,53740.619,40263680,true,pending_log_review,,1,16
GDS,16,0.3,9830,4096,256,93,45674.661,54561.107,40263680,true,pending_log_review,,1,16
GDS,16,0.3,9830,4096,256,94,45710.657,54642.101,40263680,true,pending_log_review,,1,16
GDS,16,0.3,9830,4096,256,95,51234.161,60417.626,40263680,true,pending_log_review,,1,16
GDS,16,0.3,9830,4096,256,96,45694.014,54672.406,40263680,true,pending_log_review,,1,16
GDS,16,0.3,9830,4096,256,97,50401.898,59702.748,40263680,true,pending_log_review,,1,16
GDS,16,0.3,9830,4096,256,98,45112.568,53884.528,40263680,true,pending_log_review,,1,16
GDS,16,0.3,9830,4096,256,99,45841.948,54648.979,40263680,true,pending_log_review,,1,16
GDS,16,0.3,9830,4096,256,100,56452.914,66200.283,40263680,true,pending_log_review,,1,16
GDS,16,0.3,9830,4096,256,101,45443.108,54161.58,40263680,true,pending_log_review,,1,16
GDS,16,0.3,9830,4096,256,102,52125.539,61298.271,40263680,true,pending_log_review,,1,16
GDS,16,0.3,9830,4096,256,103,51920.638,61048.256,40263680,true,pending_log_review,,1,16
GDS,16,0.3,9830,4096,256,104,51596.99,60845.387,40263680,true,pending_log_review,,1,16
GDS,16,0.3,9830,4096,256,105,55174.251,65534.321,40263680,true,pending_log_review,,1,16
GDS,16,0.3,9830,4096,256,106,48376.187,57172.618,40263680,true,pending_log_review,,1,16
GDS,16,0.3,9830,4096,256,107,45972.772,54853.554,40263680,true,pending_log_review,,1,16
GDS,16,0.3,9830,4096,256,108,50694.418,60087.046,40263680,true,pending_log_review,,1,16
GDS,16,0.3,9830,4096,256,109,51359.693,60563.776,40263680,true,pending_log_review,,1,16
GDS,16,0.3,9830,4096,256,110,51915.733,60771.146,40263680,true,pending_log_review,,1,16
GDS,16,0.3,9830,4096,256,111,45236.175,54030.487,40263680,true,pending_log_review,,1,16
GDS,16,0.3,9830,4096,256,112,51910.307,61098.602,40263680,true,pending_log_review,,1,16
GDS,16,0.3,9830,4096,256,113,45808.798,54609.525,40263680,true,pending_log_review,,1,16
GDS,16,0.3,9830,4096,256,114,45591.946,54421.151,40263680,true,pending_log_review,,1,16
GDS,16,0.3,9830,4096,256,115,51626.747,61561.082,40263680,true,pending_log_review,,1,16
GDS,16,0.3,9830,4096,256,116,45282.576,54022.076,40263680,true,pending_log_review,,1,16
GDS,16,0.3,9830,4096,256,117,45762.258,54447.904,40263680,true,pending_log_review,,1,16
GDS,16,0.3,9830,4096,256,118,51009.977,60255.624,40263680,true,pending_log_review,,1,16
GDS,16,0.3,9830,4096,256,119,50500.408,60227.366,40263680,true,pending_log_review,,1,16
GDS,16,0.3,9830,4096,256,120,45957.875,54831.211,40263680,true,pending_log_review,,1,16
GDS,16,0.3,9830,4096,256,121,51571.746,60248.561,40263680,true,pending_log_review,,1,16
GDS,16,0.3,9830,4096,256,122,50940.705,59927.042,40263680,true,pending_log_review,,1,16
GDS,16,0.3,9830,4096,256,123,45570.057,54521.774,40263680,true,pending_log_review,,1,16
GDS,16,0.3,9830,4096,256,124,45576.237,54462.4,40263680,true,pending_log_review,,1,16
GDS,16,0.3,9830,4096,256,125,46171.765,55037.993,40263680,true,pending_log_review,,1,16
GDS,16,0.3,9830,4096,256,126,48569.089,59045.626,40263680,true,pending_log_review,,1,16
GDS,16,0.3,9830,4096,256,127,53952.18,66655.722,40263680,true,pending_log_review,,1,16
GDS,16,0.3,9830,4096,256,128,69898.043,86784.549,40263680,true,pending_log_review,,1,16
GDS,16,0.3,9830,4096,256,129,71448.781,89119.961,40263680,true,pending_log_review,,1,16
GDS,16,0.3,9830,4096,256,130,65187.759,82831.925,40263680,true,pending_log_review,,1,16
GDS,16,0.3,9830,4096,256,131,76130.252,93380.579,40263680,true,pending_log_review,,1,16
GDS,16,0.3,9830,4096,256,132,71394.224,89763.867,40263680,true,pending_log_review,,1,16
GDS,16,0.3,9830,4096,256,133,70851.424,87342.559,40263680,true,pending_log_review,,1,16
GDS,16,0.3,9830,4096,256,134,76448.506,94112.796,40263680,true,pending_log_review,,1,16
GDS,16,0.3,9830,4096,256,135,76957.175,94526.179,40263680,true,pending_log_review,,1,16
GDS,16,0.3,9830,4096,256,136,70556.238,88106.496,40263680,true,pending_log_review,,1,16
GDS,16,0.3,9830,4096,256,137,68277.198,84775.393,40263680,true,pending_log_review,,1,16
GDS,16,0.3,9830,4096,256,138,66134.921,83084.35,40263680,true,pending_log_review,,1,16
GDS,16,0.3,9830,4096,256,139,65696.439,82147.705,40263680,true,pending_log_review,,1,16
GDS,16,0.3,9830,4096,256,140,65781.053,82497.051,40263680,true,pending_log_review,,1,16
GDS,16,0.3,9830,4096,256,141,64029.778,80749.622,40263680,true,pending_log_review,,1,16
GDS,16,0.3,9830,4096,256,142,64483.472,81699.442,40263680,true,pending_log_review,,1,16
GDS,16,0.3,9830,4096,256,143,72007.104,89377.499,40263680,true,pending_log_review,,1,16
GDS,16,0.3,9830,4096,256,144,70606.203,88267.194,40263680,true,pending_log_review,,1,16
GDS,16,0.3,9830,4096,256,145,67967.871,85181.609,40263680,true,pending_log_review,,1,16
GDS,16,0.3,9830,4096,256,146,65493.281,83119.318,40263680,true,pending_log_review,,1,16
GDS,16,0.3,9830,4096,256,147,69985.041,87245.071,40263680,true,pending_log_review,,1,16
GDS,16,0.3,9830,4096,256,148,66870.518,84157.036,40263680,true,pending_log_review,,1,16
GDS,16,0.3,9830,4096,256,149,67377.262,84595.946,40263680,true,pending_log_review,,1,16
GDS,16,0.3,9830,4096,256,150,71861.779,88920.993,40263680,true,pending_log_review,,1,16
GDS,16,0.3,9830,4096,256,151,65827.222,82261.721,40263680,true,pending_log_review,,1,16
GDS,16,0.3,9830,4096,256,152,65874.793,83339.816,40263680,true,pending_log_review,,1,16
GDS,16,0.3,9830,4096,256,153,64471.27,82180.363,40263680,true,pending_log_review,,1,16
GDS,16,0.3,9830,4096,256,154,71423.107,88645.405,40263680,true,pending_log_review,,1,16
GDS,16,0.3,9830,4096,256,155,71039.161,88046.548,40263680,true,pending_log_review,,1,16
GDS,16,0.3,9830,4096,256,156,72242.451,89602.248,40263680,true,pending_log_review,,1,16
GDS,16,0.3,9830,4096,256,157,69969.5,87089.383,40263680,true,pending_log_review,,1,16
GDS,16,0.3,9830,4096,256,158,67921.048,84848.221,40263680,true,pending_log_review,,1,16
GDS,16,0.3,9830,4096,256,159,71832.097,89406.391,40263680,true,pending_log_review,,1,16
GDS,16,0.3,9830,4096,256,160,69269.847,86582.332,40263680,true,pending_log_review,,1,16
GDS,16,0.3,9830,4096,256,161,65202.974,82815.051,40263680,true,pending_log_review,,1,16
GDS,16,0.3,9830,4096,256,162,76501.203,94283.051,40263680,true,pending_log_review,,1,16
GDS,16,0.3,9830,4096,256,163,62773.108,80424.098,40263680,true,pending_log_review,,1,16
GDS,16,0.3,9830,4096,256,164,70856.359,88182.484,40263680,true,pending_log_review,,1,16
GDS,16,0.3,9830,4096,256,165,76750.814,94538.164,40263680,true,pending_log_review,,1,16
GDS,16,0.3,9830,4096,256,166,70612.777,87996.644,40263680,true,pending_log_review,,1,16
GDS,16,0.3,9830,4096,256,167,82448.54,99954.093,40263680,true,pending_log_review,,1,16
GDS,16,0.3,9830,4096,256,168,66800.18,83728.361,40263680,true,pending_log_review,,1,16
GDS,16,0.3,9830,4096,256,169,65491.066,83504.838,40263680,true,pending_log_review,,1,16
GDS,16,0.3,9830,4096,256,170,76758.1,93743.746,40263680,true,pending_log_review,,1,16
GDS,16,0.3,9830,4096,256,171,70852.125,88889.373,40263680,true,pending_log_review,,1,16
GDS,16,0.3,9830,4096,256,172,71069.374,89153.545,40263680,true,pending_log_review,,1,16
GDS,16,0.3,9830,4096,256,173,65447.475,82667.066,40263680,true,pending_log_review,,1,16
GDS,16,0.3,9830,4096,256,174,64025.361,80971.007,40263680,true,pending_log_review,,1,16
GDS,16,0.3,9830,4096,256,175,79610.874,97171.854,40263680,true,pending_log_review,,1,16
GDS,16,0.3,9830,4096,256,176,73144.193,90497.643,40263680,true,pending_log_review,,1,16
GDS,16,0.3,9830,4096,256,177,71638.095,89461.181,40263680,true,pending_log_review,,1,16
GDS,16,0.3,9830,4096,256,178,73673.29,90904.947,40263680,true,pending_log_review,,1,16
GDS,16,0.3,9830,4096,256,179,64322.758,81627.165,40263680,true,pending_log_review,,1,16
GDS,16,0.3,9830,4096,256,180,70108.57,87530.286,40263680,true,pending_log_review,,1,16
GDS,16,0.3,9830,4096,256,181,71523.358,88357.188,40263680,true,pending_log_review,,1,16
GDS,16,0.3,9830,4096,256,182,72361.592,89108.779,40263680,true,pending_log_review,,1,16
GDS,16,0.3,9830,4096,256,183,64715.426,81406.229,40263680,true,pending_log_review,,1,16
GDS,16,0.3,9830,4096,256,184,70045.478,87145.168,40263680,true,pending_log_review,,1,16
GDS,16,0.3,9830,4096,256,185,70711.351,88530.94,40263680,true,pending_log_review,,1,16
GDS,16,0.3,9830,4096,256,186,70775.522,88366.926,40263680,true,pending_log_review,,1,16
GDS,16,0.3,9830,4096,256,187,63467.141,80571.607,40263680,true,pending_log_review,,1,16
GDS,16,0.3,9830,4096,256,188,63599.07,80560.864,40263680,true,pending_log_review,,1,16
GDS,16,0.3,9830,4096,256,189,69048.336,86832.149,40263680,true,pending_log_review,,1,16
GDS,16,0.3,9830,4096,256,190,73329.03,90564.57,40263680,true,pending_log_review,,1,16
GDS,16,0.3,9830,4096,256,191,72228.213,89735.796,40263680,true,pending_log_review,,1,16
GDS,16,0.3,9830,4096,256,192,69067.323,86295.629,40263680,true,pending_log_review,,1,16
GDS,16,0.3,9830,4096,256,193,72562.102,90232.347,40263680,true,pending_log_review,,1,16
GDS,16,0.3,9830,4096,256,194,76745.664,94258.7,40263680,true,pending_log_review,,1,16
GDS,16,0.3,9830,4096,256,195,71282.199,88630.425,40263680,true,pending_log_review,,1,16
GDS,16,0.3,9830,4096,256,196,65825.376,83198.296,40263680,true,pending_log_review,,1,16
GDS,16,0.3,9830,4096,256,197,70616.021,88184.619,40263680,true,pending_log_review,,1,16
GDS,16,0.3,9830,4096,256,198,65842.238,82653.75,40263680,true,pending_log_review,,1,16
GDS,16,0.3,9830,4096,256,199,72199.321,89354.665,40263680,true,pending_log_review,,1,16
GDS,16,0.3,9830,4096,256,0,63680.969,80601.424,40263680,true,pending_log_review,,3,16
GDS,64,0.067,8782,4096,256,0,61556.825,76018.423,35971072,true,pending_log_review,,2,16
GDS,64,0.067,8782,4096,256,0,59158.705,74292.004,35971072,true,pending_log_review,,0,16
GDS,64,0.067,8782,4096,256,1,61077.17,76225.493,35971072,true,pending_log_review,,0,16
GDS,64,0.067,8782,4096,256,2,63787.194,78448.386,35971072,true,pending_log_review,,0,16
GDS,64,0.067,8782,4096,256,3,56707.232,72003.218,35971072,true,pending_log_review,,0,16
GDS,64,0.067,8782,4096,256,4,57736.513,73286.878,35971072,true,pending_log_review,,0,16
GDS,64,0.067,8782,4096,256,5,62532.966,77564.276,35971072,true,pending_log_review,,0,16
GDS,64,0.067,8782,4096,256,6,62788.237,77932.668,35971072,true,pending_log_review,,0,16
GDS,64,0.067,8782,4096,256,7,69876.412,85468.866,35971072,true,pending_log_review,,0,16
GDS,64,0.067,8782,4096,256,8,59744.029,75022.625,35971072,true,pending_log_review,,0,16
GDS,64,0.067,8782,4096,256,9,62821.013,78225.163,35971072,true,pending_log_review,,0,16
GDS,64,0.067,8782,4096,256,0,57717.864,72885.225,35971072,true,pending_log_review,,1,16
GDS,64,0.067,8782,4096,256,1,68730.303,84043.905,35971072,true,pending_log_review,,1,16
GDS,64,0.067,8782,4096,256,2,67299.892,82310.586,35971072,true,pending_log_review,,1,16
GDS,64,0.067,8782,4096,256,3,56926.941,72954.834,35971072,true,pending_log_review,,1,16
GDS,64,0.067,8782,4096,256,4,58138.565,73213.473,35971072,true,pending_log_review,,1,16
GDS,64,0.067,8782,4096,256,5,61488.883,77123.403,35971072,true,pending_log_review,,1,16
GDS,64,0.067,8782,4096,256,6,63294.783,79188.157,35971072,true,pending_log_review,,1,16
GDS,64,0.067,8782,4096,256,7,73843.358,89305.091,35971072,true,pending_log_review,,1,16
GDS,64,0.067,8782,4096,256,8,72095.777,88019.487,35971072,true,pending_log_review,,1,16
GDS,64,0.067,8782,4096,256,9,65601.513,81239.072,35971072,true,pending_log_review,,1,16
GDS,64,0.067,8782,4096,256,10,64336.875,79907.15,35971072,true,pending_log_review,,1,16
GDS,64,0.067,8782,4096,256,11,60427.711,75956.575,35971072,true,pending_log_review,,1,16
GDS,64,0.067,8782,4096,256,12,61796.522,77463.317,35971072,true,pending_log_review,,1,16
GDS,64,0.067,8782,4096,256,13,62953.437,77514.37,35971072,true,pending_log_review,,1,16
GDS,64,0.067,8782,4096,256,14,63420.368,78554.947,35971072,true,pending_log_review,,1,16
GDS,64,0.067,8782,4096,256,15,63823.88,78952.078,35971072,true,pending_log_review,,1,16
GDS,64,0.067,8782,4096,256,16,65813.59,81093.296,35971072,true,pending_log_review,,1,16
GDS,64,0.067,8782,4096,256,17,56138.689,71477.658,35971072,true,pending_log_review,,1,16
GDS,64,0.067,8782,4096,256,18,56244.975,71833.954,35971072,true,pending_log_review,,1,16
GDS,64,0.067,8782,4096,256,19,56285.008,71650.018,35971072,true,pending_log_review,,1,16
GDS,64,0.067,8782,4096,256,20,62689.486,78341.178,35971072,true,pending_log_review,,1,16
GDS,64,0.067,8782,4096,256,21,71169.417,87772.576,35971072,true,pending_log_review,,1,16
GDS,64,0.067,8782,4096,256,22,63199.272,78970.038,35971072,true,pending_log_review,,1,16
GDS,64,0.067,8782,4096,256,23,65855.163,81549.556,35971072,true,pending_log_review,,1,16
GDS,64,0.067,8782,4096,256,24,65524.074,81200.552,35971072,true,pending_log_review,,1,16
GDS,64,0.067,8782,4096,256,25,61847.61,77888.378,35971072,true,pending_log_review,,1,16
GDS,64,0.067,8782,4096,256,26,61794.495,77187.783,35971072,true,pending_log_review,,1,16
GDS,64,0.067,8782,4096,256,27,74938.312,90634.815,35971072,true,pending_log_review,,1,16
GDS,64,0.067,8782,4096,256,28,72086.846,87571.843,35971072,true,pending_log_review,,1,16
GDS,64,0.067,8782,4096,256,29,70140.052,85377.661,35971072,true,pending_log_review,,1,16
GDS,64,0.067,8782,4096,256,30,71237.447,86400.358,35971072,true,pending_log_review,,1,16
GDS,64,0.067,8782,4096,256,31,59794.508,74586.81,35971072,true,pending_log_review,,1,16
GDS,64,0.067,8782,4096,256,32,63067.631,78826.626,35971072,true,pending_log_review,,1,16
GDS,64,0.067,8782,4096,256,33,60812.838,76397.005,35971072,true,pending_log_review,,1,16
GDS,64,0.067,8782,4096,256,34,65340.741,81019.189,35971072,true,pending_log_review,,1,16
GDS,64,0.067,8782,4096,256,35,66393.829,81891.705,35971072,true,pending_log_review,,1,16
GDS,64,0.067,8782,4096,256,36,61477.565,76674.748,35971072,true,pending_log_review,,1,16
GDS,64,0.067,8782,4096,256,37,69208.483,84858.392,35971072,true,pending_log_review,,1,16
GDS,64,0.067,8782,4096,256,38,65052.404,81316.47,35971072,true,pending_log_review,,1,16
GDS,64,0.067,8782,4096,256,39,59789.95,74964.197,35971072,true,pending_log_review,,1,16
GDS,64,0.067,8782,4096,256,40,63329.292,79442.423,35971072,true,pending_log_review,,1,16
GDS,64,0.067,8782,4096,256,41,64573.593,80604.337,35971072,true,pending_log_review,,1,16
GDS,64,0.067,8782,4096,256,42,71747.68,87198.122,35971072,true,pending_log_review,,1,16
GDS,64,0.067,8782,4096,256,43,62185.628,77174.624,35971072,true,pending_log_review,,1,16
GDS,64,0.067,8782,4096,256,44,60265.274,75422.312,35971072,true,pending_log_review,,1,16
GDS,64,0.067,8782,4096,256,45,66499.256,82796.504,35971072,true,pending_log_review,,1,16
GDS,64,0.067,8782,4096,256,46,60056.667,75474.248,35971072,true,pending_log_review,,1,16
GDS,64,0.067,8782,4096,256,47,61146.904,77192.178,35971072,true,pending_log_review,,1,16
GDS,64,0.067,8782,4096,256,48,62917.466,78602.651,35971072,true,pending_log_review,,1,16
GDS,64,0.067,8782,4096,256,49,68768.975,84660.928,35971072,true,pending_log_review,,1,16
GDS,64,0.067,8782,4096,256,50,59089.753,74255.834,35971072,true,pending_log_review,,1,16
GDS,64,0.067,8782,4096,256,51,63507.391,78619.013,35971072,true,pending_log_review,,1,16
GDS,64,0.067,8782,4096,256,52,60055.021,75360.32,35971072,true,pending_log_review,,1,16
GDS,64,0.067,8782,4096,256,53,60215.136,75450.48,35971072,true,pending_log_review,,1,16
GDS,64,0.067,8782,4096,256,54,61605.23,76858.662,35971072,true,pending_log_review,,1,16
GDS,64,0.067,8782,4096,256,55,76902.1,91887.991,35971072,true,pending_log_review,,1,16
GDS,64,0.067,8782,4096,256,56,59576.572,75087.627,35971072,true,pending_log_review,,1,16
GDS,64,0.067,8782,4096,256,57,58859.502,73475.747,35971072,true,pending_log_review,,1,16
GDS,64,0.067,8782,4096,256,58,57559.122,72863.697,35971072,true,pending_log_review,,1,16
GDS,64,0.067,8782,4096,256,59,62281.126,77688.528,35971072,true,pending_log_review,,1,16
GDS,64,0.067,8782,4096,256,60,58374.664,73990.269,35971072,true,pending_log_review,,1,16
GDS,64,0.067,8782,4096,256,61,64175.709,79410.854,35971072,true,pending_log_review,,1,16
GDS,64,0.067,8782,4096,256,62,60221.232,75257.965,35971072,true,pending_log_review,,1,16
GDS,64,0.067,8782,4096,256,63,65023.188,81118.52,35971072,true,pending_log_review,,1,16
GDS,64,0.067,8782,4096,256,64,63434.267,79496.188,35971072,true,pending_log_review,,1,16
GDS,64,0.067,8782,4096,256,65,58531.913,74011.141,35971072,true,pending_log_review,,1,16
GDS,64,0.067,8782,4096,256,66,62780.275,78368.657,35971072,true,pending_log_review,,1,16
GDS,64,0.067,8782,4096,256,67,69172.882,84943.706,35971072,true,pending_log_review,,1,16
GDS,64,0.067,8782,4096,256,68,65483.311,80518.55,35971072,true,pending_log_review,,1,16
GDS,64,0.067,8782,4096,256,69,61471.97,76077.844,35971072,true,pending_log_review,,1,16
GDS,64,0.067,8782,4096,256,70,58439.641,73896.073,35971072,true,pending_log_review,,1,16
GDS,64,0.067,8782,4096,256,71,65520.937,80994.039,35971072,true,pending_log_review,,1,16
GDS,64,0.067,8782,4096,256,72,72579.786,87321.757,35971072,true,pending_log_review,,1,16
GDS,64,0.067,8782,4096,256,73,63538.76,78795.396,35971072,true,pending_log_review,,1,16
GDS,64,0.067,8782,4096,256,74,71657.434,87021.143,35971072,true,pending_log_review,,1,16
GDS,64,0.067,8782,4096,256,75,66867.903,82630.789,35971072,true,pending_log_review,,1,16
GDS,64,0.067,8782,4096,256,76,60432.631,75787.859,35971072,true,pending_log_review,,1,16
GDS,64,0.067,8782,4096,256,77,58008.299,74196.987,35971072,true,pending_log_review,,1,16
GDS,64,0.067,8782,4096,256,78,58432.597,74381.007,35971072,true,pending_log_review,,1,16
GDS,64,0.067,8782,4096,256,79,59210.166,74404.561,35971072,true,pending_log_review,,1,16
GDS,64,0.067,8782,4096,256,80,64595.204,80407.677,35971072,true,pending_log_review,,1,16
GDS,64,0.067,8782,4096,256,81,59092.374,74406.217,35971072,true,pending_log_review,,1,16
GDS,64,0.067,8782,4096,256,82,59726.011,75589.849,35971072,true,pending_log_review,,1,16
GDS,64,0.067,8782,4096,256,83,69855.547,85047.517,35971072,true,pending_log_review,,1,16
GDS,64,0.067,8782,4096,256,84,60873.293,76232.554,35971072,true,pending_log_review,,1,16
GDS,64,0.067,8782,4096,256,85,59881.269,75301.496,35971072,true,pending_log_review,,1,16
GDS,64,0.067,8782,4096,256,86,69710.783,85559.776,35971072,true,pending_log_review,,1,16
GDS,64,0.067,8782,4096,256,87,59478.324,75389.314,35971072,true,pending_log_review,,1,16
GDS,64,0.067,8782,4096,256,88,68877.032,84632.671,35971072,true,pending_log_review,,1,16
GDS,64,0.067,8782,4096,256,89,69598.44,85590.576,35971072,true,pending_log_review,,1,16
GDS,64,0.067,8782,4096,256,90,67390.475,82874.743,35971072,true,pending_log_review,,1,16
GDS,64,0.067,8782,4096,256,91,59388.964,74210.714,35971072,true,pending_log_review,,1,16
GDS,64,0.067,8782,4096,256,92,64359.554,79114.317,35971072,true,pending_log_review,,1,16
GDS,64,0.067,8782,4096,256,93,74918.816,90474.708,35971072,true,pending_log_review,,1,16
GDS,64,0.067,8782,4096,256,94,64922.994,80830.294,35971072,true,pending_log_review,,1,16
GDS,64,0.067,8782,4096,256,95,65836.477,81962.349,35971072,true,pending_log_review,,1,16
GDS,64,0.067,8782,4096,256,96,66079.568,81862.751,35971072,true,pending_log_review,,1,16
GDS,64,0.067,8782,4096,256,97,59931.184,75157.951,35971072,true,pending_log_review,,1,16
GDS,64,0.067,8782,4096,256,98,70053.326,86317.794,35971072,true,pending_log_review,,1,16
GDS,64,0.067,8782,4096,256,99,67324.001,82759.084,35971072,true,pending_log_review,,1,16
GDS,64,0.067,8782,4096,256,100,62583.178,77719.72,35971072,true,pending_log_review,,1,16
GDS,64,0.067,8782,4096,256,101,69159.496,85029.419,35971072,true,pending_log_review,,1,16
GDS,64,0.067,8782,4096,256,102,66971.816,82752.255,35971072,true,pending_log_review,,1,16
GDS,64,0.067,8782,4096,256,103,64483.937,79635.691,35971072,true,pending_log_review,,1,16
GDS,64,0.067,8782,4096,256,104,59896.514,75887.698,35971072,true,pending_log_review,,1,16
GDS,64,0.067,8782,4096,256,105,65980.786,81351.24,35971072,true,pending_log_review,,1,16
GDS,64,0.067,8782,4096,256,106,60709.38,75244.436,35971072,true,pending_log_review,,1,16
GDS,64,0.067,8782,4096,256,107,60486.391,75150.264,35971072,true,pending_log_review,,1,16
GDS,64,0.067,8782,4096,256,108,60140.819,75836.323,35971072,true,pending_log_review,,1,16
GDS,64,0.067,8782,4096,256,109,65426.56,80579.52,35971072,true,pending_log_review,,1,16
GDS,64,0.067,8782,4096,256,110,65154.773,80459.143,35971072,true,pending_log_review,,1,16
GDS,64,0.067,8782,4096,256,111,63635.329,79362.496,35971072,true,pending_log_review,,1,16
GDS,64,0.067,8782,4096,256,112,64506.089,79799.084,35971072,true,pending_log_review,,1,16
GDS,64,0.067,8782,4096,256,113,68484.976,83946.532,35971072,true,pending_log_review,,1,16
GDS,64,0.067,8782,4096,256,114,60946.201,76380.648,35971072,true,pending_log_review,,1,16
GDS,64,0.067,8782,4096,256,115,67544.709,82530.054,35971072,true,pending_log_review,,1,16
GDS,64,0.067,8782,4096,256,116,58675.373,73283.788,35971072,true,pending_log_review,,1,16
GDS,64,0.067,8782,4096,256,117,60805.028,75538.34,35971072,true,pending_log_review,,1,16
GDS,64,0.067,8782,4096,256,118,64086.313,79150.256,35971072,true,pending_log_review,,1,16
GDS,64,0.067,8782,4096,256,119,60096.497,74827.856,35971072,true,pending_log_review,,1,16
GDS,64,0.067,8782,4096,256,120,65716.116,81262.69,35971072,true,pending_log_review,,1,16
GDS,64,0.067,8782,4096,256,121,66744.107,81514.749,35971072,true,pending_log_review,,1,16
GDS,64,0.067,8782,4096,256,122,64231.747,80305.66,35971072,true,pending_log_review,,1,16
GDS,64,0.067,8782,4096,256,123,67803.064,82859.671,35971072,true,pending_log_review,,1,16
GDS,64,0.067,8782,4096,256,124,63431.726,78527.13,35971072,true,pending_log_review,,1,16
GDS,64,0.067,8782,4096,256,125,58531.128,73426.116,35971072,true,pending_log_review,,1,16
GDS,64,0.067,8782,4096,256,126,70985.718,87317.382,35971072,true,pending_log_review,,1,16
GDS,64,0.067,8782,4096,256,127,59979.048,75410.434,35971072,true,pending_log_review,,1,16
GDS,64,0.067,8782,4096,256,128,64708.834,80215.979,35971072,true,pending_log_review,,1,16
GDS,64,0.067,8782,4096,256,129,59995.575,75014.523,35971072,true,pending_log_review,,1,16
GDS,64,0.067,8782,4096,256,130,69512.056,85328.004,35971072,true,pending_log_review,,1,16
GDS,64,0.067,8782,4096,256,131,58229.736,73517.815,35971072,true,pending_log_review,,1,16
GDS,64,0.067,8782,4096,256,132,67085.105,82603.142,35971072,true,pending_log_review,,1,16
GDS,64,0.067,8782,4096,256,133,59894.63,74932.001,35971072,true,pending_log_review,,1,16
GDS,64,0.067,8782,4096,256,134,61861.794,77058.754,35971072,true,pending_log_review,,1,16
GDS,64,0.067,8782,4096,256,135,70095.101,85640.669,35971072,true,pending_log_review,,1,16
GDS,64,0.067,8782,4096,256,136,62835.943,78544.618,35971072,true,pending_log_review,,1,16
GDS,64,0.067,8782,4096,256,137,65442.39,80935.98,35971072,true,pending_log_review,,1,16
GDS,64,0.067,8782,4096,256,138,60240.257,75790.77,35971072,true,pending_log_review,,1,16
GDS,64,0.067,8782,4096,256,139,58792.617,73979.271,35971072,true,pending_log_review,,1,16
GDS,64,0.067,8782,4096,256,140,61860.301,77664.545,35971072,true,pending_log_review,,1,16
GDS,64,0.067,8782,4096,256,141,59705.496,74914.128,35971072,true,pending_log_review,,1,16
GDS,64,0.067,8782,4096,256,142,64399.528,79991.137,35971072,true,pending_log_review,,1,16
GDS,64,0.067,8782,4096,256,143,68036.179,83569.732,35971072,true,pending_log_review,,1,16
GDS,64,0.067,8782,4096,256,144,64272.1,80497.801,35971072,true,pending_log_review,,1,16
GDS,64,0.067,8782,4096,256,145,52552.502,67711.063,35971072,true,pending_log_review,,1,16
GDS,64,0.067,8782,4096,256,146,49585.151,65018.658,35971072,true,pending_log_review,,1,16
GDS,64,0.067,8782,4096,256,147,63555.994,78947.936,35971072,true,pending_log_review,,1,16
GDS,64,0.067,8782,4096,256,148,69399.438,85122.585,35971072,true,pending_log_review,,1,16
GDS,64,0.067,8782,4096,256,149,65415.509,80958.659,35971072,true,pending_log_review,,1,16
GDS,64,0.067,8782,4096,256,150,60826.196,75594.487,35971072,true,pending_log_review,,1,16
GDS,64,0.067,8782,4096,256,151,64391.596,80097.327,35971072,true,pending_log_review,,1,16
GDS,64,0.067,8782,4096,256,152,59057.946,74076.339,35971072,true,pending_log_review,,1,16
GDS,64,0.067,8782,4096,256,153,64823.96,80053.258,35971072,true,pending_log_review,,1,16
GDS,64,0.067,8782,4096,256,154,71142.435,86575.418,35971072,true,pending_log_review,,1,16
GDS,64,0.067,8782,4096,256,155,58527.328,74159.456,35971072,true,pending_log_review,,1,16
GDS,64,0.067,8782,4096,256,156,79818.418,96468.232,35971072,true,pending_log_review,,1,16
GDS,64,0.067,8782,4096,256,157,71392.988,86725.925,35971072,true,pending_log_review,,1,16
GDS,64,0.067,8782,4096,256,158,59472.05,74958.871,35971072,true,pending_log_review,,1,16
GDS,64,0.067,8782,4096,256,159,63467.965,78870.227,35971072,true,pending_log_review,,1,16
GDS,64,0.067,8782,4096,256,160,64615.568,79563.406,35971072,true,pending_log_review,,1,16
GDS,64,0.067,8782,4096,256,161,58879.86,74470.413,35971072,true,pending_log_review,,1,16
GDS,64,0.067,8782,4096,256,162,69780.769,86362.138,35971072,true,pending_log_review,,1,16
GDS,64,0.067,8782,4096,256,163,64555.564,80698.014,35971072,true,pending_log_review,,1,16
GDS,64,0.067,8782,4096,256,164,73759.878,89755.436,35971072,true,pending_log_review,,1,16
GDS,64,0.067,8782,4096,256,165,64647.684,80116.752,35971072,true,pending_log_review,,1,16
GDS,64,0.067,8782,4096,256,166,64823.459,81045.805,35971072,true,pending_log_review,,1,16
GDS,64,0.067,8782,4096,256,167,66378.68,82468.982,35971072,true,pending_log_review,,1,16
GDS,64,0.067,8782,4096,256,168,68818.574,85344.123,35971072,true,pending_log_review,,1,16
GDS,64,0.067,8782,4096,256,169,61267.317,75845.339,35971072,true,pending_log_review,,1,16
GDS,64,0.067,8782,4096,256,170,67133.238,82683.534,35971072,true,pending_log_review,,1,16
GDS,64,0.067,8782,4096,256,171,59197.494,74883.341,35971072,true,pending_log_review,,1,16
GDS,64,0.067,8782,4096,256,172,58252.716,73450.561,35971072,true,pending_log_review,,1,16
GDS,64,0.067,8782,4096,256,173,66216.305,81783.532,35971072,true,pending_log_review,,1,16
GDS,64,0.067,8782,4096,256,174,64837,81007.72,35971072,true,pending_log_review,,1,16
GDS,64,0.067,8782,4096,256,175,59451.119,75009.185,35971072,true,pending_log_review,,1,16
GDS,64,0.067,8782,4096,256,176,63799.594,79614.961,35971072,true,pending_log_review,,1,16
GDS,64,0.067,8782,4096,256,177,61359.685,76778.513,35971072,true,pending_log_review,,1,16
GDS,64,0.067,8782,4096,256,178,62313.107,78468.341,35971072,true,pending_log_review,,1,16
GDS,64,0.067,8782,4096,256,179,60782.822,76523.201,35971072,true,pending_log_review,,1,16
GDS,64,0.067,8782,4096,256,180,66484.98,81890.062,35971072,true,pending_log_review,,1,16
GDS,64,0.067,8782,4096,256,181,60445.548,75997.552,35971072,true,pending_log_review,,1,16
GDS,64,0.067,8782,4096,256,182,69939.417,85234.765,35971072,true,pending_log_review,,1,16
GDS,64,0.067,8782,4096,256,183,58660.839,74294.393,35971072,true,pending_log_review,,1,16
GDS,64,0.067,8782,4096,256,184,61758.842,77550.093,35971072,true,pending_log_review,,1,16
GDS,64,0.067,8782,4096,256,185,64546.237,80282.751,35971072,true,pending_log_review,,1,16
GDS,64,0.067,8782,4096,256,186,59414.616,75195.518,35971072,true,pending_log_review,,1,16
GDS,64,0.067,8782,4096,256,187,62765.956,78496.21,35971072,true,pending_log_review,,1,16
GDS,64,0.067,8782,4096,256,188,64692.034,79661.82,35971072,true,pending_log_review,,1,16
GDS,64,0.067,8782,4096,256,189,64708.056,80306.135,35971072,true,pending_log_review,,1,16
GDS,64,0.067,8782,4096,256,190,65080.562,80621.911,35971072,true,pending_log_review,,1,16
GDS,64,0.067,8782,4096,256,191,59646.665,75456.162,35971072,true,pending_log_review,,1,16
GDS,64,0.067,8782,4096,256,192,63595.126,79597.885,35971072,true,pending_log_review,,1,16
GDS,64,0.067,8782,4096,256,193,65276.645,80962.752,35971072,true,pending_log_review,,1,16
GDS,64,0.067,8782,4096,256,194,70461.433,86325.402,35971072,true,pending_log_review,,1,16
GDS,64,0.067,8782,4096,256,195,63228.501,78108.367,35971072,true,pending_log_review,,1,16
GDS,64,0.067,8782,4096,256,196,72204.934,88057.071,35971072,true,pending_log_review,,1,16
GDS,64,0.067,8782,4096,256,197,65541.188,80675.973,35971072,true,pending_log_review,,1,16
GDS,64,0.067,8782,4096,256,198,61687.938,77399.65,35971072,true,pending_log_review,,1,16
GDS,64,0.067,8782,4096,256,199,65867.471,81394.485,35971072,true,pending_log_review,,1,16
GDS,64,0.067,8782,4096,256,0,66484.916,82011.224,35971072,true,pending_log_review,,3,16
GDS,64,0.134,17564,4096,256,0,129560.384,161349.389,71942144,true,pending_log_review,,2,16
GDS,64,0.134,17564,4096,256,0,137698.783,170458.748,71942144,true,pending_log_review,,0,16
GDS,64,0.134,17564,4096,256,1,144530.098,176918.115,71942144,true,pending_log_review,,0,16
GDS,64,0.134,17564,4096,256,2,122292.048,153900.51,71942144,true,pending_log_review,,0,16
GDS,64,0.134,17564,4096,256,3,143179.223,175473.404,71942144,true,pending_log_review,,0,16
GDS,64,0.134,17564,4096,256,4,129662.863,161379.72,71942144,true,pending_log_review,,0,16
GDS,64,0.134,17564,4096,256,5,123238.48,156072.678,71942144,true,pending_log_review,,0,16
GDS,64,0.134,17564,4096,256,6,122753.256,154472.185,71942144,true,pending_log_review,,0,16
GDS,64,0.134,17564,4096,256,7,138504.984,170724.438,71942144,true,pending_log_review,,0,16
GDS,64,0.134,17564,4096,256,8,140612.044,173033.142,71942144,true,pending_log_review,,0,16
GDS,64,0.134,17564,4096,256,9,132677.112,165308.428,71942144,true,pending_log_review,,0,16
GDS,64,0.134,17564,4096,256,0,126535.495,158570.981,71942144,true,pending_log_review,,1,16
GDS,64,0.134,17564,4096,256,1,142368.955,174198.341,71942144,true,pending_log_review,,1,16
GDS,64,0.134,17564,4096,256,2,120181.287,152386.856,71942144,true,pending_log_review,,1,16
GDS,64,0.134,17564,4096,256,3,134886.122,167140.989,71942144,true,pending_log_review,,1,16
GDS,64,0.134,17564,4096,256,4,138101.942,170067.06,71942144,true,pending_log_review,,1,16
GDS,64,0.134,17564,4096,256,5,134158.441,165423.167,71942144,true,pending_log_review,,1,16
GDS,64,0.134,17564,4096,256,6,120296.258,151425.667,71942144,true,pending_log_review,,1,16
GDS,64,0.134,17564,4096,256,7,138079.707,169605.532,71942144,true,pending_log_review,,1,16
GDS,64,0.134,17564,4096,256,8,127379.427,159067.229,71942144,true,pending_log_review,,1,16
GDS,64,0.134,17564,4096,256,9,135580.048,167635.5,71942144,true,pending_log_review,,1,16
GDS,64,0.134,17564,4096,256,10,128725.862,159788.805,71942144,true,pending_log_review,,1,16
GDS,64,0.134,17564,4096,256,11,130973.615,162012.603,71942144,true,pending_log_review,,1,16
GDS,64,0.134,17564,4096,256,12,129875.966,160785.586,71942144,true,pending_log_review,,1,16
GDS,64,0.134,17564,4096,256,13,133848.16,165335.663,71942144,true,pending_log_review,,1,16
GDS,64,0.134,17564,4096,256,14,120917.478,152648.727,71942144,true,pending_log_review,,1,16
GDS,64,0.134,17564,4096,256,15,127171.343,159141.08,71942144,true,pending_log_review,,1,16
GDS,64,0.134,17564,4096,256,16,128974.835,160316.362,71942144,true,pending_log_review,,1,16
GDS,64,0.134,17564,4096,256,17,126092.686,157348.85,71942144,true,pending_log_review,,1,16
GDS,64,0.134,17564,4096,256,18,120402.088,152735.3,71942144,true,pending_log_review,,1,16
GDS,64,0.134,17564,4096,256,19,133043.766,164520.698,71942144,true,pending_log_review,,1,16
GDS,64,0.134,17564,4096,256,20,127694.453,159093.756,71942144,true,pending_log_review,,1,16
GDS,64,0.134,17564,4096,256,21,123532.524,154107.02,71942144,true,pending_log_review,,1,16
GDS,64,0.134,17564,4096,256,22,120721.585,153021.124,71942144,true,pending_log_review,,1,16
GDS,64,0.134,17564,4096,256,23,130940.537,162180.146,71942144,true,pending_log_review,,1,16
GDS,64,0.134,17564,4096,256,24,133930.245,165415.151,71942144,true,pending_log_review,,1,16
GDS,64,0.134,17564,4096,256,25,144053.305,176034.236,71942144,true,pending_log_review,,1,16
GDS,64,0.134,17564,4096,256,26,140997.614,172478.038,71942144,true,pending_log_review,,1,16
GDS,64,0.134,17564,4096,256,27,130597.738,162335.429,71942144,true,pending_log_review,,1,16
GDS,64,0.134,17564,4096,256,28,135557.66,167254.344,71942144,true,pending_log_review,,1,16
GDS,64,0.134,17564,4096,256,29,136126.746,168641.278,71942144,true,pending_log_review,,1,16
GDS,64,0.134,17564,4096,256,30,129384.099,159785.353,71942144,true,pending_log_review,,1,16
GDS,64,0.134,17564,4096,256,31,132019.29,164936.303,71942144,true,pending_log_review,,1,16
GDS,64,0.134,17564,4096,256,32,121647.178,152819.081,71942144,true,pending_log_review,,1,16
GDS,64,0.134,17564,4096,256,33,124377.979,154916.734,71942144,true,pending_log_review,,1,16
GDS,64,0.134,17564,4096,256,34,128589.951,160278.135,71942144,true,pending_log_review,,1,16
GDS,64,0.134,17564,4096,256,35,125773.478,158349.351,71942144,true,pending_log_review,,1,16
GDS,64,0.134,17564,4096,256,36,132661.383,164526.739,71942144,true,pending_log_review,,1,16
GDS,64,0.134,17564,4096,256,37,149821.488,182856.698,71942144,true,pending_log_review,,1,16
GDS,64,0.134,17564,4096,256,38,122194.281,153399.74,71942144,true,pending_log_review,,1,16
GDS,64,0.134,17564,4096,256,39,129686.351,160697.294,71942144,true,pending_log_review,,1,16
GDS,64,0.134,17564,4096,256,40,128100.139,159713.922,71942144,true,pending_log_review,,1,16
GDS,64,0.134,17564,4096,256,41,129789.759,160480.035,71942144,true,pending_log_review,,1,16
GDS,64,0.134,17564,4096,256,42,137863.231,169328.123,71942144,true,pending_log_review,,1,16
GDS,64,0.134,17564,4096,256,43,144634.661,175993.984,71942144,true,pending_log_review,,1,16
GDS,64,0.134,17564,4096,256,44,136255.68,167179.618,71942144,true,pending_log_review,,1,16
GDS,64,0.134,17564,4096,256,45,136440.69,167484.237,71942144,true,pending_log_review,,1,16
GDS,64,0.134,17564,4096,256,46,131886.174,163572.238,71942144,true,pending_log_review,,1,16
GDS,64,0.134,17564,4096,256,47,138055.851,170253.602,71942144,true,pending_log_review,,1,16
GDS,64,0.134,17564,4096,256,48,137405.04,169902.337,71942144,true,pending_log_review,,1,16
GDS,64,0.134,17564,4096,256,49,138638.539,170655.88,71942144,true,pending_log_review,,1,16
GDS,64,0.134,17564,4096,256,50,128156.123,159760.825,71942144,true,pending_log_review,,1,16
GDS,64,0.134,17564,4096,256,51,137343.455,169752.784,71942144,true,pending_log_review,,1,16
GDS,64,0.134,17564,4096,256,52,135921.383,167113.687,71942144,true,pending_log_review,,1,16
GDS,64,0.134,17564,4096,256,53,128897.003,159507.767,71942144,true,pending_log_review,,1,16
GDS,64,0.134,17564,4096,256,54,132414.497,164388.713,71942144,true,pending_log_review,,1,16
GDS,64,0.134,17564,4096,256,55,132623.732,164002.683,71942144,true,pending_log_review,,1,16
GDS,64,0.134,17564,4096,256,56,145489.825,176843.419,71942144,true,pending_log_review,,1,16
GDS,64,0.134,17564,4096,256,57,131539.184,163966.14,71942144,true,pending_log_review,,1,16
GDS,64,0.134,17564,4096,256,58,140962.995,173058.834,71942144,true,pending_log_review,,1,16
GDS,64,0.134,17564,4096,256,59,135839.811,167806.438,71942144,true,pending_log_review,,1,16
GDS,64,0.134,17564,4096,256,60,128123.065,159789.625,71942144,true,pending_log_review,,1,16
GDS,64,0.134,17564,4096,256,61,121971.944,154432.051,71942144,true,pending_log_review,,1,16
GDS,64,0.134,17564,4096,256,62,125813.258,157888.818,71942144,true,pending_log_review,,1,16
GDS,64,0.134,17564,4096,256,63,140453.177,172030.939,71942144,true,pending_log_review,,1,16
GDS,64,0.134,17564,4096,256,64,141506.888,173267.62,71942144,true,pending_log_review,,1,16
GDS,64,0.134,17564,4096,256,65,140587.62,172404.358,71942144,true,pending_log_review,,1,16
GDS,64,0.134,17564,4096,256,66,136050.758,168088.772,71942144,true,pending_log_review,,1,16
GDS,64,0.134,17564,4096,256,67,141475.639,174024.241,71942144,true,pending_log_review,,1,16
GDS,64,0.134,17564,4096,256,68,121510.694,153133.569,71942144,true,pending_log_review,,1,16
GDS,64,0.134,17564,4096,256,69,135196.267,166220.915,71942144,true,pending_log_review,,1,16
GDS,64,0.134,17564,4096,256,70,128510.888,160517.711,71942144,true,pending_log_review,,1,16
GDS,64,0.134,17564,4096,256,71,129964.236,162454.533,71942144,true,pending_log_review,,1,16
GDS,64,0.134,17564,4096,256,72,137071.409,169398.86,71942144,true,pending_log_review,,1,16
GDS,64,0.134,17564,4096,256,73,127487.206,159528.506,71942144,true,pending_log_review,,1,16
GDS,64,0.134,17564,4096,256,74,128345.3,159411.036,71942144,true,pending_log_review,,1,16
GDS,64,0.134,17564,4096,256,75,137157.945,168717.738,71942144,true,pending_log_review,,1,16
GDS,64,0.134,17564,4096,256,76,137533.651,170256.903,71942144,true,pending_log_review,,1,16
GDS,64,0.134,17564,4096,256,77,132629.091,163093.825,71942144,true,pending_log_review,,1,16
GDS,64,0.134,17564,4096,256,78,139707.465,171756.977,71942144,true,pending_log_review,,1,16
GDS,64,0.134,17564,4096,256,79,136112.934,167734.234,71942144,true,pending_log_review,,1,16
GDS,64,0.134,17564,4096,256,80,132821.036,165066.366,71942144,true,pending_log_review,,1,16
GDS,64,0.134,17564,4096,256,81,131560.303,163092.248,71942144,true,pending_log_review,,1,16
GDS,64,0.134,17564,4096,256,82,134786.003,166134.519,71942144,true,pending_log_review,,1,16
GDS,64,0.134,17564,4096,256,83,129250.312,160523.119,71942144,true,pending_log_review,,1,16
GDS,64,0.134,17564,4096,256,84,134455.254,165586.219,71942144,true,pending_log_review,,1,16
GDS,64,0.134,17564,4096,256,85,131778.304,162935.957,71942144,true,pending_log_review,,1,16
GDS,64,0.134,17564,4096,256,86,136792.063,169638.255,71942144,true,pending_log_review,,1,16
GDS,64,0.134,17564,4096,256,87,139941.92,171757.291,71942144,true,pending_log_review,,1,16
GDS,64,0.134,17564,4096,256,88,130888.258,163037.664,71942144,true,pending_log_review,,1,16
GDS,64,0.134,17564,4096,256,89,148139.935,180719.904,71942144,true,pending_log_review,,1,16
GDS,64,0.134,17564,4096,256,90,124111.044,155816.453,71942144,true,pending_log_review,,1,16
GDS,64,0.134,17564,4096,256,91,139695.157,171864.486,71942144,true,pending_log_review,,1,16
GDS,64,0.134,17564,4096,256,92,150482.16,181696.389,71942144,true,pending_log_review,,1,16
GDS,64,0.134,17564,4096,256,93,145267.428,177583.736,71942144,true,pending_log_review,,1,16
GDS,64,0.134,17564,4096,256,94,130583.796,161961.997,71942144,true,pending_log_review,,1,16
GDS,64,0.134,17564,4096,256,95,128750.067,160500.971,71942144,true,pending_log_review,,1,16
GDS,64,0.134,17564,4096,256,96,131469.084,163730.41,71942144,true,pending_log_review,,1,16
GDS,64,0.134,17564,4096,256,97,131289.278,163284.91,71942144,true,pending_log_review,,1,16
GDS,64,0.134,17564,4096,256,98,137025.128,169020.298,71942144,true,pending_log_review,,1,16
GDS,64,0.134,17564,4096,256,99,133873.743,164881.55,71942144,true,pending_log_review,,1,16
GDS,64,0.134,17564,4096,256,100,135337.113,167790.178,71942144,true,pending_log_review,,1,16
GDS,64,0.134,17564,4096,256,101,127173.506,159208.734,71942144,true,pending_log_review,,1,16
GDS,64,0.134,17564,4096,256,102,138569.142,171342.464,71942144,true,pending_log_review,,1,16
GDS,64,0.134,17564,4096,256,103,127888.854,159911.236,71942144,true,pending_log_review,,1,16
GDS,64,0.134,17564,4096,256,104,133014.236,165470.784,71942144,true,pending_log_review,,1,16
GDS,64,0.134,17564,4096,256,105,135234.38,167729.886,71942144,true,pending_log_review,,1,16
GDS,64,0.134,17564,4096,256,106,126437.802,158618.496,71942144,true,pending_log_review,,1,16
GDS,64,0.134,17564,4096,256,107,133119.354,164440.841,71942144,true,pending_log_review,,1,16
GDS,64,0.134,17564,4096,256,108,158929.58,193429.175,71942144,true,pending_log_review,,1,16
GDS,64,0.134,17564,4096,256,109,125067.361,156105.898,71942144,true,pending_log_review,,1,16
GDS,64,0.134,17564,4096,256,110,127761.652,159388.234,71942144,true,pending_log_review,,1,16
GDS,64,0.134,17564,4096,256,111,128222.017,159227.744,71942144,true,pending_log_review,,1,16
GDS,64,0.134,17564,4096,256,112,132795.808,164181.788,71942144,true,pending_log_review,,1,16
GDS,64,0.134,17564,4096,256,113,122305.865,153507.195,71942144,true,pending_log_review,,1,16
GDS,64,0.134,17564,4096,256,114,131062.854,163278.358,71942144,true,pending_log_review,,1,16
GDS,64,0.134,17564,4096,256,115,133693.388,165795.075,71942144,true,pending_log_review,,1,16
GDS,64,0.134,17564,4096,256,116,127600.424,159154.918,71942144,true,pending_log_review,,1,16
GDS,64,0.134,17564,4096,256,117,135169.758,167181.148,71942144,true,pending_log_review,,1,16
GDS,64,0.134,17564,4096,256,118,131784.381,164450.784,71942144,true,pending_log_review,,1,16
GDS,64,0.134,17564,4096,256,119,131294.054,163017.444,71942144,true,pending_log_review,,1,16
GDS,64,0.134,17564,4096,256,120,131550.112,164827.628,71942144,true,pending_log_review,,1,16
GDS,64,0.134,17564,4096,256,121,140686.451,172094.262,71942144,true,pending_log_review,,1,16
GDS,64,0.134,17564,4096,256,122,130216.721,162585.665,71942144,true,pending_log_review,,1,16
GDS,64,0.134,17564,4096,256,123,135069.846,166894.603,71942144,true,pending_log_review,,1,16
GDS,64,0.134,17564,4096,256,124,136342.864,168205.517,71942144,true,pending_log_review,,1,16
GDS,64,0.134,17564,4096,256,125,138267.422,169836.386,71942144,true,pending_log_review,,1,16
GDS,64,0.134,17564,4096,256,126,129467.391,161734.824,71942144,true,pending_log_review,,1,16
GDS,64,0.134,17564,4096,256,127,132736.776,164825.049,71942144,true,pending_log_review,,1,16
GDS,64,0.134,17564,4096,256,128,122762.939,154981.062,71942144,true,pending_log_review,,1,16
GDS,64,0.134,17564,4096,256,129,130606.573,163649.873,71942144,true,pending_log_review,,1,16
GDS,64,0.134,17564,4096,256,130,136072.465,168774.086,71942144,true,pending_log_review,,1,16
GDS,64,0.134,17564,4096,256,131,124349.811,156088.023,71942144,true,pending_log_review,,1,16
GDS,64,0.134,17564,4096,256,132,136276.77,167806.131,71942144,true,pending_log_review,,1,16
GDS,64,0.134,17564,4096,256,133,126819.445,158950.63,71942144,true,pending_log_review,,1,16
GDS,64,0.134,17564,4096,256,134,135983.366,167940.811,71942144,true,pending_log_review,,1,16
GDS,64,0.134,17564,4096,256,135,122017.926,153100.91,71942144,true,pending_log_review,,1,16
GDS,64,0.134,17564,4096,256,136,132885.497,164632.738,71942144,true,pending_log_review,,1,16
GDS,64,0.134,17564,4096,256,137,144635.529,177423.818,71942144,true,pending_log_review,,1,16
GDS,64,0.134,17564,4096,256,138,134649.399,165779.393,71942144,true,pending_log_review,,1,16
GDS,64,0.134,17564,4096,256,139,139227.688,170939.089,71942144,true,pending_log_review,,1,16
GDS,64,0.134,17564,4096,256,140,136527.146,167627.36,71942144,true,pending_log_review,,1,16
GDS,64,0.134,17564,4096,256,141,120959.226,152138.637,71942144,true,pending_log_review,,1,16
GDS,64,0.134,17564,4096,256,142,139062.73,170918.65,71942144,true,pending_log_review,,1,16
GDS,64,0.134,17564,4096,256,143,123855.679,155635.263,71942144,true,pending_log_review,,1,16
GDS,64,0.134,17564,4096,256,144,127836.655,159004.745,71942144,true,pending_log_review,,1,16
GDS,64,0.134,17564,4096,256,145,124999.792,155785.651,71942144,true,pending_log_review,,1,16
GDS,64,0.134,17564,4096,256,146,123832.752,155467.938,71942144,true,pending_log_review,,1,16
GDS,64,0.134,17564,4096,256,147,133606.803,165626.57,71942144,true,pending_log_review,,1,16
GDS,64,0.134,17564,4096,256,148,140210.854,172238.649,71942144,true,pending_log_review,,1,16
GDS,64,0.134,17564,4096,256,149,133037.659,164941.964,71942144,true,pending_log_review,,1,16
GDS,64,0.134,17564,4096,256,150,125760.294,158089.218,71942144,true,pending_log_review,,1,16
GDS,64,0.134,17564,4096,256,151,132012.883,163633.937,71942144,true,pending_log_review,,1,16
GDS,64,0.134,17564,4096,256,152,120183.789,151957.621,71942144,true,pending_log_review,,1,16
GDS,64,0.134,17564,4096,256,153,137771.825,170832.764,71942144,true,pending_log_review,,1,16
GDS,64,0.134,17564,4096,256,154,125939.072,158064.912,71942144,true,pending_log_review,,1,16
GDS,64,0.134,17564,4096,256,155,128380.301,159874.919,71942144,true,pending_log_review,,1,16
GDS,64,0.134,17564,4096,256,156,138976.87,171016.579,71942144,true,pending_log_review,,1,16
GDS,64,0.134,17564,4096,256,157,137448.589,169425.394,71942144,true,pending_log_review,,1,16
GDS,64,0.134,17564,4096,256,158,130807.745,162526.286,71942144,true,pending_log_review,,1,16
GDS,64,0.134,17564,4096,256,159,127773.242,159550.991,71942144,true,pending_log_review,,1,16
GDS,64,0.134,17564,4096,256,160,140972.562,174090.926,71942144,true,pending_log_review,,1,16
GDS,64,0.134,17564,4096,256,161,127099.006,158509.217,71942144,true,pending_log_review,,1,16
GDS,64,0.134,17564,4096,256,162,144112.65,175121.512,71942144,true,pending_log_review,,1,16
GDS,64,0.134,17564,4096,256,163,139020.352,171260.549,71942144,true,pending_log_review,,1,16
GDS,64,0.134,17564,4096,256,164,133277.761,164826.251,71942144,true,pending_log_review,,1,16
GDS,64,0.134,17564,4096,256,165,144664.908,176748.789,71942144,true,pending_log_review,,1,16
GDS,64,0.134,17564,4096,256,166,132670.387,164565.31,71942144,true,pending_log_review,,1,16
GDS,64,0.134,17564,4096,256,167,132274.989,165121.64,71942144,true,pending_log_review,,1,16
GDS,64,0.134,17564,4096,256,168,134683.805,166333.554,71942144,true,pending_log_review,,1,16
GDS,64,0.134,17564,4096,256,169,138594.689,169692.21,71942144,true,pending_log_review,,1,16
GDS,64,0.134,17564,4096,256,170,143038.246,174604.114,71942144,true,pending_log_review,,1,16
GDS,64,0.134,17564,4096,256,171,122291.183,154260.023,71942144,true,pending_log_review,,1,16
GDS,64,0.134,17564,4096,256,172,132415.599,163467.241,71942144,true,pending_log_review,,1,16
GDS,64,0.134,17564,4096,256,173,133317.794,164875.605,71942144,true,pending_log_review,,1,16
GDS,64,0.134,17564,4096,256,174,140408.413,172166.161,71942144,true,pending_log_review,,1,16
GDS,64,0.134,17564,4096,256,175,137436.833,169716.777,71942144,true,pending_log_review,,1,16
GDS,64,0.134,17564,4096,256,176,131652.322,164050.49,71942144,true,pending_log_review,,1,16
GDS,64,0.134,17564,4096,256,177,137455.787,169798.164,71942144,true,pending_log_review,,1,16
GDS,64,0.134,17564,4096,256,178,123208.041,155290.643,71942144,true,pending_log_review,,1,16
GDS,64,0.134,17564,4096,256,179,126995.53,158268.912,71942144,true,pending_log_review,,1,16
GDS,64,0.134,17564,4096,256,180,132418.477,164194.174,71942144,true,pending_log_review,,1,16
GDS,64,0.134,17564,4096,256,181,126669.282,158629.07,71942144,true,pending_log_review,,1,16
GDS,64,0.134,17564,4096,256,182,140789.626,172193.769,71942144,true,pending_log_review,,1,16
GDS,64,0.134,17564,4096,256,183,138704.623,170835.734,71942144,true,pending_log_review,,1,16
GDS,64,0.134,17564,4096,256,184,127720.905,159525.166,71942144,true,pending_log_review,,1,16
GDS,64,0.134,17564,4096,256,185,136347.065,168026.795,71942144,true,pending_log_review,,1,16
GDS,64,0.134,17564,4096,256,186,130831.707,162463.334,71942144,true,pending_log_review,,1,16
GDS,64,0.134,17564,4096,256,187,129956.602,161465.467,71942144,true,pending_log_review,,1,16
GDS,64,0.134,17564,4096,256,188,126219.811,158682.594,71942144,true,pending_log_review,,1,16
GDS,64,0.134,17564,4096,256,189,131141.403,164052.447,71942144,true,pending_log_review,,1,16
GDS,64,0.134,17564,4096,256,190,129785.457,161123.685,71942144,true,pending_log_review,,1,16
GDS,64,0.134,17564,4096,256,191,142667.11,174667.558,71942144,true,pending_log_review,,1,16
GDS,64,0.134,17564,4096,256,192,134489.05,166512.661,71942144,true,pending_log_review,,1,16
GDS,64,0.134,17564,4096,256,193,122394.151,154472.227,71942144,true,pending_log_review,,1,16
GDS,64,0.134,17564,4096,256,194,131032.804,161961.181,71942144,true,pending_log_review,,1,16
GDS,64,0.134,17564,4096,256,195,133858.637,166864.905,71942144,true,pending_log_review,,1,16
GDS,64,0.134,17564,4096,256,196,128418.813,160611.87,71942144,true,pending_log_review,,1,16
GDS,64,0.134,17564,4096,256,197,133449.553,165964.101,71942144,true,pending_log_review,,1,16
GDS,64,0.134,17564,4096,256,198,130146.429,161926.189,71942144,true,pending_log_review,,1,16
GDS,64,0.134,17564,4096,256,199,133304.767,164920.551,71942144,true,pending_log_review,,1,16
GDS,64,0.134,17564,4096,256,0,134700.52,166775.717,71942144,true,pending_log_review,,3,16
GDS,64,0.3,39322,4096,256,0,311333.394,384646.114,161062912,true,pending_log_review,,2,16
GDS,64,0.3,39322,4096,256,0,290346.743,362563.856,161062912,true,pending_log_review,,0,16
GDS,64,0.3,39322,4096,256,1,301242.917,375065.078,161062912,true,pending_log_review,,0,16
GDS,64,0.3,39322,4096,256,2,288542.165,360105.639,161062912,true,pending_log_review,,0,16
GDS,64,0.3,39322,4096,256,3,314025.052,385860.753,161062912,true,pending_log_review,,0,16
GDS,64,0.3,39322,4096,256,4,291075.345,363038.721,161062912,true,pending_log_review,,0,16
GDS,64,0.3,39322,4096,256,5,293507.717,363586.19,161062912,true,pending_log_review,,0,16
GDS,64,0.3,39322,4096,256,6,301633.844,373074.109,161062912,true,pending_log_review,,0,16
GDS,64,0.3,39322,4096,256,7,298865.555,370758.703,161062912,true,pending_log_review,,0,16
GDS,64,0.3,39322,4096,256,8,299840.844,371525.95,161062912,true,pending_log_review,,0,16
GDS,64,0.3,39322,4096,256,9,307874.945,381533.173,161062912,true,pending_log_review,,0,16
GDS,64,0.3,39322,4096,256,0,294788.085,368785.4,161062912,true,pending_log_review,,1,16
GDS,64,0.3,39322,4096,256,1,289989.662,363302.691,161062912,true,pending_log_review,,1,16
GDS,64,0.3,39322,4096,256,2,309592.516,382346.226,161062912,true,pending_log_review,,1,16
GDS,64,0.3,39322,4096,256,3,305083.746,378051.749,161062912,true,pending_log_review,,1,16
GDS,64,0.3,39322,4096,256,4,289611.293,361229.707,161062912,true,pending_log_review,,1,16
GDS,64,0.3,39322,4096,256,5,306728.562,379878.237,161062912,true,pending_log_review,,1,16
GDS,64,0.3,39322,4096,256,6,306166.118,378208.431,161062912,true,pending_log_review,,1,16
GDS,64,0.3,39322,4096,256,7,300165.083,372242.393,161062912,true,pending_log_review,,1,16
GDS,64,0.3,39322,4096,256,8,303134.698,376052.339,161062912,true,pending_log_review,,1,16
GDS,64,0.3,39322,4096,256,9,319159.525,393533.855,161062912,true,pending_log_review,,1,16
GDS,64,0.3,39322,4096,256,10,294730.651,369919.21,161062912,true,pending_log_review,,1,16
GDS,64,0.3,39322,4096,256,11,300073.835,374207.728,161062912,true,pending_log_review,,1,16
GDS,64,0.3,39322,4096,256,12,279061.662,350034.592,161062912,true,pending_log_review,,1,16
GDS,64,0.3,39322,4096,256,13,312122.138,384458.407,161062912,true,pending_log_review,,1,16
GDS,64,0.3,39322,4096,256,14,301126.071,373135.997,161062912,true,pending_log_review,,1,16
GDS,64,0.3,39322,4096,256,15,295716.111,367913.171,161062912,true,pending_log_review,,1,16
GDS,64,0.3,39322,4096,256,16,296033.169,369311.551,161062912,true,pending_log_review,,1,16
GDS,64,0.3,39322,4096,256,17,290534.341,364602.503,161062912,true,pending_log_review,,1,16
GDS,64,0.3,39322,4096,256,18,306231.501,381897.27,161062912,true,pending_log_review,,1,16
GDS,64,0.3,39322,4096,256,19,293632.954,363137.694,161062912,true,pending_log_review,,1,16
GDS,64,0.3,39322,4096,256,20,316154.323,388426.476,161062912,true,pending_log_review,,1,16
GDS,64,0.3,39322,4096,256,21,306049.709,379392.937,161062912,true,pending_log_review,,1,16
GDS,64,0.3,39322,4096,256,22,308542.43,380786.486,161062912,true,pending_log_review,,1,16
GDS,64,0.3,39322,4096,256,23,300697.039,372688.055,161062912,true,pending_log_review,,1,16
GDS,64,0.3,39322,4096,256,24,292997.24,364912.003,161062912,true,pending_log_review,,1,16
GDS,64,0.3,39322,4096,256,25,290776.113,364375.582,161062912,true,pending_log_review,,1,16
GDS,64,0.3,39322,4096,256,26,303056.58,376416.208,161062912,true,pending_log_review,,1,16
GDS,64,0.3,39322,4096,256,27,292691.17,365529.108,161062912,true,pending_log_review,,1,16
GDS,64,0.3,39322,4096,256,28,312132.036,386352.818,161062912,true,pending_log_review,,1,16
GDS,64,0.3,39322,4096,256,29,301656.136,373321.061,161062912,true,pending_log_review,,1,16
GDS,64,0.3,39322,4096,256,30,296634.868,371014.719,161062912,true,pending_log_review,,1,16
GDS,64,0.3,39322,4096,256,31,296703.863,369322.735,161062912,true,pending_log_review,,1,16
GDS,64,0.3,39322,4096,256,32,291995.797,363482.337,161062912,true,pending_log_review,,1,16
GDS,64,0.3,39322,4096,256,33,287777.733,360793.06,161062912,true,pending_log_review,,1,16
GDS,64,0.3,39322,4096,256,34,300967.83,373074.771,161062912,true,pending_log_review,,1,16
GDS,64,0.3,39322,4096,256,35,300801.4,373113.396,161062912,true,pending_log_review,,1,16
GDS,64,0.3,39322,4096,256,36,294808.557,366055.326,161062912,true,pending_log_review,,1,16
GDS,64,0.3,39322,4096,256,37,293889.73,365377.273,161062912,true,pending_log_review,,1,16
GDS,64,0.3,39322,4096,256,38,284811.528,356014.495,161062912,true,pending_log_review,,1,16
GDS,64,0.3,39322,4096,256,39,291576.772,364105.778,161062912,true,pending_log_review,,1,16
GDS,64,0.3,39322,4096,256,40,297026.274,370504.072,161062912,true,pending_log_review,,1,16
GDS,64,0.3,39322,4096,256,41,297583.919,370484.75,161062912,true,pending_log_review,,1,16
GDS,64,0.3,39322,4096,256,42,293937.679,366817.603,161062912,true,pending_log_review,,1,16
GDS,64,0.3,39322,4096,256,43,282577.415,354353.78,161062912,true,pending_log_review,,1,16
GDS,64,0.3,39322,4096,256,44,292656.646,364686.777,161062912,true,pending_log_review,,1,16
GDS,64,0.3,39322,4096,256,45,313572.362,385162.042,161062912,true,pending_log_review,,1,16
GDS,64,0.3,39322,4096,256,46,278640.579,351530.653,161062912,true,pending_log_review,,1,16
GDS,64,0.3,39322,4096,256,47,289775.843,361953.452,161062912,true,pending_log_review,,1,16
GDS,64,0.3,39322,4096,256,48,307989.853,381436.988,161062912,true,pending_log_review,,1,16
GDS,64,0.3,39322,4096,256,49,286157.687,357861.647,161062912,true,pending_log_review,,1,16
GDS,64,0.3,39322,4096,256,50,284745.379,356510.95,161062912,true,pending_log_review,,1,16
GDS,64,0.3,39322,4096,256,51,309511.124,382134.678,161062912,true,pending_log_review,,1,16
GDS,64,0.3,39322,4096,256,52,298568.637,372048.54,161062912,true,pending_log_review,,1,16
GDS,64,0.3,39322,4096,256,53,298578.941,370815.577,161062912,true,pending_log_review,,1,16
GDS,64,0.3,39322,4096,256,54,292233.927,366067.11,161062912,true,pending_log_review,,1,16
GDS,64,0.3,39322,4096,256,55,295066.741,367319.16,161062912,true,pending_log_review,,1,16
GDS,64,0.3,39322,4096,256,56,284225.075,356073.069,161062912,true,pending_log_review,,1,16
GDS,64,0.3,39322,4096,256,57,289516.882,361643.622,161062912,true,pending_log_review,,1,16
GDS,64,0.3,39322,4096,256,58,292098.788,364717.779,161062912,true,pending_log_review,,1,16
GDS,64,0.3,39322,4096,256,59,293259.37,364399.058,161062912,true,pending_log_review,,1,16
GDS,64,0.3,39322,4096,256,60,276838.852,348169.378,161062912,true,pending_log_review,,1,16
GDS,64,0.3,39322,4096,256,61,290043.011,362795.046,161062912,true,pending_log_review,,1,16
GDS,64,0.3,39322,4096,256,62,297174.993,368677.1,161062912,true,pending_log_review,,1,16
GDS,64,0.3,39322,4096,256,63,284352.361,356289.343,161062912,true,pending_log_review,,1,16
GDS,64,0.3,39322,4096,256,64,275373.687,343501.859,161062912,true,pending_log_review,,1,16
GDS,64,0.3,39322,4096,256,65,285939.186,359061.722,161062912,true,pending_log_review,,1,16
GDS,64,0.3,39322,4096,256,66,296026.425,370392.732,161062912,true,pending_log_review,,1,16
GDS,64,0.3,39322,4096,256,67,287361.794,359119.683,161062912,true,pending_log_review,,1,16
GDS,64,0.3,39322,4096,256,68,296075.404,370103.121,161062912,true,pending_log_review,,1,16
GDS,64,0.3,39322,4096,256,69,295597.799,367827.651,161062912,true,pending_log_review,,1,16
GDS,64,0.3,39322,4096,256,70,285857.814,358750.076,161062912,true,pending_log_review,,1,16
GDS,64,0.3,39322,4096,256,71,293503.25,366713.525,161062912,true,pending_log_review,,1,16
GDS,64,0.3,39322,4096,256,72,306116.608,379636.744,161062912,true,pending_log_review,,1,16
GDS,64,0.3,39322,4096,256,73,292398.759,367444.517,161062912,true,pending_log_review,,1,16
GDS,64,0.3,39322,4096,256,74,298051.338,371849.679,161062912,true,pending_log_review,,1,16
GDS,64,0.3,39322,4096,256,75,305852.726,379367.963,161062912,true,pending_log_review,,1,16
GDS,64,0.3,39322,4096,256,76,292590.582,365534.58,161062912,true,pending_log_review,,1,16
GDS,64,0.3,39322,4096,256,77,295695.494,368876.456,161062912,true,pending_log_review,,1,16
GDS,64,0.3,39322,4096,256,78,295473.746,368208.407,161062912,true,pending_log_review,,1,16
GDS,64,0.3,39322,4096,256,79,292856.439,365043.72,161062912,true,pending_log_review,,1,16
GDS,64,0.3,39322,4096,256,80,281559.175,354520.284,161062912,true,pending_log_review,,1,16
GDS,64,0.3,39322,4096,256,81,304293.733,378486.716,161062912,true,pending_log_review,,1,16
GDS,64,0.3,39322,4096,256,82,292677.37,365160.936,161062912,true,pending_log_review,,1,16
GDS,64,0.3,39322,4096,256,83,303984.633,377117.784,161062912,true,pending_log_review,,1,16
GDS,64,0.3,39322,4096,256,84,314667.693,388070.46,161062912,true,pending_log_review,,1,16
GDS,64,0.3,39322,4096,256,85,304751.038,377090.011,161062912,true,pending_log_review,,1,16
GDS,64,0.3,39322,4096,256,86,282467.111,354705.393,161062912,true,pending_log_review,,1,16
GDS,64,0.3,39322,4096,256,87,290862.913,363031.698,161062912,true,pending_log_review,,1,16
GDS,64,0.3,39322,4096,256,88,304931.359,377152.079,161062912,true,pending_log_review,,1,16
GDS,64,0.3,39322,4096,256,89,311112.518,382212.524,161062912,true,pending_log_review,,1,16
GDS,64,0.3,39322,4096,256,90,318239.367,391492.214,161062912,true,pending_log_review,,1,16
GDS,64,0.3,39322,4096,256,91,279705.064,353688.833,161062912,true,pending_log_review,,1,16
GDS,64,0.3,39322,4096,256,92,291415.773,364179.871,161062912,true,pending_log_review,,1,16
GDS,64,0.3,39322,4096,256,93,281239.947,354668.486,161062912,true,pending_log_review,,1,16
GDS,64,0.3,39322,4096,256,94,283919.397,356248.351,161062912,true,pending_log_review,,1,16
GDS,64,0.3,39322,4096,256,95,278736.433,352471.898,161062912,true,pending_log_review,,1,16
GDS,64,0.3,39322,4096,256,96,283790.935,356571.326,161062912,true,pending_log_review,,1,16
GDS,64,0.3,39322,4096,256,97,280652.185,352053.845,161062912,true,pending_log_review,,1,16
GDS,64,0.3,39322,4096,256,98,292455.188,364980.895,161062912,true,pending_log_review,,1,16
GDS,64,0.3,39322,4096,256,99,305964.086,377220.815,161062912,true,pending_log_review,,1,16
GDS,64,0.3,39322,4096,256,100,309250.322,382108.81,161062912,true,pending_log_review,,1,16
GDS,64,0.3,39322,4096,256,101,296371.268,370534.304,161062912,true,pending_log_review,,1,16
GDS,64,0.3,39322,4096,256,102,298392.512,373173.583,161062912,true,pending_log_review,,1,16
GDS,64,0.3,39322,4096,256,103,278853.986,352671.329,161062912,true,pending_log_review,,1,16
GDS,64,0.3,39322,4096,256,104,310612.371,384367.668,161062912,true,pending_log_review,,1,16
GDS,64,0.3,39322,4096,256,105,285298.117,357442.962,161062912,true,pending_log_review,,1,16
GDS,64,0.3,39322,4096,256,106,291135.521,364012.112,161062912,true,pending_log_review,,1,16
GDS,64,0.3,39322,4096,256,107,290563.405,362537.239,161062912,true,pending_log_review,,1,16
GDS,64,0.3,39322,4096,256,108,294776.347,368130.01,161062912,true,pending_log_review,,1,16
GDS,64,0.3,39322,4096,256,109,310076.738,382949.918,161062912,true,pending_log_review,,1,16
GDS,64,0.3,39322,4096,256,110,281450.889,354124.759,161062912,true,pending_log_review,,1,16
GDS,64,0.3,39322,4096,256,111,187739.186,224986.837,161062912,true,pending_log_review,,1,16
GDS,64,0.3,39322,4096,256,112,203291.524,241477.3,161062912,true,pending_log_review,,1,16
GDS,64,0.3,39322,4096,256,113,197649.466,235399.86,161062912,true,pending_log_review,,1,16
GDS,64,0.3,39322,4096,256,114,180832.331,217145.177,161062912,true,pending_log_review,,1,16
GDS,64,0.3,39322,4096,256,115,187217.646,223973.303,161062912,true,pending_log_review,,1,16
GDS,64,0.3,39322,4096,256,116,187494.2,224354.97,161062912,true,pending_log_review,,1,16
GDS,64,0.3,39322,4096,256,117,192200.988,230462.066,161062912,true,pending_log_review,,1,16
GDS,64,0.3,39322,4096,256,118,187031.036,224196.597,161062912,true,pending_log_review,,1,16
GDS,64,0.3,39322,4096,256,119,180721.368,217521.029,161062912,true,pending_log_review,,1,16
GDS,64,0.3,39322,4096,256,120,197483.068,234605.629,161062912,true,pending_log_review,,1,16
GDS,64,0.3,39322,4096,256,121,198230.568,235534.991,161062912,true,pending_log_review,,1,16
GDS,64,0.3,39322,4096,256,122,203874.259,242789.809,161062912,true,pending_log_review,,1,16
GDS,64,0.3,39322,4096,256,123,181983.773,218511.736,161062912,true,pending_log_review,,1,16
GDS,64,0.3,39322,4096,256,124,198817.507,235957.972,161062912,true,pending_log_review,,1,16
GDS,64,0.3,39322,4096,256,125,196681.888,233993.804,161062912,true,pending_log_review,,1,16
GDS,64,0.3,39322,4096,256,126,185770.689,222534.604,161062912,true,pending_log_review,,1,16
GDS,64,0.3,39322,4096,256,127,192092.492,229795.468,161062912,true,pending_log_review,,1,16
GDS,64,0.3,39322,4096,256,128,204478.152,242773.082,161062912,true,pending_log_review,,1,16
GDS,64,0.3,39322,4096,256,129,192519.996,229886.265,161062912,true,pending_log_review,,1,16
GDS,64,0.3,39322,4096,256,130,186895.537,223419.511,161062912,true,pending_log_review,,1,16
GDS,64,0.3,39322,4096,256,131,189032.997,225520.997,161062912,true,pending_log_review,,1,16
GDS,64,0.3,39322,4096,256,132,186722.249,222841.724,161062912,true,pending_log_review,,1,16
GDS,64,0.3,39322,4096,256,133,187229.272,224320.697,161062912,true,pending_log_review,,1,16
GDS,64,0.3,39322,4096,256,134,187550.941,224243.279,161062912,true,pending_log_review,,1,16
GDS,64,0.3,39322,4096,256,135,188201.319,225029.288,161062912,true,pending_log_review,,1,16
GDS,64,0.3,39322,4096,256,136,181493.037,217651.527,161062912,true,pending_log_review,,1,16
GDS,64,0.3,39322,4096,256,137,198070.144,235232.388,161062912,true,pending_log_review,,1,16
GDS,64,0.3,39322,4096,256,138,192717.614,230166.924,161062912,true,pending_log_review,,1,16
GDS,64,0.3,39322,4096,256,139,181388.804,218362.047,161062912,true,pending_log_review,,1,16
GDS,64,0.3,39322,4096,256,140,187687.975,225049.825,161062912,true,pending_log_review,,1,16
GDS,64,0.3,39322,4096,256,141,191476.835,228900.951,161062912,true,pending_log_review,,1,16
GDS,64,0.3,39322,4096,256,142,187009.808,223805.819,161062912,true,pending_log_review,,1,16
GDS,64,0.3,39322,4096,256,143,186662.968,223258.96,161062912,true,pending_log_review,,1,16
GDS,64,0.3,39322,4096,256,144,198535.067,236062.881,161062912,true,pending_log_review,,1,16
GDS,64,0.3,39322,4096,256,145,192075.538,229300.677,161062912,true,pending_log_review,,1,16
GDS,64,0.3,39322,4096,256,146,193489.226,230446.882,161062912,true,pending_log_review,,1,16
GDS,64,0.3,39322,4096,256,147,199384.852,236307.445,161062912,true,pending_log_review,,1,16
GDS,64,0.3,39322,4096,256,148,204517.79,243619.31,161062912,true,pending_log_review,,1,16
GDS,64,0.3,39322,4096,256,149,192531.556,229685.21,161062912,true,pending_log_review,,1,16
GDS,64,0.3,39322,4096,256,150,191593.566,229049.048,161062912,true,pending_log_review,,1,16
GDS,64,0.3,39322,4096,256,151,192987.761,230813.761,161062912,true,pending_log_review,,1,16
GDS,64,0.3,39322,4096,256,152,185332.865,222941.213,161062912,true,pending_log_review,,1,16
GDS,64,0.3,39322,4096,256,153,194496.001,231375.414,161062912,true,pending_log_review,,1,16
GDS,64,0.3,39322,4096,256,154,209899.795,249202.126,161062912,true,pending_log_review,,1,16
GDS,64,0.3,39322,4096,256,155,199699.338,237177.026,161062912,true,pending_log_review,,1,16
GDS,64,0.3,39322,4096,256,156,186827.853,224104.434,161062912,true,pending_log_review,,1,16
GDS,64,0.3,39322,4096,256,157,182297.486,219403.849,161062912,true,pending_log_review,,1,16
GDS,64,0.3,39322,4096,256,158,204498.789,242540.855,161062912,true,pending_log_review,,1,16
GDS,64,0.3,39322,4096,256,159,204117.575,241752.752,161062912,true,pending_log_review,,1,16
GDS,64,0.3,39322,4096,256,160,186317.389,223480.004,161062912,true,pending_log_review,,1,16
GDS,64,0.3,39322,4096,256,161,197998.521,235111.076,161062912,true,pending_log_review,,1,16
GDS,64,0.3,39322,4096,256,162,197415.778,234807.35,161062912,true,pending_log_review,,1,16
GDS,64,0.3,39322,4096,256,163,193613.632,230593.538,161062912,true,pending_log_review,,1,16
GDS,64,0.3,39322,4096,256,164,202095.234,240215.215,161062912,true,pending_log_review,,1,16
GDS,64,0.3,39322,4096,256,165,197733.276,235339.406,161062912,true,pending_log_review,,1,16
GDS,64,0.3,39322,4096,256,166,203820.981,241607.406,161062912,true,pending_log_review,,1,16
GDS,64,0.3,39322,4096,256,167,202020.212,240436.714,161062912,true,pending_log_review,,1,16
GDS,64,0.3,39322,4096,256,168,197838.098,235144.416,161062912,true,pending_log_review,,1,16
GDS,64,0.3,39322,4096,256,169,203786.68,241857.023,161062912,true,pending_log_review,,1,16
GDS,64,0.3,39322,4096,256,170,192148.269,229410.406,161062912,true,pending_log_review,,1,16
GDS,64,0.3,39322,4096,256,171,197985.432,236217.494,161062912,true,pending_log_review,,1,16
GDS,64,0.3,39322,4096,256,172,192679.307,229989.901,161062912,true,pending_log_review,,1,16
GDS,64,0.3,39322,4096,256,173,181328.974,218022.26,161062912,true,pending_log_review,,1,16
GDS,64,0.3,39322,4096,256,174,166311.269,199084.22,161062912,true,pending_log_review,,1,16
GDS,64,0.3,39322,4096,256,175,196507.912,233033.262,161062912,true,pending_log_review,,1,16
GDS,64,0.3,39322,4096,256,176,196892.34,234143.112,161062912,true,pending_log_review,,1,16
GDS,64,0.3,39322,4096,256,177,203088.39,241919.661,161062912,true,pending_log_review,,1,16
GDS,64,0.3,39322,4096,256,178,187920.151,224967.825,161062912,true,pending_log_review,,1,16
GDS,64,0.3,39322,4096,256,179,204272.26,242474.132,161062912,true,pending_log_review,,1,16
GDS,64,0.3,39322,4096,256,180,204996.07,242862.612,161062912,true,pending_log_review,,1,16
GDS,64,0.3,39322,4096,256,181,180475.493,217270.951,161062912,true,pending_log_review,,1,16
GDS,64,0.3,39322,4096,256,182,181138.619,217336.838,161062912,true,pending_log_review,,1,16
GDS,64,0.3,39322,4096,256,183,206825.458,245374.041,161062912,true,pending_log_review,,1,16
GDS,64,0.3,39322,4096,256,184,192452.193,229865.311,161062912,true,pending_log_review,,1,16
GDS,64,0.3,39322,4096,256,185,204420.266,242528.079,161062912,true,pending_log_review,,1,16
GDS,64,0.3,39322,4096,256,186,185530.328,222771.853,161062912,true,pending_log_review,,1,16
GDS,64,0.3,39322,4096,256,187,201997.279,239271.379,161062912,true,pending_log_review,,1,16
GDS,64,0.3,39322,4096,256,188,187134.625,223947.505,161062912,true,pending_log_review,,1,16
GDS,64,0.3,39322,4096,256,189,196910.624,235008.167,161062912,true,pending_log_review,,1,16
GDS,64,0.3,39322,4096,256,190,185426.811,222237.269,161062912,true,pending_log_review,,1,16
GDS,64,0.3,39322,4096,256,191,184452.345,221003.853,161062912,true,pending_log_review,,1,16
GDS,64,0.3,39322,4096,256,192,193869.358,231100.6,161062912,true,pending_log_review,,1,16
GDS,64,0.3,39322,4096,256,193,196968.468,234009.433,161062912,true,pending_log_review,,1,16
GDS,64,0.3,39322,4096,256,194,184735.591,221430.332,161062912,true,pending_log_review,,1,16
GDS,64,0.3,39322,4096,256,195,191083.828,228193.023,161062912,true,pending_log_review,,1,16
GDS,64,0.3,39322,4096,256,196,196001.545,233632.127,161062912,true,pending_log_review,,1,16
GDS,64,0.3,39322,4096,256,197,188651.842,225052.039,161062912,true,pending_log_review,,1,16
GDS,64,0.3,39322,4096,256,198,175817.173,210040.949,161062912,true,pending_log_review,,1,16
GDS,64,0.3,39322,4096,256,199,194194.635,230809.354,161062912,true,pending_log_review,,1,16
GDS,64,0.3,39322,4096,256,0,206398.71,244722.216,161062912,true,pending_log_review,,3,16
